<?xml version="1.0" encoding="UTF-8" standalone="no" ?>
<COLLADA version="1.4.1" xmlns="http://www.collada.org/2005/11/COLLADASchema">

  <asset>
    <contributor>
      <authoring_tool>ONSHAPE BY PTC INC, 1.211</authoring_tool>
    </contributor>
    <created>2026-02-27T22:15:39</created>
    <modified>2026-02-27T22:15:39</modified>
    <unit meter="1" name="meters"/>
    <up_axis>Z_UP</up_axis>
  </asset>

  <library_materials>
    <material id="ID9" name="ID9">
      <instance_effect url="#ID9-fx"/>
    </material>
  </library_materials>

  <library_effects>
    <effect id="ID9-fx" name="ID9">
      <profile_COMMON>
        <technique sid="COMMON">
          <lambert>
            <diffuse>
              <color sid="diffuse">1 1 1 1</color>
            </diffuse>
            <transparent opaque="A_ONE">
              <color sid="transparent">1 1 1 1</color>
            </transparent>
            <transparency>
              <float sid="transparency">1</float>
            </transparency>
          </lambert>
        </technique>
        <extra>
          <technique profile="OTHER">
            <double_sided>1</double_sided>
          </technique>
        </extra>
      </profile_COMMON>
    </effect>
  </library_effects>

  <library_geometries>
    <geometry id="ID3">
      <mesh>
        <source id="ID4">
          <float_array count="12936" id="ID5">-7.11798e-08 0.00162111 0.0209177 -0.000283989 0.00159603 0.0209379 -0.000269831 0.00165572 0.0209032 -0.00152057 0.000561653 0.0210539 -0.00167272 0.000528745 0.0209814 -0.00156388 0.000776293 0.02097 -0.00078889 0.00150762 0.0209269 -0.000535851 0.0016016 0.0209152 -0.000561161 0.00152091 0.0209586 -0.00159928 -0.000265041 0.0211128 -0.00177876 -5.8483e-20 0.0210038 -0.00162111 4.0192e-14 0.0210948 -0.00104618 0.00123858 0.0209976 -0.00123867 0.00104577 0.0210151 -0.00123376 0.0012033 0.0209484 -0.000652067 -0.00148428 0.0212236 -0.000778309 -0.00168833 0.0210842 -0.000887778 -0.00135641 0.0212051 -0.00143262 -0.000758486 0.021147 -0.00128658 -0.000986061 0.021166 -0.00159768 -0.000861048 0.0210373 0.000933806 -0.00168417 0.0211504 0.000886264 -0.00135753 0.0213342 0.00118595 -0.00152991 0.0211612 0.000372793 -0.00186577 0.0211278 7.80956e-05 -0.00188938 0.0211164 0.000120026 -0.00161642 0.0212762 0.00188046 -0.000595051 0.0212032 0.00152961 -0.000536429 0.0214058 0.00159819 -0.000271445 0.0214255 0.0016071 -0.0011173 0.0211814 0.00127132 -0.00100571 0.0213685 0.00141829 -0.00078456 0.0213865 0.00176051 0.000952464 0.0212793 0.00189154 0.000649519 0.0212612 0.00143272 0.000757939 0.0214969 0.00159963 0.000264357 0.0214627 0.00199994 -5.64155e-10 0.021226 0.00162121 -7.51549e-07 0.0214447 0.00049063 0.00193885 0.0213717 0.000802489 0.00183072 0.0213549 0.000404878 0.00156982 0.0215907 0.000887908 0.00135642 0.0215551 0.0013527 0.00147026 0.0213173 0.00110272 0.00118823 0.0215356 -0.00109413 0.00167427 0.0214649 -0.000803711 0.00183137 0.0214466 -0.000886624 0.00135727 0.0216842 -0.000389852 0.00157351 0.0216457 -0.000165548 0.00199312 0.0214088 -0.000120231 0.00161654 0.0216262 -0.00197275 0.000328961 0.0215572 -0.00189172 0.000649106 0.021538 -0.00159836 0.000270705 0.0217755 -0.00141878 0.000784181 0.0217365 -0.00157815 0.00122755 0.0215007 -0.001271 0.00100616 0.0217183 -0.00128658 -0.000986061 0.021866 -0.00176763 -0.000935664 0.0216282 -0.00143262 -0.000758486 0.021847 -0.00153685 -0.000516007 0.0218294 -0.00197311 -0.000326877 0.021594 -0.00159928 -0.000265041 0.0218128 -0.000148179 -0.00161417 0.0219577 -0.000500548 -0.00193634 0.0217217 -0.000405663 -0.00156971 0.0219406 -0.000887778 -0.00135641 0.0219051 -0.00109477 -0.00167376 0.0216864 -0.00135996 -0.00146645 0.0216669 0.00109444 -0.00119622 0.0220517 0.00109409 -0.00167419 0.0218155 0.000886264 -0.00135753 0.0220342 0.000389555 -0.00157346 0.0219957 0.000481333 -0.00194121 0.021777 0.000148607 -0.00199446 0.0217574 0.00162121 -7.51549e-07 0.0221447 0.0019719 -0.000334011 0.0219068 0.00159819 -0.000271445 0.0221255 0.00141829 -0.00078456 0.0220865 0.00175036 -0.000967575 0.0218677 0.00156805 -0.00124144 0.0218496 0.00110272 0.00118823 0.0222356 0.00158728 0.00121676 0.0219972 0.00128675 0.000985789 0.022216 0.00153655 0.000516775 0.0221796 0.00189609 0.000636239 0.0219605 0.00197309 0.00032688 0.021944 0.000148568 0.00161411 0.0223076 0.000183106 0.00199159 0.0220888 0.000500546 0.00193634 0.0220717 0.000887908 0.00135642 0.0222551 0.000652103 0.00148435 0.0222736 0.00109476 0.00167375 0.0220364 -0.00109488 0.0011956 0.0224018 -0.00135055 0.00147513 0.022183 -0.00109409 0.0016742 0.0221655 -0.000389852 0.00157351 0.0223457 -0.000648896 0.00148562 0.0223653 -0.000481334 0.00194121 0.022127 -0.00162111 3.0458e-16 0.0224948 -0.002 6.48081e-10 0.022276 -0.00197191 0.000334017 0.0222568 -0.00141878 0.000784181 0.0224365 -0.00152998 0.000535868 0.0224558 -0.00175037 0.000967583 0.0222177 -0.00110251 -0.00118837 0.0225856 -0.00135997 -0.00146646 0.0223669 -0.00158729 -0.00121676 0.0223472 -0.00153685 -0.000516007 0.0225294 -0.00143262 -0.000758486 0.022547 -0.0018961 -0.00063624 0.0223105 -0.000148179 -0.00161417 0.0226577 0.000120026 -0.00161642 0.0226762 -0.000183109 -0.0019916 0.0224388 -0.000652067 -0.00148428 0.0226236 -0.000405663 -0.00156971 0.0226406 -0.000803845 -0.00183135 0.0224049 0.00109444 -0.00119622 0.0227517 0.00127132 -0.00100571 0.0227685 0.00135055 -0.00147513 0.022533 0.000481333 -0.00194122 0.022477 0.000648506 -0.00148573 0.0227153 0.000800885 -0.00183264 0.0224966 0.00162121 -7.51549e-07 0.0228447 0.00159963 0.000264357 0.0228627 0.002 -1.89735e-09 0.022626 0.00175037 -0.000967585 0.0225677 0.00152961 -0.000536429 0.0228058 0.00188755 -0.000661168 0.0225871 0.00110272 0.00118823 0.0229356 0.000887908 0.00135642 0.0229551 0.00135997 0.00146645 0.0227169 0.0018961 0.000636237 0.0226605 0.00143272 0.000757939 0.0228969 0.00176764 0.000935661 0.0226782 -0.000120231 0.00161654 0.0230262 -0.000389852 0.00157351 0.0230457 -0.000148593 0.00199447 0.0228074 0.000803853 0.00183134 0.0227549 0.000404878 0.00156982 0.0229907 0.000500561 0.00193635 0.0227717 -0.00135054 0.00147514 0.022883 -0.001271 0.00100616 0.0231183 -0.00156804 0.00124147 0.0228996 -0.000800871 0.00183265 0.0228466 -0.000648896 0.00148562 0.0230653 -0.000886624 0.00135727 0.0230842 -0.002 2.49367e-08 0.022976 -0.00159928 -0.000265041 0.0232128 -0.00197311 -0.000326857 0.022994 -0.00188755 0.000661187 0.0229371 -0.00152998 0.000535868 0.0231558 -0.00159836 0.000270705 0.0231755 -0.00135998 -0.00146644 0.0230669 -0.000887778 -0.00135641 0.0233051 -0.00109479 -0.00167375 0.0230864 -0.00176764 -0.000935647 0.0230282 -0.00143262 -0.000758486 0.023247 -0.00128658 -0.000986061 0.023266 0.000148595 -0.00199447 0.0231574 0.000389555 -0.00157346 0.0233957 0.000481323 -0.00194122 0.023177 -0.000500564 -0.00193635 0.0231217 -0.000405663 -0.00156971 0.0233406 -0.000148179 -0.00161417 0.0233577 0.00156805 -0.00124146 0.0232496 0.00127132 -0.00100571 0.0234685 0.00141829 -0.00078456 0.0234865 0.00109409 -0.00167421 0.0232155 0.000886264 -0.00135753 0.0234342 0.00109444 -0.00119622 0.0234517 0.00197311 0.000326878 0.023344 0.00159963 0.000264357 0.0235627 0.00153655 0.000516775 0.0235796 0.00197191 -0.00033402 0.0233068 0.00188755 -0.00066117 0.0232871 0.00159819 -0.000271445 0.0235255 0.00109477 0.00167376 0.0234364 0.000887908 0.00135642 0.0236551 0.000652103 0.00148435 0.0236736 0.00158729 0.00121676 0.0233972 0.00176763 0.000935665 0.0233782 0.00128675 0.000985789 0.023616 -0.000481332 0.00194122 0.023527 -0.000389852 0.00157351 0.0237457 -0.000648896 0.00148562 0.0237653 0.00018311 0.0019916 0.0234888 0.000500552 0.00193635 0.0234717 0.000148568 0.00161411 0.0237076 -0.00175037 0.000967585 0.0236177 -0.00141878 0.000784181 0.0238365 -0.00152998 0.000535868 0.0238558 -0.00135055 0.00147513 0.023583 -0.00109409 0.00167421 0.0235655 -0.00109488 0.0011956 0.0238018 -0.0018961 -0.000636238 0.0237105 -0.00197311 -0.000326877 0.023694 -0.00153685 -0.000516007 0.0239294 -0.00162111 1.31645e-16 0.0238948 -0.00197191 0.000334019 0.0236568 -0.00159836 0.000270705 0.0238755 -0.000803846 -0.00183135 0.0238049 -0.00109477 -0.00167376 0.0237864 -0.000652067 -0.00148428 0.0240236 -0.00110251 -0.00118837 0.0239856 -0.00158729 -0.00121676 0.0237472 -0.00128658 -0.000986061 0.023966 0.000800884 -0.00183264 0.0238966 0.000481332 -0.00194122 0.023877 0.000648506 -0.00148573 0.0241153 0.000120026 -0.00161642 0.0240762 -0.000183111 -0.0019916 0.0238388 -0.000148179 -0.00161417 0.0240577 0.00188755 -0.000661169 0.0239871 0.00175036 -0.000967586 0.0239677 0.00152961 -0.000536429 0.0242058 0.00127132 -0.00100571 0.0241685 0.00135055 -0.00147513 0.023933 0.00109444 -0.00119622 0.0241517 0.00143272 0.000757939 0.0242969 0.0018961 0.000636239 0.0240605 0.00153655 0.000516775 0.0242796 0.00159963 0.000264357 0.0242627 0.002 -3.00731e-09 0.024026 0.00162121 -7.51549e-07 0.0242447 0.000404878 0.00156982 0.0243907 0.000803844 0.00183135 0.0241549 0.000652103 0.00148435 0.0243736 0.00110272 0.00118823 0.0243356 0.00135997 0.00146646 0.0241169 0.00158729 0.00121676 0.0240972 -0.000886624 0.00135727 0.0244842 -0.000800889 0.00183264 0.0242466 -0.000648896 0.00148562 0.0244653 -0.000120231 0.00161654 0.0244262 -0.000148609 0.00199447 0.0242074 0.000183107 0.0019916 0.0241888 -0.001271 0.00100616 0.0245183 -0.00135056 0.00147513 0.024283 -0.00109488 0.0011956 0.0245018 -0.0010941 0.0016742 0.0242655 -0.00141878 0.000784181 0.0245365 -0.00156806 0.00124145 0.0242996 -0.00175037 0.00096758 0.0243177 -0.00152998 0.000535868 0.0245558 -0.00159836 0.000270705 0.0245755 -0.00188756 0.000661161 0.0243371 -0.00162111 1.43576e-17 0.0245948 -0.00197191 0.000334012 0.0243568 -0.002 -5.7064e-09 0.024376 -0.00159928 -0.000265041 0.0246128 -0.00153685 -0.000516007 0.0246294 -0.00197311 -0.000326885 0.024394 -0.00143262 -0.000758486 0.024647 -0.0018961 -0.000636245 0.0244105 -0.00176763 -0.00093567 0.0244282 -0.00128658 -0.000986061 0.024666 -0.00110251 -0.00118837 0.0246856 -0.00158729 -0.00121677 0.0244472 -0.000887778 -0.00135641 0.0247051 -0.00135996 -0.00146646 0.0244669 -0.00109477 -0.00167376 0.0244864 -0.000652067 -0.00148428 0.0247236 -0.000405663 -0.00156971 0.0247406 -0.000803841 -0.00183135 0.0245049 -0.000148179 -0.00161417 0.0247577 -0.000500547 -0.00193635 0.0245217 -0.000183106 -0.0019916 0.0245388 0.000120026 -0.00161642 0.0247762 0.000389555 -0.00157346 0.0247957 0.000148609 -0.00199447 0.0245574 0.000648506 -0.00148573 0.0248153 0.000481336 -0.00194122 0.024577 0.000800888 -0.00183264 0.0245966 0.000886264 -0.00135753 0.0248342 0.00109444 -0.00119622 0.0248517 0.00109409 -0.0016742 0.0246155 0.00127132 -0.00100571 0.0248685 0.00135055 -0.00147513 0.024633 0.00156805 -0.00124145 0.0246496 0.00141829 -0.00078456 0.0248865 0.00152961 -0.000536429 0.0249058 0.00175037 -0.000967584 0.0246677 0.00159819 -0.000271445 0.0249255 0.00188755 -0.000661166 0.0246871 0.00197191 -0.000334018 0.0247068 0.00162121 -7.51549e-07 0.0249447 0.00159963 0.000264357 0.0249627 0.002 -1.29029e-09 0.024726 0.00153655 0.000516775 0.0249796 0.00197311 0.000326878 0.024744 0.0018961 0.00063624 0.0247605 0.00143272 0.000757939 0.0249969 0.00128675 0.000985789 0.025016 0.00176763 0.000935665 0.0247782 0.00110272 0.00118823 0.0250356 0.00158729 0.00121676 0.0247972 0.00135997 0.00146646 0.0248169 0.000887908 0.00135642 0.0250551 0.000652103 0.00148435 0.0250736 0.00109477 0.00167376 0.0248364 0.000404878 0.00156982 0.0250907 0.000803845 0.00183135 0.0248549 0.000500551 0.00193635 0.0248717 0.000148568 0.00161411 0.0251076 -0.000120231 0.00161654 0.0251262 0.000183109 0.0019916 0.0248888 -0.000389852 0.00157351 0.0251457 -0.000148607 0.00199447 0.0249074 -0.000481334 0.00194122 0.024927 -0.000648896 0.00148562 0.0251653 -0.000886624 0.00135727 0.0251842 -0.000800886 0.00183264 0.0249466 -0.00109488 0.0011956 0.0252018 -0.00109409 0.0016742 0.0249655 -0.00135055 0.00147513 0.024983 -0.001271 0.00100616 0.0252183 -0.00141878 0.000784181 0.0252365 -0.00156805 0.00124145 0.0249996 -0.00152998 0.000535868 0.0252558 -0.00175037 0.000967584 0.0250177 -0.00188755 0.000661166 0.0250371 -0.00159836 0.000270705 0.0252755 -0.00162111 3.21218e-17 0.0252948 -0.00197191 0.000334017 0.0250568 -0.00159928 -0.000265041 0.0253128 -0.002 1.68589e-10 0.025076 -0.00197311 -0.000326879 0.025094 -0.00153685 -0.000516007 0.0253294 -0.00143262 -0.000758486 0.025347 -0.0018961 -0.00063624 0.0251105 -0.00128658 -0.000986061 0.025366 -0.00176763 -0.000935666 0.0251282 -0.00158729 -0.00121676 0.0251472 -0.00110251 -0.00118837 0.0253856 -0.000887778 -0.00135641 0.0254051 -0.00135997 -0.00146646 0.0251669 -0.000652067 -0.00148428 0.0254236 -0.00109477 -0.00167376 0.0251864 -0.000803845 -0.00183135 0.0252049 -0.000405663 -0.00156971 0.0254406 -0.000148179 -0.00161417 0.0254577 -0.000500551 -0.00193635 0.0252217 0.000120026 -0.00161642 0.0254762 -0.000183109 -0.0019916 0.0252388 0.000148606 -0.00199447 0.0252574 0.000389555 -0.00157346 0.0254957 0.000648506 -0.00148573 0.0255153 0.000481333 -0.00194122 0.025277 0.000886264 -0.00135753 0.0255342 0.000800886 -0.00183264 0.0252966 0.00109409 -0.0016742 0.0253155 0.00109444 -0.00119622 0.0255517 0.00127132 -0.00100571 0.0255685 0.00135055 -0.00147513 0.025333 0.00141829 -0.00078456 0.0255865 0.00156805 -0.00124145 0.0253496 0.00175037 -0.000967585 0.0253677 0.00152961 -0.000536429 0.0256058 0.00159819 -0.000271445 0.0256255 0.00188755 -0.000661167 0.0253871 0.00162121 -7.51549e-07 0.0256447 0.00197191 -0.000334019 0.0254068 0.002 -1.64631e-09 0.025426 0.00159963 0.000264357 0.0256627 0.00153655 0.000516775 0.0256796 0.00197311 0.000326878 0.025444 0.00143272 0.000757939 0.0256969 0.0018961 0.000636239 0.0254605 0.00176763 0.000935664 0.0254782 0.00128675 0.000985789 0.025716 0.00110272 0.00118823 0.0257356 0.00158729 0.00121676 0.0254972 0.000887908 0.00135642 0.0257551 0.00135997 0.00146646 0.0255169 0.00109477 0.00167376 0.0255364 0.000652103 0.00148435 0.0257736 0.000404878 0.00156982 0.0257907 0.000803846 0.00183135 0.0255549 0.000148568 0.00161411 0.0258076 0.000500552 0.00193635 0.0255717 0.00018311 0.0019916 0.0255888 -0.000120231 0.00161654 0.0258262 -0.000389852 0.00157351 0.0258457 -0.000148605 0.00199447 0.0256074 -0.000648896 0.00148562 0.0258653 -0.000481332 0.00194122 0.025627 -0.000800885 0.00183264 0.0256466 -0.000886624 0.00135727 0.0258842 -0.00109488 0.0011956 0.0259018 -0.00109409 0.00167421 0.0256655 -0.001271 0.00100616 0.0259183 -0.00135055 0.00147513 0.025683 -0.00156805 0.00124145 0.0256996 -0.00141878 0.000784181 0.0259365 -0.00152998 0.000535868 0.0259558 -0.00175037 0.000967585 0.0257177 -0.00159836 0.000270705 0.0259755 -0.00188755 0.000661168 0.0257371 -0.00197191 0.000334019 0.0257568 -0.00162111 3.71888e-14 0.0259948 -0.00159894 -0.000267194 0.0260129 -0.002 2.1131e-09 0.025776 -0.00153546 -0.000519987 0.0260296 -0.00197311 -0.000326878 0.025794 -0.0018961 -0.000636239 0.0258105 -0.00142948 -0.000764595 0.0260474 -0.00128087 -0.000993666 0.0260666 -0.00176763 -0.000935664 0.0258282 -0.00109378 -0.00119652 0.0260865 -0.00158729 -0.00121676 0.0258472 -0.00109477 -0.00167376 0.0258864 -0.00135997 -0.00146645 0.0258669 -0.000875895 -0.00136412 0.0261061 -0.000803846 -0.00183135 0.0259049 -0.000637255 -0.00149061 0.0261247 -0.000500552 -0.00193635 0.0259217 -0.00018311 -0.0019916 0.0259388 -0.00038888 -0.00157378 0.0261416 -0.000128155 -0.00161604 0.0261589 0.000148605 -0.00199447 0.0259574 0.000143434 -0.00161476 0.0261778 0.000481333 -0.00194122 0.025977 0.000800885 -0.00183264 0.0259966 0.000414807 -0.00156715 0.0261976 0.000674268 -0.00147424 0.0262173 0.00109409 -0.0016742 0.0260155 0.000911089 -0.00134087 0.0262362 0.00135055 -0.00147513 0.026033 0.00156805 -0.00124145 0.0260496 0.00111697 -0.00117489 0.0262537 0.00129146 -0.000979872 0.0262705 0.00175037 -0.000967585 0.0260677 0.00143611 -0.000752064 0.0262891 0.00188755 -0.000661167 0.0260871 0.00197191 -0.000334019 0.0261068 0.00154249 -0.00049872 0.0263086 0.00160474 -0.000229835 0.0263285 0.002 -1.5583e-09 0.026126 0.00162055 4.29234e-05 0.0263477 0.00197205 0.000333196 0.0261444 0.00189202 0.000648288 0.0261612 0.00159154 0.000308214 0.0263656 0.0015216 0.00055924 0.0263823 0.00175834 0.000953023 0.0261793 0.00140875 0.000802144 0.0264004 0.00157089 0.00123786 0.0261988 0.0013352 0.00148904 0.0262188 0.00125369 0.00102775 0.0264198 0.00106113 0.00122557 0.0264396 0.00106127 0.0016952 0.0262386 0.000839259 0.00138696 0.0264591 0.000762209 0.00184906 0.0262573 0.000451653 0.00194834 0.0262743 0.000598345 0.00150665 0.0264775 0.000348788 0.00158315 0.0264942 0.000124635 0.00199611 0.026292 8.56556e-05 0.00161885 0.0265118 -0.000214913 0.00198842 0.0263113 -0.000186659 0.00161033 0.0265309 -0.00045694 0.00155538 0.0265507 -0.000713469 0.00145567 0.0265704 -0.000552601 0.00192214 0.0263313 -0.000945884 0.00131655 0.0265891 -0.000873447 0.00179919 0.0263512 -0.00116401 0.00162637 0.0263702 -0.0011463 0.0011463 0.0266063 -0.00141421 0.00141421 0.0263875 -0.000389852 0.00157351 0.0244457 -0.000481336 0.00194121 0.024227 0.000500549 0.00193635 0.0241717 0.000148568 0.00161411 0.0244076 0.000887908 0.00135642 0.0243551 0.00109477 0.00167376 0.0241364 0.00176763 0.000935665 0.0240782 0.00128675 0.000985789 0.024316 0.00197311 0.000326877 0.024044 0.00197191 -0.00033402 0.0240068 0.00159819 -0.000271445 0.0242255 0.00141829 -0.00078456 0.0241865 0.00156805 -0.00124145 0.0239496 0.00109409 -0.00167421 0.0239155 0.000886264 -0.00135753 0.0241342 0.000389555 -0.00157346 0.0240957 0.000148604 -0.00199447 0.0238574 -0.000500552 -0.00193635 0.0238217 -0.000405663 -0.00156971 0.0240406 -0.000887778 -0.00135641 0.0240051 -0.00135997 -0.00146645 0.0237669 -0.00176763 -0.000935664 0.0237282 -0.00143262 -0.000758486 0.023947 -0.00159928 -0.000265041 0.0239128 -0.002 2.42166e-09 0.023676 -0.00188755 0.000661168 0.0236371 -0.00156805 0.00124145 0.0235996 -0.001271 0.00100616 0.0238183 -0.000800885 0.00183264 0.0235466 -0.000886624 0.00135727 0.0237842 -0.000148605 0.00199447 0.0235074 -0.000120231 0.00161654 0.0237262 0.000803846 0.00183135 0.0234549 0.000404878 0.00156982 0.0236907 0.00135997 0.00146646 0.0234169 0.00110272 0.00118823 0.0236356 0.00143272 0.000757939 0.0235969 0.0018961 0.000636239 0.0233605 0.002 -1.36175e-09 0.023326 0.00162121 -7.51549e-07 0.0235447 0.00152961 -0.000536429 0.0235058 0.00175036 -0.000967588 0.0232677 0.00135055 -0.00147513 0.023233 0.000800877 -0.00183265 0.0231966 0.000648506 -0.00148573 0.0234153 0.000120026 -0.00161642 0.0233762 -0.000183121 -0.0019916 0.0231388 -0.000803859 -0.00183134 0.0231049 -0.000652067 -0.00148428 0.0233236 -0.00110251 -0.00118837 0.0232856 -0.0015873 -0.00121675 0.0230472 -0.00189611 -0.00063622 0.0230105 -0.00153685 -0.000516007 0.0232294 -0.00197191 0.000334041 0.0229568 -0.00162111 3.20683e-13 0.0231948 -0.00141878 0.000784181 0.0231365 -0.00175036 0.000967602 0.0229177 -0.00109408 0.00167421 0.0228655 -0.00109488 0.0011956 0.0231018 -0.000481319 0.00194122 0.022827 0.000183121 0.0019916 0.0227888 0.000148568 0.00161411 0.0230076 0.000652103 0.00148435 0.0229736 0.00109478 0.00167376 0.0227364 0.00158729 0.00121676 0.0226972 0.00128675 0.000985789 0.022916 0.00153655 0.000516775 0.0228796 0.00197311 0.000326877 0.022644 0.00197191 -0.000334019 0.0226068 0.00159819 -0.000271445 0.0228255 0.00141829 -0.00078456 0.0227865 0.00156805 -0.00124145 0.0225496 0.00109409 -0.0016742 0.0225155 0.000886264 -0.00135753 0.0227342 0.000389555 -0.00157346 0.0226957 0.000148606 -0.00199447 0.0224574 -0.000500551 -0.00193635 0.0224217 -0.00109477 -0.00167376 0.0223864 -0.000887778 -0.00135641 0.0226051 -0.00128658 -0.000986061 0.022566 -0.00176763 -0.000935665 0.0223282 -0.00197311 -0.000326879 0.022294 -0.00159928 -0.000265041 0.0225128 -0.00159836 0.000270705 0.0224755 -0.00188755 0.000661166 0.0222371 -0.00156805 0.00124145 0.0221996 -0.001271 0.00100616 0.0224183 -0.000886624 0.00135727 0.0223842 -0.000800885 0.00183264 0.0221466 -0.000148608 0.00199446 0.0221074 -0.000120231 0.00161654 0.0223262 0.000803838 0.00183134 0.0220549 0.000404878 0.00156982 0.0222907 0.00135996 0.00146645 0.0220169 0.00176762 0.000935662 0.0219782 0.00143272 0.000757939 0.0221969 0.00159963 0.000264357 0.0221627 0.00199998 3.47627e-09 0.021926 0.00152961 -0.000536429 0.0221058 0.00188754 -0.000661159 0.0218871 0.00135055 -0.00147512 0.021833 0.00127132 -0.00100571 0.0220685 0.000648506 -0.00148573 0.0220153 0.000800884 -0.00183263 0.0217966 -0.000183107 -0.00199159 0.0217388 0.000120026 -0.00161642 0.0219762 -0.000652067 -0.00148428 0.0219236 -0.000803842 -0.00183134 0.0217049 -0.00110251 -0.00118837 0.0218856 -0.00158729 -0.00121676 0.0216472 -0.0018961 -0.000636239 0.0216105 -0.002 0 0.021576 -0.00162111 3.71509e-15 0.0217948 -0.00152998 0.000535868 0.0217558 -0.00175883 0.000951371 0.0215189 -0.0013548 0.00147127 0.0214829 -0.00109488 0.0011956 0.0217018 -0.000648896 0.00148562 0.0216653 -0.000491188 0.00193873 0.0214279 0.00016472 0.00199334 0.0213896 0.000148568 0.00161411 0.0216076 0.000652103 0.00148435 0.0215736 0.00109155 0.00167165 0.0213364 0.00157887 0.00122933 0.0212982 0.00128675 0.000985789 0.021516 0.00153655 0.000516775 0.0214796 0.00197262 0.000329407 0.0212435 0.00196053 -0.000310863 0.0212143 0.00199992 -1.8238e-05 0.021225 0.00176733 -0.000867896 0.0211922 0.00141207 -0.00133934 0.0211712 0.00109444 -0.00119622 0.0213517 0.000648506 -0.00148573 0.0213153 0.00066013 -0.00179663 0.0211393 0.000389555 -0.00157346 0.0212957 -0.000148179 -0.00161417 0.0212577 -0.000217147 -0.00186754 0.0211053 -0.00110251 -0.00118837 0.0211856 -0.00102975 -0.00153345 0.0210729 -0.00125382 -0.00134006 0.021061 -0.000405663 -0.00156971 0.0212406 -0.000504946 -0.00180035 0.0210948 -0.00144417 -0.0011137 0.0210491 -0.00176549 -0.000295514 0.0210152 -0.00153685 -0.000516007 0.0211294 -0.00170311 -0.000584437 0.021026 -0.00139861 0.000819228 0.0210337 -0.00174325 0.000267719 0.0209927 -0.00159595 0.000284291 0.0210745 -0.000818781 0.00139925 0.0209788 -0.00141582 0.00100291 0.020959 -0.00102361 0.00137335 0.0209381 -7.31732e-08 0.00166651 0.0208915 -0.0010459 0.00123856 0.0210849 -0.00119257 0.00160555 0.0212971 -0.00142032 0.00140808 0.0213129 -0.000908715 -0.00178178 0.0243235 -0.000623405 -0.00190064 0.0243402 -0.000651235 -0.00148442 0.0241111 -0.00117838 -0.00161597 0.0243055 -0.000887063 -0.00135679 0.0240926 -0.00110203 -0.0011889 0.0240732 0.000649674 -0.00148509 0.0242029 0.0006107 -0.00190444 0.0244098 0.000906403 -0.00178291 0.0244283 -0.00032764 -0.0019729 0.0243561 -1.88948e-05 -0.00199959 0.0243729 -0.000147772 -0.00161449 0.0241451 -0.00162745 -0.0011621 0.0242683 -0.00142119 -0.00140699 0.0242869 -0.00128636 -0.000986588 0.0240535 -0.000406055 -0.00156951 0.0241278 0.000121176 -0.00161664 0.0241638 0.00029829 -0.00197744 0.0243911 0.00109408 -0.00119629 0.024239 0.00117479 -0.00161882 0.0244459 0.00140858 -0.00141995 0.0244622 0.000390826 -0.00157326 0.0241833 0.000887168 -0.00135654 0.0242218 0.00127167 -0.00100574 0.0242559 0.00160736 -0.00118986 0.0244781 0.00177384 -0.000923669 0.0244956 0.00141931 -0.000783502 0.0242741 0.00189837 -0.000629388 0.024514 0.00153024 -0.000535033 0.0242934 0.00159832 -0.000269906 0.0243131 0.00197465 -0.000317492 0.0245328 0.00162083 7.07626e-07 0.0243323 0.002 1.2067e-11 0.024551 0.00159933 0.000264431 0.0243501 0.00197564 0.000310949 0.0245682 0.00153684 0.000516601 0.0243668 -0.000298278 0.00197744 0.0247411 -0.000390841 0.00157317 0.0245333 -0.000121336 0.00161656 0.0245138 0.00179013 0.000891496 0.0246005 0.00143239 0.000759365 0.0243845 0.00190605 0.000606117 0.024584 0.00128597 0.000987034 0.0244036 0.00162745 0.0011621 0.0246183 0.00142119 0.00140698 0.0246369 0.00110158 0.00118913 0.0244232 0.00117838 0.00161596 0.0246555 1.8905e-05 0.00199959 0.0247229 0.00088662 0.00135685 0.0244427 0.000405392 0.00156982 0.0244779 0.000623412 0.00190064 0.0246902 0.000327649 0.0019729 0.0247061 0.000147533 0.0016145 0.0244951 0.00065155 0.00148424 0.024461 0.000908721 0.00178178 0.0246735 -0.000649611 0.00148506 0.0245529 -0.000610688 0.00190444 0.0247598 -0.000906391 0.00178292 0.0247783 -0.00117477 0.00161883 0.0247959 -0.00140857 0.00141996 0.0248122 -0.00109464 0.00119587 0.0245891 -0.00088688 0.00135682 0.0245717 -0.00160735 0.00118987 0.0248281 -0.00141903 0.000783816 0.0246241 -0.00127138 0.00100588 0.0246059 -0.00189836 0.000629406 0.024864 -0.00153005 0.000535564 0.0246434 -0.00177383 0.000923685 0.0248456 -0.00162111 1.82467e-17 0.0246823 -0.00159836 0.000270705 0.024663 -0.00197465 0.000317512 0.0248828 -0.00159928 -0.000265041 0.0247003 -0.00197311 -0.000326861 0.024919 -0.00153688 -0.000515849 0.0247168 -0.002 2.07807e-08 0.024901 -0.00189611 -0.000636223 0.0249355 -0.00176764 -0.00093565 0.0249532 -0.00143262 -0.000758785 0.0247345 0.000887168 -0.00135654 0.0249218 0.00109408 -0.0016742 0.0251405 0.00109408 -0.00119629 0.024939 0.000121176 -0.00161664 0.0248637 0.000148596 -0.00199447 0.0250824 0.000390826 -0.00157326 0.0248833 -0.00128636 -0.000986588 0.0247535 -0.000887063 -0.00135679 0.0247926 -0.00110203 -0.0011889 0.0247732 -0.00135998 -0.00146644 0.0249919 -0.0015873 -0.00121675 0.0249722 -0.00109478 -0.00167375 0.0250114 -0.000651235 -0.00148442 0.0248111 -0.000500561 -0.00193634 0.0250467 -0.000183119 -0.0019916 0.0250638 -0.000147772 -0.00161449 0.0248451 -0.000406055 -0.00156951 0.0248278 -0.000803855 -0.00183134 0.0250299 0.000481324 -0.00194121 0.025102 0.000649674 -0.00148509 0.0249029 0.000800877 -0.00183264 0.0251216 0.00135054 -0.00147513 0.025158 0.00127167 -0.00100574 0.0249559 0.00156805 -0.00124145 0.0251746 0.00141931 -0.000783502 0.0249741 0.00175036 -0.000967584 0.0251927 0.00153024 -0.000535033 0.0249934 0.00162083 7.07626e-07 0.0250323 0.00159832 -0.000269906 0.0250131 0.0019719 -0.000334018 0.0252318 0.00188755 -0.000661167 0.0252121 -0.00127138 0.00100588 0.0260059 -0.00156804 0.00124146 0.0262246 -0.00141903 0.000783816 0.0260241 0.00159933 0.000264431 0.0250501 0.00199999 -1.74863e-09 0.025251 0.0019731 0.000326877 0.025269 0.00153684 0.000516601 0.0250668 0.00189609 0.000636237 0.0252855 0.00143239 0.000759365 0.0250845 -0.000121336 0.00161656 0.0252138 0.00018311 0.0019916 0.0254138 -0.000148604 0.00199447 0.0254324 0.000803844 0.00183134 0.0253799 0.00065155 0.00148424 0.025161 0.00109477 0.00167376 0.0253614 0.00158729 0.00121676 0.0253222 0.00110158 0.00118913 0.0251232 0.00128597 0.000987034 0.0251036 0.00176763 0.000935661 0.0253032 0.00135996 0.00146645 0.0253419 0.00088662 0.00135685 0.0251427 0.000147533 0.0016145 0.0251951 0.000500551 0.00193634 0.0253967 0.000405392 0.00156982 0.025178 -0.000390841 0.00157317 0.0252333 -0.000481331 0.00194121 0.025452 -0.000649611 0.00148506 0.0252529 -0.00109409 0.0016742 0.0254905 -0.00088688 0.00135682 0.0252717 -0.000800883 0.00183264 0.0254716 -0.00127138 0.00100588 0.0253059 -0.00109464 0.00119587 0.0252891 -0.00135055 0.00147513 0.025508 -0.00156805 0.00124145 0.0255246 -0.00141903 0.000783816 0.0253241 -0.00175036 0.000967586 0.0255427 -0.00153005 0.000535564 0.0253434 -0.00188755 0.000661169 0.0255621 -0.00159836 0.000270705 0.025363 -0.00197191 0.000334021 0.0255818 0.00189609 0.000636235 0.0259855 0.00143239 0.000759365 0.0257845 0.00153684 0.000516601 0.0257668 -0.00162111 3.79701e-17 0.0253823 -0.00159928 -0.000265041 0.0254003 -0.002 3.72862e-09 0.025601 -0.00197311 -0.000326876 0.025619 -0.0018961 -0.000636237 0.0256355 -0.00153688 -0.000515849 0.0254168 0.000887168 -0.00135654 0.0256218 0.00109409 -0.0016742 0.0258405 0.00109408 -0.00119629 0.025639 -0.00143262 -0.000758785 0.0254345 -0.00176763 -0.000935662 0.0256532 -0.00128636 -0.000986588 0.0254535 -0.000500552 -0.00193635 0.0257467 -0.00018311 -0.0019916 0.0257638 -0.000147772 -0.00161449 0.0255451 -0.00158729 -0.00121676 0.0256722 -0.00135997 -0.00146645 0.0256919 -0.000887063 -0.00135679 0.0254926 -0.00110203 -0.0011889 0.0254732 -0.000651235 -0.00148442 0.0255111 -0.000803846 -0.00183134 0.0257299 -0.000406055 -0.00156951 0.0255278 -0.00109477 -0.00167376 0.0257114 0.000148604 -0.00199447 0.0257824 0.000121176 -0.00161664 0.0255638 0.000390826 -0.00157326 0.0255833 0.00048133 -0.00194121 0.025802 0.000800882 -0.00183264 0.0258216 0.000649674 -0.00148509 0.0256029 0.00175036 -0.000967582 0.0258927 0.00141931 -0.000783502 0.0256741 0.00156805 -0.00124145 0.0258746 0.00127167 -0.00100574 0.0256559 0.00135055 -0.00147513 0.025858 -0.00153005 0.000535564 0.0260434 -0.00175036 0.000967597 0.0262427 0.00199999 -1.96505e-09 0.025951 0.00159933 0.000264431 0.0257501 0.00162083 7.07626e-07 0.0257323 0.00159832 -0.000269906 0.0257131 0.0019719 -0.000334018 0.0259318 0.00153024 -0.000535033 0.0256934 0.00188755 -0.000661165 0.0259121 -0.00088688 0.00135682 0.0259717 -0.00109408 0.00167421 0.0261905 -0.00109464 0.00119587 0.0259891 0.00158729 0.00121675 0.0260222 0.00110158 0.00118913 0.0258232 0.00128597 0.000987034 0.0258036 0.00176763 0.000935659 0.0260032 0.0019731 0.000326875 0.025969 0.000147533 0.0016145 0.0258951 0.000183117 0.00199159 0.0261138 -0.000121336 0.00161656 0.0259138 -0.000800874 0.00183265 0.0261716 -0.000649611 0.00148506 0.0259529 -0.000481322 0.00194121 0.026152 0.000500557 0.00193634 0.0260967 0.000405392 0.00156982 0.0258779 0.000803849 0.00183134 0.0260799 0.00135997 0.00146645 0.0260419 0.00088662 0.00135685 0.0258427 0.00065155 0.00148424 0.025861 0.00109477 0.00167375 0.0260614 -0.000148596 0.00199447 0.0261324 -0.000390841 0.00157317 0.0259333 -0.00135054 0.00147514 0.026208 -0.00188755 0.000661182 0.0262621 -0.00159836 0.000270705 0.026063 -0.00197191 0.000334035 0.0262818 -0.00162111 3.72359e-14 0.0260823 -0.00159894 -0.000267194 0.0261004 -0.002 1.89486e-08 0.026301 0.00156423 -0.00113761 0.026541 0.00129146 -0.000979872 0.026358 0.00136698 -0.0013835 0.0265301 -0.00197513 -0.000314397 0.0263184 -0.0019039 -0.000612495 0.0263342 -0.00153546 -0.000519987 0.0261171 -0.000595822 -0.00190919 0.0264417 -0.00038888 -0.00157378 0.0262291 -0.000637255 -0.00149061 0.0262122 -0.00178535 -0.000901408 0.0263511 -0.00161867 -0.0011747 0.0263692 -0.00140765 -0.00142075 0.026388 -0.00128087 -0.000993666 0.0261541 -0.00142948 -0.000764595 0.0261349 -0.000296868 -0.00197784 0.0264576 -0.00121809 0.00121809 0.0267524 -0.0011463 0.0011463 0.0266938 -0.00100987 0.00141104 0.0267416 -0.000885259 -0.00179341 0.0264249 -0.000875895 -0.00136412 0.0261936 -0.00115976 -0.0016294 0.0264068 -0.00109378 -0.00119652 0.026174 0.000319848 -0.00196288 0.026486 0.000613049 -0.0018801 0.0264974 0.000414807 -0.00156715 0.0262851 0.000674268 -0.00147424 0.0263048 -0.000945884 0.00131655 0.0266766 -0.000128155 -0.00161604 0.0262464 0.000143434 -0.00161476 0.0262653 1.8238e-05 -0.00199992 0.026475 -0.000772192 0.00156633 0.0267299 -0.000512803 0.00167964 0.026718 -0.000713469 0.00145567 0.0266579 -0.00045694 0.00155538 0.0266382 -0.000238331 0.00175234 0.026706 0.000910777 -0.00174161 0.0265096 -0.000186659 0.00161033 0.0266184 0.00117176 -0.0015637 0.026521 0.00111697 -0.00117489 0.0263412 0.000911089 -0.00134087 0.0263237 4.36505e-05 0.00177974 0.0266945 0.000602932 0.0016976 0.0266733 0.000348788 0.00158315 0.0265817 0.000598345 0.00150665 0.026565 0.000839259 0.00138696 0.0265466 0.00106113 0.00122557 0.0265271 0.00110858 0.00144587 0.0266511 0.00032663 0.00176133 0.0266837 8.56556e-05 0.00161885 0.0265993 0.00187505 -0.000307477 0.0265747 0.00154249 -0.00049872 0.0263961 0.00181393 -0.000603833 0.026563 0.0018884 -6.82972e-17 0.0265866 0.00160474 -0.000229835 0.026416 0.00171194 -0.000876343 0.026552 0.00162055 4.29234e-05 0.0264352 0.00178337 0.000555529 0.0266071 0.00159154 0.000308214 0.0264531 0.00185669 0.000281664 0.0265971 0.000867054 0.00159387 0.0266624 0.00125369 0.00102775 0.0265073 0.00140875 0.000802144 0.0264879 0.00151622 0.00105361 0.0266283 0.00132443 0.00126218 0.0266396 0.00166931 0.000815016 0.0266174 0.0015216 0.00055924 0.0264698 0.00143611 -0.000752064 0.0263766 -0.00143262 -0.000758785 0.0240345 -0.00153688 -0.000515849 0.0240168 -0.00179013 -0.000891499 0.0242505 -0.00190605 -0.000606118 0.024234 -0.00197564 -0.00031095 0.0242182 -0.002 3.38845e-10 0.024201 -0.00159928 -0.000265041 0.0240003 -0.00162111 1.35593e-16 0.0239823 -0.00197465 0.000317492 0.0241828 -0.00159836 0.000270705 0.023963 -0.00189837 0.000629388 0.024164 -0.00177384 0.000923669 0.0241456 -0.00153005 0.000535564 0.0239434 -0.00141903 0.000783816 0.0239241 -0.00160736 0.00118986 0.0241281 -0.00127138 0.00100588 0.0239059 -0.00140858 0.00141995 0.0241122 -0.00117478 0.00161882 0.0240959 -0.00109464 0.00119587 0.0238891 -0.00088688 0.00135682 0.0238717 -0.000906402 0.00178291 0.0240783 -0.000649611 0.00148506 0.0238529 -0.0006107 0.00190444 0.0240598 -0.000390841 0.00157317 0.0238333 -0.000298289 0.00197744 0.0240411 -0.000121336 0.00161656 0.0238138 1.88951e-05 0.00199959 0.0240229 0.000327641 0.0019729 0.0240061 0.000147533 0.0016145 0.0237951 0.000405392 0.00156982 0.0237779 0.000623405 0.00190064 0.0239902 0.00065155 0.00148424 0.023761 0.000908715 0.00178178 0.0239735 0.00117838 0.00161597 0.0239555 0.00088662 0.00135685 0.0237427 0.00110158 0.00118913 0.0237232 0.00142119 0.00140699 0.0239369 0.00128597 0.000987034 0.0237036 0.00162745 0.0011621 0.0239183 0.00179013 0.000891498 0.0239005 0.00143239 0.000759365 0.0236845 0.00153684 0.000516601 0.0236668 0.00190605 0.000606118 0.023884 0.00197564 0.00031095 0.0238682 0.00159933 0.000264431 0.0236501 0.00162083 7.07626e-07 0.0236323 0.002 -6.2668e-10 0.023851 0.00159832 -0.000269906 0.0236131 0.00197465 -0.000317492 0.0238327 0.00189837 -0.000629388 0.023814 0.00153024 -0.000535033 0.0235934 0.00141931 -0.000783502 0.0235741 0.00177384 -0.00092367 0.0237956 0.00127167 -0.00100574 0.0235559 0.00160736 -0.00118986 0.0237781 0.00140858 -0.00141995 0.0237622 0.00109408 -0.00119629 0.023539 0.000887168 -0.00135654 0.0235218 0.00117478 -0.00161882 0.0237459 0.000649674 -0.00148509 0.0235029 0.000906402 -0.00178291 0.0237283 0.000610699 -0.00190444 0.0237098 0.000390826 -0.00157326 0.0234833 0.000121176 -0.00161664 0.0234638 0.000298289 -0.00197744 0.0236911 -0.000147772 -0.00161449 0.0234451 -1.8896e-05 -0.00199959 0.0236729 -0.000327641 -0.0019729 0.0236561 -0.000406055 -0.00156951 0.0234278 -0.000651235 -0.00148442 0.0234111 -0.000623406 -0.00190064 0.0236402 -0.000887063 -0.00135679 0.0233926 -0.000908716 -0.00178178 0.0236235 -0.00117838 -0.00161597 0.0236055 -0.00110203 -0.0011889 0.0233732 -0.00128636 -0.000986588 0.0233535 -0.00142119 -0.00140699 0.0235869 -0.00143262 -0.000758785 0.0233345 -0.00162745 -0.0011621 0.0235683 -0.00179013 -0.000891497 0.0235505 -0.00153688 -0.000515849 0.0233168 -0.00197564 -0.000310948 0.0235182 -0.00190605 -0.000606117 0.023534 -0.00159928 -0.000265041 0.0233003 -0.002 2.11899e-09 0.023501 -0.00197191 0.000334019 0.0234818 -0.00162111 3.205e-13 0.0232823 -0.00159836 0.000270705 0.023263 -0.00188755 0.000661168 0.0234621 -0.00153005 0.000535564 0.0232434 -0.00175036 0.000967585 0.0234427 -0.00156805 0.00124145 0.0234246 -0.00141903 0.000783816 0.0232241 -0.00127138 0.00100588 0.0232059 -0.00135055 0.00147513 0.023408 -0.00109464 0.00119587 0.0231891 -0.00109409 0.0016742 0.0233905 -0.000800884 0.00183264 0.0233716 -0.00088688 0.00135682 0.0231717 -0.000649611 0.00148506 0.0231529 -0.000481332 0.00194121 0.023352 -0.000390841 0.00157317 0.0231333 -0.000148605 0.00199447 0.0233324 0.000183109 0.0019916 0.0233138 -0.000121336 0.00161656 0.0231138 0.000147533 0.0016145 0.0230951 0.00050055 0.00193635 0.0232967 0.000405392 0.00156982 0.0230779 0.000803844 0.00183134 0.0232799 0.00109477 0.00167376 0.0232614 0.00065155 0.00148424 0.023061 0.00088662 0.00135685 0.0230427 0.00135996 0.00146645 0.0232419 0.00110158 0.00118913 0.0230232 0.00158729 0.00121676 0.0232222 0.00176763 0.000935662 0.0232032 0.00128597 0.000987034 0.0230036 0.00143239 0.000759365 0.0229845 0.0018961 0.000636238 0.0231855 0.00153684 0.000516601 0.0229668 0.0019731 0.000326877 0.023169 0.00199999 -1.34101e-09 0.023151 0.00159933 0.000264431 0.0229501 0.00162083 7.07626e-07 0.0229323 0.00197191 -0.000334018 0.0231318 0.00159832 -0.000269906 0.0229131 0.00188755 -0.000661166 0.0231121 0.00175036 -0.000967583 0.0230927 0.00153024 -0.000535033 0.0228934 0.00141931 -0.000783502 0.0228741 0.00156805 -0.00124145 0.0230746 0.00127167 -0.00100574 0.0228559 0.00135055 -0.00147513 0.023058 0.00109409 -0.0016742 0.0230405 0.00109408 -0.00119629 0.022839 0.000887168 -0.00135654 0.0228218 0.000800883 -0.00183264 0.0230216 0.000649674 -0.00148509 0.0228029 0.000481331 -0.00194121 0.023002 0.000148604 -0.00199447 0.0229824 0.000390826 -0.00157326 0.0227833 0.000121176 -0.00161664 0.0227638 -0.000183111 -0.0019916 0.0229638 -0.000147772 -0.00161449 0.0227451 -0.000500552 -0.00193635 0.0229467 -0.000803846 -0.00183134 0.0229299 -0.000406055 -0.00156951 0.0227278 -0.000651235 -0.00148442 0.0227111 -0.00109477 -0.00167376 0.0229114 -0.000887063 -0.00135679 0.0226926 -0.00135997 -0.00146645 0.0228919 -0.00158729 -0.00121676 0.0228722 -0.00110203 -0.0011889 0.0226732 -0.00128636 -0.000986588 0.0226535 -0.00176763 -0.000935662 0.0228532 -0.00143262 -0.000758785 0.0226345 -0.0018961 -0.000636236 0.0228355 -0.00197311 -0.000326875 0.022819 -0.00153688 -0.000515849 0.0226168 -0.00159928 -0.000265041 0.0226003 -0.002 4.94421e-09 0.022801 -0.00162111 3.06012e-16 0.0225823 -0.00197191 0.000334022 0.0227818 -0.00188755 0.00066117 0.0227621 -0.00159836 0.000270705 0.022563 -0.00153005 0.000535564 0.0225434 -0.00175036 0.000967587 0.0227427 -0.00141903 0.000783816 0.0225241 -0.00156805 0.00124146 0.0227246 -0.00135055 0.00147513 0.022708 -0.00127138 0.00100588 0.0225059 -0.00109464 0.00119587 0.0224891 -0.00109409 0.00167421 0.0226905 -0.00088688 0.00135682 0.0224717 -0.000800885 0.00183264 0.0226716 -0.000481332 0.00194122 0.022652 -0.000649611 0.00148506 0.0224529 -0.000390841 0.00157317 0.0224333 -0.000148605 0.00199447 0.0226324 -0.000121336 0.00161656 0.0224138 0.000183109 0.0019916 0.0226138 0.000500551 0.00193635 0.0225967 0.000147533 0.0016145 0.0223951 0.000405392 0.00156982 0.0223779 0.000803845 0.00183135 0.0225799 0.00065155 0.00148424 0.022361 0.00109477 0.00167376 0.0225614 0.00135997 0.00146646 0.0225419 0.00088662 0.00135685 0.0223427 0.00110158 0.00118913 0.0223232 0.00158729 0.00121676 0.0225222 0.00128597 0.000987034 0.0223036 0.00176763 0.000935667 0.0225032 0.0018961 0.000636242 0.0224855 0.00143239 0.000759365 0.0222845 0.00153684 0.000516601 0.0222668 0.00197311 0.000326881 0.022469 0.00159933 0.000264431 0.0222501 0.002 1.81029e-09 0.022451 0.00197191 -0.000334015 0.0224318 0.00162083 7.07626e-07 0.0222323 0.00159832 -0.000269906 0.0222131 0.00188755 -0.000661165 0.0224121 0.00153024 -0.000535033 0.0221934 0.00175037 -0.000967583 0.0223927 0.00156806 -0.00124145 0.0223746 0.00141931 -0.000783502 0.0221741 0.00127167 -0.00100574 0.0221559 0.00135055 -0.00147513 0.022358 0.00109408 -0.00119629 0.022139 0.00109409 -0.0016742 0.0223405 0.000800887 -0.00183264 0.0223216 0.000887168 -0.00135654 0.0221218 0.000649674 -0.00148509 0.0221029 0.000481334 -0.00194122 0.022302 0.000390826 -0.00157326 0.0220833 0.000148607 -0.00199447 0.0222824 -0.000183109 -0.0019916 0.0222638 0.000121176 -0.00161664 0.0220638 -0.000147772 -0.00161449 0.0220451 -0.000500551 -0.00193635 0.0222467 -0.000406055 -0.00156951 0.0220278 -0.000803845 -0.00183135 0.0222299 -0.00109477 -0.00167376 0.0222114 -0.000651235 -0.00148442 0.0220111 -0.000887063 -0.00135679 0.0219926 -0.00135997 -0.00146646 0.0221919 -0.00110203 -0.0011889 0.0219732 -0.00158729 -0.00121676 0.0221722 -0.00176763 -0.000935664 0.0221532 -0.00128636 -0.000986588 0.0219535 -0.00143262 -0.000758785 0.0219345 -0.0018961 -0.000636238 0.0221355 -0.00153688 -0.000515849 0.0219168 -0.00197311 -0.000326877 0.022119 -0.002 2.99443e-09 0.022101 -0.00159928 -0.000265041 0.0219003 -0.00162111 3.70895e-15 0.0218823 -0.00197191 0.00033402 0.0220818 -0.00159836 0.000270705 0.021863 -0.00188755 0.000661168 0.0220621 -0.00175036 0.000967585 0.0220427 -0.00153005 0.000535564 0.0218434 -0.00141903 0.000783816 0.0218241 -0.00156805 0.00124145 0.0220246 -0.00127138 0.00100588 0.0218059 -0.00135055 0.00147513 0.022008 -0.00109409 0.0016742 0.0219905 -0.00109464 0.00119587 0.0217891 -0.00088688 0.00135682 0.0217717 -0.000800883 0.00183264 0.0219716 -0.000649611 0.00148506 0.0217529 -0.000481331 0.00194121 0.021952 -0.000148604 0.00199447 0.0219324 -0.000390841 0.00157317 0.0217333 -0.000121336 0.00161656 0.0217138 0.00018311 0.0019916 0.0219138 0.000147533 0.0016145 0.0216951 0.000500551 0.00193634 0.0218967 0.000803844 0.00183134 0.0218799 0.000405392 0.00156982 0.021678 0.00065155 0.00148424 0.021661 0.00109477 0.00167375 0.0218614 0.00088662 0.00135685 0.0216427 0.00135996 0.00146645 0.0218419 0.00158728 0.00121676 0.0218222 0.00110158 0.00118913 0.0216232 0.00128597 0.000987034 0.0216036 0.00176763 0.000935661 0.0218032 0.00143239 0.000759365 0.0215845 0.00189609 0.000636236 0.0217855 0.0019731 0.000326876 0.021769 0.00153684 0.000516601 0.0215668 0.00159933 0.000264431 0.0215501 0.00199999 -2.01499e-09 0.021751 0.00162083 7.07626e-07 0.0215323 0.0019719 -0.000334017 0.0217318 0.00188755 -0.000661165 0.0217121 0.00159832 -0.000269906 0.0215131 0.00153024 -0.000535033 0.0214934 0.00175036 -0.000967581 0.0216927 0.00141931 -0.000783502 0.0214741 0.00156805 -0.00124145 0.0216746 0.00135055 -0.00147512 0.021658 0.00127167 -0.00100574 0.0214559 0.00109408 -0.00119629 0.021439 0.00109409 -0.0016742 0.0216405 0.000887168 -0.00135654 0.0214218 0.000800885 -0.00183264 0.0216216 0.000481334 -0.00194121 0.021602 0.000649674 -0.00148509 0.0214029 0.000390826 -0.00157326 0.0213833 0.000148608 -0.00199447 0.0215824 0.000121176 -0.00161664 0.0213638 -0.000183106 -0.0019916 0.0215638 -0.000500547 -0.00193635 0.0215467 -0.000147772 -0.00161449 0.0213451 -0.000406055 -0.00156951 0.0213278 -0.000803841 -0.00183135 0.0215299 -0.000651235 -0.00148442 0.0213111 -0.00109477 -0.00167376 0.0215114 -0.00135996 -0.00146646 0.0214919 -0.000887063 -0.00135679 0.0212926 -0.00110203 -0.0011889 0.0212732 -0.00158729 -0.00121676 0.0214722 -0.00128636 -0.000986588 0.0212535 -0.00176763 -0.000935668 0.0214532 -0.0018961 -0.000636244 0.0214355 -0.00143262 -0.000758785 0.0212345 -0.00153688 -0.000515849 0.0212168 -0.00197311 -0.000326884 0.021419 -0.00159928 -0.000265041 0.0212003 -0.002 -4.57638e-09 0.021401 -0.00197524 0.000313713 0.021383 -0.00162111 4.00596e-14 0.0211823 -0.00159604 0.000283895 0.0211621 -0.00190078 0.000622119 0.0213645 -0.00152094 0.00056107 0.0211414 -0.00177912 0.000913642 0.0213462 -0.00161617 0.00117814 0.0213289 -0.00139929 0.000818709 0.0211212 -0.00123864 0.00104612 0.0211024 -0.000819451 0.00139848 0.0210663 -0.000929907 0.00177067 0.0212798 -0.000561847 0.00152049 0.0210462 -0.000284425 0.00159593 0.0210255 -0.000639704 0.00189494 0.0212616 -0.00033197 0.00197226 0.0212431 -1.8238e-05 0.00199992 0.021225 -5.25632e-08 0.00162111 0.0210052 -5.83098e-08 0.00199757 0.0212226 -0.000945884 0.00131655 0.0266766 -0.0011463 0.0011463 0.0266938 -0.0011463 0.0011463 0.0266063 -0.000186659 0.00161033 0.0266184 -0.00045694 0.00155538 0.0266382 -0.00045694 0.00155538 0.0265507 -0.000713469 0.00145567 0.0266579 -0.000945884 0.00131655 0.0265891 -0.000713469 0.00145567 0.0265704 0.000348788 0.00158315 0.0264942 0.000598345 0.00150665 0.026565 0.000348788 0.00158315 0.0265817 -0.000186659 0.00161033 0.0265309 8.56556e-05 0.00161885 0.0265118 8.56556e-05 0.00161885 0.0265993 0.00125369 0.00102775 0.0265073 0.00106113 0.00122557 0.0264396 0.00125369 0.00102775 0.0264198 0.00106113 0.00122557 0.0265271 0.000839259 0.00138696 0.0265466 0.000839259 0.00138696 0.0264591 0.00159154 0.000308214 0.0264531 0.0015216 0.00055924 0.0264698 0.0015216 0.00055924 0.0263823 0.00140875 0.000802144 0.0264004 0.00140875 0.000802144 0.0264879 0.00160474 -0.000229835 0.0263285 0.00154249 -0.00049872 0.0263961 0.00160474 -0.000229835 0.026416 0.00159154 0.000308214 0.0263656 0.00162055 4.29234e-05 0.0263477 0.00162055 4.29234e-05 0.0264352 0.000674268 -0.00147424 0.0263048 0.000911089 -0.00134087 0.0263237 0.000911089 -0.00134087 0.0262362 0.00129146 -0.000979872 0.026358 0.00143611 -0.000752064 0.0263766 0.00143611 -0.000752064 0.0262891 0.000674268 -0.00147424 0.0262173 0.00111697 -0.00117489 0.0262537 -0.000128155 -0.00161604 0.0261589 -0.000128155 -0.00161604 0.0262464 0.000143434 -0.00161476 0.0261778 0.000414807 -0.00156715 0.0261976 0.000143434 -0.00161476 0.0262653 0.000414807 -0.00156715 0.0262851 -0.000875895 -0.00136412 0.0261936 -0.000637255 -0.00149061 0.0261247 -0.000875895 -0.00136412 0.0261061 -0.00038888 -0.00157378 0.0262291 -0.00038888 -0.00157378 0.0261416 -0.000637255 -0.00149061 0.0262122 -0.00109378 -0.00119652 0.026174 -0.00109378 -0.00119652 0.0260865 -0.00142948 -0.000764595 0.0260474 -0.00153546 -0.000519987 0.0260296 -0.00153546 -0.000519987 0.0261171 -0.00128087 -0.000993666 0.0261541 -0.00142948 -0.000764595 0.0261349 -0.00128087 -0.000993666 0.0260666 -0.00159894 -0.000267194 0.0260129 -0.00159894 -0.000267194 0.0261004 -0.00162111 3.72359e-14 0.0260823 -0.00162111 3.71888e-14 0.0259948 0.00129146 -0.000979872 0.0262705 0.00111697 -0.00117489 0.0263412 0.00154249 -0.00049872 0.0263086 0.000598345 0.00150665 0.0264775 -5.25632e-08 0.00162111 0.0210052 -7.11798e-08 0.00162111 0.0209177 -7.31732e-08 0.00166651 0.0208915 -5.83098e-08 0.00199757 0.0212226 -0.00121809 0.00121809 0.0267524 -0.0011463 0.0011463 0.0266063 -0.0011463 0.0011463 0.0266938 -0.00141421 0.00141421 0.0263875 -0.00141421 0.00141421 0.026475 -0.001475 2.60472e-19 0.0207 -0.00176549 -0.000295514 0.0210152 -0.00145488 -0.000242777 0.0207 -0.00159768 -0.000861048 0.0210373 -0.00139508 -0.000478932 0.0207 -0.00170311 -0.000584437 0.021026 -0.00102975 -0.00153345 0.0210729 -0.00099899 -0.00108519 0.0207 -0.00125382 -0.00134006 0.021061 -0.00144417 -0.0011137 0.0210491 -0.00116398 -0.000905964 0.0207 -0.00129722 -0.000702022 0.0207 -0.000362091 -0.00142987 0.0207 -0.000217147 -0.00186754 0.0211053 -0.000121805 -0.00146996 0.0207 -0.000592501 -0.00135077 0.0207 -0.000778309 -0.00168833 0.0210842 -0.000504946 -0.00180035 0.0210948 0.000933806 -0.00168417 0.0211504 0.000806749 -0.00123482 0.0207 0.000592501 -0.00135077 0.0207 0.000372793 -0.00186577 0.0211278 0.000362091 -0.00142987 0.0207 0.000121805 -0.00146996 0.0207 0.00141207 -0.00133934 0.0211712 0.0016071 -0.0011173 0.0211814 0.00116398 -0.000905964 0.0207 0.00099899 -0.00108519 0.0207 0.00176733 -0.000867896 0.0211922 0.00129722 -0.000702022 0.0207 0.00139508 -0.000478932 0.0207 0.00188046 -0.000595051 0.0212032 0.00196053 -0.000310863 0.0212143 0.00145488 -0.000242777 0.0207 0.001475 -4.41108e-19 0.0207 0.00199992 -1.8238e-05 0.021225 0.00199994 -5.64155e-10 0.021226 0.00118595 -0.00152991 0.0211612 7.80956e-05 -0.00188938 0.0211164 0.00066013 -0.00179663 0.0211393 -0.000806749 -0.00123482 0.0207 -0.00177876 -5.8483e-20 0.0210038 -0.00099899 -0.00108519 0.027 -0.000592501 -0.00135077 0.027 -0.000806749 -0.00123482 0.027 -0.000592501 0.00135077 0.027 0.00145488 -0.000242777 0.027 -0.000806749 0.00123482 0.027 -0.000362091 -0.00142987 0.027 -0.00116398 -0.000905964 0.027 -0.00129722 -0.000702022 0.027 -0.000121805 -0.00146996 0.027 -0.00139508 -0.000478932 0.027 0.000121805 -0.00146996 0.027 -0.00145488 -0.000242777 0.027 -0.001475 1.80635e-19 0.027 0.000362091 -0.00142987 0.027 0.000592501 -0.00135077 0.027 -0.00145488 0.000242777 0.027 0.000806749 -0.00123482 0.027 0.00129722 -0.000702022 0.027 0.00116398 -0.000905964 0.027 -0.00116398 0.000905964 0.027 -0.00129722 0.000702022 0.027 0.00099899 -0.00108519 0.027 -0.00139508 0.000478932 0.027 0.001475 0 0.027 -0.00099899 0.00108519 0.027 0.00139508 -0.000478932 0.027 0.00139508 0.000478932 0.027 0.000121805 0.00146996 0.027 0.00129722 0.000702022 0.027 0.00145488 0.000242777 0.027 -0.000362091 0.00142987 0.027 -0.000121805 0.00146996 0.027 0.000592501 0.00135077 0.027 0.000806749 0.00123482 0.027 0.00099899 0.00108519 0.027 0.00116398 0.000905964 0.027 0.000362091 0.00142987 0.027 0.00145488 -0.000242777 0.0207 0.001475 -4.41108e-19 0.0207 0.001475 -1.4688e-19 0.02 0.00116398 -0.000905964 0.0207 0.00129722 -0.000702022 0.0207 0.00129722 -0.000702022 0.02 0.00139508 -0.000478932 0.0207 0.00145488 -0.000242777 0.02 0.00139508 -0.000478932 0.02 0.000806749 -0.00123482 0.02 0.000592501 -0.00135077 0.0207 0.000806749 -0.00123482 0.0207 0.00116398 -0.000905964 0.02 0.00099899 -0.00108519 0.02 0.00099899 -0.00108519 0.0207 0.000121805 -0.00146996 0.0207 0.000121805 -0.00146996 0.02 -0.000121805 -0.00146996 0.0207 0.000362091 -0.00142987 0.0207 0.000592501 -0.00135077 0.02 0.000362091 -0.00142987 0.02 -0.000806749 -0.00123482 0.0207 -0.000592501 -0.00135077 0.0207 -0.000592501 -0.00135077 0.02 -0.000362091 -0.00142987 0.02 -0.000362091 -0.00142987 0.0207 -0.000121805 -0.00146996 0.02 -0.00116398 -0.000905964 0.02 -0.00116398 -0.000905964 0.0207 -0.00099899 -0.00108519 0.02 -0.000806749 -0.00123482 0.02 -0.00099899 -0.00108519 0.0207 -0.00129722 -0.000702022 0.0207 -0.00129722 -0.000702022 0.02 -0.00139508 -0.000478932 0.02 -0.00139508 -0.000478932 0.0207 -0.00145488 -0.000242777 0.02 -0.00145488 -0.000242777 0.0207 -0.001475 2.60472e-19 0.0207 -0.001475 6.21277e-19 0.02 0.00173205 -5.17218e-18 0.002 0.00171267 0.00025836 0.002 -1.73095e-19 -2.24408e-34 0.00308231 -0.00173205 0 0.002 -0.00171267 0.00025836 0.002 0.00165497 0.00051091 0.002 0.00156026 0.000751978 0.002 0.00143072 0.00097616 0.002 0.00126928 0.00117845 0.002 0.00108008 0.00135403 0.002 0.000866025 0.0015 0.002 0.000632789 0.00161232 0.002 0.000385418 0.00168862 0.002 0.000129436 0.00172721 0.002 -0.000385418 0.00168862 0.002 -0.000129436 0.00172721 0.002 -0.000632789 0.00161232 0.002 -0.00108008 0.00135403 0.002 -0.000866025 0.0015 0.002 -0.00143136 0.00097524 0.002 -0.00126995 0.00117779 0.002 -0.00165521 0.000510006 0.002 -0.00156074 0.00075096 0.002 -0.00173205 0 0.002 -0.00165521 0.000510006 0.002 -0.00156074 0.00075096 0.002 -0.00171267 0.00025836 0.002 -0.00143136 0.00097524 0.002 -0.00126995 0.00117779 0.002 -0.000866025 0.0015 0.002 -0.00108008 0.00135403 0.002 -0.000385418 0.00168862 0.002 -0.000129436 0.00172721 0.002 0.000129436 0.00172721 0.002 0.000385418 0.00168862 0.002 -0.000866025 0.0015 0.002 -0.000632789 0.00161232 0.002 0.000632789 0.00161232 0.002 0.000866025 0.0015 0.002 0.00173205 -5.17218e-18 0.002 0.000866025 0.0015 0.002 0.00108008 0.00135403 0.002 0.00126928 0.00117845 0.002 0.00143072 0.00097616 0.002 0.00156026 0.000751978 0.002 0.00171267 0.00025836 0.002 0.00165497 0.00051091 0.002 0.00156026 -0.000751978 0.002 0.00143072 -0.00097616 0.002 0.00173205 -5.17218e-18 0.002 0.00165497 -0.00051091 0.002 0.00171267 -0.00025836 0.002 0.00126928 -0.00117845 0.002 0.00108008 -0.00135403 0.002 0.000866025 -0.0015 0.002 0.000866025 -0.0015 0.002 0.000632789 -0.00161232 0.002 -0.000632789 -0.00161232 0.002 -0.000129436 -0.00172721 0.002 -0.000385418 -0.00168862 0.002 0.000385418 -0.00168862 0.002 0.000129436 -0.00172721 0.002 -0.000866025 -0.0015 0.002 -0.00126995 -0.00117779 0.002 -0.00173205 0 0.002 -0.00108008 -0.00135403 0.002 -0.000866025 -0.0015 0.002 -0.00156074 -0.00075096 0.002 -0.00143136 -0.00097524 0.002 -0.00171267 -0.00025836 0.002 -0.00165521 -0.000510006 0.002 -0.000930752 0.0021219 0.00510565 -0.00126731 0.00193976 0.00510565 -0.00125993 0.00192847 0.00494643 0.00229141 0.000786641 0.00540606 0.00237569 0.000815576 0.00553868 0.00213068 0.00115306 0.00540606 0.000973177 0.00221862 0.00540606 0.00132508 0.00202818 0.00540606 0.00137382 0.00210278 0.00553868 0.00220905 0.00119548 0.00553868 0.00262194 4.9786e-18 0.00565443 0.00275 6.443e-18 0.00575 0.00271925 0.000410059 0.00575 0.00247988 0.000851343 0.00565443 0.00258618 0.000431557 0.00565443 0.00262794 0.000810011 0.00575 0.0015693 0.00170472 0.00510565 0.00126731 0.00193976 0.00510565 0.00125993 0.00192847 0.00494643 0.00191183 0.00148804 0.00540606 0.00198215 0.00154277 0.00553868 0.00164083 0.00178242 0.00540606 0.000946853 0.00215861 0.00526032 0.000568805 0.00224616 0.00510565 0.000565493 0.00223308 0.00494643 0.000930752 0.0021219 0.00510565 0.000207422 0.00250321 0.00553868 -0.000200063 0.0024144 0.00540606 0.000200063 0.0024144 0.00540606 0.000190227 0.0022957 0.00494643 0.000191341 0.00230915 0.00510565 -0.000568805 0.00224616 0.00510565 -0.000925334 0.00210955 0.00494643 -0.000207422 0.00250321 0.00553868 -0.000594731 0.00234854 0.00540606 -0.00182849 0.00142317 0.00510565 -0.00203779 0.0011028 0.00510565 -0.00202593 0.00109638 0.00494643 0.00156017 0.00169479 0.00494643 -0.00230357 5.11496e-19 0.00494643 -0.00227215 0.000379155 0.00494643 -0.00228546 0.000381376 0.00510565 -0.00213068 0.00115306 0.00540606 -0.00207304 0.00112188 0.00526032 -0.00191183 0.00148804 0.00540606 -0.00232499 0.000387973 0.00526032 -0.00231706 -5.71242e-18 0.00510565 -0.00219152 0.000752348 0.00510565 -0.00217876 0.000747968 0.00494643 -0.00242267 -5.9728e-18 0.00540606 -0.00235714 -5.81124e-18 0.00526032 -0.00238963 0.000398759 0.00540606 -0.00247753 0.000413426 0.00553868 -0.00258618 0.000431557 0.00565443 -0.00251179 -6.1925e-18 0.00553868 -0.00275 -2.44249e-18 0.00575 -0.00262194 -6.46407e-18 0.00565443 -0.00271925 0.000410059 0.00575 -0.00229141 0.000786641 0.00540606 -0.00222942 0.000765363 0.00526032 -0.00164083 0.00178242 0.00540606 -0.00186012 0.00144779 0.00526032 -0.00198215 0.00154277 0.00553868 -0.0015693 0.00170472 0.00510565 -0.00181784 0.00141488 0.00494643 -0.00170119 0.00184798 0.00553868 -0.00132508 0.00202818 0.00540606 -0.00137382 0.00210278 0.00553868 -0.000616607 0.00243493 0.00553868 -0.000973177 0.00221862 0.00540606 -0.00100897 0.00230023 0.00553868 -0.000191341 0.00230915 0.00510565 -0.000190227 0.0022957 0.00494643 -0.000565493 0.00223308 0.00494643 0.000594731 0.00234854 0.00540606 0.000578644 0.00228501 0.00526032 0.00128923 0.00197332 0.00526032 0.00231706 3.88519e-18 0.00510565 0.00235714 3.9524e-18 0.00526032 0.00228546 0.000381376 0.00510565 0.00247792 0.0011925 0.00575 0.00230593 0.00124791 0.00565443 0.00202593 0.00109638 0.00494643 0.00203779 0.0011028 0.00510565 0.00181784 0.00141488 0.00494643 0.00182849 0.00142317 0.00510565 0.00170119 0.00184798 0.00553868 0.00219152 0.000752348 0.00510565 0.00222942 0.000765363 0.00526032 0.00238963 0.000398759 0.00540606 0.00230357 3.35108e-18 0.00494643 0.00227215 0.000379155 0.00494643 0.00217876 0.000747968 0.00494643 -0.00247988 0.000851343 0.00565443 -0.00237569 0.000815576 0.00553868 -0.0026277 0.000810937 0.00575 -0.00156017 0.00169479 0.00494643 -0.00230593 0.00124791 0.00565443 -0.00220905 0.00119548 0.00553868 -0.00247741 0.00119366 0.00575 -0.00227175 0.00154967 0.00575 -0.00206908 0.00161043 0.00565443 -0.00159645 0.00173421 0.00526032 -0.00201534 0.001871 0.00575 -0.00177579 0.00192903 0.00565443 -0.00128923 0.00197332 0.00526032 -0.00171394 0.00215049 0.00575 -0.00143407 0.002195 0.00565443 -0.000946853 0.00215861 0.00526032 -0.00137431 0.0023819 0.00575 -0.00105322 0.0024011 0.00565443 -0.000578644 0.00228501 0.00526032 -0.00100405 0.00256009 0.00575 -0.000643649 0.00254171 0.00565443 -0.000216518 0.00261299 0.00565443 -0.000194651 0.00234909 0.00526032 -0.000611466 0.00268111 0.00575 0.000216518 0.00261299 0.00565443 0.000194651 0.00234909 0.00526032 0.000205606 0.0027423 0.00575 -0.000205325 0.0027423 0.00575 0.000643649 0.00254171 0.00565443 0.000616607 0.00243493 0.00553868 0.000612214 0.00268098 0.00575 0.000925334 0.00210955 0.00494643 0.00105322 0.0024011 0.00565443 0.00100897 0.00230023 0.00553868 0.00100512 0.00255972 0.00575 0.00143407 0.002195 0.00565443 0.00137552 0.00238124 0.00575 0.00159645 0.00173421 0.00526032 0.00171514 0.00214956 0.00575 0.00177579 0.00192903 0.00565443 0.00186012 0.00144779 0.00526032 0.00201639 0.00186987 0.00575 0.00206908 0.00161043 0.00565443 0.00207304 0.00112188 0.00526032 0.00227255 0.00154845 0.00575 0.00232499 0.000387973 0.00526032 0.00247753 0.000413426 0.00553868 0.00242267 4.60022e-18 0.00540606 0.00251179 4.76943e-18 0.00553868 -0.00275 -2.44249e-18 0.00575 -0.00296942 -0.000427243 0.006 -0.00271925 -0.000410059 0.00575 -0.0027292 -0.00124543 0.006 -0.00262794 -0.000810011 0.00575 -0.00287863 -0.000844439 0.006 -0.00196488 -0.00226698 0.006 -0.00201639 -0.00186987 0.00575 -0.00226765 -0.00196408 0.006 -0.00252416 -0.00162121 0.006 -0.00227255 -0.00154845 0.00575 -0.00247792 -0.0011925 0.00575 -0.00124655 -0.00272871 0.006 -0.00084585 -0.00287822 0.006 -0.00100512 -0.00255972 0.00575 -0.00171514 -0.00214956 0.00575 -0.00162201 -0.0025237 0.006 -0.00137552 -0.00238124 0.00575 0.000205325 -0.0027423 0.00575 -8.44706e-07 -0.00299995 0.006 0.000426236 -0.00296953 0.006 -0.000205606 -0.0027423 0.00575 -0.000612214 -0.00268098 0.00575 -0.000427778 -0.00296928 0.006 0.00162175 -0.00252384 0.006 0.00137431 -0.0023819 0.00575 0.00124606 -0.00272898 0.006 0.000844727 -0.0028786 0.006 0.00100405 -0.00256009 0.00575 0.000611466 -0.00268111 0.00575 0.00226666 -0.00196516 0.006 0.00227175 -0.00154967 0.00575 0.00201534 -0.001871 0.00575 0.00196408 -0.0022676 0.006 0.00247741 -0.00119366 0.00575 0.00252325 -0.00162262 0.006 0.00272854 -0.00124693 0.006 0.0026277 -0.000810937 0.00575 0.0028783 -0.000845739 0.006 0.00271925 -0.000410059 0.00575 0.00275 6.443e-18 0.00575 0.00296942 -0.000427243 0.006 0.003 -7.34788e-19 0.006 0.00171394 -0.00215049 0.00575 -0.003 3.67394e-19 0.006 0.00296942 -0.000427243 0.02 0.003 3.67394e-19 0.02 0.003 -7.34788e-19 0.006 0.00252416 -0.00162121 0.02 0.0027292 -0.00124543 0.02 0.00272854 -0.00124693 0.006 0.00287863 -0.000844439 0.02 0.00296942 -0.000427243 0.006 0.0028783 -0.000845739 0.006 0.00196408 -0.0022676 0.006 0.00162201 -0.0025237 0.02 0.00196488 -0.00226698 0.02 0.00252325 -0.00162262 0.006 0.00226666 -0.00196516 0.006 0.00226765 -0.00196408 0.02 0.00084585 -0.00287822 0.02 0.000844727 -0.0028786 0.006 0.000427778 -0.00296928 0.02 0.00124655 -0.00272871 0.02 0.00162175 -0.00252384 0.006 0.00124606 -0.00272898 0.006 -0.000844727 -0.0028786 0.02 -0.000426236 -0.00296953 0.02 -0.000427778 -0.00296928 0.006 -8.44706e-07 -0.00299995 0.006 8.44706e-07 -0.00299995 0.02 0.000426236 -0.00296953 0.006 -0.00162201 -0.0025237 0.006 -0.00196408 -0.0022676 0.02 -0.00162175 -0.00252384 0.02 -0.00084585 -0.00287822 0.006 -0.00124655 -0.00272871 0.006 -0.00124606 -0.00272898 0.02 -0.00226765 -0.00196408 0.006 -0.00252325 -0.00162262 0.02 -0.00226666 -0.00196516 0.02 -0.00196488 -0.00226698 0.006 -0.00272854 -0.00124693 0.02 -0.00252416 -0.00162121 0.006 -0.0027292 -0.00124543 0.006 -0.0028783 -0.000845739 0.02 -0.00287863 -0.000844439 0.006 -0.00296942 -0.000427243 0.02 -0.003 -7.34788e-19 0.02 -0.00296942 -0.000427243 0.006 -0.003 3.67394e-19 0.006 -0.00116398 0.000905964 0.02 -0.00129722 0.000702022 0.02 -0.00252416 0.00162121 0.02 -0.00145488 0.000242777 0.02 -0.00296942 0.000427243 0.02 -0.00287863 0.000844439 0.02 -0.00099899 -0.00108519 0.02 -0.00196408 -0.0022676 0.02 -0.00226666 -0.00196516 0.02 -0.0027292 0.00124543 0.02 -0.00139508 0.000478932 0.02 -0.00272854 -0.00124693 0.02 -0.00139508 -0.000478932 0.02 -0.00129722 -0.000702022 0.02 -0.00145488 -0.000242777 0.02 -0.0028783 -0.000845739 0.02 -0.00296942 -0.000427243 0.02 -0.001475 6.21277e-19 0.02 -0.00252325 -0.00162262 0.02 -0.00116398 -0.000905964 0.02 -0.003 -7.34788e-19 0.02 -0.00162175 -0.00252384 0.02 -0.000806749 -0.00123482 0.02 -0.00124606 -0.00272898 0.02 -0.000592501 -0.00135077 0.02 -0.000121805 -0.00146996 0.02 -0.000426236 -0.00296953 0.02 -0.000362091 -0.00142987 0.02 -0.000844727 -0.0028786 0.02 8.44706e-07 -0.00299995 0.02 0.000121805 -0.00146996 0.02 -0.00226765 0.00196408 0.02 -0.00099899 0.00108519 0.02 0.00084585 -0.00287822 0.02 0.000427778 -0.00296928 0.02 0.000362091 -0.00142987 0.02 -0.000806749 0.00123482 0.02 -0.00196488 0.00226698 0.02 0.00124655 -0.00272871 0.02 0.000592501 -0.00135077 0.02 0.00162201 -0.0025237 0.02 -0.00162201 0.0025237 0.02 -0.000592501 0.00135077 0.02 -0.00084585 0.00287822 0.02 -0.00124655 0.00272871 0.02 -0.000427778 0.00296928 0.02 -0.000362091 0.00142987 0.02 0.00196488 -0.00226698 0.02 0.000806749 -0.00123482 0.02 0.00099899 -0.00108519 0.02 -0.000121805 0.00146996 0.02 -8.44706e-07 0.00299995 0.02 0.000121805 0.00146996 0.02 0.00139508 -0.000478932 0.02 0.00145488 -0.000242777 0.02 0.00287863 -0.000844439 0.02 0.00296942 -0.000427243 0.02 0.001475 -1.4688e-19 0.02 0.003 3.67394e-19 0.02 0.000426236 0.00296953 0.02 0.000362091 0.00142987 0.02 0.00124606 0.00272898 0.02 0.000806749 0.00123482 0.02 0.000592501 0.00135077 0.02 0.000844727 0.0028786 0.02 0.00116398 0.000905964 0.02 0.00099899 0.00108519 0.02 0.00226666 0.00196516 0.02 0.00296942 0.000427243 0.02 0.00145488 0.000242777 0.02 0.0028783 0.000845739 0.02 0.00129722 0.000702022 0.02 0.00252325 0.00162262 0.02 0.00272854 0.00124693 0.02 0.00139508 0.000478932 0.02 0.00196408 0.0022676 0.02 0.00162175 0.00252384 0.02 0.00129722 -0.000702022 0.02 0.0027292 -0.00124543 0.02 0.00252416 -0.00162121 0.02 0.00116398 -0.000905964 0.02 0.00226765 -0.00196408 0.02 -0.000866025 0.0015 0 -0.00173205 0 0.002 -0.000866025 0.0015 0.002 -0.00173205 6.43392e-19 0 -0.000866025 0.0015 0 0.000866025 0.0015 0.002 0.000866025 0.0015 0 -0.000866025 0.0015 0.002 0.000866025 0.0015 0.002 0.00173205 -5.17218e-18 0.002 0.00173205 -2.22045e-18 0 0.000866025 0.0015 0 0.00173205 -5.17218e-18 0.002 0.000866025 -0.0015 0.002 0.000866025 -0.0015 0 0.00173205 -2.22045e-18 0 0.000866025 -0.0015 0 -0.000866025 -0.0015 0.002 -0.000866025 -0.0015 0 0.000866025 -0.0015 0.002 -0.000866025 -0.0015 0 -0.00173205 0 0.002 -0.00173205 6.43392e-19 0 -0.000866025 -0.0015 0.002 -0.00446943 -0.000523322 0.0005 -0.00396835 -0.000502005 0 -0.004 1.37804e-18 8.88178e-19 -0.00350528 -0.00192691 0 -0.00371937 -0.00147177 0 -0.00402168 -0.00201873 0.0005 -0.00387454 -0.000993638 0 -0.00437891 -0.00103664 0.0005 -0.00422874 -0.00153874 0.0005 -0.00308838 -0.00327284 0.0005 -0.00255034 -0.00308148 0 -0.00291661 -0.00273729 0 -0.00376033 -0.00247168 0.0005 -0.00344764 -0.00289198 0.0005 -0.00323651 -0.00235039 0 -0.00170375 -0.00361892 0 -0.00178247 -0.00413192 0.0005 -0.00123714 -0.00380379 0 -0.00214351 -0.00337718 0 -0.00268818 -0.00360871 0.0005 -0.00225085 -0.00389658 0.0005 0.000260862 -0.00449235 0.0005 0.000250565 -0.00399208 0 -0.000262141 -0.00449235 0.0005 -0.000782593 -0.00443136 0.0005 -0.000251517 -0.00399208 0 -0.000750443 -0.00392893 0 0.00178213 -0.00413204 0.0005 0.00170269 -0.0036195 0 0.00123509 -0.00380449 0 0.000780124 -0.00443177 0.0005 0.00128982 -0.00431116 0.0005 0.000748395 -0.00392927 0 0.00254879 -0.00308268 0 0.0030879 -0.00327335 0.0005 0.0029151 -0.00273893 0 0.00214292 -0.0033775 0 0.00224887 -0.00389765 0.0005 0.00268632 -0.00361016 0.0005 0.00344646 -0.00289327 0.0005 0.00375895 -0.00247379 0.0005 0.00323572 -0.0023516 0 0.00402106 -0.00202013 0.0005 0.00350509 -0.0019272 0 0.00371864 -0.00147343 0 0.00422834 -0.00153966 0.0005 0.00437831 -0.00103901 0.0005 0.00387399 -0.000995818 0 0.00446943 -0.000523322 0.0005 0.00396835 -0.000502005 0 0.004 -1.8679e-18 8.88178e-19 0.0045 -2.10138e-18 0.0005 -0.00129166 -0.00431053 0.0005 -0.0045 -4.4811e-19 0.0005 -0.00123509 0.00380449 8.88178e-19 -0.00170269 0.0036195 8.88178e-19 -0.000866025 0.0015 0 0.00123714 0.00380379 8.88178e-19 0.000866025 0.0015 0 0.00170375 0.00361892 8.88178e-19 0.00214351 0.00337718 8.88178e-19 0.00255034 0.00308148 8.88178e-19 0.000750443 0.00392893 8.88178e-19 0.00291661 0.00273729 8.88178e-19 0.000251517 0.00399208 8.88178e-19 -0.000250565 0.00399208 8.88178e-19 0.00323651 0.00235039 8.88178e-19 -0.00350528 -0.00192691 0 -0.00323651 -0.00235039 0 -0.000866025 -0.0015 0 0.00371937 0.00147177 8.88178e-19 0.00350528 0.00192691 8.88178e-19 0.00173205 -2.22045e-18 0 -0.000748395 0.00392927 8.88178e-19 0.00387454 0.000993638 8.88178e-19 -0.0029151 0.00273893 8.88178e-19 -0.00323572 0.0023516 8.88178e-19 0.004 -1.8679e-18 8.88178e-19 0.00396835 0.000502005 8.88178e-19 0.00350509 -0.0019272 0 0.00371864 -0.00147343 0 0.000866025 -0.0015 0 0.00254879 -0.00308268 0 0.0029151 -0.00273893 0 -0.00371864 0.00147343 8.88178e-19 -0.00387399 0.000995818 8.88178e-19 -0.00173205 6.43392e-19 0 0.00123509 -0.00380449 0 0.00170269 -0.0036195 0 -0.00396835 -0.000502005 0 -0.00387454 -0.000993638 0 -0.00291661 -0.00273729 0 -0.00123714 -0.00380379 0 -0.00170375 -0.00361892 0 -0.00214351 -0.00337718 0 -0.00255034 -0.00308148 0 -0.000750443 -0.00392893 0 -0.000251517 -0.00399208 0 0.000250565 -0.00399208 0 0.000748395 -0.00392927 0 -0.00371937 -0.00147177 0 0.00214292 -0.0033775 0 -0.00396835 0.000502005 8.88178e-19 -0.004 1.37804e-18 8.88178e-19 0.00323572 -0.0023516 0 -0.00350509 0.0019272 8.88178e-19 0.00396835 -0.000502005 0 0.00387399 -0.000995818 0 -0.00214292 0.0033775 8.88178e-19 -0.00254879 0.00308268 8.88178e-19 -0.00178213 -0.00413204 0.004 -0.00224887 -0.00389765 0.004 -0.00149447 -0.00288596 0.004 0.00402106 0.00202013 0.004 0.00422834 0.00153966 0.004 0.00298051 0.00129563 0.004 0.000262141 -0.00449235 0.004 -0.000221417 -0.00324241 0.004 0.000221998 -0.00324241 0.004 -0.00108745 -0.0030626 0.004 -0.00128982 -0.00431116 0.004 -0.000660418 -0.00318212 0.004 -0.000780124 -0.00443177 0.004 -0.000260862 -0.00449235 0.004 -0.00268632 -0.00361016 0.004 -0.00221822 -0.00237529 0.004 -0.00187379 -0.00265543 0.004 0.00066181 -0.00318188 0.004 0.000782593 -0.00443136 0.004 0.00129166 -0.00431053 0.004 0.00108915 -0.00306202 0.004 0.00149601 -0.00288513 0.004 0.00178247 -0.00413192 0.004 -0.00344646 -0.00289327 0.004 -0.00252069 -0.0020514 0.004 0.00225085 -0.00389658 0.004 -0.00277634 -0.00168936 0.004 -0.00375895 -0.00247379 0.004 0.00268818 -0.00360871 0.004 0.00187477 -0.00265467 0.004 -0.00402106 -0.00202013 0.004 -0.00422834 -0.00153966 0.004 -0.00298051 -0.00129563 0.004 0.00308838 -0.00327284 0.004 0.00221843 -0.00237506 0.004 -0.00321966 -0.000442949 0.004 -0.00312925 -0.00087755 0.004 -0.00437831 -0.00103901 0.004 0.00402168 -0.00201873 0.004 0.00298125 -0.00129396 0.004 0.00422874 -0.00153874 0.004 -0.0045 5.51091e-19 0.004 -0.00446943 0.000523322 0.004 -0.00325 0 0.004 0.00446943 -0.000523322 0.004 0.00325 3.9801e-19 0.004 0.0045 0 0.004 -0.00437891 0.00103664 0.004 -0.00422874 0.00153874 0.004 -0.00312966 0.00087594 0.004 0.00312925 0.00087755 0.004 -0.00277719 0.00168806 0.004 -0.00298125 0.00129396 0.004 -0.00402168 0.00201873 0.004 0.00252069 0.0020514 0.004 0.00344646 0.00289327 0.004 0.00375895 0.00247379 0.004 -0.00268818 0.00360871 0.004 -0.00221843 0.00237506 0.004 -0.00308838 0.00327284 0.004 0.00149447 0.00288596 0.004 0.00224887 0.00389765 0.004 0.00187379 0.00265543 0.004 -0.00178247 0.00413192 0.004 -0.00108915 0.00306202 0.004 -0.00149601 0.00288513 0.004 0.00128982 0.00431116 0.004 0.00178213 0.00413204 0.004 0.00108745 0.0030626 0.004 0.000780124 0.00443177 0.004 0.000221417 0.00324241 0.004 0.000260862 0.00449235 0.004 -0.000221998 0.00324241 0.004 -0.000262141 0.00449235 0.004 -0.00066181 0.00318188 0.004 -0.000782593 0.00443136 0.004 0.000660418 0.00318212 0.004 0.00268632 0.00361016 0.004 0.00221822 0.00237529 0.004 -0.00129166 0.00431053 0.004 -0.00225085 0.00389658 0.004 0.0030879 0.00327335 0.004 0.00277634 0.00168936 0.004 -0.00187477 0.00265467 0.004 -0.00344764 0.00289198 0.004 -0.00252126 0.00205079 0.004 0.00321966 0.000442949 0.004 0.00437831 0.00103901 0.004 -0.00376033 0.00247168 0.004 0.00446943 0.000523322 0.004 0.00437891 -0.00103664 0.004 0.00321966 -0.000442949 0.004 -0.00321966 0.000442949 0.004 0.00252126 -0.00205079 0.004 0.00344764 -0.00289198 0.004 0.00277719 -0.00168806 0.004 -0.00446943 -0.000523322 0.004 0.00376033 -0.00247168 0.004 0.00312966 -0.00087594 0.004 -0.0030879 -0.00327335 0.004 0.00446943 -0.000523322 0.004 0.0045 0 0.004 0.0045 -2.10138e-18 0.0005 0.00402168 -0.00201873 0.004 0.00422874 -0.00153874 0.004 0.00422834 -0.00153966 0.0005 0.00437891 -0.00103664 0.004 0.00446943 -0.000523322 0.0005 0.00437831 -0.00103901 0.0005 0.00344646 -0.00289327 0.0005 0.00308838 -0.00327284 0.004 0.00344764 -0.00289198 0.004 0.00402106 -0.00202013 0.0005 0.00375895 -0.00247379 0.0005 0.00376033 -0.00247168 0.004 0.00225085 -0.00389658 0.004 0.00224887 -0.00389765 0.0005 0.00178247 -0.00413192 0.004 0.00268818 -0.00360871 0.004 0.0030879 -0.00327335 0.0005 0.00268632 -0.00361016 0.0005 0.000262141 -0.00449235 0.004 0.000782593 -0.00443136 0.004 0.000780124 -0.00443177 0.0005 0.00128982 -0.00431116 0.0005 0.00129166 -0.00431053 0.004 0.00178213 -0.00413204 0.0005 -0.000782593 -0.00443136 0.0005 -0.00128982 -0.00431116 0.004 -0.000780124 -0.00443177 0.004 0.000260862 -0.00449235 0.0005 -0.000262141 -0.00449235 0.0005 -0.000260862 -0.00449235 0.004 -0.00224887 -0.00389765 0.004 -0.00225085 -0.00389658 0.0005 -0.00268632 -0.00361016 0.004 -0.00178213 -0.00413204 0.004 -0.00129166 -0.00431053 0.0005 -0.00178247 -0.00413192 0.0005 -0.00344646 -0.00289327 0.004 -0.00308838 -0.00327284 0.0005 -0.00344764 -0.00289198 0.0005 -0.0030879 -0.00327335 0.004 -0.00268818 -0.00360871 0.0005 -0.00376033 -0.00247168 0.0005 -0.00375895 -0.00247379 0.004 -0.00402168 -0.00201873 0.0005 -0.00402106 -0.00202013 0.004 -0.00422834 -0.00153966 0.004 -0.00422874 -0.00153874 0.0005 -0.00437891 -0.00103664 0.0005 -0.00437831 -0.00103901 0.004 -0.00446943 -0.000523322 0.0005 -0.00446943 -0.000523322 0.004 -0.0045 5.51091e-19 0.004 -0.0045 -4.4811e-19 0.0005 0.001475 0 0.027 0.00187505 -0.000307477 0.0265747 0.00145488 -0.000242777 0.027 0.00171194 -0.000876343 0.026552 0.00139508 -0.000478932 0.027 0.00181393 -0.000603833 0.026563 0.00117176 -0.0015637 0.026521 0.00099899 -0.00108519 0.027 0.00136698 -0.0013835 0.0265301 0.00156423 -0.00113761 0.026541 0.00116398 -0.000905964 0.027 0.00129722 -0.000702022 0.027 0.000362091 -0.00142987 0.027 0.000319848 -0.00196288 0.026486 0.000121805 -0.00146996 0.027 0.000592501 -0.00135077 0.027 0.000910777 -0.00174161 0.0265096 0.000613049 -0.0018801 0.0264974 -0.000592501 -0.00135077 0.027 -0.000362091 -0.00142987 0.027 -0.000604141 -0.00190657 0.026475 -0.000296646 -0.00197788 0.026475 -0.000121805 -0.00146996 0.027 1.8238e-05 -0.00199992 0.026475 -0.00140775 -0.00142065 0.026475 -0.00116398 -0.000905964 0.027 -0.00099899 -0.00108519 0.027 -0.000806749 -0.00123482 0.027 -0.0011667 -0.00162444 0.026475 -0.00129722 -0.000702022 0.027 -0.00161374 -0.00118146 0.026475 -0.00177952 -0.000912853 0.026475 -0.00139508 -0.000478932 0.027 -0.00190098 -0.000621502 0.026475 -0.00145488 -0.000242777 0.027 -0.001475 1.80635e-19 0.027 -0.00197509 -0.00031467 0.026475 -0.002 1.19446e-17 0.026475 -0.000896587 -0.00178777 0.026475 0.000806749 -0.00123482 0.027 0.0018884 -6.82972e-17 0.0265866 -0.00197524 0.000313713 0.021383 -0.00197275 0.000328961 0.0215572 -0.002 0 0.021576 -0.00157815 0.00122755 0.0215007 -0.00175883 0.000951371 0.0215189 -0.00161617 0.00117814 0.0213289 -0.00189172 0.000649106 0.021538 -0.00190078 0.000622119 0.0213645 -0.00177912 0.000913642 0.0213462 -0.000929907 0.00177067 0.0212798 -0.000803711 0.00183137 0.0214466 -0.00109413 0.00167427 0.0214649 -0.00142032 0.00140808 0.0213129 -0.00119257 0.00160555 0.0212971 -0.0013548 0.00147127 0.0214829 -0.00033197 0.00197226 0.0212431 -1.8238e-05 0.00199992 0.021225 -0.000165548 0.00199312 0.0214088 -0.000491188 0.00193873 0.0214279 -0.000639704 0.00189494 0.0212616 0.00049063 0.00193885 0.0213717 0.000604141 0.00190657 0.021225 0.000802489 0.00183072 0.0213549 0.00016472 0.00199334 0.0213896 0.000296646 0.00197788 0.021225 0.00109155 0.00167165 0.0213364 0.0011667 0.00162444 0.021225 0.0013527 0.00147026 0.0213173 0.000896587 0.00178777 0.021225 0.00140775 0.00142065 0.021225 0.00161374 0.00118146 0.021225 0.00157887 0.00122933 0.0212982 0.00177952 0.000912853 0.021225 0.00189154 0.000649519 0.0212612 0.00176051 0.000952464 0.0212793 0.00197262 0.000329407 0.0212435 0.00190098 0.000621502 0.021225 0.00197509 0.00031467 0.021225 0.00199994 -5.64155e-10 0.021226 -0.002 -4.57638e-09 0.021401 0.00197762 -0.000298217 0.0217337 0.0019719 -0.000334011 0.0219068 0.00199998 3.47627e-09 0.021926 0.00156805 -0.00124144 0.0218496 0.00175036 -0.000967575 0.0218677 0.0016523 -0.00112647 0.0216824 0.00188754 -0.000661159 0.0218871 0.00191115 -0.000589652 0.0217164 0.00180184 -0.000867775 0.0216991 0.00100043 -0.00173254 0.0216344 0.000730871 -0.00186292 0.0216172 0.000800884 -0.00183263 0.0217966 0.00146597 -0.00136029 0.0216664 0.00124754 -0.00156417 0.0216508 0.00135055 -0.00147512 0.021833 -0.000183107 -0.00199159 0.0217388 0.00014903 -0.00199321 0.0215825 -0.000149722 -0.00199431 0.0215661 0.000148607 -0.00199446 0.0217574 0.000481333 -0.00194121 0.021777 0.000443125 -0.00194251 0.0215999 -0.00109477 -0.00167376 0.0216864 -0.000803842 -0.00183134 0.0217049 -0.00100021 -0.0017319 0.0215174 -0.000730847 -0.00186167 0.021534 -0.000500548 -0.00193634 0.0217217 -0.000445207 -0.00194982 0.0215503 -0.00165081 -0.00112516 0.0214658 -0.00158729 -0.00121676 0.0216472 -0.00146634 -0.00136027 0.0214831 -0.00124733 -0.00156355 0.0215005 -0.00135996 -0.00146645 0.0216669 -0.00176763 -0.000935664 0.0216282 -0.00180126 -0.000867174 0.021449 -0.00191103 -0.000589218 0.0214333 -0.0018961 -0.000636239 0.0216105 -0.00197768 -0.000297928 0.0214175 -0.00197311 -0.000326877 0.021594 -0.002 0 0.021576 -0.002 -4.57638e-09 0.021401 0.00109409 -0.00167419 0.0218155 0.00199999 -2.01499e-09 0.021751 0.00197768 -0.000297902 0.022609 0.002 -1.89735e-09 0.022626 0.002 1.81029e-09 0.022451 0.00165268 -0.0011264 0.0225578 0.00180199 -0.000867641 0.0225749 0.00175037 -0.000967583 0.0223927 0.00191121 -0.000589254 0.022592 0.00197191 -0.000334015 0.0224318 0.00188755 -0.000661165 0.0224121 0.00109409 -0.0016742 0.0223405 0.00100053 -0.00173197 0.0225091 0.00124719 -0.00156349 0.0225247 0.00156806 -0.00124145 0.0223746 0.00135055 -0.00147513 0.022358 0.00146646 -0.00136014 0.0225409 0.00044376 -0.00194562 0.0224748 0.000148607 -0.00199447 0.0222824 0.000149196 -0.00199176 0.0224575 0.000729093 -0.00185594 0.0224924 0.000800887 -0.00183264 0.0223216 0.000481334 -0.00194122 0.022302 -0.000730562 -0.00186176 0.022409 -0.000445057 -0.00194985 0.0224245 -0.000500551 -0.00193635 0.0222467 -0.000183109 -0.0019916 0.0222638 -0.000149354 -0.00199556 0.0224406 -0.00135997 -0.00146646 0.0221919 -0.00124539 -0.00156191 0.0223755 -0.00109477 -0.00167376 0.0222114 -0.000803845 -0.00183135 0.0222299 -0.000998896 -0.00173066 0.0223927 -0.00165233 -0.00112665 0.0223411 -0.00146632 -0.00136189 0.0223582 -0.00158729 -0.00121676 0.0221722 -0.00176763 -0.000935664 0.0221532 -0.00180191 -0.000867818 0.0223244 -0.0018961 -0.000636238 0.0221355 -0.00191108 -0.000589695 0.0223079 -0.00197762 -0.000298291 0.0222918 -0.00197311 -0.000326877 0.022119 -0.002 2.99443e-09 0.022101 -0.002 6.48081e-10 0.022276 0.00197762 -0.000298216 0.0231337 0.00197191 -0.00033402 0.0233068 0.002 -1.36175e-09 0.023326 0.00156805 -0.00124146 0.0232496 0.00175036 -0.000967588 0.0232677 0.0016523 -0.00112647 0.0230824 0.00188755 -0.00066117 0.0232871 0.00191115 -0.000589651 0.0231164 0.00180184 -0.000867774 0.0230992 0.00100043 -0.00173254 0.0230344 0.000730871 -0.00186292 0.0230172 0.000800877 -0.00183265 0.0231966 0.00146597 -0.00136028 0.0230664 0.00124754 -0.00156417 0.0230508 0.00135055 -0.00147513 0.023233 -0.000183121 -0.0019916 0.0231388 0.00014903 -0.00199321 0.0229825 -0.000149722 -0.00199431 0.0229661 0.000148595 -0.00199447 0.0231574 0.000481323 -0.00194122 0.023177 0.000443125 -0.00194251 0.0229999 -0.00109479 -0.00167375 0.0230864 -0.000803859 -0.00183134 0.0231049 -0.00100021 -0.0017319 0.0229174 -0.000730847 -0.00186167 0.022934 -0.000500564 -0.00193635 0.0231217 -0.000445207 -0.00194982 0.0229503 -0.00165081 -0.00112516 0.0228658 -0.0015873 -0.00121675 0.0230472 -0.00146634 -0.00136027 0.0228831 -0.00124733 -0.00156355 0.0229005 -0.00135998 -0.00146644 0.0230669 -0.00176764 -0.000935647 0.0230282 -0.00180126 -0.000867174 0.022849 -0.00191103 -0.000589218 0.0228333 -0.00189611 -0.00063622 0.0230105 -0.00197768 -0.000297928 0.0228175 -0.00197311 -0.000326857 0.022994 -0.002 2.49367e-08 0.022976 -0.002 4.94421e-09 0.022801 0.00109409 -0.00167421 0.0232155 0.00199999 -1.34101e-09 0.023151 0.00197465 -0.000317492 0.0238327 0.00197191 -0.00033402 0.0240068 0.002 -3.00731e-09 0.024026 0.00156805 -0.00124145 0.0239496 0.00175036 -0.000967586 0.0239677 0.00160736 -0.00118986 0.0237781 0.00188755 -0.000661169 0.0239871 0.00189837 -0.000629388 0.023814 0.00177384 -0.00092367 0.0237956 0.000906402 -0.00178291 0.0237283 0.000800884 -0.00183264 0.0238966 0.00109409 -0.00167421 0.0239155 0.00140858 -0.00141995 0.0237622 0.00117478 -0.00161882 0.0237459 0.00135055 -0.00147513 0.023933 0.000148604 -0.00199447 0.0238574 -1.8896e-05 -0.00199959 0.0236729 -0.000183111 -0.0019916 0.0238388 0.000481332 -0.00194122 0.023877 0.000610699 -0.00190444 0.0237098 0.000298289 -0.00197744 0.0236911 -0.00109477 -0.00167376 0.0237864 -0.000803846 -0.00183135 0.0238049 -0.000908716 -0.00178178 0.0236235 -0.000623406 -0.00190064 0.0236402 -0.000500552 -0.00193635 0.0238217 -0.000327641 -0.0019729 0.0236561 -0.00162745 -0.0011621 0.0235683 -0.00158729 -0.00121676 0.0237472 -0.00142119 -0.00140699 0.0235869 -0.00117838 -0.00161597 0.0236055 -0.00135997 -0.00146645 0.0237669 -0.00176763 -0.000935664 0.0237282 -0.00179013 -0.000891497 0.0235505 -0.00190605 -0.000606117 0.023534 -0.0018961 -0.000636238 0.0237105 -0.00197564 -0.000310948 0.0235182 -0.00197311 -0.000326877 0.023694 -0.002 2.42166e-09 0.023676 -0.002 2.11899e-09 0.023501 0.002 -6.2668e-10 0.023851 0.00197465 -0.000317492 0.0245328 0.00197191 -0.000334018 0.0247068 0.002 -1.29029e-09 0.024726 0.00156805 -0.00124145 0.0246496 0.00175037 -0.000967584 0.0246677 0.00160736 -0.00118986 0.0244781 0.00188755 -0.000661166 0.0246871 0.00189837 -0.000629388 0.024514 0.00177384 -0.000923669 0.0244956 0.000906403 -0.00178291 0.0244283 0.000800888 -0.00183264 0.0245966 0.00109409 -0.0016742 0.0246155 0.00140858 -0.00141995 0.0244622 0.00117479 -0.00161882 0.0244459 0.00135055 -0.00147513 0.024633 0.000148609 -0.00199447 0.0245574 -1.88948e-05 -0.00199959 0.0243729 -0.000183106 -0.0019916 0.0245388 0.000481336 -0.00194122 0.024577 0.0006107 -0.00190444 0.0244098 0.00029829 -0.00197744 0.0243911 -0.00109477 -0.00167376 0.0244864 -0.000803841 -0.00183135 0.0245049 -0.000908715 -0.00178178 0.0243235 -0.000623405 -0.00190064 0.0243402 -0.000500547 -0.00193635 0.0245217 -0.00032764 -0.0019729 0.0243561 -0.00162745 -0.0011621 0.0242683 -0.00158729 -0.00121677 0.0244472 -0.00142119 -0.00140699 0.0242869 -0.00117838 -0.00161597 0.0243055 -0.00135996 -0.00146646 0.0244669 -0.00176763 -0.00093567 0.0244282 -0.00179013 -0.000891499 0.0242505 -0.00190605 -0.000606118 0.024234 -0.0018961 -0.000636245 0.0244105 -0.00197564 -0.00031095 0.0242182 -0.00197311 -0.000326885 0.024394 -0.002 -5.7064e-09 0.024376 -0.002 3.38845e-10 0.024201 0.002 1.2067e-11 0.024551 0.00197762 -0.000298218 0.0252337 0.00197191 -0.000334019 0.0254068 0.002 -1.64631e-09 0.025426 0.00156805 -0.00124145 0.0253496 0.00175037 -0.000967585 0.0253677 0.0016523 -0.00112647 0.0251824 0.00188755 -0.000661167 0.0253871 0.00191115 -0.000589654 0.0252164 0.00180183 -0.000867777 0.0251991 0.00100042 -0.00173254 0.0251344 0.000730864 -0.00186292 0.0251172 0.000800886 -0.00183264 0.0252966 0.00146596 -0.00136029 0.0251664 0.00124753 -0.00156417 0.0251508 0.00135055 -0.00147513 0.025333 -0.000183109 -0.0019916 0.0252388 0.00014902 -0.00199321 0.0250825 -0.000149733 -0.00199431 0.0250661 0.000148606 -0.00199447 0.0252574 0.000481333 -0.00194122 0.025277 0.000443116 -0.00194251 0.0250999 -0.00109477 -0.00167376 0.0251864 -0.000803845 -0.00183135 0.0252049 -0.00100022 -0.00173189 0.0250174 -0.000730859 -0.00186167 0.025034 -0.000500551 -0.00193635 0.0252217 -0.000445218 -0.00194981 0.0250503 -0.00165081 -0.00112515 0.0249658 -0.00158729 -0.00121676 0.0251472 -0.00146635 -0.00136026 0.0249831 -0.00124734 -0.00156354 0.0250005 -0.00135997 -0.00146646 0.0251669 -0.00176763 -0.000935666 0.0251282 -0.00180127 -0.000867158 0.024949 -0.00191103 -0.0005892 0.0249333 -0.0018961 -0.00063624 0.0251105 -0.00197768 -0.000297908 0.0249175 -0.00197311 -0.000326879 0.025094 -0.002 1.68589e-10 0.025076 -0.002 2.07807e-08 0.024901 0.00109409 -0.0016742 0.0253155 0.00199999 -1.74863e-09 0.025251 0.00197762 -0.000298217 0.0259337 0.00197191 -0.000334019 0.0261068 0.002 -1.5583e-09 0.026126 0.00156805 -0.00124145 0.0260496 0.00175037 -0.000967585 0.0260677 0.0016523 -0.00112647 0.0258824 0.00188755 -0.000661167 0.0260871 0.00191115 -0.000589652 0.0259164 0.00180184 -0.000867775 0.0258991 0.00100043 -0.00173254 0.0258344 0.000730871 -0.00186292 0.0258172 0.000800885 -0.00183264 0.0259966 0.00146597 -0.00136029 0.0258664 0.00124754 -0.00156417 0.0258508 0.00135055 -0.00147513 0.026033 0.000148605 -0.00199447 0.0259574 -0.000149722 -0.00199431 0.0257661 -0.00018311 -0.0019916 0.0259388 0.000481333 -0.00194122 0.025977 0.000443125 -0.00194251 0.0257999 -0.00109477 -0.00167376 0.0258864 -0.000803846 -0.00183135 0.0259049 -0.00100021 -0.0017319 0.0257174 -0.000730847 -0.00186167 0.025734 -0.000500552 -0.00193635 0.0259217 -0.000445207 -0.00194982 0.0257503 -0.00165081 -0.00112516 0.0256658 -0.00158729 -0.00121676 0.0258472 -0.00146634 -0.00136027 0.0256831 -0.00124733 -0.00156355 0.0257005 -0.00135997 -0.00146645 0.0258669 -0.00176763 -0.000935664 0.0258282 -0.00180126 -0.000867174 0.025649 -0.00191103 -0.000589218 0.0256333 -0.0018961 -0.000636239 0.0258105 -0.00197768 -0.000297928 0.0256175 -0.00197311 -0.000326878 0.025794 -0.002 2.1131e-09 0.025776 -0.002 3.72862e-09 0.025601 0.00014903 -0.00199321 0.0257825 0.00109409 -0.0016742 0.0260155 0.00199999 -1.96505e-09 0.025951 -0.00161374 -0.00118146 0.026475 -0.00140775 -0.00142065 0.026475 -0.00140765 -0.00142075 0.026388 -0.00161867 -0.0011747 0.0263692 -0.00177952 -0.000912853 0.026475 -0.00178535 -0.000901408 0.0263511 -0.00190098 -0.000621502 0.026475 -0.00197509 -0.00031467 0.026475 -0.0019039 -0.000612495 0.0263342 -0.00197513 -0.000314397 0.0263184 -0.002 1.19446e-17 0.026475 -0.002 1.89486e-08 0.026301 -0.0011667 -0.00162444 0.026475 -0.00115976 -0.0016294 0.0264068 -0.000896587 -0.00178777 0.026475 -0.000885259 -0.00179341 0.0264249 -0.000296646 -0.00197788 0.026475 1.8238e-05 -0.00199992 0.026475 -0.000296868 -0.00197784 0.0264576 -0.000604141 -0.00190657 0.026475 -0.000595822 -0.00190919 0.0264417 0.000445207 0.00194982 0.0219003 0.000500546 0.00193634 0.0220717 0.000183106 0.00199159 0.0220888 0.000149722 0.00199431 0.0219161 0.000730848 0.00186167 0.021884 0.00124733 0.00156355 0.0218505 0.00146634 0.00136027 0.0218331 0.00135996 0.00146645 0.0220169 0.00109476 0.00167375 0.0220364 0.000803838 0.00183134 0.0220549 0.00100021 0.0017319 0.0218674 0.00158728 0.00121676 0.0219972 0.0016508 0.00112516 0.0218158 0.00180126 0.000867173 0.021799 0.00176762 0.000935662 0.0219782 0.00189609 0.000636239 0.0219605 0.00191103 0.000589216 0.0217833 0.00197309 0.00032688 0.021944 0.00197768 0.000297926 0.0217675 0.00199998 3.47627e-09 0.021926 0.00199999 -2.01499e-09 0.021751 -0.00014903 0.00199321 0.0219325 -0.000443125 0.00194251 0.0219499 -0.000148608 0.00199446 0.0221074 -0.000481334 0.00194121 0.022127 -0.000730871 0.00186292 0.0219672 -0.000800885 0.00183264 0.0221466 -0.00100043 0.00173254 0.0219844 -0.00124754 0.00156417 0.0220008 -0.00109409 0.0016742 0.0221655 -0.00135055 0.00147513 0.022183 -0.00146597 0.00136028 0.0220164 -0.00156805 0.00124145 0.0221996 -0.0016523 0.00112646 0.0220324 -0.00180184 0.000867773 0.0220492 -0.00175037 0.000967583 0.0222177 -0.00188755 0.000661166 0.0222371 -0.00191115 0.00058965 0.0220664 -0.00197191 0.000334017 0.0222568 -0.00197762 0.000298215 0.0220837 -0.002 6.48081e-10 0.022276 -0.002 2.99443e-09 0.022101 0.000445205 0.00194982 0.0226003 0.000500561 0.00193635 0.0227717 0.000183121 0.0019916 0.0227888 0.00014972 0.00199431 0.0226161 0.000730846 0.00186167 0.022584 0.00100021 0.0017319 0.0225674 0.00124733 0.00156355 0.0225505 0.00109478 0.00167376 0.0227364 0.000803853 0.00183134 0.0227549 0.00135997 0.00146645 0.0227169 0.00146634 0.00136027 0.0225331 0.00158729 0.00121676 0.0226972 0.00165081 0.00112516 0.0225158 0.00180126 0.000867176 0.022499 0.00176764 0.000935661 0.0226782 0.0018961 0.000636237 0.0226605 0.00191103 0.00058922 0.0224833 0.00197311 0.000326877 0.022644 0.00197768 0.00029793 0.0224675 0.002 -1.89735e-09 0.022626 0.002 1.81029e-09 0.022451 -0.000149032 0.00199321 0.0226325 -0.000443127 0.00194251 0.0226499 -0.000148593 0.00199447 0.0228074 -0.000481319 0.00194122 0.022827 -0.000730873 0.00186292 0.0226672 -0.000800871 0.00183265 0.0228466 -0.00100043 0.00173254 0.0226844 -0.00124754 0.00156417 0.0227008 -0.00109408 0.00167421 0.0228655 -0.00135054 0.00147514 0.022883 -0.00146597 0.00136028 0.0227164 -0.00156804 0.00124147 0.0228996 -0.0016523 0.00112646 0.0227324 -0.00180184 0.000867773 0.0227492 -0.00175036 0.000967602 0.0229177 -0.00188755 0.000661187 0.0229371 -0.00191115 0.00058965 0.0227664 -0.00197191 0.000334041 0.0229568 -0.00197762 0.000298215 0.0227837 -0.002 2.49367e-08 0.022976 -0.002 4.94421e-09 0.022801 0.000445207 0.00194982 0.0233003 0.000730847 0.00186167 0.023284 0.000500552 0.00193635 0.0234717 0.00018311 0.0019916 0.0234888 0.000803846 0.00183135 0.0234549 0.00100021 0.0017319 0.0232674 0.000149721 0.00199431 0.0233161 0.00124733 0.00156355 0.0232505 0.00135997 0.00146646 0.0234169 0.00109477 0.00167376 0.0234364 0.00146634 0.00136027 0.0232331 0.00158729 0.00121676 0.0233972 0.0016508 0.00112516 0.0232158 0.00180126 0.000867174 0.023199 0.00176763 0.000935665 0.0233782 0.0018961 0.000636239 0.0233605 0.00191103 0.000589217 0.0231833 0.00197311 0.000326878 0.023344 0.00197768 0.000297926 0.0231675 0.002 -1.36175e-09 0.023326 0.00199999 -1.34101e-09 0.023151 -0.000148605 0.00199447 0.0235074 -0.000443125 0.00194251 0.0233499 -0.00014903 0.00199321 0.0233325 -0.000481332 0.00194122 0.023527 -0.000730872 0.00186292 0.0233672 -0.000800885 0.00183264 0.0235466 -0.00100043 0.00173254 0.0233844 -0.00124754 0.00156417 0.0234008 -0.00109409 0.00167421 0.0235655 -0.00135055 0.00147513 0.023583 -0.00146597 0.00136028 0.0234164 -0.00156805 0.00124145 0.0235996 -0.0016523 0.00112646 0.0234324 -0.00180184 0.000867773 0.0234492 -0.00175037 0.000967585 0.0236177 -0.00188755 0.000661168 0.0236371 -0.00191115 0.00058965 0.0234664 -0.00197191 0.000334019 0.0236568 -0.00197762 0.000298215 0.0234837 -0.002 2.42166e-09 0.023676 -0.002 2.11899e-09 0.023501 0.000327641 0.0019729 0.0240061 0.000500549 0.00193635 0.0241717 0.000183107 0.0019916 0.0241888 1.88951e-05 0.00199959 0.0240229 0.000623405 0.00190064 0.0239902 0.000908715 0.00178178 0.0239735 0.00117838 0.00161597 0.0239555 0.00109477 0.00167376 0.0241364 0.00142119 0.00140699 0.0239369 0.00135997 0.00146646 0.0241169 0.000803844 0.00183135 0.0241549 0.00158729 0.00121676 0.0240972 0.00162745 0.0011621 0.0239183 0.00179013 0.000891498 0.0239005 0.00176763 0.000935665 0.0240782 0.00190605 0.000606118 0.023884 0.0018961 0.000636239 0.0240605 0.00197311 0.000326877 0.024044 0.00197564 0.00031095 0.0238682 0.002 -3.00731e-09 0.024026 0.002 -6.2668e-10 0.023851 -0.000148609 0.00199447 0.0242074 -0.000298289 0.00197744 0.0240411 -0.000481336 0.00194121 0.024227 -0.000800889 0.00183264 0.0242466 -0.0006107 0.00190444 0.0240598 -0.0010941 0.0016742 0.0242655 -0.000906402 0.00178291 0.0240783 -0.00117478 0.00161882 0.0240959 -0.00135056 0.00147513 0.024283 -0.00156806 0.00124145 0.0242996 -0.00140858 0.00141995 0.0241122 -0.00175037 0.00096758 0.0243177 -0.00160736 0.00118986 0.0241281 -0.00177384 0.000923669 0.0241456 -0.00188756 0.000661161 0.0243371 -0.00197191 0.000334012 0.0243568 -0.00189837 0.000629388 0.024164 -0.002 -5.7064e-09 0.024376 -0.00197465 0.000317492 0.0241828 -0.002 3.38845e-10 0.024201 0.000327649 0.0019729 0.0247061 0.000500551 0.00193635 0.0248717 0.000183109 0.0019916 0.0248888 1.8905e-05 0.00199959 0.0247229 0.000623412 0.00190064 0.0246902 0.000908721 0.00178178 0.0246735 0.00117838 0.00161596 0.0246555 0.00109477 0.00167376 0.0248364 0.000803845 0.00183135 0.0248549 0.00135997 0.00146646 0.0248169 0.00142119 0.00140698 0.0246369 0.00158729 0.00121676 0.0247972 0.00162745 0.0011621 0.0246183 0.00179013 0.000891496 0.0246005 0.00176763 0.000935665 0.0247782 0.0018961 0.00063624 0.0247605 0.00190605 0.000606117 0.024584 0.00197311 0.000326878 0.024744 0.00197564 0.000310949 0.0245682 0.002 -1.29029e-09 0.024726 0.002 1.2067e-11 0.024551 -0.000148607 0.00199447 0.0249074 -0.000298278 0.00197744 0.0247411 -0.000481334 0.00194122 0.024927 -0.000800886 0.00183264 0.0249466 -0.000610688 0.00190444 0.0247598 -0.00109409 0.0016742 0.0249655 -0.000906391 0.00178292 0.0247783 -0.00117477 0.00161883 0.0247959 -0.00135055 0.00147513 0.024983 -0.00156805 0.00124145 0.0249996 -0.00140857 0.00141996 0.0248122 -0.00175037 0.000967584 0.0250177 -0.00160735 0.00118987 0.0248281 -0.00177383 0.000923685 0.0248456 -0.00188755 0.000661166 0.0250371 -0.00197191 0.000334017 0.0250568 -0.00189836 0.000629406 0.024864 -0.002 1.68589e-10 0.025076 -0.00197465 0.000317512 0.0248828 -0.002 2.07807e-08 0.024901 0.000730848 0.00186167 0.025384 0.000500552 0.00193635 0.0255717 0.000445207 0.00194982 0.0254003 0.00109477 0.00167376 0.0255364 0.000803846 0.00183135 0.0255549 0.00100021 0.0017319 0.0253674 0.00018311 0.0019916 0.0255888 0.00124733 0.00156355 0.0253505 0.00135997 0.00146646 0.0255169 0.00146634 0.00136027 0.0253331 0.000149722 0.00199431 0.0254161 0.00158729 0.00121676 0.0254972 0.0016508 0.00112516 0.0253158 0.0018961 0.000636239 0.0254605 0.00180126 0.000867173 0.025299 0.00191103 0.000589216 0.0252833 0.00176763 0.000935664 0.0254782 0.00197311 0.000326878 0.025444 0.00197768 0.000297926 0.0252675 0.002 -1.64631e-09 0.025426 0.00199999 -1.74863e-09 0.025251 -0.00014903 0.00199321 0.0254325 -0.000443125 0.00194251 0.0254499 -0.000148605 0.00199447 0.0256074 -0.000481332 0.00194122 0.025627 -0.000730872 0.00186292 0.0254672 -0.000800885 0.00183264 0.0256466 -0.00100043 0.00173254 0.0254844 -0.00124754 0.00156417 0.0255008 -0.00109409 0.00167421 0.0256655 -0.00135055 0.00147513 0.025683 -0.00146597 0.00136028 0.0255164 -0.00156805 0.00124145 0.0256996 -0.0016523 0.00112646 0.0255324 -0.00180184 0.000867773 0.0255492 -0.00175037 0.000967585 0.0257177 -0.00188755 0.000661168 0.0257371 -0.00191115 0.00058965 0.0255664 -0.00197191 0.000334019 0.0257568 -0.00197762 0.000298215 0.0255837 -0.002 2.1131e-09 0.025776 -0.002 3.72862e-09 0.025601 0.00100022 0.00173189 0.0260674 0.00124733 0.00156355 0.0260505 0.00106127 0.0016952 0.0262386 -0.00146596 0.00136029 0.0262164 -0.00124753 0.00156418 0.0262008 -0.00141421 0.00141421 0.0263875 -0.00190211 0.000618034 0.026475 -0.00191115 0.000589667 0.0262664 -0.00180183 0.000867788 0.0262492 0.00146634 0.00136026 0.0260331 0.0013352 0.00148904 0.0262188 -0.00178201 0.000907981 0.026475 -0.00165229 0.00112648 0.0262324 -0.00161803 0.00117557 0.026475 -0.00141421 0.00141421 0.026475 0.000762209 0.00184906 0.0262573 0.00157089 0.00123786 0.0261988 0.0016508 0.00112515 0.0260158 0.00180126 0.000867171 0.025999 0.00175834 0.000953023 0.0261793 0.00189202 0.000648288 0.0261612 0.00191103 0.000589214 0.0259833 0.00197205 0.000333196 0.0261444 0.00197768 0.000297925 0.0259675 0.00199999 -1.96505e-09 0.025951 0.002 -1.5583e-09 0.026126 0.000730854 0.00186167 0.026084 0.000445215 0.00194981 0.0261003 0.000451653 0.00194834 0.0262743 0.000149731 0.00199431 0.0261161 0.000124635 0.00199611 0.026292 -0.000214913 0.00198842 0.0263113 -0.00014902 0.00199321 0.0261325 -0.000552601 0.00192214 0.0263313 -0.000443115 0.00194251 0.0261499 -0.000730861 0.00186292 0.0261672 -0.000873447 0.00179919 0.0263512 -0.00116401 0.00162637 0.0263702 -0.00100042 0.00173254 0.0261844 -0.00197762 0.000298233 0.0262837 -0.00197538 0.000312869 0.026475 -0.002 1.19446e-17 0.026475 -0.002 1.89486e-08 0.026301 4.36505e-05 0.00177974 0.0266945 0.00032663 0.00176133 0.0266837 0.000121805 0.00146996 0.027 -0.002 1.19446e-17 0.026475 -0.00197538 0.000312869 0.026475 -0.001475 1.80635e-19 0.027 0.000602932 0.0016976 0.0266733 0.000362091 0.00142987 0.027 0.000592501 0.00135077 0.027 0.000867054 0.00159387 0.0266624 0.00110858 0.00144587 0.0266511 0.000806749 0.00123482 0.027 0.00132443 0.00126218 0.0266396 0.00099899 0.00108519 0.027 0.00116398 0.000905964 0.027 0.00151622 0.00105361 0.0266283 0.00166931 0.000815016 0.0266174 0.00129722 0.000702022 0.027 0.00178337 0.000555529 0.0266071 0.00139508 0.000478932 0.027 0.00145488 0.000242777 0.027 0.00185669 0.000281664 0.0265971 0.001475 0 0.027 0.0018884 -6.82972e-17 0.0265866 -0.000121805 0.00146996 0.027 -0.000238331 0.00175234 0.026706 -0.000362091 0.00142987 0.027 -0.000592501 0.00135077 0.027 -0.000512803 0.00167964 0.026718 -0.000806749 0.00123482 0.027 -0.000772192 0.00156633 0.0267299 -0.00100987 0.00141104 0.0267416 -0.00099899 0.00108519 0.027 -0.00116398 0.000905964 0.027 -0.00121809 0.00121809 0.0267524 -0.00161803 0.00117557 0.026475 -0.00141421 0.00141421 0.026475 -0.00129722 0.000702022 0.027 -0.00178201 0.000907981 0.026475 -0.00139508 0.000478932 0.027 -0.00190211 0.000618034 0.026475 -0.00145488 0.000242777 0.027 0.000260862 0.00449235 0.004 -0.000262141 0.00449235 0.0005 0.000260862 0.00449235 0.0005 0.000780124 0.00443177 0.0005 0.000780124 0.00443177 0.004 0.00128982 0.00431116 0.0005 0.00128982 0.00431116 0.004 0.00178213 0.00413204 0.004 0.00178213 0.00413204 0.0005 0.00224887 0.00389765 0.0005 0.00224887 0.00389765 0.004 0.00268632 0.00361016 0.0005 0.00268632 0.00361016 0.004 0.0030879 0.00327335 0.004 0.0030879 0.00327335 0.0005 0.00344646 0.00289327 0.0005 0.00344646 0.00289327 0.004 0.00375895 0.00247379 0.0005 0.00375895 0.00247379 0.004 0.00402106 0.00202013 0.004 0.00402106 0.00202013 0.0005 0.00422834 0.00153966 0.0005 0.00422834 0.00153966 0.004 0.00437831 0.00103901 0.0005 0.00437831 0.00103901 0.004 0.00446943 0.000523322 0.004 0.00446943 0.000523322 0.0005 0.0045 0 0.004 0.0045 -2.10138e-18 0.0005 -0.000262141 0.00449235 0.004 -0.000782593 0.00443136 0.004 -0.000782593 0.00443136 0.0005 -0.00129166 0.00431053 0.0005 -0.00129166 0.00431053 0.004 -0.00178247 0.00413192 0.004 -0.00178247 0.00413192 0.0005 -0.00225085 0.00389658 0.004 -0.00225085 0.00389658 0.0005 -0.00268818 0.00360871 0.0005 -0.00268818 0.00360871 0.004 -0.00308838 0.00327284 0.004 -0.00308838 0.00327284 0.0005 -0.00344764 0.00289198 0.004 -0.00344764 0.00289198 0.0005 -0.00376033 0.00247168 0.0005 -0.00376033 0.00247168 0.004 -0.00402168 0.00201873 0.004 -0.00402168 0.00201873 0.0005 -0.00422874 0.00153874 0.004 -0.00422874 0.00153874 0.0005 -0.00437891 0.00103664 0.0005 -0.00437891 0.00103664 0.004 -0.00446943 0.000523322 0.004 -0.00446943 0.000523322 0.0005 -0.0045 -4.4811e-19 0.0005 -0.0045 5.51091e-19 0.004 -0.000262141 0.00449235 0.0005 -0.000782593 0.00443136 0.0005 -0.000250565 0.00399208 8.88178e-19 -0.00129166 0.00431053 0.0005 -0.000748395 0.00392927 8.88178e-19 -0.00123509 0.00380449 8.88178e-19 -0.00178247 0.00413192 0.0005 -0.00225085 0.00389658 0.0005 -0.00170269 0.0036195 8.88178e-19 -0.00268818 0.00360871 0.0005 -0.00214292 0.0033775 8.88178e-19 -0.00254879 0.00308268 8.88178e-19 -0.00308838 0.00327284 0.0005 -0.00344764 0.00289198 0.0005 -0.0029151 0.00273893 8.88178e-19 -0.00376033 0.00247168 0.0005 -0.00323572 0.0023516 8.88178e-19 -0.00350509 0.0019272 8.88178e-19 -0.00402168 0.00201873 0.0005 -0.00422874 0.00153874 0.0005 -0.00371864 0.00147343 8.88178e-19 -0.00437891 0.00103664 0.0005 -0.00387399 0.000995818 8.88178e-19 -0.00396835 0.000502005 8.88178e-19 -0.00446943 0.000523322 0.0005 -0.004 1.37804e-18 8.88178e-19 -0.0045 -4.4811e-19 0.0005 0.000260862 0.00449235 0.0005 0.000780124 0.00443177 0.0005 0.000251517 0.00399208 8.88178e-19 0.000750443 0.00392893 8.88178e-19 0.00128982 0.00431116 0.0005 0.00123714 0.00380379 8.88178e-19 0.00178213 0.00413204 0.0005 0.00224887 0.00389765 0.0005 0.00170375 0.00361892 8.88178e-19 0.00214351 0.00337718 8.88178e-19 0.00268632 0.00361016 0.0005 0.00255034 0.00308148 8.88178e-19 0.0030879 0.00327335 0.0005 0.00344646 0.00289327 0.0005 0.00291661 0.00273729 8.88178e-19 0.00323651 0.00235039 8.88178e-19 0.00375895 0.00247379 0.0005 0.00350528 0.00192691 8.88178e-19 0.00402106 0.00202013 0.0005 0.00422834 0.00153966 0.0005 0.00371937 0.00147177 8.88178e-19 0.00387454 0.000993638 8.88178e-19 0.00437831 0.00103901 0.0005 0.00396835 0.000502005 8.88178e-19 0.00446943 0.000523322 0.0005 0.004 -1.8679e-18 8.88178e-19 0.0045 -2.10138e-18 0.0005 0.000426236 0.00296953 0.02 -8.44706e-07 0.00299995 0.02 -8.44706e-07 0.00299995 0.006 0.000426236 0.00296953 0.006 0.000844727 0.0028786 0.02 0.000844727 0.0028786 0.006 0.00124606 0.00272898 0.02 0.00162175 0.00252384 0.02 0.00124606 0.00272898 0.006 0.00162175 0.00252384 0.006 0.00196408 0.0022676 0.02 0.00196408 0.0022676 0.006 0.00226666 0.00196516 0.02 0.00252325 0.00162262 0.02 0.00226666 0.00196516 0.006 0.00252325 0.00162262 0.006 0.00272854 0.00124693 0.02 0.00272854 0.00124693 0.006 0.0028783 0.000845739 0.02 0.00296942 0.000427243 0.02 0.0028783 0.000845739 0.006 0.00296942 0.000427243 0.006 0.003 3.67394e-19 0.02 0.003 -7.34788e-19 0.006 -0.000427778 0.00296928 0.006 -0.000427778 0.00296928 0.02 -0.00084585 0.00287822 0.006 -0.00124655 0.00272871 0.006 -0.00084585 0.00287822 0.02 -0.00124655 0.00272871 0.02 -0.00162201 0.0025237 0.006 -0.00162201 0.0025237 0.02 -0.00196488 0.00226698 0.006 -0.00226765 0.00196408 0.006 -0.00196488 0.00226698 0.02 -0.00226765 0.00196408 0.02 -0.00252416 0.00162121 0.006 -0.00252416 0.00162121 0.02 -0.0027292 0.00124543 0.006 -0.00287863 0.000844439 0.006 -0.0027292 0.00124543 0.02 -0.00287863 0.000844439 0.02 -0.00296942 0.000427243 0.006 -0.00296942 0.000427243 0.02 -0.003 3.67394e-19 0.006 -0.003 -7.34788e-19 0.02 -0.000205325 0.0027423 0.00575 -8.44706e-07 0.00299995 0.006 -0.000427778 0.00296928 0.006 0.003 -7.34788e-19 0.006 0.00296942 0.000427243 0.006 0.00275 6.443e-18 0.00575 -0.00084585 0.00287822 0.006 -0.000611466 0.00268111 0.00575 -0.00124655 0.00272871 0.006 -0.00100405 0.00256009 0.00575 -0.00137431 0.0023819 0.00575 -0.00162201 0.0025237 0.006 -0.00196488 0.00226698 0.006 -0.00171394 0.00215049 0.00575 -0.00226765 0.00196408 0.006 -0.00201534 0.001871 0.00575 -0.00227175 0.00154967 0.00575 -0.00252416 0.00162121 0.006 -0.0027292 0.00124543 0.006 -0.00247741 0.00119366 0.00575 -0.00287863 0.000844439 0.006 -0.0026277 0.000810937 0.00575 -0.00271925 0.000410059 0.00575 -0.00296942 0.000427243 0.006 -0.00275 -2.44249e-18 0.00575 -0.003 3.67394e-19 0.006 0.000205606 0.0027423 0.00575 0.000612214 0.00268098 0.00575 0.000426236 0.00296953 0.006 0.000844727 0.0028786 0.006 0.00100512 0.00255972 0.00575 0.00137552 0.00238124 0.00575 0.00124606 0.00272898 0.006 0.00171514 0.00214956 0.00575 0.00162175 0.00252384 0.006 0.00196408 0.0022676 0.006 0.00201639 0.00186987 0.00575 0.00227255 0.00154845 0.00575 0.00226666 0.00196516 0.006 0.00247792 0.0011925 0.00575 0.00252325 0.00162262 0.006 0.00272854 0.00124693 0.006 0.00262794 0.000810011 0.00575 0.00271925 0.000410059 0.00575 0.0028783 0.000845739 0.006 0.000930752 -0.0021219 0.00510565 0.00126731 -0.00193976 0.00510565 0.00125993 -0.00192847 0.00494643 -0.00229141 -0.000786641 0.00540606 -0.00237569 -0.000815576 0.00553868 -0.00213068 -0.00115306 0.00540606 -0.000973177 -0.00221862 0.00540606 -0.00132508 -0.00202818 0.00540606 -0.00137382 -0.00210278 0.00553868 -0.00220905 -0.00119548 0.00553868 -0.00262194 -6.46407e-18 0.00565443 -0.00275 -2.44249e-18 0.00575 -0.00271925 -0.000410059 0.00575 -0.00247988 -0.000851343 0.00565443 -0.00258618 -0.000431557 0.00565443 -0.00262794 -0.000810011 0.00575 -0.0015693 -0.00170472 0.00510565 -0.00126731 -0.00193976 0.00510565 -0.00125993 -0.00192847 0.00494643 -0.00191183 -0.00148804 0.00540606 -0.00198215 -0.00154277 0.00553868 -0.00164083 -0.00178242 0.00540606 -0.000946853 -0.00215861 0.00526032 -0.000568805 -0.00224616 0.00510565 -0.000565493 -0.00223308 0.00494643 -0.000930752 -0.0021219 0.00510565 -0.000207422 -0.00250321 0.00553868 0.000200063 -0.0024144 0.00540606 -0.000200063 -0.0024144 0.00540606 -0.000190227 -0.0022957 0.00494643 -0.000191341 -0.00230915 0.00510565 0.000568805 -0.00224616 0.00510565 0.000925334 -0.00210955 0.00494643 0.000207422 -0.00250321 0.00553868 0.000594731 -0.00234854 0.00540606 0.00182849 -0.00142317 0.00510565 0.00203779 -0.0011028 0.00510565 0.00202593 -0.00109638 0.00494643 -0.00156017 -0.00169479 0.00494643 0.00230357 3.35108e-18 0.00494643 0.00227215 -0.000379155 0.00494643 0.00228546 -0.000381376 0.00510565 0.00213068 -0.00115306 0.00540606 0.00207304 -0.00112188 0.00526032 0.00191183 -0.00148804 0.00540606 0.00232499 -0.000387973 0.00526032 0.00231706 3.88519e-18 0.00510565 0.00219152 -0.000752348 0.00510565 0.00217876 -0.000747968 0.00494643 0.00242267 4.60022e-18 0.00540606 0.00235714 3.9524e-18 0.00526032 0.00238963 -0.000398759 0.00540606 0.00247753 -0.000413426 0.00553868 0.00258618 -0.000431557 0.00565443 0.00251179 4.76943e-18 0.00553868 0.00275 6.443e-18 0.00575 0.00262194 4.9786e-18 0.00565443 0.00271925 -0.000410059 0.00575 0.00229141 -0.000786641 0.00540606 0.00222942 -0.000765363 0.00526032 0.00164083 -0.00178242 0.00540606 0.00186012 -0.00144779 0.00526032 0.000973177 -0.00221862 0.00540606 0.000616607 -0.00243493 0.00553868 0.00198215 -0.00154277 0.00553868 0.0015693 -0.00170472 0.00510565 0.00181784 -0.00141488 0.00494643 0.00170119 -0.00184798 0.00553868 0.00100897 -0.00230023 0.00553868 0.00132508 -0.00202818 0.00540606 0.00137382 -0.00210278 0.00553868 0.000191341 -0.00230915 0.00510565 0.000190227 -0.0022957 0.00494643 0.000565493 -0.00223308 0.00494643 -0.00128923 -0.00197332 0.00526032 -0.000594731 -0.00234854 0.00540606 -0.000578644 -0.00228501 0.00526032 -0.00247792 -0.0011925 0.00575 -0.00230593 -0.00124791 0.00565443 -0.00181784 -0.00141488 0.00494643 -0.00182849 -0.00142317 0.00510565 -0.00170119 -0.00184798 0.00553868 -0.00238963 -0.000398759 0.00540606 -0.00222942 -0.000765363 0.00526032 -0.00203779 -0.0011028 0.00510565 -0.00219152 -0.000752348 0.00510565 -0.00228546 -0.000381376 0.00510565 -0.00227215 -0.000379155 0.00494643 -0.00231706 -5.71242e-18 0.00510565 -0.00235714 -5.81124e-18 0.00526032 -0.00230357 5.11496e-19 0.00494643 -0.00202593 -0.00109638 0.00494643 0.00247988 -0.000851343 0.00565443 0.00237569 -0.000815576 0.00553868 0.0026277 -0.000810937 0.00575 0.00156017 -0.00169479 0.00494643 0.00230593 -0.00124791 0.00565443 0.00220905 -0.00119548 0.00553868 0.00247741 -0.00119366 0.00575 0.00227175 -0.00154967 0.00575 0.00206908 -0.00161043 0.00565443 0.00159645 -0.00173421 0.00526032 0.00201534 -0.001871 0.00575 0.00177579 -0.00192903 0.00565443 0.00128923 -0.00197332 0.00526032 0.00171394 -0.00215049 0.00575 0.00143407 -0.002195 0.00565443 0.000946853 -0.00215861 0.00526032 0.00137431 -0.0023819 0.00575 0.00105322 -0.0024011 0.00565443 0.000578644 -0.00228501 0.00526032 0.00100405 -0.00256009 0.00575 0.000643649 -0.00254171 0.00565443 0.000216518 -0.00261299 0.00565443 0.000194651 -0.00234909 0.00526032 0.000611466 -0.00268111 0.00575 -0.000216518 -0.00261299 0.00565443 -0.000194651 -0.00234909 0.00526032 -0.000205606 -0.0027423 0.00575 0.000205325 -0.0027423 0.00575 -0.000643649 -0.00254171 0.00565443 -0.000616607 -0.00243493 0.00553868 -0.000612214 -0.00268098 0.00575 -0.000925334 -0.00210955 0.00494643 -0.00105322 -0.0024011 0.00565443 -0.00100897 -0.00230023 0.00553868 -0.00100512 -0.00255972 0.00575 -0.00143407 -0.002195 0.00565443 -0.00137552 -0.00238124 0.00575 -0.00159645 -0.00173421 0.00526032 -0.00171514 -0.00214956 0.00575 -0.00177579 -0.00192903 0.00565443 -0.00217876 -0.000747968 0.00494643 -0.00186012 -0.00144779 0.00526032 -0.00201639 -0.00186987 0.00575 -0.00206908 -0.00161043 0.00565443 -0.00207304 -0.00112188 0.00526032 -0.00227255 -0.00154845 0.00575 -0.00232499 -0.000387973 0.00526032 -0.00247753 -0.000413426 0.00553868 -0.00242267 -5.9728e-18 0.00540606 -0.00251179 -6.1925e-18 0.00553868 -0.00173205 0 0.002 -0.00171267 -0.00025836 0.002 -1.73095e-19 -2.24408e-34 0.00308231 0.00173205 -5.17218e-18 0.002 0.00171267 -0.00025836 0.002 -0.00165521 -0.000510006 0.002 -0.00156074 -0.00075096 0.002 -0.00143136 -0.00097524 0.002 -0.00126995 -0.00117779 0.002 -0.00108008 -0.00135403 0.002 -0.000866025 -0.0015 0.002 -0.000632789 -0.00161232 0.002 -0.000385418 -0.00168862 0.002 -0.000129436 -0.00172721 0.002 0.000385418 -0.00168862 0.002 0.000129436 -0.00172721 0.002 0.000632789 -0.00161232 0.002 0.00108008 -0.00135403 0.002 0.000866025 -0.0015 0.002 0.00143072 -0.00097616 0.002 0.00126928 -0.00117845 0.002 0.00165497 -0.00051091 0.002 0.00156026 -0.000751978 0.002 -0.000121805 0.00146996 0.02 0.000121805 0.00146996 0.02 0.000121805 0.00146996 0.0207 0.000362091 0.00142987 0.02 0.000362091 0.00142987 0.0207 0.000592501 0.00135077 0.0207 0.000592501 0.00135077 0.02 0.000806749 0.00123482 0.02 0.000806749 0.00123482 0.0207 0.00099899 0.00108519 0.02 0.00099899 0.00108519 0.0207 0.00116398 0.000905964 0.0207 0.00116398 0.000905964 0.02 0.00129722 0.000702022 0.02 0.00129722 0.000702022 0.0207 0.00139508 0.000478932 0.02 0.00139508 0.000478932 0.0207 0.00145488 0.000242777 0.0207 0.00145488 0.000242777 0.02 0.001475 -4.41108e-19 0.0207 0.001475 -1.4688e-19 0.02 -0.000121805 0.00146996 0.0207 -0.000362091 0.00142987 0.02 -0.000362091 0.00142987 0.0207 -0.000592501 0.00135077 0.0207 -0.000592501 0.00135077 0.02 -0.000806749 0.00123482 0.0207 -0.000806749 0.00123482 0.02 -0.00099899 0.00108519 0.02 -0.00099899 0.00108519 0.0207 -0.00116398 0.000905964 0.0207 -0.00116398 0.000905964 0.02 -0.00129722 0.000702022 0.0207 -0.00129722 0.000702022 0.02 -0.00139508 0.000478932 0.02 -0.00139508 0.000478932 0.0207 -0.00145488 0.000242777 0.0207 -0.00145488 0.000242777 0.02 -0.001475 6.21277e-19 0.02 -0.001475 2.60472e-19 0.0207 -0.000121805 0.00146996 0.0207 -0.000269831 0.00165572 0.0209032 -0.000362091 0.00142987 0.0207 0.00199994 -5.64155e-10 0.021226 0.00197509 0.00031467 0.021225 0.001475 -4.41108e-19 0.0207 -0.000535851 0.0016016 0.0209152 -0.000592501 0.00135077 0.0207 -0.000806749 0.00123482 0.0207 -0.00078889 0.00150762 0.0209269 -0.00102361 0.00137335 0.0209381 -0.00099899 0.00108519 0.0207 -0.00123376 0.0012033 0.0209484 -0.00116398 0.000905964 0.0207 -0.00129722 0.000702022 0.0207 -0.00141582 0.00100291 0.020959 -0.00156388 0.000776293 0.02097 -0.00139508 0.000478932 0.0207 -0.00167272 0.000528745 0.0209814 -0.00145488 0.000242777 0.0207 -0.001475 2.60472e-19 0.0207 -0.00174325 0.000267719 0.0209927 -0.00177876 -5.8483e-20 0.0210038 -7.31732e-08 0.00166651 0.0208915 -5.83098e-08 0.00199757 0.0212226 0.000121805 0.00146996 0.0207 0.000296646 0.00197788 0.021225 0.000362091 0.00142987 0.0207 0.000592501 0.00135077 0.0207 0.000604141 0.00190657 0.021225 0.000806749 0.00123482 0.0207 0.000896587 0.00178777 0.021225 0.0011667 0.00162444 0.021225 0.00099899 0.00108519 0.0207 0.00116398 0.000905964 0.0207 0.00140775 0.00142065 0.021225 -1.8238e-05 0.00199992 0.021225 0.00129722 0.000702022 0.0207 0.00161374 0.00118146 0.021225 0.00177952 0.000912853 0.021225 0.00139508 0.000478932 0.0207 0.00145488 0.000242777 0.0207 0.00190098 0.000621502 0.021225 0.000222444 -0.0026845 0.00418075 0.000213119 -0.00257196 0.0042772 0.000633543 -0.0025018 0.0042772 0.0026937 3.32049e-18 0.00418075 0.00265696 -0.000443369 0.00418075 0.00258077 3.18129e-18 0.0042772 -0.000222444 -0.0026845 0.00418075 -0.000213119 -0.00257196 0.0042772 -0.000205154 -0.00247584 0.00439013 -0.000633543 -0.0025018 0.0042772 -0.000609865 -0.0024083 0.00439013 -0.000661265 -0.00261128 0.00418075 -0.00227215 -0.000379155 0.00494643 -0.00231522 -1.54225e-18 0.00479837 -0.00230357 5.11496e-19 0.00494643 -0.00202593 -0.00109638 0.00494643 -0.00218978 -0.000751752 0.00479837 -0.00217876 -0.000747968 0.00494643 -0.000997941 -0.00227508 0.00439013 -0.00103669 -0.0023634 0.0042772 -0.00203618 -0.00110192 0.00479837 -0.00182704 -0.00142204 0.00479837 -0.0018544 -0.00144333 0.00465397 -0.00206667 -0.00111843 0.00465397 -0.00163003 -0.00177069 0.00451676 -0.00128527 -0.00196725 0.00465397 -0.00131635 -0.00201483 0.00451676 -0.0013588 -0.00207979 0.00439013 -0.00168259 -0.00182778 0.00439013 -0.00069235 -0.00273403 0.00410315 -0.000966771 -0.00220402 0.00451676 -0.000943941 -0.00215197 0.00465397 -0.00147332 -0.00225508 0.00418075 -0.00154257 -0.00236109 0.00410315 -0.00191016 -0.00207498 0.00410315 -0.00141155 -0.00216054 0.0042772 -0.0018244 -0.00198182 0.00418075 -0.00174791 -0.00189874 0.0042772 -0.00231784 -0.00038678 0.00465397 -0.00228365 -0.000381073 0.00479837 -0.00108205 -0.00246682 0.00418075 -0.00236904 -0.00128206 0.00418075 -0.00248041 -0.00134233 0.00410315 -0.00266752 -0.00091576 0.00410315 -0.00277634 -0.00168936 0.004 -0.00272808 -0.00147636 0.00401165 -0.00244787 -0.00190525 0.00401165 -0.00321966 -0.000442949 0.004 -0.00310195 6.8877e-19 0.00401165 -0.00305964 -0.000510564 0.00401165 -0.0029172 -0.000486795 0.00404632 -0.00295754 0 0.00404632 -0.00325 0 0.004 0.000205154 -0.00247584 0.00439013 -0.00252069 -0.0020514 0.004 -0.00210089 -0.00228218 0.00401165 0.000609865 -0.0024083 0.00439013 0.00103669 -0.0023634 0.0042772 0.000661265 -0.00261128 0.00418075 0.00141155 -0.00216054 0.0042772 0.00108205 -0.00246682 0.00418075 0.000997941 -0.00227508 0.00439013 0.00174791 -0.00189874 0.0042772 0.00147332 -0.00225508 0.00418075 0.000232901 -0.0028107 0.00410315 0.0018244 -0.00198182 0.00418075 0.00203659 -0.00158514 0.0042772 0.0013588 -0.00207979 0.00439013 0.00168259 -0.00182778 0.00439013 0.00196048 -0.0015259 0.00439013 0.00226972 -0.00122831 0.0042772 0.00212571 -0.00165451 0.00418075 0.0021849 -0.00118241 0.00439013 0.00244094 -0.000837976 0.0042772 0.00236904 -0.00128206 0.00418075 0.00254558 -0.000424781 0.0042772 0.00254775 -0.000874644 0.00418075 0.00234972 -0.000806658 0.00439013 0.00248432 5.26892e-18 0.00439013 0.00245044 -0.000408906 0.00439013 0.00222564 -0.00173228 0.00410315 0.0023739 -0.000396134 0.00451676 0.00234989 4.98381e-18 0.00465397 0.00240673 5.10434e-18 0.00451676 0.00231784 -0.00038678 0.00465397 0.00231522 4.91028e-18 0.00479837 0.00228365 -0.000381073 0.00479837 0.00230357 3.35108e-18 0.00494643 0.00278186 -0.000464211 0.00410315 0.00282033 3.47659e-18 0.00410315 0.00272808 -0.00147636 0.00401165 0.00277719 -0.00168806 0.004 0.00244787 -0.00190525 0.00401165 0.00295754 3.64572e-18 0.00404632 0.0029172 -0.000486795 0.00404632 0.00312966 -0.00087594 0.004 0.00305964 -0.000510564 0.00401165 0.00321966 -0.000442949 0.004 0.00310195 3.82373e-18 0.00401165 0.00325 3.9801e-19 0.004 0.00298125 -0.00129396 0.004 0.00293387 -0.0010072 0.00401165 0.00252126 -0.00205079 0.004 0.00221843 -0.00237506 0.004 0.00279729 -0.000960311 0.00404632 0.00266752 -0.00091576 0.00410315 0.00227632 -0.000781463 0.00451676 0.00222257 -0.000763009 0.00465397 0.00218978 -0.000751752 0.00479837 0.00227215 -0.000379155 0.00494643 -0.000221417 -0.00324241 0.004 0.000256157 -0.00309135 0.00401165 0.000221998 -0.00324241 0.004 0.00260108 -0.00140763 0.00404632 0.00248041 -0.00134233 0.00410315 0.00211665 -0.00114547 0.00451676 0.00206667 -0.00111843 0.00465397 0.00203618 -0.00110192 0.00479837 0.00217876 -0.000747968 0.00494643 0.00210089 -0.00228218 0.00401165 0.00233391 -0.00181656 0.00404632 0.000761483 -0.00300703 0.00401165 0.00066181 -0.00318188 0.004 0.00189924 -0.00147824 0.00451676 0.0018544 -0.00144333 0.00465397 0.00182704 -0.00142204 0.00479837 0.00202593 -0.00109638 0.00494643 0.00187477 -0.00265467 0.004 0.0016966 -0.00259685 0.00401165 0.00200309 -0.00217593 0.00404632 0.00191016 -0.00207498 0.00410315 0.00163003 -0.00177069 0.00451676 0.00159154 -0.00172887 0.00465397 0.00181784 -0.00141488 0.00494643 0.00156806 -0.00170337 0.00479837 0.00149601 -0.00288513 0.004 0.00124604 -0.00284068 0.00401165 0.00161762 -0.00247595 0.00404632 0.00154257 -0.00236109 0.00410315 0.00131635 -0.00201483 0.00451676 0.00128527 -0.00196725 0.00465397 0.00156017 -0.00169479 0.00494643 0.00126631 -0.00193823 0.00479837 0.00108915 -0.00306202 0.004 0.00118803 -0.00270843 0.00404632 0.00113291 -0.00258278 0.00410315 0.000966771 -0.00220402 0.00451676 0.000943941 -0.00215197 0.00465397 0.000930015 -0.00212022 0.00479837 0.00125993 -0.00192847 0.00494643 -0.00221822 -0.00237529 0.004 0.000726033 -0.00286704 0.00404632 0.00069235 -0.00273403 0.00410315 0.000590816 -0.00233308 0.00451676 0.000576865 -0.00227799 0.00465397 0.000925334 -0.00210955 0.00494643 0.000568354 -0.00224438 0.00479837 -0.000256157 -0.00309135 0.00401165 0.000244232 -0.00294744 0.00404632 -0.0016966 -0.00259685 0.00401165 -0.00187379 -0.00265543 0.004 0.000198746 -0.00239851 0.00451676 0.000194053 -0.00234187 0.00465397 0.000565493 -0.00223308 0.00494643 0.00019119 -0.00230732 0.00479837 -0.000660418 -0.00318212 0.004 -0.000761483 -0.00300703 0.00401165 -0.000244232 -0.00294744 0.00404632 -0.000232901 -0.0028107 0.00410315 -0.000198746 -0.00239851 0.00451676 -0.000194053 -0.00234187 0.00465397 0.000190227 -0.0022957 0.00494643 -0.00019119 -0.00230732 0.00479837 -0.00108745 -0.0030626 0.004 -0.00124604 -0.00284068 0.00401165 -0.000726033 -0.00286704 0.00404632 -0.00113291 -0.00258278 0.00410315 -0.000590816 -0.00233308 0.00451676 -0.000576865 -0.00227799 0.00465397 -0.000568354 -0.00224438 0.00479837 -0.000190227 -0.0022957 0.00494643 -0.00149447 -0.00288596 0.004 -0.00118803 -0.00270843 0.00404632 -0.000565493 -0.00223308 0.00494643 -0.000930015 -0.00212022 0.00479837 -0.00279729 -0.000960311 0.00404632 -0.00161762 -0.00247595 0.00404632 -0.00126631 -0.00193823 0.00479837 -0.000925334 -0.00210955 0.00494643 -0.00298051 -0.00129563 0.004 -0.00293387 -0.0010072 0.00401165 -0.00200309 -0.00217593 0.00404632 -0.00189924 -0.00147824 0.00451676 -0.00159154 -0.00172887 0.00465397 -0.00156806 -0.00170337 0.00479837 -0.00125993 -0.00192847 0.00494643 -0.00222564 -0.00173228 0.00410315 -0.00233391 -0.00181656 0.00404632 -0.00212571 -0.00165451 0.00418075 -0.00203659 -0.00158514 0.0042772 -0.00196048 -0.0015259 0.00439013 -0.00156017 -0.00169479 0.00494643 -0.00260108 -0.00140763 0.00404632 -0.00226972 -0.00122831 0.0042772 -0.0021849 -0.00118241 0.00439013 -0.00211665 -0.00114547 0.00451676 -0.00181784 -0.00141488 0.00494643 -0.00312925 -0.00087755 0.004 -0.00254775 -0.000874644 0.00418075 -0.00244094 -0.000837976 0.0042772 -0.00234972 -0.000806658 0.00439013 -0.00227632 -0.000781463 0.00451676 -0.00222257 -0.000763009 0.00465397 -0.00278186 -0.000464211 0.00410315 -0.00265696 -0.000443369 0.00418075 -0.00254558 -0.000424781 0.0042772 -0.00245044 -0.000408906 0.00439013 -0.0023739 -0.000396134 0.00451676 -0.00282033 0 0.00410315 -0.0026937 -5.98122e-19 0.00418075 -0.00258077 -5.73047e-19 0.0042772 -0.00248432 -5.51631e-19 0.00439013 -0.00240673 -1.0688e-18 0.00451676 -0.00234989 -1.04356e-18 0.00465397 -0.000222444 0.0026845 0.00418075 -0.000213119 0.00257196 0.0042772 -0.000633543 0.0025018 0.0042772 -0.0026937 -5.98122e-19 0.00418075 -0.00265696 0.000443369 0.00418075 -0.00258077 -5.73047e-19 0.0042772 0.000222444 0.0026845 0.00418075 0.000213119 0.00257196 0.0042772 0.000205154 0.00247584 0.00439013 0.000633543 0.0025018 0.0042772 0.000609865 0.0024083 0.00439013 0.000661265 0.00261128 0.00418075 0.00227215 0.000379155 0.00494643 0.00231522 4.91028e-18 0.00479837 0.00230357 3.35108e-18 0.00494643 0.00202593 0.00109638 0.00494643 0.00218978 0.000751752 0.00479837 0.00217876 0.000747968 0.00494643 0.000997941 0.00227508 0.00439013 0.00103669 0.0023634 0.0042772 0.00203618 0.00110192 0.00479837 0.00182704 0.00142204 0.00479837 0.0018544 0.00144333 0.00465397 0.00206667 0.00111843 0.00465397 0.00163003 0.00177069 0.00451676 0.00128527 0.00196725 0.00465397 0.00131635 0.00201483 0.00451676 0.0013588 0.00207979 0.00439013 0.00168259 0.00182778 0.00439013 0.00069235 0.00273403 0.00410315 0.000966771 0.00220402 0.00451676 0.000943941 0.00215197 0.00465397 0.00147332 0.00225508 0.00418075 0.00154257 0.00236109 0.00410315 0.00191016 0.00207498 0.00410315 0.00141155 0.00216054 0.0042772 0.0018244 0.00198182 0.00418075 0.00174791 0.00189874 0.0042772 0.00231784 0.00038678 0.00465397 0.00228365 0.000381073 0.00479837 0.00108205 0.00246682 0.00418075 0.00236904 0.00128206 0.00418075 0.00248041 0.00134233 0.00410315 0.00266752 0.00091576 0.00410315 0.00277634 0.00168936 0.004 0.00272808 0.00147636 0.00401165 0.00244787 0.00190525 0.00401165 0.00321966 0.000442949 0.004 0.00310195 3.82373e-18 0.00401165 0.00305964 0.000510564 0.00401165 0.0029172 0.000486795 0.00404632 0.00295754 3.64572e-18 0.00404632 0.00325 3.9801e-19 0.004 -0.000205154 0.00247584 0.00439013 0.00252069 0.0020514 0.004 0.00210089 0.00228218 0.00401165 -0.000609865 0.0024083 0.00439013 -0.00103669 0.0023634 0.0042772 -0.000661265 0.00261128 0.00418075 -0.00141155 0.00216054 0.0042772 -0.00108205 0.00246682 0.00418075 -0.000997941 0.00227508 0.00439013 -0.00174791 0.00189874 0.0042772 -0.00147332 0.00225508 0.00418075 -0.000232901 0.0028107 0.00410315 -0.0018244 0.00198182 0.00418075 -0.00203659 0.00158514 0.0042772 -0.0013588 0.00207979 0.00439013 -0.00168259 0.00182778 0.00439013 -0.00196048 0.0015259 0.00439013 -0.00226972 0.00122831 0.0042772 -0.00212571 0.00165451 0.00418075 -0.0021849 0.00118241 0.00439013 -0.00244094 0.000837976 0.0042772 -0.00236904 0.00128206 0.00418075 -0.00254558 0.000424781 0.0042772 -0.00254775 0.000874644 0.00418075 -0.00234972 0.000806658 0.00439013 -0.00248432 -5.51631e-19 0.00439013 -0.00245044 0.000408906 0.00439013 -0.00222564 0.00173228 0.00410315 -0.0023739 0.000396134 0.00451676 -0.00234989 -1.04356e-18 0.00465397 -0.00240673 -1.0688e-18 0.00451676 -0.00231784 0.00038678 0.00465397 -0.00231522 -1.54225e-18 0.00479837 -0.00228365 0.000381073 0.00479837 -0.00230357 5.11496e-19 0.00494643 -0.00278186 0.000464211 0.00410315 -0.00282033 0 0.00410315 -0.00272808 0.00147636 0.00401165 -0.00277719 0.00168806 0.004 -0.00244787 0.00190525 0.00401165 -0.00295754 0 0.00404632 -0.0029172 0.000486795 0.00404632 -0.00312966 0.00087594 0.004 -0.00305964 0.000510564 0.00401165 -0.00321966 0.000442949 0.004 -0.00310195 6.8877e-19 0.00401165 -0.00325 0 0.004 -0.00298125 0.00129396 0.004 -0.00293387 0.0010072 0.00401165 -0.00252126 0.00205079 0.004 -0.00221843 0.00237506 0.004 -0.00279729 0.000960311 0.00404632 -0.00266752 0.00091576 0.00410315 -0.00227632 0.000781463 0.00451676 -0.00222257 0.000763009 0.00465397 -0.00218978 0.000751752 0.00479837 -0.00227215 0.000379155 0.00494643 0.000221417 0.00324241 0.004 -0.000256157 0.00309135 0.00401165 -0.000221998 0.00324241 0.004 -0.00260108 0.00140763 0.00404632 -0.00248041 0.00134233 0.00410315 -0.00211665 0.00114547 0.00451676 -0.00206667 0.00111843 0.00465397 -0.00203618 0.00110192 0.00479837 -0.00217876 0.000747968 0.00494643 -0.00210089 0.00228218 0.00401165 -0.00233391 0.00181656 0.00404632 -0.000761483 0.00300703 0.00401165 -0.00066181 0.00318188 0.004 -0.00189924 0.00147824 0.00451676 -0.0018544 0.00144333 0.00465397 -0.00182704 0.00142204 0.00479837 -0.00202593 0.00109638 0.00494643 -0.00187477 0.00265467 0.004 -0.0016966 0.00259685 0.00401165 -0.00200309 0.00217593 0.00404632 -0.00191016 0.00207498 0.00410315 -0.00163003 0.00177069 0.00451676 -0.00159154 0.00172887 0.00465397 -0.00181784 0.00141488 0.00494643 -0.00156806 0.00170337 0.00479837 -0.00149601 0.00288513 0.004 -0.00124604 0.00284068 0.00401165 -0.00161762 0.00247595 0.00404632 -0.00154257 0.00236109 0.00410315 -0.00131635 0.00201483 0.00451676 -0.00128527 0.00196725 0.00465397 -0.00156017 0.00169479 0.00494643 -0.00126631 0.00193823 0.00479837 -0.00108915 0.00306202 0.004 -0.00118803 0.00270843 0.00404632 -0.00113291 0.00258278 0.00410315 -0.000966771 0.00220402 0.00451676 -0.000943941 0.00215197 0.00465397 -0.000930015 0.00212022 0.00479837 -0.00125993 0.00192847 0.00494643 0.00221822 0.00237529 0.004 -0.000726033 0.00286704 0.00404632 -0.00069235 0.00273403 0.00410315 -0.000590816 0.00233308 0.00451676 -0.000576865 0.00227799 0.00465397 -0.000925334 0.00210955 0.00494643 -0.000568354 0.00224438 0.00479837 0.000256157 0.00309135 0.00401165 -0.000244232 0.00294744 0.00404632 0.0016966 0.00259685 0.00401165 0.00187379 0.00265543 0.004 -0.000198746 0.00239851 0.00451676 -0.000194053 0.00234187 0.00465397 -0.000565493 0.00223308 0.00494643 -0.00019119 0.00230732 0.00479837 0.000660418 0.00318212 0.004 0.000761483 0.00300703 0.00401165 0.000244232 0.00294744 0.00404632 0.000232901 0.0028107 0.00410315 0.000198746 0.00239851 0.00451676 0.000194053 0.00234187 0.00465397 -0.000190227 0.0022957 0.00494643 0.00019119 0.00230732 0.00479837 0.00108745 0.0030626 0.004 0.00124604 0.00284068 0.00401165 0.000726033 0.00286704 0.00404632 0.00113291 0.00258278 0.00410315 0.000590816 0.00233308 0.00451676 0.000576865 0.00227799 0.00465397 0.000568354 0.00224438 0.00479837 0.000190227 0.0022957 0.00494643 0.00149447 0.00288596 0.004 0.00118803 0.00270843 0.00404632 0.000565493 0.00223308 0.00494643 0.000930015 0.00212022 0.00479837 0.00279729 0.000960311 0.00404632 0.00161762 0.00247595 0.00404632 0.00126631 0.00193823 0.00479837 0.000925334 0.00210955 0.00494643 0.00298051 0.00129563 0.004 0.00293387 0.0010072 0.00401165 0.00200309 0.00217593 0.00404632 0.00189924 0.00147824 0.00451676 0.00159154 0.00172887 0.00465397 0.00156806 0.00170337 0.00479837 0.00125993 0.00192847 0.00494643 0.00222564 0.00173228 0.00410315 0.00233391 0.00181656 0.00404632 0.00212571 0.00165451 0.00418075 0.00203659 0.00158514 0.0042772 0.00196048 0.0015259 0.00439013 0.00156017 0.00169479 0.00494643 0.00260108 0.00140763 0.00404632 0.00226972 0.00122831 0.0042772 0.0021849 0.00118241 0.00439013 0.00211665 0.00114547 0.00451676 0.00181784 0.00141488 0.00494643 0.00312925 0.00087755 0.004 0.00254775 0.000874644 0.00418075 0.00244094 0.000837976 0.0042772 0.00234972 0.000806658 0.00439013 0.00227632 0.000781463 0.00451676 0.00222257 0.000763009 0.00465397 0.00278186 0.000464211 0.00410315 0.00265696 0.000443369 0.00418075 0.00254558 0.000424781 0.0042772 0.00245044 0.000408906 0.00439013 0.0023739 0.000396134 0.00451676 0.00282033 3.47659e-18 0.00410315 0.0026937 3.32049e-18 0.00418075 0.00258077 3.18129e-18 0.0042772 0.00248432 5.26892e-18 0.00439013 0.00240673 5.10434e-18 0.00451676 0.00234989 4.98381e-18 0.00465397 0.00110158 0.00118913 0.0258232 0.00088662 0.00135685 0.0258427 0.000887908 0.00135642 0.0257551 0.00141931 -0.000783502 0.0256741 0.00127132 -0.00100571 0.0255685 0.00127167 -0.00100574 0.0256559 0.000886264 -0.00135753 0.0255342 0.000649674 -0.00148509 0.0256029 0.000887168 -0.00135654 0.0256218 0.00109408 -0.00119629 0.025639 0.00109444 -0.00119622 0.0255517 0.00110272 0.00118823 0.0257356 0.00128675 0.000985789 0.025716 0.00128597 0.000987034 0.0258036 0.000652103 0.00148435 0.0257736 0.00162121 -7.51549e-07 0.0256447 0.00159933 0.000264431 0.0257501 0.00159963 0.000264357 0.0256627 0.000390826 -0.00157326 0.0255833 0.000389555 -0.00157346 0.0254957 0.000121176 -0.00161664 0.0255638 0.000648506 -0.00148573 0.0255153 0.00162083 7.07626e-07 0.0257323 0.00153024 -0.000535033 0.0256934 0.00159832 -0.000269906 0.0257131 0.00159819 -0.000271445 0.0256255 0.000120026 -0.00161642 0.0254762 -0.000147772 -0.00161449 0.0255451 -0.000406055 -0.00156951 0.0255278 -0.000405663 -0.00156971 0.0254406 -0.000652067 -0.00148428 0.0254236 -0.000148179 -0.00161417 0.0254577 -0.000887063 -0.00135679 0.0254926 -0.000651235 -0.00148442 0.0255111 -0.000887778 -0.00135641 0.0254051 -0.00110203 -0.0011889 0.0254732 -0.00110251 -0.00118837 0.0253856 -0.00128636 -0.000986588 0.0254535 -0.00128658 -0.000986061 0.025366 -0.00143262 -0.000758486 0.025347 -0.00143262 -0.000758785 0.0254345 -0.00153685 -0.000516007 0.0253294 -0.00153688 -0.000515849 0.0254168 -0.00159928 -0.000265041 0.0253128 -0.00162111 3.21218e-17 0.0252948 -0.00162111 3.79701e-17 0.0253823 -0.00159928 -0.000265041 0.0254003 0.00141829 -0.00078456 0.0255865 0.00152961 -0.000536429 0.0256058 0.00153684 0.000516601 0.0257668 0.00143239 0.000759365 0.0257845 0.00153655 0.000516775 0.0256796 0.00143272 0.000757939 0.0256969 0.00065155 0.00148424 0.025861 0.000405392 0.00156982 0.0258779 0.000147533 0.0016145 0.0258951 0.000404878 0.00156982 0.0257907 -0.000120231 0.00161654 0.0258262 0.000148568 0.00161411 0.0258076 -0.000389852 0.00157351 0.0258457 -0.000121336 0.00161656 0.0259138 -0.000390841 0.00157317 0.0259333 -0.000648896 0.00148562 0.0258653 -0.000649611 0.00148506 0.0259529 -0.000886624 0.00135727 0.0258842 -0.00088688 0.00135682 0.0259717 -0.00109464 0.00119587 0.0259891 -0.00127138 0.00100588 0.0260059 -0.00109488 0.0011956 0.0259018 -0.00141878 0.000784181 0.0259365 -0.001271 0.00100616 0.0259183 -0.00152998 0.000535868 0.0259558 -0.00141903 0.000783816 0.0260241 -0.00153005 0.000535564 0.0260434 -0.00159836 0.000270705 0.0259755 -0.00159836 0.000270705 0.026063 -0.00162111 3.71888e-14 0.0259948 -0.00162111 3.72359e-14 0.0260823 0.00110158 0.00118913 0.0251232 0.00088662 0.00135685 0.0251427 0.000887908 0.00135642 0.0250551 0.00141931 -0.000783502 0.0249741 0.00127132 -0.00100571 0.0248685 0.00127167 -0.00100574 0.0249559 0.000886264 -0.00135753 0.0248342 0.000649674 -0.00148509 0.0249029 0.000887168 -0.00135654 0.0249218 0.00109408 -0.00119629 0.024939 0.00109444 -0.00119622 0.0248517 0.00110272 0.00118823 0.0250356 0.00128675 0.000985789 0.025016 0.00128597 0.000987034 0.0251036 0.000652103 0.00148435 0.0250736 0.00162121 -7.51549e-07 0.0249447 0.00159933 0.000264431 0.0250501 0.00159963 0.000264357 0.0249627 0.000390826 -0.00157326 0.0248833 0.000389555 -0.00157346 0.0247957 0.000121176 -0.00161664 0.0248637 0.000648506 -0.00148573 0.0248153 0.00162083 7.07626e-07 0.0250323 0.00153024 -0.000535033 0.0249934 0.00159832 -0.000269906 0.0250131 0.00159819 -0.000271445 0.0249255 0.000120026 -0.00161642 0.0247762 -0.000147772 -0.00161449 0.0248451 -0.000406055 -0.00156951 0.0248278 -0.000405663 -0.00156971 0.0247406 -0.000652067 -0.00148428 0.0247236 -0.000148179 -0.00161417 0.0247577 -0.000887063 -0.00135679 0.0247926 -0.000651235 -0.00148442 0.0248111 -0.000887778 -0.00135641 0.0247051 -0.00110203 -0.0011889 0.0247732 -0.00110251 -0.00118837 0.0246856 -0.00128636 -0.000986588 0.0247535 -0.00128658 -0.000986061 0.024666 -0.00143262 -0.000758486 0.024647 -0.00143262 -0.000758785 0.0247345 -0.00153685 -0.000516007 0.0246294 -0.00153688 -0.000515849 0.0247168 -0.00159928 -0.000265041 0.0246128 -0.00162111 1.43576e-17 0.0245948 -0.00162111 1.82467e-17 0.0246823 -0.00159928 -0.000265041 0.0247003 0.00141829 -0.00078456 0.0248865 0.00152961 -0.000536429 0.0249058 0.00153684 0.000516601 0.0250668 0.00143239 0.000759365 0.0250845 0.00153655 0.000516775 0.0249796 0.00143272 0.000757939 0.0249969 0.00065155 0.00148424 0.025161 0.000405392 0.00156982 0.025178 0.000147533 0.0016145 0.0251951 0.000404878 0.00156982 0.0250907 -0.000120231 0.00161654 0.0251262 0.000148568 0.00161411 0.0251076 -0.000389852 0.00157351 0.0251457 -0.000121336 0.00161656 0.0252138 -0.000390841 0.00157317 0.0252333 -0.000648896 0.00148562 0.0251653 -0.000649611 0.00148506 0.0252529 -0.000886624 0.00135727 0.0251842 -0.00088688 0.00135682 0.0252717 -0.00109464 0.00119587 0.0252891 -0.00127138 0.00100588 0.0253059 -0.00109488 0.0011956 0.0252018 -0.00141878 0.000784181 0.0252365 -0.001271 0.00100616 0.0252183 -0.00152998 0.000535868 0.0252558 -0.00141903 0.000783816 0.0253241 -0.00153005 0.000535564 0.0253434 -0.00159836 0.000270705 0.0252755 -0.00159836 0.000270705 0.025363 -0.00162111 3.21218e-17 0.0252948 -0.00162111 3.79701e-17 0.0253823 0.00110158 0.00118913 0.0244232 0.00088662 0.00135685 0.0244427 0.000887908 0.00135642 0.0243551 0.00141931 -0.000783502 0.0242741 0.00127132 -0.00100571 0.0241685 0.00127167 -0.00100574 0.0242559 0.000886264 -0.00135753 0.0241342 0.000649674 -0.00148509 0.0242029 0.000887168 -0.00135654 0.0242218 0.00109408 -0.00119629 0.024239 0.00109444 -0.00119622 0.0241517 0.00110272 0.00118823 0.0243356 0.00128675 0.000985789 0.024316 0.00128597 0.000987034 0.0244036 0.000652103 0.00148435 0.0243736 0.00162121 -7.51549e-07 0.0242447 0.00159933 0.000264431 0.0243501 0.00159963 0.000264357 0.0242627 0.000390826 -0.00157326 0.0241833 0.000389555 -0.00157346 0.0240957 0.000121176 -0.00161664 0.0241638 0.000648506 -0.00148573 0.0241153 0.00162083 7.07626e-07 0.0243323 0.00153024 -0.000535033 0.0242934 0.00159832 -0.000269906 0.0243131 0.00159819 -0.000271445 0.0242255 0.000120026 -0.00161642 0.0240762 -0.000147772 -0.00161449 0.0241451 -0.000406055 -0.00156951 0.0241278 -0.000405663 -0.00156971 0.0240406 -0.000652067 -0.00148428 0.0240236 -0.000148179 -0.00161417 0.0240577 -0.000887063 -0.00135679 0.0240926 -0.000651235 -0.00148442 0.0241111 -0.000887778 -0.00135641 0.0240051 -0.00110203 -0.0011889 0.0240732 -0.00110251 -0.00118837 0.0239856 -0.00128636 -0.000986588 0.0240535 -0.00128658 -0.000986061 0.023966 -0.00143262 -0.000758486 0.023947 -0.00143262 -0.000758785 0.0240345 -0.00153685 -0.000516007 0.0239294 -0.00153688 -0.000515849 0.0240168 -0.00159928 -0.000265041 0.0239128 -0.00162111 1.31645e-16 0.0238948 -0.00162111 1.35593e-16 0.0239823 -0.00159928 -0.000265041 0.0240003 0.00141829 -0.00078456 0.0241865 0.00152961 -0.000536429 0.0242058 0.00153684 0.000516601 0.0243668 0.00143239 0.000759365 0.0243845 0.00153655 0.000516775 0.0242796 0.00143272 0.000757939 0.0242969 0.00065155 0.00148424 0.024461 0.000405392 0.00156982 0.0244779 0.000147533 0.0016145 0.0244951 0.000404878 0.00156982 0.0243907 -0.000120231 0.00161654 0.0244262 0.000148568 0.00161411 0.0244076 -0.000389852 0.00157351 0.0244457 -0.000121336 0.00161656 0.0245138 -0.000390841 0.00157317 0.0245333 -0.000648896 0.00148562 0.0244653 -0.000649611 0.00148506 0.0245529 -0.000886624 0.00135727 0.0244842 -0.00088688 0.00135682 0.0245717 -0.00109464 0.00119587 0.0245891 -0.00127138 0.00100588 0.0246059 -0.00109488 0.0011956 0.0245018 -0.00141878 0.000784181 0.0245365 -0.001271 0.00100616 0.0245183 -0.00152998 0.000535868 0.0245558 -0.00141903 0.000783816 0.0246241 -0.00153005 0.000535564 0.0246434 -0.00159836 0.000270705 0.0245755 -0.00159836 0.000270705 0.024663 -0.00162111 1.43576e-17 0.0245948 -0.00162111 1.82467e-17 0.0246823 0.00110158 0.00118913 0.0237232 0.00088662 0.00135685 0.0237427 0.000887908 0.00135642 0.0236551 0.00141931 -0.000783502 0.0235741 0.00127132 -0.00100571 0.0234685 0.00127167 -0.00100574 0.0235559 0.000886264 -0.00135753 0.0234342 0.000649674 -0.00148509 0.0235029 0.000887168 -0.00135654 0.0235218 0.00109408 -0.00119629 0.023539 0.00109444 -0.00119622 0.0234517 0.00110272 0.00118823 0.0236356 0.00128675 0.000985789 0.023616 0.00128597 0.000987034 0.0237036 0.000652103 0.00148435 0.0236736 0.00162121 -7.51549e-07 0.0235447 0.00159933 0.000264431 0.0236501 0.00159963 0.000264357 0.0235627 0.000390826 -0.00157326 0.0234833 0.000389555 -0.00157346 0.0233957 0.000121176 -0.00161664 0.0234638 0.000648506 -0.00148573 0.0234153 0.00162083 7.07626e-07 0.0236323 0.00153024 -0.000535033 0.0235934 0.00159832 -0.000269906 0.0236131 0.00159819 -0.000271445 0.0235255 0.000120026 -0.00161642 0.0233762 -0.000147772 -0.00161449 0.0234451 -0.000406055 -0.00156951 0.0234278 -0.000405663 -0.00156971 0.0233406 -0.000652067 -0.00148428 0.0233236 -0.000148179 -0.00161417 0.0233577 -0.000887063 -0.00135679 0.0233926 -0.000651235 -0.00148442 0.0234111 -0.000887778 -0.00135641 0.0233051 -0.00110203 -0.0011889 0.0233732 -0.00110251 -0.00118837 0.0232856 -0.00128636 -0.000986588 0.0233535 -0.00128658 -0.000986061 0.023266 -0.00143262 -0.000758486 0.023247 -0.00143262 -0.000758785 0.0233345 -0.00153685 -0.000516007 0.0232294 -0.00153688 -0.000515849 0.0233168 -0.00159928 -0.000265041 0.0232128 -0.00162111 3.20683e-13 0.0231948 -0.00162111 3.205e-13 0.0232823 -0.00159928 -0.000265041 0.0233003 0.00141829 -0.00078456 0.0234865 0.00152961 -0.000536429 0.0235058 0.00153684 0.000516601 0.0236668 0.00143239 0.000759365 0.0236845 0.00153655 0.000516775 0.0235796 0.00143272 0.000757939 0.0235969 0.00065155 0.00148424 0.023761 0.000405392 0.00156982 0.0237779 0.000147533 0.0016145 0.0237951 0.000404878 0.00156982 0.0236907 -0.000120231 0.00161654 0.0237262 0.000148568 0.00161411 0.0237076 -0.000389852 0.00157351 0.0237457 -0.000121336 0.00161656 0.0238138 -0.000390841 0.00157317 0.0238333 -0.000648896 0.00148562 0.0237653 -0.000649611 0.00148506 0.0238529 -0.000886624 0.00135727 0.0237842 -0.00088688 0.00135682 0.0238717 -0.00109464 0.00119587 0.0238891 -0.00127138 0.00100588 0.0239059 -0.00109488 0.0011956 0.0238018 -0.00141878 0.000784181 0.0238365 -0.001271 0.00100616 0.0238183 -0.00152998 0.000535868 0.0238558 -0.00141903 0.000783816 0.0239241 -0.00153005 0.000535564 0.0239434 -0.00159836 0.000270705 0.0238755 -0.00159836 0.000270705 0.023963 -0.00162111 1.31645e-16 0.0238948 -0.00162111 1.35593e-16 0.0239823 0.00110158 0.00118913 0.0230232 0.00088662 0.00135685 0.0230427 0.000887908 0.00135642 0.0229551 0.00141931 -0.000783502 0.0228741 0.00127132 -0.00100571 0.0227685 0.00127167 -0.00100574 0.0228559 0.000886264 -0.00135753 0.0227342 0.000649674 -0.00148509 0.0228029 0.000887168 -0.00135654 0.0228218 0.00109408 -0.00119629 0.022839 0.00109444 -0.00119622 0.0227517 0.00110272 0.00118823 0.0229356 0.00128675 0.000985789 0.022916 0.00128597 0.000987034 0.0230036 0.000652103 0.00148435 0.0229736 0.00162121 -7.51549e-07 0.0228447 0.00159933 0.000264431 0.0229501 0.00159963 0.000264357 0.0228627 0.000390826 -0.00157326 0.0227833 0.000389555 -0.00157346 0.0226957 0.000121176 -0.00161664 0.0227638 0.000648506 -0.00148573 0.0227153 0.00162083 7.07626e-07 0.0229323 0.00153024 -0.000535033 0.0228934 0.00159832 -0.000269906 0.0229131 0.00159819 -0.000271445 0.0228255 0.000120026 -0.00161642 0.0226762 -0.000147772 -0.00161449 0.0227451 -0.000406055 -0.00156951 0.0227278 -0.000405663 -0.00156971 0.0226406 -0.000652067 -0.00148428 0.0226236 -0.000148179 -0.00161417 0.0226577 -0.000887063 -0.00135679 0.0226926 -0.000651235 -0.00148442 0.0227111 -0.000887778 -0.00135641 0.0226051 -0.00110203 -0.0011889 0.0226732 -0.00110251 -0.00118837 0.0225856 -0.00128636 -0.000986588 0.0226535 -0.00128658 -0.000986061 0.022566 -0.00143262 -0.000758486 0.022547 -0.00143262 -0.000758785 0.0226345 -0.00153685 -0.000516007 0.0225294 -0.00153688 -0.000515849 0.0226168 -0.00159928 -0.000265041 0.0225128 -0.00162111 3.0458e-16 0.0224948 -0.00162111 3.06012e-16 0.0225823 -0.00159928 -0.000265041 0.0226003 0.00141829 -0.00078456 0.0227865 0.00152961 -0.000536429 0.0228058 0.00153684 0.000516601 0.0229668 0.00143239 0.000759365 0.0229845 0.00153655 0.000516775 0.0228796 0.00143272 0.000757939 0.0228969 0.00065155 0.00148424 0.023061 0.000405392 0.00156982 0.0230779 0.000147533 0.0016145 0.0230951 0.000404878 0.00156982 0.0229907 -0.000120231 0.00161654 0.0230262 0.000148568 0.00161411 0.0230076 -0.000389852 0.00157351 0.0230457 -0.000121336 0.00161656 0.0231138 -0.000390841 0.00157317 0.0231333 -0.000648896 0.00148562 0.0230653 -0.000649611 0.00148506 0.0231529 -0.000886624 0.00135727 0.0230842 -0.00088688 0.00135682 0.0231717 -0.00109464 0.00119587 0.0231891 -0.00127138 0.00100588 0.0232059 -0.00109488 0.0011956 0.0231018 -0.00141878 0.000784181 0.0231365 -0.001271 0.00100616 0.0231183 -0.00152998 0.000535868 0.0231558 -0.00141903 0.000783816 0.0232241 -0.00153005 0.000535564 0.0232434 -0.00159836 0.000270705 0.0231755 -0.00159836 0.000270705 0.023263 -0.00162111 3.20683e-13 0.0231948 -0.00162111 3.205e-13 0.0232823 0.00110158 0.00118913 0.0223232 0.00088662 0.00135685 0.0223427 0.000887908 0.00135642 0.0222551 0.00141931 -0.000783502 0.0221741 0.00127132 -0.00100571 0.0220685 0.00127167 -0.00100574 0.0221559 0.000886264 -0.00135753 0.0220342 0.000649674 -0.00148509 0.0221029 0.000887168 -0.00135654 0.0221218 0.00109408 -0.00119629 0.022139 0.00109444 -0.00119622 0.0220517 0.00110272 0.00118823 0.0222356 0.00128675 0.000985789 0.022216 0.00128597 0.000987034 0.0223036 0.000652103 0.00148435 0.0222736 0.00162121 -7.51549e-07 0.0221447 0.00159933 0.000264431 0.0222501 0.00159963 0.000264357 0.0221627 0.000390826 -0.00157326 0.0220833 0.000389555 -0.00157346 0.0219957 0.000121176 -0.00161664 0.0220638 0.000648506 -0.00148573 0.0220153 0.00162083 7.07626e-07 0.0222323 0.00153024 -0.000535033 0.0221934 0.00159832 -0.000269906 0.0222131 0.00159819 -0.000271445 0.0221255 0.000120026 -0.00161642 0.0219762 -0.000147772 -0.00161449 0.0220451 -0.000406055 -0.00156951 0.0220278 -0.000405663 -0.00156971 0.0219406 -0.000652067 -0.00148428 0.0219236 -0.000148179 -0.00161417 0.0219577 -0.000887063 -0.00135679 0.0219926 -0.000651235 -0.00148442 0.0220111 -0.000887778 -0.00135641 0.0219051 -0.00110203 -0.0011889 0.0219732 -0.00110251 -0.00118837 0.0218856 -0.00128636 -0.000986588 0.0219535 -0.00128658 -0.000986061 0.021866 -0.00143262 -0.000758486 0.021847 -0.00143262 -0.000758785 0.0219345 -0.00153685 -0.000516007 0.0218294 -0.00153688 -0.000515849 0.0219168 -0.00159928 -0.000265041 0.0218128 -0.00162111 3.71509e-15 0.0217948 -0.00162111 3.70895e-15 0.0218823 -0.00159928 -0.000265041 0.0219003 0.00141829 -0.00078456 0.0220865 0.00152961 -0.000536429 0.0221058 0.00153684 0.000516601 0.0222668 0.00143239 0.000759365 0.0222845 0.00153655 0.000516775 0.0221796 0.00143272 0.000757939 0.0221969 0.00065155 0.00148424 0.022361 0.000405392 0.00156982 0.0223779 0.000147533 0.0016145 0.0223951 0.000404878 0.00156982 0.0222907 -0.000120231 0.00161654 0.0223262 0.000148568 0.00161411 0.0223076 -0.000389852 0.00157351 0.0223457 -0.000121336 0.00161656 0.0224138 -0.000390841 0.00157317 0.0224333 -0.000648896 0.00148562 0.0223653 -0.000649611 0.00148506 0.0224529 -0.000886624 0.00135727 0.0223842 -0.00088688 0.00135682 0.0224717 -0.00109464 0.00119587 0.0224891 -0.00127138 0.00100588 0.0225059 -0.00109488 0.0011956 0.0224018 -0.00141878 0.000784181 0.0224365 -0.001271 0.00100616 0.0224183 -0.00152998 0.000535868 0.0224558 -0.00141903 0.000783816 0.0225241 -0.00153005 0.000535564 0.0225434 -0.00159836 0.000270705 0.0224755 -0.00159836 0.000270705 0.022563 -0.00162111 3.0458e-16 0.0224948 -0.00162111 3.06012e-16 0.0225823 0.00110158 0.00118913 0.0216232 0.00088662 0.00135685 0.0216427 0.000887908 0.00135642 0.0215551 0.00141931 -0.000783502 0.0214741 0.00127132 -0.00100571 0.0213685 0.00127167 -0.00100574 0.0214559 0.000886264 -0.00135753 0.0213342 0.000649674 -0.00148509 0.0214029 0.000887168 -0.00135654 0.0214218 0.00109408 -0.00119629 0.021439 0.00109444 -0.00119622 0.0213517 0.00110272 0.00118823 0.0215356 0.00128675 0.000985789 0.021516 0.00128597 0.000987034 0.0216036 0.000652103 0.00148435 0.0215736 0.00162121 -7.51549e-07 0.0214447 0.00159933 0.000264431 0.0215501 0.00159963 0.000264357 0.0214627 0.000390826 -0.00157326 0.0213833 0.000389555 -0.00157346 0.0212957 0.000121176 -0.00161664 0.0213638 0.000648506 -0.00148573 0.0213153 0.00162083 7.07626e-07 0.0215323 0.00153024 -0.000535033 0.0214934 0.00159832 -0.000269906 0.0215131 0.00159819 -0.000271445 0.0214255 0.000120026 -0.00161642 0.0212762 -0.000147772 -0.00161449 0.0213451 -0.000406055 -0.00156951 0.0213278 -0.000405663 -0.00156971 0.0212406 -0.000652067 -0.00148428 0.0212236 -0.000148179 -0.00161417 0.0212577 -0.000887063 -0.00135679 0.0212926 -0.000651235 -0.00148442 0.0213111 -0.000887778 -0.00135641 0.0212051 -0.00110203 -0.0011889 0.0212732 -0.00110251 -0.00118837 0.0211856 -0.00128636 -0.000986588 0.0212535 -0.00128658 -0.000986061 0.021166 -0.00143262 -0.000758486 0.021147 -0.00143262 -0.000758785 0.0212345 -0.00153685 -0.000516007 0.0211294 -0.00153688 -0.000515849 0.0212168 -0.00159928 -0.000265041 0.0211128 -0.00162111 4.0192e-14 0.0210948 -0.00162111 4.00596e-14 0.0211823 -0.00159928 -0.000265041 0.0212003 0.00141829 -0.00078456 0.0213865 0.00152961 -0.000536429 0.0214058 0.00153684 0.000516601 0.0215668 0.00143239 0.000759365 0.0215845 0.00153655 0.000516775 0.0214796 0.00143272 0.000757939 0.0214969 0.00065155 0.00148424 0.021661 0.000405392 0.00156982 0.021678 0.000147533 0.0016145 0.0216951 0.000404878 0.00156982 0.0215907 -0.000120231 0.00161654 0.0216262 0.000148568 0.00161411 0.0216076 -0.000389852 0.00157351 0.0216457 -0.000121336 0.00161656 0.0217138 -0.000390841 0.00157317 0.0217333 -0.000648896 0.00148562 0.0216653 -0.000649611 0.00148506 0.0217529 -0.000886624 0.00135727 0.0216842 -0.00088688 0.00135682 0.0217717 -0.00109464 0.00119587 0.0217891 -0.00127138 0.00100588 0.0218059 -0.00109488 0.0011956 0.0217018 -0.00141878 0.000784181 0.0217365 -0.001271 0.00100616 0.0217183 -0.00152998 0.000535868 0.0217558 -0.00141903 0.000783816 0.0218241 -0.00153005 0.000535564 0.0218434 -0.00159836 0.000270705 0.0217755 -0.00159836 0.000270705 0.021863 -0.00162111 3.71509e-15 0.0217948 -0.00162111 3.70895e-15 0.0218823 -0.00104618 0.00123858 0.0209976 -0.000818781 0.00139925 0.0209788 -0.0010459 0.00123856 0.0210849 -0.00123864 0.00104612 0.0211024 -7.11798e-08 0.00162111 0.0209177 -5.25632e-08 0.00162111 0.0210052 -0.000284425 0.00159593 0.0210255 -0.000819451 0.00139848 0.0210663 -0.000561847 0.00152049 0.0210462 -0.000561161 0.00152091 0.0209586 -0.000283989 0.00159603 0.0209379 -0.00123867 0.00104577 0.0210151 -0.00139929 0.000818709 0.0211212 -0.00139861 0.000819228 0.0210337 -0.00152057 0.000561653 0.0210539 -0.00152094 0.00056107 0.0211414 -0.00159604 0.000283895 0.0211621 -0.00159595 0.000284291 0.0210745 -0.00162111 4.0192e-14 0.0210948 -0.00162111 4.00596e-14 0.0211823</float_array>
          <technique_common>
            <accessor count="4312" source="#ID5" stride="3">
              <param name="X" type="float"/>
              <param name="Y" type="float"/>
              <param name="Z" type="float"/>
            </accessor>
          </technique_common>
        </source>
        <source id="ID6">
          <float_array count="12936" id="ID7">0.0600715 0.499099 0.86446 -0.0264525 0.502176 0.864361 -0.0211678 0.502228 0.864476 -0.446711 0.230926 0.864362 -0.458646 0.205213 0.864599 -0.421829 0.272888 0.864634 -0.180099 0.46912 0.864575 -0.101765 0.492245 0.864488 -0.114729 0.489607 0.864362 -0.501745 -0.0256871 0.864634 -0.499249 0.0547832 0.864725 -0.499096 0.0600923 0.86446 -0.279241 0.417614 0.864652 -0.344941 0.36523 0.864652 -0.321816 0.385214 0.864896 -0.253704 -0.433768 0.864569 -0.255379 -0.432119 0.864902 -0.324145 -0.384332 0.864418 -0.468945 -0.180949 0.864493 -0.433586 -0.254668 0.864377 -0.46486 -0.189836 0.864793 0.197544 -0.461428 0.864905 0.223559 -0.450158 0.864511 0.268007 -0.424152 0.865025 0.0458789 -0.499995 0.864812 -0.031531 -0.501037 0.864851 -0.0238681 -0.502227 0.864406 0.460653 -0.199364 0.8649 0.450474 -0.223514 0.864358 0.481688 -0.144405 0.864363 0.382319 -0.324959 0.865005 0.355919 -0.354639 0.864612 0.407582 -0.294298 0.864445 0.462267 0.195097 0.865012 0.48717 0.119191 0.865135 0.468945 0.180949 0.864493 0.501745 0.0256854 0.864634 0.499403 -0.0487632 0.864996 0.499096 -0.0600922 0.86446 0.16539 0.473393 0.865185 0.243655 0.438508 0.865068 0.177398 0.46982 0.864754 0.324145 0.384332 0.864418 0.375315 0.333233 0.864924 0.384912 0.323636 0.864351 -0.233058 0.444307 0.865029 -0.154929 0.47735 0.864948 -0.223559 0.450158 0.864511 -0.0597354 0.499332 0.864349 0.00828514 0.501777 0.864957 0.023868 0.502227 0.864406 -0.484299 0.131705 0.864933 -0.455965 0.209753 0.864928 -0.481688 0.144405 0.864363 -0.407581 0.2943 0.864445 -0.365537 0.343516 0.865089 -0.355917 0.35464 0.864612 -0.433586 -0.254668 0.864377 -0.463956 -0.191021 0.865018 -0.468945 -0.180949 0.864493 -0.491013 -0.105993 0.86468 -0.500266 -0.0362957 0.86511 -0.501745 -0.0256854 0.864634 -0.103826 -0.491707 0.864549 -0.167549 -0.472625 0.865189 -0.177399 -0.469819 0.864754 -0.324144 -0.384332 0.864418 -0.314691 -0.390895 0.864969 -0.376527 -0.331864 0.864924 0.296402 -0.405502 0.864704 0.233073 -0.444298 0.865029 0.223559 -0.450158 0.864511 0.0597354 -0.499332 0.864349 0.0712183 -0.496826 0.864923 -0.0123295 -0.501688 0.864961 0.499096 -0.0600921 0.86446 0.483967 -0.132923 0.864932 0.481688 -0.144405 0.864363 0.407582 -0.294298 0.864445 0.413374 -0.284465 0.864986 0.362838 -0.346349 0.865096 0.384912 0.323637 0.864351 0.426757 0.264112 0.864941 0.433587 0.254667 0.864377 0.491013 0.105993 0.86468 0.487915 0.116061 0.865141 0.500266 0.0362955 0.86511 0.103826 0.491707 0.864549 0.0928674 0.493008 0.865054 0.167547 0.472626 0.865189 0.324144 0.384332 0.864418 0.253704 0.433768 0.864569 0.314691 0.390895 0.864969 -0.296402 0.405502 0.864704 -0.304275 0.398648 0.865157 -0.233075 0.444297 0.865029 -0.0597355 0.499332 0.864349 -0.143484 0.481923 0.864386 -0.0712184 0.496826 0.864923 -0.499096 0.0600938 0.86446 -0.499406 0.0487399 0.864996 -0.483966 0.132925 0.864932 -0.407581 0.2943 0.864445 -0.450474 0.223516 0.864358 -0.413373 0.284466 0.864986 -0.384911 -0.323638 0.864351 -0.376527 -0.331864 0.864924 -0.426756 -0.264113 0.864941 -0.491013 -0.105993 0.86468 -0.468945 -0.180949 0.864493 -0.487915 -0.116061 0.865141 -0.103826 -0.491707 0.864549 -0.0238679 -0.502227 0.864406 -0.0928688 -0.493007 0.865054 -0.253704 -0.433768 0.864569 -0.177399 -0.469819 0.864754 -0.243789 -0.438435 0.865068 0.296402 -0.405502 0.864704 0.355919 -0.354639 0.864612 0.304275 -0.398648 0.865157 0.0712169 -0.496827 0.864923 0.143482 -0.481924 0.864386 0.154259 -0.477567 0.864947 0.499096 -0.060092 0.86446 0.501745 0.0256874 0.864634 0.499406 -0.048738 0.864996 0.413374 -0.284466 0.864986 0.450474 -0.223516 0.864358 0.454659 -0.212565 0.864929 0.384912 0.323637 0.864351 0.324144 0.384332 0.864418 0.376528 0.331863 0.864924 0.487915 0.116061 0.865141 0.468946 0.180947 0.864493 0.463957 0.191019 0.865018 0.0238678 0.502227 0.864406 -0.0597356 0.499332 0.864349 0.0123326 0.501688 0.864961 0.243792 0.438433 0.865068 0.177399 0.469819 0.864754 0.16755 0.472625 0.865189 -0.304271 0.398651 0.865157 -0.355918 0.35464 0.864612 -0.362835 0.346352 0.865096 -0.154256 0.477569 0.864947 -0.143484 0.481923 0.864386 -0.223561 0.450157 0.864511 -0.499405 0.0487451 0.864996 -0.501745 -0.0256856 0.864634 -0.500267 -0.0362907 0.86511 -0.454656 0.21257 0.864929 -0.450474 0.223516 0.864358 -0.481689 0.144405 0.864363 -0.376531 -0.33186 0.864924 -0.324144 -0.384332 0.864418 -0.314695 -0.390892 0.864969 -0.463959 -0.191015 0.865018 -0.468945 -0.180949 0.864493 -0.433586 -0.254668 0.864377 -0.0123334 -0.501688 0.864961 0.0597348 -0.499332 0.864349 0.0712144 -0.496827 0.864923 -0.167551 -0.472624 0.865189 -0.177398 -0.46982 0.864754 -0.103826 -0.491707 0.864549 0.362838 -0.34635 0.865096 0.355919 -0.354639 0.864612 0.407581 -0.294299 0.864445 0.233073 -0.444298 0.865029 0.223559 -0.450158 0.864511 0.296402 -0.405502 0.864704 0.500266 0.0362951 0.86511 0.501745 0.0256866 0.864634 0.491013 0.105992 0.86468 0.483966 -0.132925 0.864932 0.454659 -0.212565 0.864929 0.481689 -0.144405 0.864363 0.314691 0.390895 0.864969 0.324144 0.384332 0.864418 0.253704 0.433768 0.864569 0.426757 0.264112 0.864941 0.463957 0.19102 0.865018 0.433586 0.254667 0.864377 -0.0712171 0.496827 0.864923 -0.0597357 0.499332 0.864349 -0.143483 0.481923 0.864386 0.0928687 0.493007 0.865054 0.167548 0.472626 0.865189 0.103826 0.491707 0.864549 -0.413374 0.284466 0.864986 -0.407582 0.294299 0.864445 -0.450474 0.223515 0.864358 -0.304275 0.398648 0.865157 -0.233073 0.444298 0.865029 -0.296401 0.405503 0.864704 -0.487915 -0.116061 0.865141 -0.500266 -0.0362952 0.86511 -0.491013 -0.105993 0.86468 -0.499096 0.0600927 0.86446 -0.483966 0.132925 0.864932 -0.481689 0.144405 0.864363 -0.24379 -0.438434 0.865068 -0.314691 -0.390895 0.864969 -0.253704 -0.433768 0.864569 -0.384911 -0.323637 0.864351 -0.426757 -0.264111 0.864941 -0.433586 -0.254668 0.864377 0.154259 -0.477567 0.864947 0.071218 -0.496826 0.864923 0.143483 -0.481923 0.864386 -0.0238677 -0.502227 0.864406 -0.0928694 -0.493007 0.865054 -0.103826 -0.491707 0.864549 0.454658 -0.212566 0.864929 0.413374 -0.284466 0.864986 0.450474 -0.223515 0.864358 0.355918 -0.354639 0.864612 0.304274 -0.398649 0.865157 0.296401 -0.405503 0.864704 0.468945 0.180948 0.864493 0.487915 0.116061 0.865141 0.491013 0.105993 0.86468 0.501745 0.0256858 0.864634 0.499406 -0.0487396 0.864996 0.499096 -0.0600927 0.86446 0.177399 0.469819 0.864754 0.243789 0.438434 0.865068 0.253704 0.433768 0.864569 0.384911 0.323637 0.864351 0.376527 0.331864 0.864924 0.426757 0.264112 0.864941 -0.223559 0.450158 0.864511 -0.15426 0.477567 0.864947 -0.143483 0.481923 0.864386 0.0238676 0.502227 0.864406 0.0123289 0.501688 0.864961 0.0928686 0.493007 0.865054 -0.355918 0.354639 0.864612 -0.304276 0.398648 0.865157 -0.296401 0.405503 0.864704 -0.233075 0.444298 0.865029 -0.407581 0.294299 0.864445 -0.362839 0.346349 0.865096 -0.413375 0.284465 0.864986 -0.450474 0.223515 0.864358 -0.481689 0.144405 0.864363 -0.454659 0.212564 0.864929 -0.499096 0.0600926 0.86446 -0.483967 0.132924 0.864932 -0.499406 0.0487377 0.864996 -0.501745 -0.0256859 0.864634 -0.491013 -0.105993 0.86468 -0.500266 -0.036298 0.86511 -0.468945 -0.180948 0.864493 -0.487915 -0.116062 0.865141 -0.463956 -0.191022 0.865018 -0.433586 -0.254668 0.864377 -0.384912 -0.323637 0.864351 -0.426756 -0.264113 0.864941 -0.324144 -0.384333 0.864418 -0.376526 -0.331866 0.864924 -0.31469 -0.390896 0.864969 -0.253704 -0.433768 0.864569 -0.177399 -0.469819 0.864754 -0.243788 -0.438435 0.865068 -0.103826 -0.491707 0.864549 -0.167547 -0.472626 0.865189 -0.0928677 -0.493008 0.865054 -0.0238675 -0.502227 0.864406 0.059735 -0.499332 0.864349 -0.0123288 -0.501688 0.864961 0.143483 -0.481923 0.864386 0.071219 -0.496826 0.864923 0.15426 -0.477567 0.864947 0.223559 -0.450158 0.864511 0.296401 -0.405503 0.864704 0.233074 -0.444298 0.865029 0.355918 -0.354639 0.864612 0.304275 -0.398648 0.865157 0.362838 -0.346349 0.865096 0.407581 -0.294299 0.864445 0.450474 -0.223515 0.864358 0.413374 -0.284466 0.864986 0.481689 -0.144405 0.864363 0.454659 -0.212565 0.864929 0.483966 -0.132925 0.864932 0.499096 -0.0600925 0.86446 0.501745 0.0256859 0.864634 0.499406 -0.0487386 0.864996 0.491013 0.105993 0.86468 0.500266 0.0362962 0.86511 0.487915 0.116061 0.865141 0.468945 0.180948 0.864493 0.433586 0.254668 0.864377 0.463957 0.19102 0.865018 0.384912 0.323637 0.864351 0.426757 0.264111 0.864941 0.376527 0.331864 0.864924 0.324144 0.384332 0.864418 0.253704 0.433768 0.864569 0.314691 0.390895 0.864969 0.177399 0.46982 0.864754 0.243789 0.438434 0.865068 0.167548 0.472626 0.865189 0.103826 0.491707 0.864549 0.0238684 0.502227 0.864406 0.0928685 0.493007 0.865054 -0.059735 0.499332 0.864349 0.0123296 0.501688 0.864961 -0.0712182 0.496826 0.864923 -0.143483 0.481923 0.864386 -0.223559 0.450158 0.864511 -0.15426 0.477567 0.864947 -0.296402 0.405502 0.864704 -0.233073 0.444298 0.865029 -0.304275 0.398648 0.865157 -0.355918 0.35464 0.864612 -0.407581 0.294299 0.864445 -0.362838 0.34635 0.865096 -0.450474 0.223515 0.864358 -0.413374 0.284466 0.864986 -0.454659 0.212566 0.864929 -0.481688 0.144405 0.864363 -0.499096 0.0600929 0.86446 -0.483966 0.132925 0.864932 -0.501745 -0.025686 0.864634 -0.499406 0.048739 0.864996 -0.500266 -0.0362963 0.86511 -0.491013 -0.105993 0.86468 -0.468945 -0.180948 0.864493 -0.487915 -0.116061 0.865141 -0.433586 -0.254667 0.864377 -0.463957 -0.19102 0.865018 -0.426757 -0.264112 0.864941 -0.384912 -0.323637 0.864351 -0.324144 -0.384332 0.864418 -0.376527 -0.331864 0.864924 -0.253704 -0.433768 0.864569 -0.314691 -0.390895 0.864969 -0.243789 -0.438434 0.865068 -0.177399 -0.46982 0.864754 -0.103826 -0.491707 0.864549 -0.167548 -0.472626 0.865189 -0.0238679 -0.502227 0.864406 -0.0928688 -0.493007 0.865054 -0.0123296 -0.501688 0.864961 0.0597351 -0.499332 0.864349 0.143483 -0.481923 0.864386 0.0712178 -0.496826 0.864923 0.223559 -0.450158 0.864511 0.154259 -0.477567 0.864947 0.233073 -0.444298 0.865029 0.296402 -0.405502 0.864704 0.355918 -0.354639 0.864612 0.304275 -0.398648 0.865157 0.407581 -0.294299 0.864445 0.362838 -0.34635 0.865096 0.413373 -0.284466 0.864986 0.450474 -0.223516 0.864358 0.481689 -0.144405 0.864363 0.454658 -0.212566 0.864929 0.499096 -0.0600929 0.86446 0.483966 -0.132925 0.864932 0.499406 -0.0487394 0.864996 0.501745 0.025686 0.864634 0.491013 0.105993 0.86468 0.500266 0.0362959 0.86511 0.468945 0.180948 0.864493 0.487915 0.116061 0.865141 0.463957 0.19102 0.865018 0.433586 0.254667 0.864377 0.384912 0.323637 0.864351 0.426757 0.264112 0.864941 0.324144 0.384332 0.864418 0.376527 0.331864 0.864924 0.314691 0.390895 0.864969 0.253704 0.433768 0.864569 0.177399 0.46982 0.864754 0.243789 0.438434 0.865068 0.103826 0.491707 0.864549 0.167548 0.472626 0.865189 0.092869 0.493007 0.865054 0.023868 0.502227 0.864406 -0.0597352 0.499332 0.864349 0.0123298 0.501688 0.864961 -0.143483 0.481923 0.864386 -0.0712174 0.496827 0.864923 -0.154259 0.477567 0.864947 -0.223559 0.450158 0.864511 -0.296402 0.405502 0.864704 -0.233073 0.444298 0.865029 -0.355918 0.35464 0.864612 -0.304275 0.398648 0.865157 -0.362838 0.34635 0.865096 -0.407581 0.294299 0.864445 -0.450474 0.223516 0.864358 -0.413374 0.284466 0.864986 -0.481688 0.144405 0.864363 -0.454658 0.212566 0.864929 -0.483966 0.132925 0.864932 -0.499096 0.0600928 0.86446 -0.501705 -0.0264025 0.864636 -0.499406 0.0487393 0.864996 -0.490747 -0.107246 0.864677 -0.500266 -0.036296 0.86511 -0.487915 -0.116061 0.865141 -0.468219 -0.182837 0.864489 -0.432162 -0.257084 0.864375 -0.463957 -0.19102 0.865018 -0.382588 -0.326379 0.864352 -0.426757 -0.264112 0.864941 -0.314691 -0.390895 0.864969 -0.376527 -0.331864 0.864924 -0.320798 -0.387117 0.864424 -0.243789 -0.438434 0.865068 -0.249325 -0.436278 0.86458 -0.167548 -0.472626 0.865189 -0.0928687 -0.493007 0.865054 -0.172692 -0.471598 0.864739 -0.0979706 -0.49293 0.864535 -0.0123297 -0.501688 0.864961 -0.0169348 -0.502523 0.864398 0.0712177 -0.496826 0.864923 0.154259 -0.477567 0.864947 0.0675316 -0.498339 0.864348 0.151791 -0.479355 0.864395 0.233073 -0.444298 0.865029 0.231931 -0.445867 0.864529 0.304275 -0.398648 0.865157 0.362838 -0.34635 0.865096 0.30436 -0.399508 0.86473 0.362807 -0.34765 0.864587 0.413374 -0.284466 0.864986 0.413931 -0.28535 0.864428 0.454658 -0.212566 0.864929 0.483966 -0.132925 0.864932 0.455711 -0.212655 0.864353 0.485248 -0.131892 0.864372 0.499406 -0.0487391 0.864996 0.500516 -0.0463882 0.864484 0.500138 0.0379644 0.865113 0.48721 0.119027 0.865135 0.500749 0.03998 0.864669 0.488047 0.119174 0.864643 0.462119 0.195451 0.865012 0.463423 0.194777 0.864465 0.42324 0.269724 0.864938 0.370884 0.338154 0.864926 0.425193 0.268487 0.864365 0.373562 0.336658 0.864357 0.306676 0.397195 0.864978 0.310042 0.395741 0.864444 0.233418 0.444009 0.865085 0.15619 0.476542 0.865166 0.237332 0.442856 0.864611 0.161366 0.475657 0.864703 0.0788624 0.495476 0.865034 0.0854917 0.495294 0.864509 -0.00409291 0.501844 0.864948 0.00369678 0.502819 0.864384 -0.0809932 0.496327 0.864349 -0.16486 0.47499 0.86441 -0.0894927 0.493862 0.864923 -0.244001 0.439322 0.864557 -0.173522 0.470884 0.864962 -0.252265 0.433631 0.865059 -0.314929 0.39115 0.864767 -0.322309 0.384122 0.865198 -0.0597349 0.499332 0.864349 -0.0712189 0.496826 0.864923 0.167547 0.472626 0.865189 0.103826 0.491707 0.864549 0.324144 0.384332 0.864418 0.31469 0.390896 0.864969 0.463957 0.19102 0.865018 0.433586 0.254668 0.864377 0.500266 0.0362953 0.86511 0.483966 -0.132925 0.864932 0.481689 -0.144405 0.864363 0.407582 -0.294299 0.864445 0.362838 -0.34635 0.865096 0.233073 -0.444298 0.865029 0.223559 -0.450158 0.864511 0.0597349 -0.499332 0.864349 -0.0123298 -0.501688 0.864961 -0.167548 -0.472626 0.865189 -0.177398 -0.46982 0.864754 -0.324144 -0.384332 0.864418 -0.376527 -0.331864 0.864924 -0.463957 -0.19102 0.865018 -0.468945 -0.180948 0.864493 -0.501745 -0.0256857 0.864634 -0.499406 0.0487396 0.864996 -0.454659 0.212565 0.864929 -0.362838 0.34635 0.865096 -0.355918 0.354639 0.864612 -0.15426 0.477567 0.864947 -0.223559 0.450158 0.864511 0.012329 0.501688 0.864961 0.0238677 0.502227 0.864406 0.24379 0.438434 0.865068 0.177399 0.469819 0.864754 0.376527 0.331865 0.864924 0.384911 0.323637 0.864351 0.468945 0.180948 0.864493 0.487915 0.116061 0.865141 0.499406 -0.0487388 0.864996 0.499096 -0.0600928 0.86446 0.450474 -0.223515 0.864358 0.413374 -0.284466 0.864986 0.304274 -0.398649 0.865157 0.154257 -0.477568 0.864947 0.143482 -0.481923 0.864386 -0.0238669 -0.502227 0.864406 -0.092872 -0.493007 0.865054 -0.243793 -0.438432 0.865068 -0.253704 -0.433768 0.864569 -0.384912 -0.323637 0.864351 -0.42676 -0.264107 0.864941 -0.487916 -0.116055 0.865141 -0.491013 -0.105993 0.86468 -0.483965 0.13293 0.864932 -0.499096 0.0600937 0.86446 -0.407581 0.294299 0.864445 -0.413371 0.284471 0.864986 -0.23307 0.4443 0.865029 -0.296402 0.405502 0.864704 -0.0712134 0.496827 0.864923 0.092872 0.493007 0.865054 0.103826 0.491707 0.864549 0.253704 0.433768 0.864569 0.314693 0.390893 0.864969 0.426758 0.26411 0.864941 0.433587 0.254667 0.864377 0.491013 0.105993 0.86468 0.500266 0.0362959 0.86511 0.483966 -0.132925 0.864932 0.481689 -0.144405 0.864363 0.407582 -0.294298 0.864445 0.362837 -0.34635 0.865096 0.233073 -0.444298 0.865029 0.223559 -0.450158 0.864511 0.0597338 -0.499332 0.864349 -0.0123309 -0.501688 0.864961 -0.167548 -0.472625 0.865189 -0.314691 -0.390895 0.864969 -0.324144 -0.384332 0.864418 -0.433586 -0.254668 0.864377 -0.463956 -0.191021 0.865018 -0.500266 -0.0362959 0.86511 -0.501745 -0.0256855 0.864634 -0.481688 0.144405 0.864363 -0.454659 0.212566 0.864929 -0.362837 0.34635 0.865096 -0.355918 0.35464 0.864612 -0.223561 0.450157 0.864511 -0.15426 0.477567 0.864947 0.0123294 0.501688 0.864961 0.0238679 0.502227 0.864406 0.243789 0.438435 0.865068 0.177398 0.46982 0.864754 0.376526 0.331865 0.864924 0.463957 0.19102 0.865018 0.468946 0.180947 0.864493 0.501745 0.0256855 0.864634 0.499406 -0.0487385 0.864996 0.450474 -0.223516 0.864358 0.454659 -0.212564 0.864929 0.304275 -0.398648 0.865157 0.355919 -0.354639 0.864612 0.143482 -0.481924 0.864386 0.15426 -0.477567 0.864947 -0.0928691 -0.493007 0.865054 -0.023868 -0.502227 0.864406 -0.253704 -0.433768 0.864569 -0.243789 -0.438435 0.865068 -0.384911 -0.323638 0.864351 -0.426757 -0.264112 0.864941 -0.487915 -0.116061 0.865141 -0.499406 0.04874 0.864996 -0.499096 0.0600922 0.86446 -0.450474 0.223516 0.864358 -0.415835 0.28087 0.864982 -0.305403 0.397779 0.865159 -0.296402 0.405502 0.864704 -0.143483 0.481923 0.864386 -0.0736711 0.496469 0.864923 0.0886521 0.493794 0.865048 0.103826 0.491707 0.864549 0.253704 0.433768 0.864569 0.314509 0.391041 0.864969 0.424854 0.267169 0.864939 0.433587 0.254666 0.864377 0.491013 0.105993 0.86468 0.500223 0.0368643 0.865111 0.48528 -0.12811 0.864922 0.498937 -0.0534082 0.864991 0.425961 -0.265436 0.864928 0.331054 -0.376778 0.865125 0.296402 -0.405502 0.864704 0.143482 -0.481924 0.864386 0.122925 -0.486782 0.864831 0.0597353 -0.499332 0.864349 -0.103826 -0.491707 0.864549 -0.107345 -0.490248 0.864947 -0.384911 -0.323638 0.864351 -0.322939 -0.38453 0.864781 -0.381303 -0.32691 0.864718 -0.177399 -0.469819 0.864754 -0.180183 -0.468182 0.865066 -0.428973 -0.261225 0.864722 -0.500948 -0.0319884 0.864886 -0.491013 -0.105993 0.86468 -0.488689 -0.114376 0.864928 -0.400398 0.303943 0.864465 -0.484772 0.131945 0.864631 -0.480457 0.148466 0.864361 -0.200416 0.461013 0.864465 -0.375805 0.333173 0.864735 -0.254415 0.433035 0.864727 0.0584401 0.499147 0.864544 -0.365242 0.344929 -0.864652 -0.335486 0.372961 -0.865072 -0.385589 0.320564 -0.865194 -0.183919 -0.466799 -0.865028 -0.112687 -0.488694 -0.865147 -0.147542 -0.480366 -0.864569 -0.253753 -0.432981 -0.864949 -0.222225 -0.450995 -0.864418 -0.293756 -0.408173 -0.864351 0.256203 -0.432663 -0.864386 0.200665 -0.460042 -0.864925 0.270492 -0.422683 -0.86497 -0.0367078 -0.500235 -0.865111 0.0440586 -0.499832 -0.865001 0.0124282 -0.502395 -0.864549 -0.377398 -0.3308 -0.864952 -0.31923 -0.3873 -0.864922 -0.358547 -0.352557 -0.864377 -0.0725085 -0.496934 -0.864754 0.0980325 -0.493144 -0.864406 0.124247 -0.486259 -0.864936 0.377845 -0.330937 -0.864704 0.331612 -0.376429 -0.865064 0.382797 -0.323893 -0.865194 0.180466 -0.469397 -0.864349 0.322531 -0.38548 -0.864511 0.426829 -0.265073 -0.864612 0.429397 -0.259368 -0.86507 0.465719 -0.186885 -0.864974 0.466005 -0.18861 -0.864445 0.489858 -0.109281 -0.864926 0.491486 -0.106431 -0.864358 0.502374 -0.0222831 -0.864363 0.501007 -0.029686 -0.864934 0.499096 0.0600931 -0.86446 0.499406 0.0487392 -0.864996 0.483223 0.137491 -0.864634 0.486226 0.123205 -0.865104 0.455565 0.211633 -0.86468 -0.124244 0.48626 -0.864936 -0.180467 0.469396 -0.864349 -0.0980324 0.493144 -0.864406 0.425726 0.26547 -0.865034 0.413308 0.286057 -0.864493 0.462456 0.194013 -0.865155 0.358548 0.352557 -0.864377 0.377398 0.330799 -0.864952 0.31923 0.3873 -0.864922 0.293756 0.408173 -0.864351 0.253754 0.43298 -0.864949 -0.0440558 0.499832 -0.865001 0.222225 0.450995 -0.864418 0.0725086 0.496934 -0.864754 0.11269 0.488693 -0.865147 0.0367105 0.500235 -0.865111 -0.0124281 0.502395 -0.864549 0.147541 0.480366 -0.864569 0.18392 0.466798 -0.865028 -0.256203 0.432663 -0.864386 -0.200663 0.460042 -0.864925 -0.270489 0.422685 -0.86497 -0.331609 0.376431 -0.865064 -0.382794 0.323896 -0.865194 -0.377845 0.330937 -0.864704 -0.322531 0.38548 -0.864511 -0.429395 0.259371 -0.86507 -0.466005 0.18861 -0.864445 -0.426829 0.265073 -0.864612 -0.489857 0.109285 -0.864926 -0.491486 0.106431 -0.864358 -0.465718 0.186888 -0.864974 -0.499096 -0.060093 -0.86446 -0.502374 0.0222823 -0.864363 -0.501007 0.0296913 -0.864934 -0.483223 -0.137491 -0.864634 -0.485246 -0.126966 -0.86511 -0.455565 -0.211634 -0.86468 -0.499406 -0.048734 -0.864996 -0.459169 -0.201729 -0.865141 -0.418835 -0.276264 -0.865018 -0.413308 -0.286057 -0.864493 0.322531 -0.38548 -0.864511 0.313343 -0.391842 -0.865029 0.377845 -0.330937 -0.864704 0.0980332 -0.493144 -0.864406 0.0865386 -0.494322 -0.864961 0.180467 -0.469396 -0.864349 -0.358548 -0.352556 -0.864377 -0.222225 -0.450996 -0.864418 -0.293756 -0.408173 -0.864351 -0.302594 -0.400429 -0.864924 -0.365897 -0.343505 -0.864941 -0.23203 -0.444962 -0.864969 -0.147541 -0.480366 -0.864569 -0.0824889 -0.494614 -0.865189 0.00141448 -0.501676 -0.865054 0.012428 -0.502395 -0.864549 -0.0725087 -0.496934 -0.864754 -0.157692 -0.476226 -0.865068 0.169141 -0.472546 -0.864923 0.256203 -0.432663 -0.864386 0.245683 -0.437614 -0.864947 0.370324 -0.338178 -0.865157 0.426829 -0.265073 -0.864612 0.420347 -0.273712 -0.865096 0.466005 -0.18861 -0.864445 0.460759 -0.198746 -0.864986 0.491486 -0.10643 -0.864358 0.499096 0.0600929 -0.86446 0.502374 -0.0222824 -0.864363 0.500745 -0.033873 -0.864932 0.487923 -0.1176 -0.864929 -0.426829 0.265073 -0.864612 -0.420345 0.273714 -0.865096 -0.466005 0.18861 -0.864445 0.483223 0.137491 -0.864634 0.499406 0.0487392 -0.864996 0.485245 0.126971 -0.86511 0.455565 0.211633 -0.86468 0.459167 0.201734 -0.865141 0.413308 0.286057 -0.864493 -0.0980327 0.493144 -0.864406 -0.00141664 0.501676 -0.865054 -0.0865407 0.494322 -0.864961 0.157689 0.476227 -0.865068 0.147542 0.480366 -0.864569 0.232027 0.444964 -0.864969 0.365894 0.343508 -0.864941 0.293756 0.408173 -0.864351 0.358548 0.352556 -0.864377 0.418832 0.276268 -0.865018 0.302591 0.400431 -0.864924 0.222225 0.450995 -0.864418 -0.0124284 0.502395 -0.864549 0.082486 0.494614 -0.865189 0.0725092 0.496934 -0.864754 -0.180466 0.469396 -0.864349 -0.169142 0.472546 -0.864923 -0.256203 0.432663 -0.864386 -0.313344 0.391842 -0.865029 -0.322531 0.38548 -0.864511 -0.245685 0.437613 -0.864947 -0.426829 0.265073 -0.864612 -0.377845 0.330937 -0.864704 -0.370324 0.338177 -0.865157 -0.420347 0.273711 -0.865096 -0.466005 0.18861 -0.864445 -0.460759 0.198746 -0.864986 -0.491486 0.106431 -0.864358 -0.487923 0.1176 -0.864929 -0.502374 0.0222829 -0.864363 -0.500744 0.0338736 -0.864932 0.459168 0.201733 -0.865141 0.413308 0.286056 -0.864493 0.455565 0.211633 -0.86468 -0.499096 -0.0600929 -0.86446 -0.483223 -0.137491 -0.864634 -0.499406 -0.0487381 -0.864996 -0.485245 -0.12697 -0.86511 -0.459168 -0.201733 -0.865141 -0.455565 -0.211633 -0.86468 0.322531 -0.38548 -0.864511 0.313344 -0.391841 -0.865029 0.377845 -0.330937 -0.864704 -0.413308 -0.286057 -0.864493 -0.418833 -0.276267 -0.865018 -0.358548 -0.352556 -0.864377 -0.0824861 -0.494614 -0.865189 0.00141655 -0.501676 -0.865054 0.0124283 -0.502395 -0.864549 -0.365895 -0.343508 -0.864941 -0.302591 -0.400431 -0.864924 -0.222225 -0.450995 -0.864418 -0.293756 -0.408173 -0.864351 -0.147542 -0.480366 -0.864569 -0.157689 -0.476227 -0.865068 -0.0725089 -0.496934 -0.864754 -0.232028 -0.444964 -0.864969 0.0865411 -0.494321 -0.864961 0.0980326 -0.493144 -0.864406 0.180466 -0.469396 -0.864349 0.169142 -0.472546 -0.864923 0.245685 -0.437613 -0.864947 0.256203 -0.432663 -0.864386 0.460759 -0.198746 -0.864986 0.466005 -0.18861 -0.864445 0.420347 -0.273711 -0.865096 0.426829 -0.265074 -0.864612 0.370324 -0.338177 -0.865157 -0.491486 0.106431 -0.864358 -0.460758 0.198749 -0.864986 0.499406 0.0487386 -0.864996 0.483223 0.137491 -0.864634 0.499096 0.0600928 -0.86446 0.502374 -0.022283 -0.864363 0.500744 -0.0338731 -0.864932 0.491486 -0.106431 -0.864358 0.487923 -0.117599 -0.864929 -0.322531 0.38548 -0.864511 -0.313341 0.391843 -0.865029 -0.377845 0.330937 -0.864704 0.365895 0.343507 -0.864941 0.293756 0.408173 -0.864351 0.358548 0.352556 -0.864377 0.418833 0.276267 -0.865018 0.485245 0.12697 -0.86511 -0.0124282 0.502395 -0.864549 -0.00141469 0.501676 -0.865054 -0.0980325 0.493144 -0.864406 -0.245682 0.437615 -0.864947 -0.256202 0.432663 -0.864386 -0.16914 0.472547 -0.864923 0.0824878 0.494614 -0.865189 0.072509 0.496934 -0.864754 0.15769 0.476226 -0.865068 0.302592 0.40043 -0.864924 0.222225 0.450995 -0.864418 0.147542 0.480366 -0.864569 0.232028 0.444963 -0.864969 -0.0865388 0.494322 -0.864961 -0.180466 0.469396 -0.864349 -0.370322 0.338179 -0.865157 -0.487922 0.117603 -0.864929 -0.502374 0.0222828 -0.864363 -0.500744 0.0338771 -0.864932 -0.499096 -0.0600927 -0.86446 -0.483042 -0.138113 -0.864636 -0.499406 -0.0487343 -0.864996 0.432534 -0.254348 -0.864998 0.432462 -0.255864 -0.864587 0.383146 -0.323611 -0.865144 -0.486014 -0.124029 -0.865105 -0.461748 -0.195706 -0.865152 -0.454967 -0.212931 -0.864677 -0.106136 -0.490136 -0.86516 -0.0668926 -0.497747 -0.864739 -0.143123 -0.481682 -0.86458 -0.42424 -0.267849 -0.86503 -0.374913 -0.33362 -0.86495 -0.315623 -0.390245 -0.864922 -0.356515 -0.354618 -0.864375 -0.412072 -0.287845 -0.864489 -0.0283844 -0.500799 -0.865098 -0.388969 0.317227 -0.86491 -0.39115 0.314929 -0.864767 -0.334963 0.374199 -0.86474 -0.178177 -0.469005 -0.865036 -0.218504 -0.452799 -0.864424 -0.249023 -0.435711 -0.864953 -0.29086 -0.41024 -0.864352 0.130138 -0.484743 -0.864921 0.203245 -0.458954 -0.8649 0.1878 -0.466512 -0.864348 0.263357 -0.428328 -0.864395 -0.338535 0.371396 -0.864557 0.0189299 -0.502215 -0.864535 0.105138 -0.491693 -0.864398 0.0534075 -0.498937 -0.864991 -0.27184 0.422507 -0.864633 -0.200847 0.460575 -0.864599 -0.274482 0.421253 -0.86441 -0.200324 0.461271 -0.864349 -0.12343 0.486996 -0.864639 0.275815 -0.419296 -0.864938 -0.118568 0.488653 -0.864384 0.337851 -0.370918 -0.86503 0.383598 -0.324181 -0.86473 0.32913 -0.379819 -0.864529 -0.0421231 0.500441 -0.864745 0.11939 0.487507 -0.864918 0.0534814 0.499428 -0.864703 0.131137 0.485027 -0.864611 0.206671 0.458284 -0.864444 0.27975 0.417884 -0.864357 0.260174 0.42961 -0.864722 0.0412212 0.500238 -0.864906 -0.0326619 0.501556 -0.864509 0.501271 -0.0286558 -0.864816 0.49394 -0.0944345 -0.864353 0.490386 -0.107719 -0.864823 0.499334 0.0516117 -0.864871 0.502761 -0.00961561 -0.864372 0.467864 -0.181871 -0.864885 0.497352 0.0728622 -0.864484 0.462685 0.194007 -0.865034 0.479475 0.149837 -0.864669 0.486346 0.123632 -0.864975 0.191449 0.464202 -0.864791 0.346708 0.364236 -0.864365 0.404063 0.299053 -0.864465 0.379243 0.329156 -0.864772 0.323354 0.384327 -0.864717 0.426115 0.26534 -0.864882 0.449087 0.225195 -0.864643 0.470263 -0.177809 -0.864428 -0.413308 -0.286056 -0.864493 -0.455565 -0.211633 -0.86468 -0.425725 -0.265471 -0.865034 -0.462456 -0.194013 -0.865155 -0.486226 -0.123205 -0.865104 -0.499406 -0.0487384 -0.864996 -0.483223 -0.137491 -0.864634 -0.499096 -0.0600924 -0.86446 -0.501007 0.0296859 -0.864934 -0.502374 0.022283 -0.864363 -0.489858 0.109281 -0.864926 -0.465719 0.186884 -0.864974 -0.491486 0.106431 -0.864358 -0.466005 0.18861 -0.864445 -0.429397 0.259368 -0.86507 -0.426829 0.265074 -0.864612 -0.382796 0.323894 -0.865194 -0.331612 0.376428 -0.865064 -0.377845 0.330937 -0.864704 -0.322531 0.38548 -0.864511 -0.270491 0.422684 -0.86497 -0.256202 0.432664 -0.864386 -0.200666 0.460041 -0.864925 -0.180467 0.469396 -0.864349 -0.124247 0.486259 -0.864936 -0.0980326 0.493144 -0.864406 -0.0440596 0.499831 -0.865001 0.0367085 0.500235 -0.865111 -0.0124274 0.502395 -0.864549 0.0725084 0.496934 -0.864754 0.112688 0.488694 -0.865147 0.147542 0.480366 -0.864569 0.183918 0.466799 -0.865028 0.253753 0.432981 -0.864949 0.222226 0.450995 -0.864418 0.293756 0.408173 -0.864351 0.319229 0.387301 -0.864922 0.358548 0.352556 -0.864377 0.377398 0.3308 -0.864952 0.425726 0.26547 -0.865034 0.413309 0.286056 -0.864493 0.455565 0.211633 -0.86468 0.462456 0.194014 -0.865155 0.486226 0.123205 -0.865104 0.483223 0.137491 -0.864634 0.499096 0.0600933 -0.86446 0.499406 0.0487377 -0.864996 0.502374 -0.0222829 -0.864363 0.501007 -0.0296866 -0.864934 0.489858 -0.10928 -0.864926 0.491486 -0.106432 -0.864358 0.466005 -0.18861 -0.864445 0.465719 -0.186884 -0.864974 0.426829 -0.265074 -0.864612 0.429397 -0.259368 -0.86507 0.382796 -0.323894 -0.865194 0.377845 -0.330938 -0.864704 0.322531 -0.38548 -0.864511 0.331611 -0.376429 -0.865064 0.256202 -0.432664 -0.864386 0.270492 -0.422684 -0.86497 0.200666 -0.460041 -0.864925 0.180465 -0.469397 -0.864349 0.0980327 -0.493144 -0.864406 0.124246 -0.48626 -0.864936 0.0124274 -0.502395 -0.864549 0.0440579 -0.499832 -0.865001 -0.0367085 -0.500235 -0.865111 -0.0725084 -0.496934 -0.864754 -0.147542 -0.480366 -0.864569 -0.112688 -0.488694 -0.865147 -0.222226 -0.450995 -0.864418 -0.183918 -0.466799 -0.865028 -0.253753 -0.432981 -0.864949 -0.293756 -0.408173 -0.864351 -0.358548 -0.352556 -0.864377 -0.31923 -0.3873 -0.864922 -0.413308 -0.286056 -0.864493 -0.377398 -0.3308 -0.864952 -0.425725 -0.265471 -0.865034 -0.455565 -0.211633 -0.86468 -0.486227 -0.123203 -0.865104 -0.462456 -0.194013 -0.865155 -0.483223 -0.137491 -0.864634 -0.499406 -0.0487377 -0.864996 -0.500744 0.0338745 -0.864932 -0.499097 -0.0600917 -0.86446 -0.502374 0.0222828 -0.864363 -0.487923 0.1176 -0.864929 -0.491486 0.106432 -0.864358 -0.460759 0.198747 -0.864986 -0.420347 0.273711 -0.865096 -0.466005 0.18861 -0.864445 -0.426829 0.265074 -0.864612 -0.370324 0.338177 -0.865157 -0.377845 0.330938 -0.864704 -0.313343 0.391842 -0.865029 -0.245685 0.437613 -0.864947 -0.322531 0.38548 -0.864511 -0.256202 0.432663 -0.864386 -0.169142 0.472546 -0.864923 -0.180465 0.469397 -0.864349 -0.0865399 0.494322 -0.864961 -0.00141669 0.501676 -0.865054 -0.0980328 0.493144 -0.864406 -0.0124275 0.502395 -0.864549 0.0824868 0.494614 -0.865189 0.07251 0.496934 -0.864754 0.157689 0.476227 -0.865068 0.232027 0.444964 -0.864969 0.147542 0.480366 -0.864569 0.222226 0.450995 -0.864418 0.302592 0.400431 -0.864924 0.293757 0.408172 -0.864351 0.365894 0.343508 -0.864941 0.418832 0.276268 -0.865018 0.358548 0.352556 -0.864377 0.413308 0.286056 -0.864493 0.459168 0.201733 -0.865141 0.455565 0.211633 -0.86468 0.485245 0.12697 -0.86511 0.499406 0.0487379 -0.864996 0.483223 0.137491 -0.864634 0.499097 0.0600918 -0.86446 0.500744 -0.0338742 -0.864932 0.502374 -0.0222827 -0.864363 0.487923 -0.117599 -0.864929 0.460759 -0.198746 -0.864986 0.491486 -0.106431 -0.864358 0.466005 -0.188611 -0.864445 0.420347 -0.273712 -0.865096 0.426829 -0.265074 -0.864612 0.370324 -0.338177 -0.865157 0.313343 -0.391842 -0.865029 0.377845 -0.330937 -0.864704 0.32253 -0.385481 -0.864511 0.245683 -0.437614 -0.864947 0.256202 -0.432663 -0.864386 0.169142 -0.472546 -0.864923 0.08654 -0.494322 -0.864961 0.180465 -0.469397 -0.864349 0.0980328 -0.493144 -0.864406 0.00141497 -0.501676 -0.865054 0.0124276 -0.502395 -0.864549 -0.0824867 -0.494614 -0.865189 -0.15769 -0.476226 -0.865068 -0.0725099 -0.496934 -0.864754 -0.147542 -0.480366 -0.864569 -0.232029 -0.444963 -0.864969 -0.222226 -0.450995 -0.864418 -0.302592 -0.400431 -0.864924 -0.365896 -0.343507 -0.864941 -0.293757 -0.408172 -0.864351 -0.358548 -0.352556 -0.864377 -0.418833 -0.276266 -0.865018 -0.413308 -0.286056 -0.864493 -0.459168 -0.201733 -0.865141 -0.485245 -0.126969 -0.86511 -0.455566 -0.211632 -0.86468 -0.483223 -0.137491 -0.864634 -0.499406 -0.0487379 -0.864996 -0.499097 -0.0600918 -0.86446 -0.500744 0.0338743 -0.864932 -0.487923 0.117601 -0.864929 -0.502374 0.0222826 -0.864363 -0.491486 0.106431 -0.864358 -0.460759 0.198746 -0.864986 -0.466005 0.188611 -0.864445 -0.420347 0.273712 -0.865096 -0.370324 0.338177 -0.865157 -0.426829 0.265073 -0.864612 -0.377845 0.330937 -0.864704 -0.313343 0.391842 -0.865029 -0.32253 0.385481 -0.864511 -0.245683 0.437614 -0.864947 -0.169142 0.472546 -0.864923 -0.256202 0.432663 -0.864386 -0.180465 0.469397 -0.864349 -0.08654 0.494322 -0.864961 -0.0980312 0.493145 -0.864406 -0.0014168 0.501676 -0.865054 0.0824867 0.494614 -0.865189 -0.0124277 0.502395 -0.864549 0.0725099 0.496934 -0.864754 0.15769 0.476226 -0.865068 0.147543 0.480366 -0.864569 0.232027 0.444964 -0.864969 0.302592 0.400431 -0.864924 0.222226 0.450995 -0.864418 0.293757 0.408173 -0.864351 0.365894 0.343508 -0.864941 0.358548 0.352556 -0.864377 0.418832 0.276268 -0.865018 0.459168 0.201733 -0.865141 0.413308 0.286056 -0.864493 0.455566 0.211632 -0.86468 0.485245 0.12697 -0.86511 0.483223 0.137491 -0.864634 0.499406 0.048738 -0.864996 0.500745 -0.0338724 -0.864932 0.499097 0.0600919 -0.86446 0.502374 -0.0222826 -0.864363 0.487923 -0.117599 -0.864929 0.491486 -0.106431 -0.864358 0.460759 -0.198746 -0.864986 0.420348 -0.27371 -0.865096 0.466005 -0.188611 -0.864445 0.426829 -0.265073 -0.864612 0.370324 -0.338177 -0.865157 0.377845 -0.330937 -0.864704 0.313344 -0.391841 -0.865029 0.245685 -0.437613 -0.864947 0.322531 -0.38548 -0.864511 0.256203 -0.432663 -0.864386 0.169142 -0.472546 -0.864923 0.180466 -0.469397 -0.864349 0.0865419 -0.494321 -0.864961 0.00141687 -0.501676 -0.865054 0.098033 -0.493144 -0.864406 0.0124278 -0.502395 -0.864549 -0.0824849 -0.494615 -0.865189 -0.072508 -0.496934 -0.864754 -0.157688 -0.476227 -0.865068 -0.232027 -0.444964 -0.864969 -0.147542 -0.480366 -0.864569 -0.222224 -0.450996 -0.864418 -0.30259 -0.400432 -0.864924 -0.293755 -0.408174 -0.864351 -0.365894 -0.343508 -0.864941 -0.418832 -0.276268 -0.865018 -0.358548 -0.352556 -0.864377 -0.413307 -0.286058 -0.864493 -0.459167 -0.201735 -0.865141 -0.455565 -0.211633 -0.86468 -0.485245 -0.126971 -0.86511 -0.499406 -0.048738 -0.864996 -0.483222 -0.137492 -0.864634 -0.499096 -0.0600937 -0.86446 -0.500745 0.0338723 -0.864932 -0.502374 0.0222825 -0.864363 -0.487923 0.117599 -0.864929 -0.46076 0.198745 -0.864986 -0.491486 0.106429 -0.864358 -0.466005 0.188609 -0.864445 -0.420348 0.27371 -0.865096 -0.426829 0.265073 -0.864612 -0.370324 0.338177 -0.865157 -0.313345 0.391841 -0.865029 -0.377846 0.330936 -0.864704 -0.322531 0.38548 -0.864511 -0.245685 0.437613 -0.864947 -0.256203 0.432663 -0.864386 -0.169142 0.472546 -0.864923 -0.086542 0.494321 -0.864961 -0.180467 0.469396 -0.864349 -0.0980331 0.493144 -0.864406 -0.00141707 0.501676 -0.865054 -0.0124279 0.502395 -0.864549 0.0824864 0.494614 -0.865189 0.157688 0.476227 -0.865068 0.0725079 0.496934 -0.864754 0.147542 0.480366 -0.864569 0.232027 0.444964 -0.864969 0.222224 0.450996 -0.864418 0.30259 0.400432 -0.864924 0.365894 0.343508 -0.864941 0.293755 0.408174 -0.864351 0.358548 0.352556 -0.864377 0.418832 0.276268 -0.865018 0.413307 0.286058 -0.864493 0.459167 0.201735 -0.865141 0.485245 0.126971 -0.86511 0.455565 0.211634 -0.86468 0.483223 0.137491 -0.864634 0.499406 0.0487383 -0.864996 0.499096 0.0600938 -0.86446 0.500745 -0.0338721 -0.864932 0.487923 -0.117599 -0.864929 0.502374 -0.0222824 -0.864363 0.491486 -0.106431 -0.864358 0.46076 -0.198744 -0.864986 0.466005 -0.188609 -0.864445 0.420348 -0.27371 -0.865096 0.370325 -0.338176 -0.865157 0.426829 -0.265073 -0.864612 0.377846 -0.330936 -0.864704 0.313345 -0.391841 -0.865029 0.322531 -0.38548 -0.864511 0.245685 -0.437613 -0.864947 0.169144 -0.472545 -0.864923 0.256203 -0.432663 -0.864386 0.180467 -0.469396 -0.864349 0.0865421 -0.494321 -0.864961 0.0980332 -0.493144 -0.864406 0.00141894 -0.501676 -0.865054 -0.0824846 -0.494615 -0.865189 0.012428 -0.502395 -0.864549 -0.0725079 -0.496934 -0.864754 -0.157688 -0.476227 -0.865068 -0.147541 -0.480366 -0.864569 -0.232025 -0.444965 -0.864969 -0.30259 -0.400432 -0.864924 -0.222226 -0.450995 -0.864418 -0.293755 -0.408174 -0.864351 -0.365893 -0.34351 -0.864941 -0.358548 -0.352556 -0.864377 -0.418831 -0.276269 -0.865018 -0.459166 -0.201736 -0.865141 -0.413307 -0.286058 -0.864493 -0.455565 -0.211634 -0.86468 -0.485244 -0.126972 -0.86511 -0.483223 -0.137491 -0.864634 -0.499406 -0.0487399 -0.864996 -0.50106 0.0287666 -0.864934 -0.499096 -0.0600938 -0.86446 -0.502178 0.0264311 -0.864361 -0.490263 0.107452 -0.864926 -0.489612 0.114706 -0.864362 -0.466767 0.184264 -0.864971 -0.431321 0.256173 -0.865065 -0.461021 0.200398 -0.864465 -0.417626 0.279224 -0.864652 -0.303957 0.400387 -0.864465 -0.275777 0.419242 -0.864976 -0.230945 0.446701 -0.864362 -0.148484 0.480451 -0.864361 -0.207429 0.457028 -0.864927 -0.132416 0.484105 -0.864932 -0.0534072 0.498937 -0.864991 -0.0601104 0.499094 -0.86446 -0.0488137 0.499403 -0.864994 -0.583478 0.812129 0 -0.707107 0.707107 0 -0.707107 0.707107 0 -0.115143 0.993349 0 -0.281868 0.959453 0 -0.281868 0.959453 0 -0.440111 0.897944 0 -0.583478 0.812129 0 -0.440111 0.897944 0 0.215153 0.97658 0 0.369095 0.929392 0 0.215153 0.97658 0 -0.115143 0.993349 0 0.0528375 0.998603 0 0.0528375 0.998603 0 0.773353 0.633976 0 0.654568 0.756003 0 0.773353 0.633976 0 0.654568 0.756003 0 0.517705 0.855559 0 0.517705 0.855559 0 0.98176 0.190125 0 0.938613 0.344973 0 0.938613 0.344973 0 0.869001 0.49481 0 0.869001 0.49481 0 0.989899 -0.141776 0 0.951503 -0.30764 0 0.989899 -0.141776 0 0.98176 0.190125 0 0.999649 0.0264777 0 0.999649 0.0264777 0 0.415929 -0.909397 0 0.562014 -0.827128 0 0.562014 -0.827128 0 0.796648 -0.604444 0 0.885878 -0.463918 0 0.885878 -0.463918 0 0.415929 -0.909397 0 0.689017 -0.724746 0 -0.0790538 -0.99687 0 -0.0790538 -0.99687 0 0.0884781 -0.996078 0 0.255878 -0.966709 0 0.0884781 -0.996078 0 0.255878 -0.966709 0 -0.540304 -0.84147 0 -0.393097 -0.919497 0 -0.540304 -0.84147 0 -0.239884 -0.970801 0 -0.239884 -0.970801 0 -0.393097 -0.919497 0 -0.674707 -0.738086 0 -0.674707 -0.738086 0 -0.881787 -0.471648 0 -0.947161 -0.320759 0 -0.947161 -0.320759 0 -0.790119 -0.612953 0 -0.881787 -0.471648 0 -0.79012 -0.612953 0 -0.986324 -0.164821 0 -0.986324 -0.164821 0 -1 1.74846e-07 0 -1 -3.01992e-07 0 0.796648 -0.604444 0 0.689017 -0.724745 0 0.951503 -0.30764 0 0.369095 0.929392 0 -1 -4.3908e-05 -0 -1 -4.3908e-05 -0 -1 -4.3908e-05 -0 -1 -4.3908e-05 -0 0.707107 0.707107 0 0.707107 0.707107 0 0.707107 0.707107 0 0.707107 0.707107 0 0.707107 0.707107 0 -0.707107 -3.09086e-08 -0.707107 -0.697413 -0.116684 -0.707107 -0.697463 -0.116386 -0.707107 -0.622496 -0.335409 -0.707107 -0.668794 -0.229597 -0.707107 -0.668835 -0.229476 -0.707107 -0.394394 -0.586901 -0.707107 -0.47891 -0.520235 -0.707107 -0.483189 -0.516264 -0.707107 -0.559967 -0.431783 -0.707107 -0.558007 -0.434314 -0.707107 -0.621882 -0.336546 -0.707107 -0.173585 -0.68547 -0.707107 -0.0816132 -0.702381 -0.707107 -0.0583924 -0.704692 -0.707107 -0.284042 -0.64755 -0.707107 -0.296132 -0.642111 -0.707107 -0.191028 -0.680815 -0.707107 0.342813 -0.618449 -0.707107 0.386751 -0.591966 -0.707107 0.284041 -0.64755 -0.707107 0.138488 -0.693413 -0.707107 0.173584 -0.68547 -0.707107 0.0583925 -0.704692 -0.707107 0.513008 -0.486645 -0.707107 0.580495 -0.403764 -0.707107 0.558007 -0.434314 -0.707107 0.47891 -0.520235 -0.707107 0.634566 -0.311972 -0.707107 0.621882 -0.336546 -0.707107 0.668794 -0.229597 -0.707107 0.674097 -0.213527 -0.707107 0.698357 -0.110895 -0.707107 0.697463 -0.116386 -0.707107 0.707107 8.43216e-09 -0.707107 0.707077 -0.00644803 -0.707107 0.707107 8.43216e-09 -0.707107 0.433171 -0.558895 -0.707107 0.0291498 -0.706506 -0.707107 0.243854 -0.663728 -0.707107 -0.386751 -0.591966 -0.707107 -0.707107 -3.09086e-08 -0.707107 0 0 1 0 0 1 0 0 1 0 0 1 0 0 1 0 0 1 0 0 1 0 0 1 0 0 1 0 0 1 0 0 1 0 0 1 0 0 1 0 0 1 0 0 1 0 0 1 0 0 1 0 0 1 0 0 1 0 0 1 0 0 1 0 0 1 0 0 1 0 0 1 0 0 1 0 0 1 0 0 1 0 0 1 0 0 1 0 0 1 0 0 1 0 0 1 0 0 1 0 0 1 0 0 1 0 0 1 0 0 1 0 0 1 0.986361 -0.164595 0 1 -4.37114e-08 0 1 -4.37114e-08 0 0.789141 -0.614213 0 0.879474 -0.475947 0 0.879474 -0.475947 0 0.945817 -0.3247 0 0.986361 -0.164595 0 0.945817 -0.3247 0 0.546948 -0.837166 0 0.401695 -0.915773 0 0.546948 -0.837166 0 0.789141 -0.614213 0 0.677282 -0.735724 0 0.677282 -0.735724 0 0.0825793 -0.996584 0 0.0825793 -0.996584 0 -0.0825795 -0.996584 -0 0.245486 -0.9694 0 0.401695 -0.915773 0 0.245486 -0.9694 0 -0.546948 -0.837166 -0 -0.401695 -0.915773 -0 -0.401695 -0.915773 -0 -0.245486 -0.9694 -0 -0.245486 -0.9694 -0 -0.0825795 -0.996584 -0 -0.789141 -0.614213 -0 -0.789141 -0.614213 -0 -0.677281 -0.735724 -0 -0.546948 -0.837166 -0 -0.677281 -0.735724 -0 -0.879474 -0.475947 -0 -0.879474 -0.475947 -0 -0.945817 -0.3247 -0 -0.945817 -0.3247 -0 -0.986361 -0.164595 -0 -0.986361 -0.164595 -0 -1 1.19249e-08 0 -1 1.19249e-08 0 -0.529919 6.31922e-09 -0.848048 -0.524001 -0.0789803 -0.848048 -0.529919 6.31922e-09 -0.848048 0.529919 -2.31635e-08 -0.848048 0.524001 -0.0789803 -0.848048 -0.506376 -0.156196 -0.848048 -0.477441 -0.229923 -0.848048 -0.43784 -0.298514 -0.848048 -0.388458 -0.360437 -0.848048 -0.330399 -0.414308 -0.848048 -0.26496 -0.458924 -0.848048 -0.193601 -0.493288 -0.848048 -0.117918 -0.516633 -0.848048 -0.0396009 -0.528437 -0.848048 0.117918 -0.516633 -0.848048 0.039601 -0.528437 -0.848048 0.193601 -0.493288 -0.848048 0.330399 -0.414308 -0.848048 0.26496 -0.458924 -0.848048 0.43784 -0.298514 -0.848048 0.388458 -0.360437 -0.848048 0.506376 -0.156196 -0.848048 0.477441 -0.229923 -0.848048 1.82713e-16 0 1 1.82713e-16 0 1 1.82713e-16 0 1 1.82713e-16 0 1 1.82713e-16 0 1 1.82713e-16 0 1 1.82713e-16 0 1 1.82713e-16 0 1 1.82713e-16 0 1 1.82713e-16 0 1 1.82713e-16 0 1 1.82713e-16 0 1 1.82713e-16 0 1 1.82713e-16 0 1 1.82713e-16 0 1 1.82713e-16 0 1 1.82713e-16 0 1 1.82713e-16 0 1 1.82713e-16 0 1 1.82713e-16 0 1 1.82713e-16 0 1 1.82713e-16 0 1 1.82713e-16 0 1 1.82713e-16 0 1 1.82713e-16 0 1 1.82713e-16 0 1 1.82713e-16 0 1 1.82713e-16 0 1 1.82713e-16 0 1 1.82713e-16 0 1 1.82713e-16 0 1 1.82713e-16 0 1 1.82713e-16 0 1 1.82713e-16 0 1 1.82713e-16 0 1 1.82713e-16 0 1 1.82713e-16 0 1 1.82713e-16 0 1 1.82713e-16 0 1 1.82713e-16 0 1 1.82713e-16 0 1 1.82713e-16 0 1 1.82713e-16 0 1 1.82713e-16 0 1 1.82713e-16 0 1 1.82713e-16 0 1 1.82713e-16 0 1 1.82713e-16 0 1 -0.39597 0.902722 -0.168229 -0.539153 0.825235 -0.168229 -0.546948 0.837166 8.74228e-08 0.826793 0.283838 -0.485643 0.737737 0.253265 -0.62578 0.768798 0.416053 -0.485643 0.351145 0.80053 -0.485643 0.478119 0.731815 -0.485643 0.426619 0.652989 -0.62578 0.685989 0.371239 -0.62578 0.663608 -7.91345e-09 -0.74808 0.528302 -6.29994e-09 -0.849057 0.522401 0.0787392 -0.849057 0.627652 0.215473 -0.74808 0.654558 0.109226 -0.74808 0.504831 0.15572 -0.849057 0.667629 0.725238 -0.168229 0.539153 0.825235 -0.168229 0.546948 0.837166 8.74228e-08 0.689833 0.536918 -0.485643 0.615529 0.479086 -0.62578 0.592051 0.643138 -0.485643 0.378959 0.863939 -0.331663 0.241987 0.955584 -0.168229 0.245486 0.9694 8.74228e-08 0.395971 0.902722 -0.168229 0.0644118 0.777335 -0.62578 -0.0721873 0.871172 -0.485643 0.0721873 0.871172 -0.485643 0.0825795 0.996584 8.74228e-08 0.0814023 0.982381 -0.168229 -0.241987 0.955584 -0.168229 -0.401695 0.915773 8.74228e-08 -0.0644118 0.777335 -0.62578 -0.214593 0.847408 -0.485643 -0.777894 0.605459 -0.168229 -0.866939 0.469164 -0.168229 -0.879474 0.475947 8.74228e-08 0.677281 0.735724 8.74228e-08 -1 4.37114e-08 8.74228e-08 -0.986361 0.164595 8.74228e-08 -0.972304 0.162249 -0.168229 -0.768798 0.416053 -0.485643 -0.829694 0.449008 -0.331663 -0.689833 0.536918 -0.485643 -0.930531 0.155278 -0.331663 -0.985748 4.30884e-08 -0.168229 -0.932337 0.320072 -0.168229 -0.945817 0.3247 8.74228e-08 -0.874157 3.82106e-08 -0.485643 -0.943398 4.12372e-08 -0.331663 -0.862235 0.143882 -0.485643 -0.769361 0.128384 -0.62578 -0.654558 0.109226 -0.74808 -0.779999 3.40949e-08 -0.62578 -0.528302 2.30928e-08 -0.849057 -0.663608 2.90072e-08 -0.74808 -0.522401 0.0787393 -0.849057 -0.826793 0.283838 -0.485643 -0.892282 0.306321 -0.331663 -0.592051 0.643138 -0.485643 -0.744474 0.579447 -0.331663 -0.615529 0.479086 -0.62578 -0.667629 0.725238 -0.168229 -0.789141 0.614213 8.74228e-08 -0.528279 0.573864 -0.62578 -0.478119 0.731815 -0.485643 -0.426619 0.652989 -0.62578 -0.191479 0.756132 -0.62578 -0.351145 0.80053 -0.485643 -0.313322 0.714303 -0.62578 -0.0814024 0.982381 -0.168229 -0.0825793 0.996584 8.74228e-08 -0.245486 0.9694 8.74228e-08 0.214593 0.847408 -0.485643 0.231591 0.91453 -0.331663 0.51599 0.789781 -0.331663 0.985748 -1.17549e-08 -0.168229 0.943398 -1.12499e-08 -0.331663 0.972304 0.162249 -0.168229 0.475984 0.229222 -0.849057 0.583626 0.315843 -0.74808 0.879474 0.475947 8.74228e-08 0.866939 0.469164 -0.168229 0.789141 0.614213 8.74228e-08 0.777894 0.605459 -0.168229 0.528279 0.573864 -0.62578 0.932337 0.320072 -0.168229 0.892282 0.306321 -0.331663 0.862235 0.143882 -0.485643 1 -1.19249e-08 8.74228e-08 0.986361 0.164595 8.74228e-08 0.945817 0.3247 8.74228e-08 -0.627652 0.215473 -0.74808 -0.737737 0.253265 -0.62578 -0.504831 0.15572 -0.849057 -0.677282 0.735724 8.74228e-08 -0.583626 0.315843 -0.74808 -0.685989 0.371239 -0.62578 -0.475984 0.229222 -0.849057 -0.436503 0.297603 -0.849057 -0.52368 0.407597 -0.74808 -0.638946 0.69408 -0.331663 -0.387273 0.359336 -0.849057 -0.44945 0.488233 -0.74808 -0.51599 0.789781 -0.331663 -0.329391 0.413043 -0.849057 -0.362959 0.555551 -0.74808 -0.378959 0.863939 -0.331663 -0.264151 0.457523 -0.849057 -0.266568 0.607715 -0.74808 -0.23159 0.91453 -0.331663 -0.19301 0.491782 -0.849057 -0.162906 0.643302 -0.74808 -0.0548003 0.661342 -0.74808 -0.0779052 0.940176 -0.331663 -0.117558 0.515056 -0.849057 0.0548004 0.661342 -0.74808 0.0779053 0.940176 -0.331663 0.0394801 0.526825 -0.849057 -0.0394801 0.526825 -0.849057 0.162906 0.643302 -0.74808 0.191479 0.756132 -0.62578 0.117558 0.515056 -0.849057 0.401695 0.915773 8.74228e-08 0.266568 0.607715 -0.74808 0.313322 0.714303 -0.62578 0.19301 0.491782 -0.849057 0.362959 0.555551 -0.74808 0.264151 0.457523 -0.849057 0.638946 0.69408 -0.331663 0.329391 0.413043 -0.849057 0.44945 0.488233 -0.74808 0.744474 0.579447 -0.331663 0.387273 0.359337 -0.849057 0.52368 0.407597 -0.74808 0.829694 0.449008 -0.331663 0.436503 0.297603 -0.849057 0.930531 0.155278 -0.331663 0.769361 0.128384 -0.62578 0.874157 -1.04242e-08 -0.485643 0.779999 -9.3014e-09 -0.62578 -0.707107 -3.09086e-08 -0.707107 -0.699909 -0.100632 -0.707107 -0.699209 -0.105389 -0.707107 -0.643207 -0.293743 -0.707107 -0.675692 -0.208423 -0.707107 -0.678464 -0.199215 -0.707107 -0.463057 -0.534396 -0.707107 -0.518346 -0.480955 -0.707107 -0.534396 -0.463056 -0.707107 -0.594856 -0.382291 -0.707107 -0.584239 -0.398327 -0.707107 -0.637081 -0.306802 -0.707107 -0.293743 -0.643207 -0.707107 -0.199215 -0.678464 -0.707107 -0.258335 -0.658227 -0.707107 -0.440874 -0.552838 -0.707107 -0.382291 -0.594856 -0.707107 -0.353553 -0.612372 -0.707107 0.0528422 -0.70513 -0.707107 6.18172e-08 -0.707107 -0.707107 0.100632 -0.699909 -0.707107 -0.0528422 -0.70513 -0.707107 -0.157346 -0.689378 -0.707107 -0.100632 -0.699909 -0.707107 0.382291 -0.594856 -0.707107 0.353553 -0.612372 -0.707107 0.293743 -0.643207 -0.707107 0.199215 -0.678464 -0.707107 0.258335 -0.658227 -0.707107 0.157346 -0.689378 -0.707107 0.534396 -0.463056 -0.707107 0.584239 -0.398327 -0.707107 0.518346 -0.480955 -0.707107 0.463056 -0.534396 -0.707107 0.637081 -0.306802 -0.707107 0.594856 -0.382291 -0.707107 0.643207 -0.293743 -0.707107 0.675692 -0.208423 -0.707107 0.678464 -0.199215 -0.707107 0.699209 -0.105389 -0.707107 0.707107 8.43216e-09 -0.707107 0.699909 -0.100632 -0.707107 0.707107 8.43216e-09 -0.707107 0.440874 -0.552838 -0.707107 -0.707107 -3.09086e-08 -0.707107 0.989821 -0.142315 0 1 -4.37114e-08 0 1 -4.37114e-08 0 0.841254 -0.540641 0 0.909632 -0.415415 0 0.909632 -0.415415 0 0.959493 -0.281733 0 0.989821 -0.142315 0 0.959493 -0.281733 0 0.654861 -0.75575 0 0.540641 -0.841254 0 0.654861 -0.75575 0 0.841254 -0.540641 0 0.75575 -0.654861 0 0.75575 -0.654861 0 0.281733 -0.959493 0 0.281733 -0.959493 0 0.142315 -0.989821 0 0.415415 -0.909632 0 0.540641 -0.841254 0 0.415415 -0.909632 0 -0.281733 -0.959493 -0 -0.142315 -0.989821 -0 -0.142315 -0.989821 -0 -8.74228e-08 -1 -0 -8.74228e-08 -1 -0 0.142315 -0.989821 0 -0.540641 -0.841253 -0 -0.654861 -0.75575 -0 -0.540641 -0.841253 -0 -0.281733 -0.959493 -0 -0.415415 -0.909632 -0 -0.415415 -0.909632 -0 -0.75575 -0.654861 -0 -0.841254 -0.540641 -0 -0.75575 -0.654861 -0 -0.654861 -0.75575 -0 -0.909632 -0.415415 -0 -0.841254 -0.540641 -0 -0.909632 -0.415415 -0 -0.959493 -0.281732 -0 -0.959493 -0.281732 -0 -0.989821 -0.142315 -0 -1 1.19249e-08 0 -0.989821 -0.142315 -0 -1 1.19249e-08 0 0 0 1 0 0 1 0 0 1 0 0 1 0 0 1 0 0 1 0 0 1 0 0 1 0 0 1 0 0 1 0 0 1 0 0 1 0 0 1 0 0 1 0 0 1 0 0 1 0 0 1 0 0 1 0 0 1 0 0 1 0 0 1 0 0 1 0 0 1 0 0 1 0 0 1 0 0 1 0 0 1 0 0 1 0 0 1 0 0 1 0 0 1 0 0 1 0 0 1 0 0 1 0 0 1 0 0 1 0 0 1 0 0 1 0 0 1 0 0 1 0 0 1 0 0 1 0 0 1 0 0 1 0 0 1 0 0 1 0 0 1 0 0 1 0 0 1 0 0 1 0 0 1 0 0 1 0 0 1 0 0 1 0 0 1 0 0 1 0 0 1 0 0 1 0 0 1 0 0 1 0 0 1 0 0 1 0 0 1 0 0 1 0 0 1 0 0 1 0 0 1 0 0 1 0 0 1 0 0 1 0 0 1 0 0 1 0 0 1 0 0 1 0 0 1 0 0 1 0 0 1 0 0 1 0 0 1 0 0 1 0 0 1 0 0 1 0.866025 -0.5 0 0.866025 -0.5 0 0.866025 -0.5 0 0.866025 -0.5 0 0 -1 0 0 -1 0 0 -1 0 0 -1 0 -0.866025 -0.5 -0 -0.866025 -0.5 -0 -0.866025 -0.5 -0 -0.866025 -0.5 -0 -0.866025 0.5 0 -0.866025 0.5 0 -0.866025 0.5 0 -0.866025 0.5 0 1.25193e-16 1 0 1.25193e-16 1 0 1.25193e-16 1 0 1.25193e-16 1 0 0.866025 0.5 0 0.866025 0.5 0 0.866025 0.5 0 0.866025 0.5 0 -0.702326 -0.08209 -0.707107 -0.701531 -0.088624 -0.707107 -0.707107 -3.09086e-08 -0.707107 -0.619642 -0.340651 -0.707107 -0.657451 -0.260303 -0.707107 -0.631894 -0.317349 -0.707107 -0.684892 -0.17585 -0.707107 -0.688047 -0.16307 -0.707107 -0.664463 -0.241845 -0.707107 -0.485246 -0.514331 -0.707107 -0.450727 -0.544835 -0.707107 -0.515459 -0.484048 -0.707107 -0.590779 -0.388562 -0.707107 -0.541675 -0.454519 -0.707107 -0.572061 -0.415627 -0.707107 -0.301071 -0.639809 -0.707107 -0.280071 -0.649277 -0.707107 -0.218508 -0.672499 -0.707107 -0.378887 -0.59703 -0.707107 -0.422255 -0.567187 -0.707107 -0.353553 -0.612372 -0.707107 0.0411145 -0.70591 -0.707107 0.0443995 -0.705711 -0.707107 -0.0411146 -0.70591 -0.707107 -0.122788 -0.696364 -0.707107 -0.0443996 -0.705711 -0.707107 -0.132499 -0.694582 -0.707107 0.280071 -0.649277 -0.707107 0.301071 -0.639809 -0.707107 0.218508 -0.672499 -0.707107 0.122788 -0.696364 -0.707107 0.2028 -0.677401 -0.707107 0.132499 -0.694582 -0.707107 0.450727 -0.544835 -0.707107 0.485246 -0.514331 -0.707107 0.515459 -0.484048 -0.707107 0.378887 -0.59703 -0.707107 0.353553 -0.612372 -0.707107 0.422255 -0.567187 -0.707107 0.541675 -0.454519 -0.707107 0.590779 -0.388562 -0.707107 0.572061 -0.415627 -0.707107 0.631894 -0.317349 -0.707107 0.619642 -0.340651 -0.707107 0.657451 -0.260303 -0.707107 0.664463 -0.241845 -0.707107 0.688047 -0.16307 -0.707107 0.684892 -0.17585 -0.707107 0.702326 -0.0820902 -0.707107 0.701531 -0.088624 -0.707107 0.707107 8.43216e-09 -0.707107 0.707107 8.43216e-09 -0.707107 -0.202801 -0.677401 -0.707107 -0.707107 -3.09086e-08 -0.707107 -0 -0 -1 -0 -0 -1 -0 -0 -1 -0 -0 -1 -0 -0 -1 -0 -0 -1 -0 -0 -1 -0 -0 -1 -0 -0 -1 -0 -0 -1 -0 -0 -1 -0 -0 -1 -0 -0 -1 -0 -0 -1 -0 -0 -1 -0 -0 -1 -0 -0 -1 -0 -0 -1 -0 -0 -1 -0 -0 -1 -0 -0 -1 -0 -0 -1 -0 -0 -1 -0 -0 -1 -0 -0 -1 -0 -0 -1 -0 -0 -1 -0 -0 -1 -0 -0 -1 -0 -0 -1 -0 -0 -1 -0 -0 -1 -0 -0 -1 -0 -0 -1 -0 -0 -1 -0 -0 -1 -0 -0 -1 -0 -0 -1 -0 -0 -1 -0 -0 -1 -0 -0 -1 -0 -0 -1 -0 -0 -1 -0 -0 -1 -0 -0 -1 -0 -0 -1 -0 -0 -1 -0 -0 -1 -0 -0 -1 -0 -0 -1 -0 -0 -1 -0 -0 -1 -0 -0 -1 -0 -0 -1 -0 -0 -1 -0 -0 -1 0 0 1 0 0 1 0 0 1 0 0 1 0 0 1 0 0 1 0 0 1 0 0 1 0 0 1 0 0 1 0 0 1 0 0 1 0 0 1 0 0 1 0 0 1 0 0 1 0 0 1 0 0 1 0 0 1 0 0 1 0 0 1 0 0 1 0 0 1 0 0 1 0 0 1 0 0 1 0 0 1 0 0 1 0 0 1 0 0 1 0 0 1 0 0 1 0 0 1 0 0 1 0 0 1 0 0 1 0 0 1 0 0 1 0 0 1 0 0 1 0 0 1 0 0 1 0 0 1 0 0 1 0 0 1 0 0 1 0 0 1 0 0 1 0 0 1 0 0 1 0 0 1 0 0 1 0 0 1 0 0 1 0 0 1 0 0 1 0 0 1 0 0 1 0 0 1 0 0 1 0 0 1 0 0 1 0 0 1 0 0 1 0 0 1 0 0 1 0 0 1 0 0 1 0 0 1 0 0 1 0 0 1 0 0 1 0 0 1 0 0 1 0 0 1 0 0 1 0 0 1 0 0 1 0 0 1 0 0 1 0 0 1 0 0 1 0 0 1 0 0 1 0 0 1 0 0 1 0 0 1 0 0 1 0 0 1 0 0 1 0 0 1 0 0 1 0 0 1 0 0 1 0 0 1 0 0 1 0 0 1 0 0 1 0 0 1 0 0 1 0.993238 -0.116093 0 1 -4.37114e-08 0 1 -4.37114e-08 0 0.893633 -0.448799 0 0.939693 -0.34202 0 0.939693 -0.34202 0 0.973045 -0.230616 0 0.993238 -0.116093 0 0.973045 -0.230616 0 0.766044 -0.642788 0 0.686242 -0.727374 0 0.766044 -0.642788 0 0.893633 -0.448799 0 0.835488 -0.549509 0 0.835488 -0.549509 0 0.5 -0.866025 0 0.5 -0.866025 0 0.39608 -0.918216 0 0.597159 -0.802123 0 0.686242 -0.727374 0 0.597159 -0.802123 0 0.0581448 -0.998308 0 0.173648 -0.984808 0 0.173648 -0.984808 0 0.286803 -0.95799 0 0.286803 -0.95799 0 0.39608 -0.918216 0 -0.173648 -0.984808 -0 -0.286803 -0.95799 -0 -0.173648 -0.984808 -0 0.0581448 -0.998308 0 -0.0581447 -0.998308 -0 -0.0581447 -0.998308 -0 -0.5 -0.866025 -0 -0.5 -0.866025 -0 -0.597158 -0.802123 -0 -0.39608 -0.918216 -0 -0.286803 -0.95799 -0 -0.39608 -0.918216 -0 -0.766045 -0.642788 -0 -0.686242 -0.727374 -0 -0.766045 -0.642788 -0 -0.686242 -0.727374 -0 -0.597158 -0.802123 -0 -0.835488 -0.549509 -0 -0.835488 -0.549509 -0 -0.893633 -0.448799 -0 -0.893633 -0.448799 -0 -0.939693 -0.34202 -0 -0.939693 -0.34202 -0 -0.973045 -0.230616 -0 -0.973045 -0.230616 -0 -0.993238 -0.116093 -0 -0.993238 -0.116093 -0 -1 1.19249e-08 0 -1 1.19249e-08 0 0.707107 -3.09086e-08 0.707107 0.698089 -0.112572 0.707107 0.697463 -0.116386 0.707107 0.627891 -0.325196 0.707107 0.668794 -0.229597 0.707107 0.671326 -0.222084 0.707107 0.412686 -0.574187 0.707107 0.47891 -0.520235 0.707107 0.496747 -0.503231 0.707107 0.569106 -0.419665 0.707107 0.558007 -0.434314 0.707107 0.621882 -0.336546 0.707107 0.173585 -0.68547 0.707107 0.113589 -0.697924 0.707107 0.0583924 -0.704692 0.707107 0.284042 -0.64755 0.707107 0.319196 -0.630963 0.707107 0.218677 -0.672444 0.707107 -0.284041 -0.64755 0.707107 -0.173584 -0.68547 0.707107 -0.213596 -0.674075 0.707107 -0.10488 -0.699285 0.707107 -0.0583925 -0.704692 0.707107 0.00644815 -0.707077 0.707107 -0.497715 -0.502275 0.707107 -0.558007 -0.434314 0.707107 -0.47891 -0.520235 0.707107 -0.386751 -0.591966 0.707107 -0.412491 -0.574327 0.707107 -0.621882 -0.336546 0.707107 -0.570542 -0.417711 0.707107 -0.629156 -0.322742 0.707107 -0.668794 -0.229597 0.707107 -0.672099 -0.219734 0.707107 -0.697463 -0.116386 0.707107 -0.707107 8.43217e-09 0.707107 -0.6983 -0.111253 0.707107 -0.707107 8.43217e-09 0.707107 -0.316991 -0.632073 0.707107 0.386751 -0.591966 0.707107 0.707107 -3.09086e-08 0.707107 -0.987621 0.156856 0 -0.986365 0.164573 0 -1 5.20667e-08 0 -0.789227 0.614102 0 -0.879535 0.475834 0 -0.808083 0.589068 0 -0.945833 0.324654 0 -0.95039 0.31106 0 -0.889559 0.456821 0 -0.464954 0.885335 0 -0.401723 0.915761 0 -0.546977 0.837148 0 -0.710161 0.704039 0 -0.596283 0.802774 0 -0.677321 0.735687 0 -0.165985 0.986128 0 -0.00911893 0.999958 0 -0.0826136 0.996582 0 -0.24551 0.969394 0 -0.319852 0.947468 0 0.245347 0.969435 0 0.302071 0.953286 0 0.401554 0.915835 0 0.0825188 0.996589 0 0.148323 0.988939 0 0.546803 0.837261 0 0.58335 0.812221 0 0.677285 0.735721 0 0.448294 0.893886 0 0.703875 0.710323 0 0.806868 0.590732 0 0.789191 0.614148 0 0.889761 0.456427 0 0.945812 0.324715 0 0.879663 0.475598 0 0.98636 0.1646 0 0.950491 0.310751 0 0.987545 0.157335 0 1 -3.77908e-07 0 -1 5.20667e-08 0 0.988836 -0.149011 0 0.986375 -0.164511 0 1 -4.37114e-08 0 0.789262 -0.614056 0 0.879445 -0.476 0 0.826286 -0.563251 0 0.945736 -0.324937 0 0.955591 -0.294697 0 0.901009 -0.4338 0 0.500243 -0.865885 0 0.365431 -0.930839 0 0.401633 -0.915801 0 0.733099 -0.680121 0 0.623713 -0.781654 0 0.677061 -0.735927 0 -0.0825001 -0.996591 -0 0.0746765 -0.997208 0 -0.0747506 -0.997202 -0 0.0825579 -0.996586 0 0.245431 -0.969414 0 0.22249 -0.974935 0 -0.546833 -0.837242 -0 -0.401703 -0.91577 -0 -0.500007 -0.866021 -0 -0.365365 -0.930864 -0 -0.245373 -0.969429 -0 -0.222545 -0.974922 -0 -0.826247 -0.563308 -0 -0.789237 -0.614089 -0 -0.732999 -0.68023 -0 -0.623539 -0.781792 -0 -0.67744 -0.735578 -0 -0.87953 -0.475843 -0 -0.900966 -0.433889 -0 -0.955572 -0.294757 -0 -0.945839 -0.324636 -0 -0.988832 -0.149036 -0 -0.986366 -0.164565 -0 -1 1.19249e-08 0 -1 1.19249e-08 0 0.546857 -0.837226 0 1 -4.37114e-08 0 0.988834 -0.149019 0 1 -2.45072e-08 0 1 -2.45072e-08 0 0.82625 -0.563304 0 0.900972 -0.433877 0 0.879437 -0.476016 0 0.955572 -0.294757 0 0.986453 -0.164042 0 0.945822 -0.324686 0 0.546919 -0.837185 0 0.50011 -0.865962 0 0.623577 -0.781762 0 0.789079 -0.614291 0 0.677253 -0.73575 0 0.733104 -0.680117 0 0.222488 -0.974935 0 0.0823695 -0.996602 0 0.0746437 -0.99721 0 0.365408 -0.930847 0 0.402223 -0.915542 0 0.245518 -0.969392 0 -0.365354 -0.930869 -0 -0.222565 -0.974918 -0 -0.245504 -0.969396 -0 -0.08267 -0.996577 -0 -0.0748906 -0.997192 -0 -0.677356 -0.735655 -0 -0.623539 -0.781793 -0 -0.546926 -0.837181 -0 -0.401708 -0.915768 -0 -0.499989 -0.866032 -0 -0.826276 -0.563265 -0 -0.732841 -0.6804 -0 -0.789256 -0.614064 -0 -0.87949 -0.475917 -0 -0.90097 -0.433881 -0 -0.945818 -0.324697 -0 -0.955571 -0.294761 -0 -0.98883 -0.149049 -0 -0.986363 -0.164586 -0 -1 2.31139e-07 0 -1 2.31139e-07 0 0.988836 -0.14901 0 0.986366 -0.164569 0 1 -4.36628e-07 0 0.78919 -0.614149 0 0.879514 -0.475874 0 0.826286 -0.563251 0 0.945829 -0.324664 0 0.955591 -0.294697 0 0.901009 -0.4338 0 0.500243 -0.865885 0 0.365431 -0.930838 0 0.401755 -0.915747 0 0.7331 -0.680121 0 0.623713 -0.781654 0 0.677335 -0.735674 0 -0.0823509 -0.996603 -0 0.0746767 -0.997208 0 -0.0747504 -0.997202 -0 0.0827142 -0.996573 0 0.245577 -0.969377 0 0.22249 -0.974935 0 -0.546817 -0.837252 -0 -0.401146 -0.916014 -0 -0.500007 -0.866022 -0 -0.365365 -0.930864 -0 -0.24531 -0.969445 -0 -0.222545 -0.974922 -0 -0.826247 -0.563308 -0 -0.789287 -0.614025 -0 -0.732999 -0.68023 -0 -0.623539 -0.781792 -0 -0.677155 -0.735841 -0 -0.879676 -0.475573 -0 -0.900966 -0.43389 -0 -0.955572 -0.294757 -0 -0.945743 -0.324915 -0 -0.988832 -0.149037 -0 -0.986338 -0.164735 -0 -1 4.72132e-08 0 -1 4.72132e-08 0 0.546992 -0.837138 0 1 4.02096e-08 0 0.987326 -0.158706 0 0.986364 -0.164576 0 1 2.25904e-08 0 0.789168 -0.614177 0 0.879487 -0.475923 0 0.803824 -0.594867 0 0.94584 -0.324632 0 0.949217 -0.314622 0 0.887007 -0.461755 0 0.453398 -0.891308 0 0.401713 -0.915765 0 0.546948 -0.837167 0 0.704376 -0.709827 0 0.587507 -0.809219 0 0.677372 -0.735641 0 0.0826059 -0.996582 0 -0.00918199 -0.999958 -0 -0.082484 -0.996592 -0 0.245532 -0.969388 0 0.305611 -0.952156 0 0.149431 -0.988772 0 -0.546782 -0.837275 -0 -0.401462 -0.915875 -0 -0.454066 -0.890968 -0 -0.311391 -0.950282 -0 -0.245304 -0.969446 -0 -0.163565 -0.986533 -0 -0.813699 -0.581286 -0 -0.789181 -0.61416 -0 -0.71047 -0.703727 -0 -0.588965 -0.808159 -0 -0.677233 -0.735768 -0 -0.879478 -0.47594 -0 -0.895068 -0.445929 -0 -0.952939 -0.303162 -0 -0.94581 -0.324722 -0 -0.987845 -0.155443 -0 -0.986359 -0.16461 -0 -1 6.48324e-08 0 -1 1.01851e-06 0 1 2.25904e-08 0 0.987326 -0.158706 0 0.986368 -0.164552 0 1 -3.65114e-07 0 0.789176 -0.614167 0 0.879493 -0.475911 0 0.803824 -0.594867 0 0.945833 -0.324652 0 0.949217 -0.314622 0 0.887007 -0.461755 0 0.453399 -0.891308 0 0.401741 -0.915753 0 0.547008 -0.837127 0 0.704376 -0.709827 0 0.587508 -0.809219 0 0.677328 -0.735681 0 0.082703 -0.996574 0 -0.00918154 -0.999958 -0 -0.0823398 -0.996604 -0 0.245571 -0.969379 0 0.305612 -0.952156 0 0.149432 -0.988772 0 -0.546786 -0.837273 -0 -0.401573 -0.915827 -0 -0.454066 -0.890968 -0 -0.311391 -0.950282 -0 -0.245348 -0.969435 -0 -0.163565 -0.986533 -0 -0.813699 -0.581287 -0 -0.789357 -0.613935 -0 -0.71047 -0.703728 -0 -0.588965 -0.808159 -0 -0.677208 -0.735791 -0 -0.879612 -0.475692 -0 -0.895068 -0.44593 -0 -0.952939 -0.303163 -0 -0.94583 -0.324662 -0 -0.987845 -0.155443 -0 -0.986358 -0.164614 -0 -1 9.49089e-08 0 -1 9.49089e-08 0 1 -7.48617e-09 0 0.988836 -0.149011 0 0.98639 -0.164422 0 1 -4.70513e-07 0 0.789221 -0.614109 0 0.879607 -0.475701 0 0.826285 -0.563253 0 0.945921 -0.324396 0 0.95559 -0.294698 0 0.901009 -0.433801 0 0.50024 -0.865887 0 0.365427 -0.93084 0 0.401683 -0.915779 0 0.733098 -0.680123 0 0.62371 -0.781655 0 0.67726 -0.735743 0 -0.0825117 -0.99659 -0 0.0746718 -0.997208 0 -0.074756 -0.997202 -0 0.0826155 -0.996581 0 0.245503 -0.969396 0 0.222486 -0.974936 0 -0.546822 -0.837249 -0 -0.401622 -0.915806 -0 -0.500013 -0.866018 -0 -0.365371 -0.930862 -0 -0.245422 -0.969416 -0 -0.222551 -0.974921 -0 -0.826251 -0.563302 -0 -0.789163 -0.614184 -0 -0.733004 -0.680224 -0 -0.623545 -0.781788 -0 -0.677232 -0.73577 -0 -0.879476 -0.475942 -0 -0.90097 -0.433881 -0 -0.955575 -0.294748 -0 -0.945815 -0.324706 -0 -0.988833 -0.149027 -0 -0.98636 -0.164603 -0 -1 -3.81108e-08 -0 -1 1.04523e-05 0 0.546966 -0.837155 0 1 6.32425e-09 0 0.988836 -0.149011 0 0.986368 -0.164557 0 1 -4.37114e-08 0 0.789189 -0.61415 0 0.879371 -0.476138 0 0.826286 -0.563251 0 0.945766 -0.324848 0 0.955591 -0.294697 0 0.901009 -0.4338 0 0.500243 -0.865885 0 0.365431 -0.930839 0 0.401908 -0.91568 0 0.733099 -0.680121 0 0.623713 -0.781654 0 0.67733 -0.735679 0 0.0823139 -0.996606 0 -0.0747506 -0.997202 -0 -0.0827508 -0.99657 -0 0.245099 -0.969498 0 0.22249 -0.974935 0 -0.546916 -0.837188 -0 -0.401701 -0.915771 -0 -0.500007 -0.866021 -0 -0.365365 -0.930864 -0 -0.245534 -0.969388 -0 -0.222545 -0.974922 -0 -0.826247 -0.563308 -0 -0.789338 -0.613959 -0 -0.732999 -0.68023 -0 -0.623539 -0.781792 -0 -0.677291 -0.735715 -0 -0.879481 -0.475935 -0 -0.900966 -0.433889 -0 -0.955572 -0.294757 -0 -0.945818 -0.324697 -0 -0.988832 -0.149036 -0 -0.986361 -0.164598 -0 -1 1.19249e-08 0 -1 1.19249e-08 0 0.0746767 -0.997208 0 0.547115 -0.837058 0 1 -4.37114e-08 0 -0.806868 -0.590732 -0 -0.703875 -0.710324 0 -0.703825 -0.710374 0 -0.809334 -0.587349 -0 -0.889761 -0.456426 -0 -0.892673 -0.450704 -0 -0.950491 -0.310751 -0 -0.987545 -0.157335 -0 -0.951952 -0.306248 -0 -0.987567 -0.157198 -0 -1 8.28078e-08 0 -1 9.61955e-06 0 -0.58335 -0.812221 0 -0.57988 -0.814702 0 -0.448294 -0.893886 0 -0.442629 -0.896705 0 -0.148323 -0.988939 0 0.00911899 -0.999958 0 -0.148434 -0.988922 0 -0.302071 -0.953286 0 -0.297911 -0.954594 0 0.222545 0.974922 0 0.245547 0.969385 0 0.082638 0.99658 0 0.0747506 0.997202 0 0.365365 0.930864 0 0.62354 0.781792 0 0.732999 0.68023 0 0.677433 0.735585 0 0.546918 0.837186 0 0.401768 0.915741 0 0.500007 0.866021 0 0.789262 0.614057 0 0.826246 0.563309 0 0.900966 0.433889 0 0.87952 0.475862 0 0.945829 0.324666 0 0.955572 0.294757 0 0.986364 0.164581 0 0.988832 0.149036 0 1 1.77653e-07 0 1 -7.76021e-07 0 -0.0746767 0.997208 0 -0.22249 0.974935 0 -0.082479 0.996593 0 -0.245362 0.969432 0 -0.365431 0.930838 0 -0.401308 0.915943 0 -0.500243 0.865885 0 -0.623713 0.781653 0 -0.546682 0.83734 0 -0.677239 0.735763 0 -0.7331 0.680121 0 -0.789202 0.614134 0 -0.826286 0.56325 0 -0.90101 0.433799 0 -0.879521 0.475861 0 -0.945807 0.32473 0 -0.955591 0.294697 0 -0.986365 0.164571 0 -0.988836 0.14901 0 -1 -2.66577e-08 0 -1 -2.66577e-08 0 0.222544 0.974923 0 0.245391 0.969424 0 0.0824483 0.996595 0 0.0747496 0.997202 0 0.365364 0.930865 0 0.500006 0.866022 0 0.623538 0.781793 0 0.546888 0.837205 0 0.401393 0.915906 0 0.677312 0.735696 0 0.732998 0.680231 0 0.789251 0.614071 0 0.826247 0.563309 0 0.900966 0.43389 0 0.879511 0.475879 0 0.945832 0.324657 0 0.955572 0.294759 0 0.986365 0.164575 0 0.988832 0.149037 0 1 -1.19249e-08 0 1 4.64912e-07 0 -0.0746777 0.997208 0 -0.222491 0.974935 0 -0.0825677 0.996585 0 -0.245454 0.969408 0 -0.365432 0.930838 0 -0.401662 0.915788 0 -0.500244 0.865885 0 -0.623713 0.781653 0 -0.546923 0.837183 0 -0.67728 0.735725 0 -0.7331 0.680121 0 -0.789195 0.614142 0 -0.826286 0.56325 0 -0.90101 0.433799 0 -0.879461 0.475971 0 -0.945797 0.324758 0 -0.955591 0.294696 0 -0.986365 0.164571 0 -0.988836 0.14901 0 -1 4.37114e-08 0 -1 4.37114e-08 0 0.222545 0.974922 0 0.365365 0.930864 0 0.245442 0.969411 0 0.0828928 0.996558 0 0.401561 0.915832 0 0.500007 0.866022 0 0.0747505 0.997202 0 0.623539 0.781792 0 0.677428 0.735589 0 0.546918 0.837186 0 0.732999 0.68023 0 0.789159 0.614189 0 0.826247 0.563309 0 0.900966 0.433889 0 0.879481 0.475934 0 0.945818 0.324696 0 0.955572 0.294757 0 0.986361 0.164597 0 0.988832 0.149036 0 1 -2.05056e-07 0 1 -2.05056e-07 0 -0.0823814 0.996601 0 -0.222491 0.974935 0 -0.074677 0.997208 0 -0.245443 0.969411 0 -0.365431 0.930838 0 -0.401768 0.915742 0 -0.500243 0.865885 0 -0.623713 0.781653 0 -0.547036 0.837109 0 -0.677378 0.735635 0 -0.7331 0.680121 0 -0.789188 0.614151 0 -0.826286 0.56325 0 -0.90101 0.433799 0 -0.879501 0.475897 0 -0.945829 0.324664 0 -0.955591 0.294697 0 -0.986364 0.164577 0 -0.988836 0.14901 0 -1 -1.57617e-09 0 -1 -1.57617e-09 0 0.163565 0.986533 0 0.245521 0.969391 0 0.0827024 0.996574 0 0.00918155 0.999958 0 0.311391 0.950282 0 0.454066 0.890968 0 0.588965 0.808159 0 0.547053 0.837098 0 0.71047 0.703727 0 0.677393 0.735621 0 0.401716 0.915764 0 0.78919 0.614149 0 0.813699 0.581287 0 0.895068 0.44593 0 0.879592 0.47573 0 0.952939 0.303162 0 0.945813 0.324711 0 0.986361 0.164597 0 0.987845 0.155443 0 1 -1.01046e-07 0 1 -1.01046e-07 0 -0.0825367 0.996588 0 -0.149432 0.988772 0 -0.245608 0.969369 0 -0.401811 0.915723 0 -0.305612 0.952156 0 -0.547089 0.837075 0 -0.453398 0.891308 0 -0.587507 0.809219 0 -0.677386 0.735628 0 -0.789257 0.614063 0 -0.704376 0.709827 0 -0.879491 0.475915 0 -0.803824 0.594867 0 -0.887007 0.461755 0 -0.945825 0.324676 0 -0.986364 0.164576 0 -0.949217 0.314622 0 -1 1.36232e-08 0 -0.987326 0.158706 0 -1 1.36232e-08 0 0.163569 0.986532 0 0.245283 0.969451 0 0.0824609 0.996594 0 0.00918665 0.999958 0 0.311395 0.950281 0 0.454069 0.890967 0 0.588967 0.808157 0 0.546887 0.837207 0 0.40163 0.915802 0 0.677305 0.735702 0 0.710472 0.703726 0 0.789279 0.614035 0 0.8137 0.581285 0 0.895069 0.445929 0 0.879506 0.475887 0 0.945836 0.324646 0 0.952939 0.303162 0 0.986366 0.164567 0 0.987845 0.155443 0 1 -1.96702e-07 0 1 -1.96702e-07 0 -0.0826157 0.996581 0 -0.149426 0.988773 0 -0.245501 0.969396 0 -0.401707 0.915768 0 -0.305606 0.952158 0 -0.546969 0.837153 0 -0.453393 0.891311 0 -0.587502 0.809223 0 -0.677325 0.735684 0 -0.789197 0.61414 0 -0.704371 0.709832 0 -0.879512 0.475877 0 -0.803819 0.594873 0 -0.887003 0.461763 0 -0.945825 0.324677 0 -0.986365 0.164574 0 -0.949214 0.314631 0 -1 -9.92977e-09 0 -0.987324 0.158716 0 -1 -9.92977e-09 0 0.365365 0.930864 0 0.2454 0.969422 0 0.222545 0.974922 0 0.546877 0.837213 0 0.401612 0.91581 0 0.500007 0.866021 0 0.0825683 0.996585 0 0.623539 0.781792 0 0.677231 0.735771 0 0.732999 0.68023 0 0.0747506 0.997202 0 0.789135 0.61422 0 0.826247 0.563308 0 0.945818 0.324697 0 0.900966 0.433889 0 0.955572 0.294757 0 0.879479 0.475938 0 0.986326 0.164803 0 0.988832 0.149036 0 1 2.13391e-07 0 1 -2.63446e-07 0 -0.0746769 0.997208 0 -0.22249 0.974935 0 -0.0825534 0.996587 0 -0.245461 0.969406 0 -0.365431 0.930838 0 -0.401674 0.915783 0 -0.500243 0.865885 0 -0.623713 0.781653 0 -0.54693 0.837178 0 -0.677267 0.735737 0 -0.7331 0.680121 0 -0.78913 0.614226 0 -0.826286 0.56325 0 -0.90101 0.433799 0 -0.879467 0.475959 0 -0.945813 0.32471 0 -0.955591 0.294696 0 -0.986364 0.16458 0 -0.988836 0.14901 0 -1 5.6814e-08 0 -1 5.6814e-08 0 0.50001 0.86602 0 0.623542 0.78179 0 0.531978 0.846758 0 -0.733095 0.680126 0 -0.623708 0.781658 0 -0.707107 0.707107 0 -0.951056 0.309017 0 -0.955588 0.294705 0 -0.901006 0.433807 0 0.733 0.680228 0 0.666527 0.745481 0 -0.891006 0.453991 0 -0.826282 0.563257 0 -0.809017 0.587785 0 -0.707107 0.707107 0 0.382628 0.923903 0 0.781732 0.623614 0 0.826248 0.563307 0 0.900967 0.433888 0 0.875047 0.484038 0 0.943791 0.330543 0 0.955573 0.294756 0 0.985892 0.16738 0 0.988832 0.149035 0 1 -7.707e-07 0 1 -2.93863e-07 0 0.365368 0.930863 0 0.222549 0.974921 0 0.222302 0.974978 0 0.0747551 0.997202 0 0.0563184 0.998413 0 -0.111803 0.99373 0 -0.0746719 0.997208 0 -0.276836 0.960917 0 -0.222485 0.974936 0 -0.365426 0.93084 0 -0.4339 0.900961 0 -0.578735 0.815516 0 -0.500238 0.865888 0 -0.988834 0.149019 0 -0.987688 0.156434 0 -1 -3.19786e-08 0 -1 -3.19786e-08 0 0.0173293 0.706894 0.707107 0.128918 0.695255 0.707107 0.0583925 0.704692 0.707107 -0.707107 3.09086e-08 0.707107 -0.698401 0.110616 0.707107 -0.707107 3.09086e-08 0.707107 0.236628 0.666339 0.707107 0.173584 0.68547 0.707107 0.284041 0.64755 0.707107 0.337768 0.621219 0.707107 0.430242 0.561152 0.707107 0.386751 0.591966 0.707107 0.511718 0.488001 0.707107 0.47891 0.520235 0.707107 0.558007 0.434314 0.707107 0.580616 0.40359 0.707107 0.635356 0.31036 0.707107 0.621882 0.336546 0.707107 0.675083 0.210388 0.707107 0.668794 0.229597 0.707107 0.697463 0.116386 0.707107 0.6991 0.10611 0.707107 0.707107 -8.43218e-09 0.707107 0.707107 -8.43218e-09 0.707107 -0.0583924 0.704692 0.707107 -0.0953995 0.700642 0.707107 -0.173585 0.68547 0.707107 -0.284042 0.64755 0.707107 -0.206667 0.676231 0.707107 -0.386751 0.591966 0.707107 -0.312946 0.634086 0.707107 -0.411656 0.574926 0.707107 -0.47891 0.520235 0.707107 -0.558007 0.434314 0.707107 -0.5 0.5 0.707107 -0.572061 0.415627 0.707107 -0.5 0.5 0.707107 -0.621882 0.336546 0.707107 -0.630037 0.32102 0.707107 -0.668794 0.229597 0.707107 -0.672499 0.218508 0.707107 -0.697463 0.116386 0.707107 0.0581447 0.998308 0 -0.0581448 0.998308 0 0.0581447 0.998308 0 0.173648 0.984808 0 0.173648 0.984808 0 0.286803 0.95799 0 0.286803 0.95799 0 0.39608 0.918216 0 0.39608 0.918216 0 0.5 0.866025 0 0.5 0.866025 0 0.597158 0.802123 0 0.597158 0.802123 0 0.686242 0.727374 0 0.686242 0.727374 0 0.766045 0.642788 0 0.766045 0.642788 0 0.835488 0.549509 0 0.835488 0.549509 0 0.893633 0.448799 0 0.893633 0.448799 0 0.939693 0.34202 0 0.939693 0.34202 0 0.973045 0.230616 0 0.973045 0.230616 0 0.993238 0.116093 0 0.993238 0.116093 0 1 -1.19249e-08 0 1 -1.19249e-08 0 -0.0581448 0.998308 0 -0.173648 0.984808 0 -0.173648 0.984808 0 -0.286803 0.95799 0 -0.286803 0.95799 0 -0.39608 0.918216 0 -0.39608 0.918216 0 -0.5 0.866025 0 -0.5 0.866025 0 -0.597159 0.802123 0 -0.597159 0.802123 0 -0.686242 0.727374 0 -0.686242 0.727374 0 -0.766044 0.642788 0 -0.766044 0.642788 0 -0.835488 0.549509 0 -0.835488 0.549509 0 -0.893633 0.448799 0 -0.893633 0.448799 0 -0.939693 0.34202 0 -0.939693 0.34202 0 -0.973045 0.230616 0 -0.973045 0.230616 0 -0.993238 0.116093 0 -0.993238 0.116093 0 -1 4.37114e-08 0 -1 4.37114e-08 0 -0.0411145 0.70591 -0.707107 -0.122788 0.696364 -0.707107 -0.0443995 0.705711 -0.707107 -0.2028 0.677401 -0.707107 -0.132499 0.694582 -0.707107 -0.218508 0.672499 -0.707107 -0.280071 0.649277 -0.707107 -0.353553 0.612372 -0.707107 -0.301071 0.639809 -0.707107 -0.422255 0.567187 -0.707107 -0.378887 0.59703 -0.707107 -0.450727 0.544835 -0.707107 -0.485246 0.514331 -0.707107 -0.541675 0.454519 -0.707107 -0.515459 0.484048 -0.707107 -0.590779 0.388562 -0.707107 -0.572061 0.415627 -0.707107 -0.619642 0.340651 -0.707107 -0.631894 0.317349 -0.707107 -0.664463 0.241845 -0.707107 -0.657451 0.260303 -0.707107 -0.688047 0.16307 -0.707107 -0.684892 0.17585 -0.707107 -0.701531 0.088624 -0.707107 -0.702326 0.0820902 -0.707107 -0.707107 -8.43216e-09 -0.707107 -0.707107 -8.43216e-09 -0.707107 0.0411146 0.70591 -0.707107 0.122788 0.696364 -0.707107 0.0443996 0.705711 -0.707107 0.132499 0.694582 -0.707107 0.202801 0.677401 -0.707107 0.218508 0.672499 -0.707107 0.280071 0.649277 -0.707107 0.353553 0.612372 -0.707107 0.301071 0.639809 -0.707107 0.378887 0.59703 -0.707107 0.422255 0.567187 -0.707107 0.450727 0.544835 -0.707107 0.485246 0.514331 -0.707107 0.541675 0.454519 -0.707107 0.515459 0.484048 -0.707107 0.572061 0.415627 -0.707107 0.590779 0.388562 -0.707107 0.619642 0.340651 -0.707107 0.631894 0.317349 -0.707107 0.664463 0.241845 -0.707107 0.657451 0.260303 -0.707107 0.684892 0.17585 -0.707107 0.688047 0.16307 -0.707107 0.701531 0.088624 -0.707107 0.702326 0.08209 -0.707107 0.707107 3.09086e-08 -0.707107 0.707107 3.09086e-08 -0.707107 0.142315 0.989821 0 8.74228e-08 1 0 8.74228e-08 1 0 0.142315 0.989821 0 0.281733 0.959493 0 0.281733 0.959493 0 0.415415 0.909632 0 0.540641 0.841253 0 0.415415 0.909632 0 0.540641 0.841253 0 0.654861 0.75575 0 0.654861 0.75575 0 0.75575 0.654861 0 0.841254 0.540641 0 0.75575 0.654861 0 0.841254 0.540641 0 0.909632 0.415415 0 0.909632 0.415415 0 0.959493 0.281732 0 0.989821 0.142315 0 0.959493 0.281732 0 0.989821 0.142315 0 1 -1.19249e-08 0 1 -1.19249e-08 0 -0.142315 0.989821 0 -0.142315 0.989821 0 -0.281733 0.959493 0 -0.415415 0.909632 0 -0.281733 0.959493 0 -0.415415 0.909632 0 -0.540641 0.841254 0 -0.540641 0.841254 0 -0.654861 0.75575 0 -0.75575 0.654861 0 -0.654861 0.75575 0 -0.75575 0.654861 0 -0.841254 0.540641 0 -0.841254 0.540641 0 -0.909632 0.415415 0 -0.959493 0.281733 0 -0.909632 0.415415 0 -0.959493 0.281733 0 -0.989821 0.142315 0 -0.989821 0.142315 0 -1 4.37114e-08 0 -1 4.37114e-08 0 -0.0528422 0.70513 -0.707107 -6.18172e-08 0.707107 -0.707107 -0.100632 0.699909 -0.707107 0.707107 3.09086e-08 -0.707107 0.699909 0.100632 -0.707107 0.707107 3.09086e-08 -0.707107 -0.199215 0.678464 -0.707107 -0.157346 0.689378 -0.707107 -0.293743 0.643207 -0.707107 -0.258335 0.658227 -0.707107 -0.353553 0.612372 -0.707107 -0.382291 0.594856 -0.707107 -0.463056 0.534396 -0.707107 -0.440874 0.552838 -0.707107 -0.534396 0.463056 -0.707107 -0.518346 0.480955 -0.707107 -0.584239 0.398327 -0.707107 -0.594856 0.382291 -0.707107 -0.643207 0.293743 -0.707107 -0.637081 0.306802 -0.707107 -0.678464 0.199215 -0.707107 -0.675692 0.208423 -0.707107 -0.699209 0.105389 -0.707107 -0.699909 0.100632 -0.707107 -0.707107 -8.43216e-09 -0.707107 -0.707107 -8.43216e-09 -0.707107 0.0528422 0.70513 -0.707107 0.157346 0.689378 -0.707107 0.100632 0.699909 -0.707107 0.199215 0.678464 -0.707107 0.258335 0.658227 -0.707107 0.353553 0.612372 -0.707107 0.293743 0.643207 -0.707107 0.440874 0.552838 -0.707107 0.382291 0.594856 -0.707107 0.463057 0.534396 -0.707107 0.518346 0.480955 -0.707107 0.584239 0.398327 -0.707107 0.534396 0.463056 -0.707107 0.637081 0.306802 -0.707107 0.594856 0.382291 -0.707107 0.643207 0.293743 -0.707107 0.675692 0.208423 -0.707107 0.699209 0.105389 -0.707107 0.678464 0.199215 -0.707107 0.39597 -0.902722 -0.168229 0.539153 -0.825235 -0.168229 0.546948 -0.837166 8.74228e-08 -0.826793 -0.283838 -0.485643 -0.737737 -0.253265 -0.62578 -0.768798 -0.416053 -0.485643 -0.351145 -0.80053 -0.485643 -0.478119 -0.731815 -0.485643 -0.426619 -0.652989 -0.62578 -0.685989 -0.371239 -0.62578 -0.663608 7.91345e-09 -0.74808 -0.528302 6.29994e-09 -0.849057 -0.522401 -0.0787392 -0.849057 -0.627652 -0.215473 -0.74808 -0.654558 -0.109226 -0.74808 -0.504831 -0.15572 -0.849057 -0.667629 -0.725238 -0.168229 -0.539153 -0.825235 -0.168229 -0.546948 -0.837166 8.74228e-08 -0.689833 -0.536918 -0.485643 -0.615529 -0.479086 -0.62578 -0.592051 -0.643138 -0.485643 -0.378959 -0.863939 -0.331663 -0.241987 -0.955584 -0.168229 -0.245486 -0.9694 8.74228e-08 -0.395971 -0.902722 -0.168229 -0.0644118 -0.777335 -0.62578 0.0721873 -0.871172 -0.485643 -0.0721873 -0.871172 -0.485643 -0.0825795 -0.996584 8.74228e-08 -0.0814023 -0.982381 -0.168229 0.241987 -0.955584 -0.168229 0.401695 -0.915773 8.74228e-08 0.0644118 -0.777335 -0.62578 0.214593 -0.847408 -0.485643 0.777894 -0.605459 -0.168229 0.866939 -0.469164 -0.168229 0.879474 -0.475947 8.74228e-08 -0.677281 -0.735724 8.74228e-08 1 -4.37114e-08 8.74228e-08 0.986361 -0.164595 8.74228e-08 0.972304 -0.162249 -0.168229 0.768798 -0.416053 -0.485643 0.829694 -0.449008 -0.331663 0.689833 -0.536918 -0.485643 0.930531 -0.155278 -0.331663 0.985748 -4.30884e-08 -0.168229 0.932337 -0.320072 -0.168229 0.945817 -0.3247 8.74228e-08 0.874157 -3.82106e-08 -0.485643 0.943398 -4.12372e-08 -0.331663 0.862235 -0.143882 -0.485643 0.769361 -0.128384 -0.62578 0.654558 -0.109226 -0.74808 0.779999 -3.40949e-08 -0.62578 0.528302 -2.30928e-08 -0.849057 0.663608 -2.90072e-08 -0.74808 0.522401 -0.0787393 -0.849057 0.826793 -0.283838 -0.485643 0.892282 -0.306321 -0.331663 0.592051 -0.643138 -0.485643 0.744474 -0.579447 -0.331663 0.351145 -0.80053 -0.485643 0.191479 -0.756132 -0.62578 0.615529 -0.479086 -0.62578 0.667629 -0.725238 -0.168229 0.789141 -0.614213 8.74228e-08 0.528279 -0.573864 -0.62578 0.313322 -0.714303 -0.62578 0.478119 -0.731815 -0.485643 0.426619 -0.652989 -0.62578 0.0814024 -0.982381 -0.168229 0.0825793 -0.996584 8.74228e-08 0.245486 -0.9694 8.74228e-08 -0.51599 -0.789781 -0.331663 -0.214593 -0.847408 -0.485643 -0.231591 -0.91453 -0.331663 -0.475984 -0.229222 -0.849057 -0.583626 -0.315843 -0.74808 -0.789141 -0.614213 8.74228e-08 -0.777894 -0.605459 -0.168229 -0.528279 -0.573864 -0.62578 -0.862235 -0.143882 -0.485643 -0.892282 -0.306321 -0.331663 -0.866939 -0.469164 -0.168229 -0.932337 -0.320072 -0.168229 -0.972304 -0.162249 -0.168229 -0.986361 -0.164595 8.74228e-08 -0.985748 1.17549e-08 -0.168229 -0.943398 1.12499e-08 -0.331663 -1 1.19249e-08 8.74228e-08 -0.879474 -0.475947 8.74228e-08 0.627652 -0.215473 -0.74808 0.737737 -0.253265 -0.62578 0.504831 -0.15572 -0.849057 0.677282 -0.735724 8.74228e-08 0.583626 -0.315843 -0.74808 0.685989 -0.371239 -0.62578 0.475984 -0.229222 -0.849057 0.436503 -0.297603 -0.849057 0.52368 -0.407597 -0.74808 0.638946 -0.69408 -0.331663 0.387273 -0.359336 -0.849057 0.44945 -0.488233 -0.74808 0.51599 -0.789781 -0.331663 0.329391 -0.413043 -0.849057 0.362959 -0.555551 -0.74808 0.378959 -0.863939 -0.331663 0.264151 -0.457523 -0.849057 0.266568 -0.607715 -0.74808 0.23159 -0.91453 -0.331663 0.19301 -0.491782 -0.849057 0.162906 -0.643302 -0.74808 0.0548003 -0.661342 -0.74808 0.0779052 -0.940176 -0.331663 0.117558 -0.515056 -0.849057 -0.0548004 -0.661342 -0.74808 -0.0779053 -0.940176 -0.331663 -0.0394801 -0.526825 -0.849057 0.0394801 -0.526825 -0.849057 -0.162906 -0.643302 -0.74808 -0.191479 -0.756132 -0.62578 -0.117558 -0.515056 -0.849057 -0.401695 -0.915773 8.74228e-08 -0.266568 -0.607715 -0.74808 -0.313322 -0.714303 -0.62578 -0.19301 -0.491782 -0.849057 -0.362959 -0.555551 -0.74808 -0.264151 -0.457523 -0.849057 -0.638946 -0.69408 -0.331663 -0.329391 -0.413043 -0.849057 -0.44945 -0.488233 -0.74808 -0.945817 -0.3247 8.74228e-08 -0.744474 -0.579447 -0.331663 -0.387273 -0.359337 -0.849057 -0.52368 -0.407597 -0.74808 -0.829694 -0.449008 -0.331663 -0.436503 -0.297603 -0.849057 -0.930531 -0.155278 -0.331663 -0.769361 -0.128384 -0.62578 -0.874157 1.04242e-08 -0.485643 -0.779999 9.3014e-09 -0.62578 0.529919 -6.31922e-09 -0.848048 0.524001 0.0789803 -0.848048 0.529919 -6.31922e-09 -0.848048 -0.529919 2.31635e-08 -0.848048 -0.524001 0.0789803 -0.848048 0.506376 0.156196 -0.848048 0.477441 0.229923 -0.848048 0.43784 0.298514 -0.848048 0.388458 0.360437 -0.848048 0.330399 0.414308 -0.848048 0.26496 0.458924 -0.848048 0.193601 0.493288 -0.848048 0.117918 0.516633 -0.848048 0.0396009 0.528437 -0.848048 -0.117918 0.516633 -0.848048 -0.039601 0.528437 -0.848048 -0.193601 0.493288 -0.848048 -0.330399 0.414308 -0.848048 -0.26496 0.458924 -0.848048 -0.43784 0.298514 -0.848048 -0.388458 0.360437 -0.848048 -0.506376 0.156196 -0.848048 -0.477441 0.229923 -0.848048 -0.0825793 0.996584 0 0.0825795 0.996584 0 0.0825795 0.996584 0 0.245486 0.9694 0 0.245486 0.9694 0 0.401695 0.915773 0 0.401695 0.915773 0 0.546948 0.837166 0 0.546948 0.837166 0 0.677281 0.735724 0 0.677281 0.735724 0 0.789141 0.614213 0 0.789141 0.614213 0 0.879474 0.475947 0 0.879474 0.475947 0 0.945817 0.3247 0 0.945817 0.3247 0 0.986361 0.164595 0 0.986361 0.164595 0 1 -1.19249e-08 0 1 -1.19249e-08 0 -0.0825793 0.996584 0 -0.245486 0.9694 0 -0.245486 0.9694 0 -0.401695 0.915773 0 -0.401695 0.915773 0 -0.546948 0.837166 0 -0.546948 0.837166 0 -0.677282 0.735724 0 -0.677282 0.735724 0 -0.789141 0.614213 0 -0.789141 0.614213 0 -0.879474 0.475947 0 -0.879474 0.475947 0 -0.945817 0.3247 0 -0.945817 0.3247 0 -0.986361 0.164595 0 -0.986361 0.164595 0 -1 4.37114e-08 0 -1 4.37114e-08 0 -0.0583925 0.704692 -0.707107 -0.113897 0.697874 -0.707107 -0.173584 0.68547 -0.707107 0.707107 -2.57858e-08 -0.707107 0.6983 0.111253 -0.707107 0.707107 -2.57858e-08 -0.707107 -0.22404 0.670676 -0.707107 -0.284042 0.64755 -0.707107 -0.386751 0.591966 -0.707107 -0.327721 0.626577 -0.707107 -0.422501 0.567004 -0.707107 -0.47891 0.520235 -0.707107 -0.506196 0.493727 -0.707107 -0.558007 0.434314 -0.707107 -0.621882 0.336546 -0.707107 -0.576877 0.408916 -0.707107 -0.633314 0.314505 -0.707107 -0.668794 0.229597 -0.707107 -0.674192 0.213226 -0.707107 -0.697463 0.116386 -0.707107 -0.707107 4.82623e-08 -0.707107 -0.698885 0.107516 -0.707107 -0.707107 4.82623e-08 -0.707107 -2.49561e-05 0.707107 -0.707107 -2.05728e-05 0.707107 -0.707107 0.0583925 0.704692 -0.707107 0.10488 0.699285 -0.707107 0.173584 0.68547 -0.707107 0.284042 0.64755 -0.707107 0.213596 0.674075 -0.707107 0.386751 0.591966 -0.707107 0.316991 0.632073 -0.707107 0.412491 0.574327 -0.707107 0.47891 0.520235 -0.707107 0.558007 0.434314 -0.707107 0.497715 0.502275 -0.707107 -0.00644821 0.707077 -0.707107 0.621882 0.336546 -0.707107 0.570542 0.417711 -0.707107 0.629156 0.322742 -0.707107 0.668794 0.229597 -0.707107 0.697463 0.116386 -0.707107 0.672099 0.219734 -0.707107 0.0485389 -0.585777 0.809017 0.0583924 -0.704692 0.707107 0.173584 -0.68547 0.707107 0.587785 -2.56929e-08 0.809017 0.579768 -0.0967463 0.809017 0.707107 -3.09086e-08 0.707107 -0.048539 -0.585777 0.809017 -0.0583924 -0.704692 0.707107 -0.066808 -0.806254 0.587785 -0.173584 -0.68547 0.707107 -0.198602 -0.784261 0.587785 -0.144293 -0.569799 0.809017 -0.986361 -0.164595 8.74228e-08 -0.987688 1.17781e-08 0.156434 -1 1.19249e-08 8.74228e-08 -0.879474 -0.475947 8.74228e-08 -0.934173 -0.320702 0.156434 -0.945817 -0.3247 8.74228e-08 -0.324978 -0.740876 0.587785 -0.284042 -0.64755 0.707107 -0.868646 -0.470088 0.156434 -0.779425 -0.606651 0.156434 -0.750517 -0.584151 0.309017 -0.836429 -0.452653 0.309017 -0.603462 -0.655535 0.453991 -0.520179 -0.796193 0.309017 -0.487334 -0.745921 0.453991 -0.44249 -0.677282 0.587785 -0.547932 -0.595213 0.587785 -0.111448 -0.440099 0.891006 -0.357913 -0.81596 0.453991 -0.382035 -0.870952 0.309017 -0.321488 -0.492074 0.809017 -0.248309 -0.380066 0.891006 -0.307479 -0.334012 0.891006 -0.386751 -0.591966 0.707107 -0.398096 -0.432448 0.809017 -0.478911 -0.520235 0.707107 -0.938085 -0.156539 0.309017 -0.974218 -0.162568 0.156434 -0.236111 -0.538278 0.809017 -0.516942 -0.279755 0.809017 -0.399273 -0.216076 0.891006 -0.429392 -0.147411 0.891006 1.01888e-08 6.19598e-09 1 -0.13758 -0.0744546 0.987688 -0.123449 -0.0960841 0.987688 1.18138e-08 1.62377e-09 1 -0.156435 1.86546e-09 0.987688 -0.154301 -0.0257483 0.987688 -0.304803 -0.0508626 0.951056 -0.309017 3.68499e-09 0.951056 1.19249e-08 -1.42203e-16 1 0.0668081 -0.806254 0.587785 9.25027e-09 7.52565e-09 1 -0.10595 -0.115093 0.987688 0.198602 -0.784261 0.587785 0.284042 -0.64755 0.707107 0.144293 -0.569799 0.809017 0.386751 -0.591966 0.707107 0.236111 -0.538278 0.809017 0.324978 -0.740876 0.587785 0.47891 -0.520235 0.707107 0.321488 -0.492074 0.809017 0.0374902 -0.45244 0.891006 0.398096 -0.432448 0.809017 0.558007 -0.434314 0.707107 0.44249 -0.677282 0.587785 0.547932 -0.595213 0.587785 0.638428 -0.496908 0.587785 0.621882 -0.336546 0.707107 0.463845 -0.361025 0.809017 0.711509 -0.38505 0.587785 0.668794 -0.229597 0.707107 0.516942 -0.279755 0.809017 0.697463 -0.116386 0.707107 0.555937 -0.190854 0.809017 0.765182 -0.262687 0.587785 0.809017 -3.53633e-08 0.587785 0.797983 -0.13316 0.587785 0.358262 -0.278847 0.891006 0.878854 -0.146655 0.453991 0.951057 -4.1572e-08 0.309017 0.891007 -3.89471e-08 0.453991 0.938085 -0.156539 0.309017 0.987688 -4.31732e-08 0.156434 0.974218 -0.162568 0.156434 1 -4.37114e-08 8.74228e-08 0.447799 -0.0747244 0.891006 0.453991 -1.98446e-08 0.891006 0.13758 -0.0744546 0.987688 -1.01888e-08 6.19598e-09 1 0.123449 -0.0960841 0.987688 0.309017 -1.35076e-08 0.951056 0.304803 -0.0508626 0.951056 -1.14827e-08 3.21729e-09 1 0.154301 -0.0257483 0.987688 -1.18138e-08 1.62377e-09 1 0.156435 -6.83797e-09 0.987688 -1.19249e-08 5.21253e-16 1 -1.09376e-08 4.75089e-09 1 0.147958 -0.0507942 0.987688 -9.25026e-09 7.52565e-09 1 -8.13936e-09 8.71513e-09 1 0.292274 -0.100338 0.951056 0.429392 -0.147411 0.891006 0.842729 -0.289309 0.453991 0.899526 -0.308808 0.309017 0.934173 -0.320702 0.156434 0.986361 -0.164595 8.74228e-08 8.13783e-10 1.18971e-08 1 0.0129183 -0.1559 0.987688 -8.13781e-10 1.18971e-08 1 0.271772 -0.147076 0.951056 0.399273 -0.216076 0.891006 0.783617 -0.424072 0.453991 0.836429 -0.452653 0.309017 0.868646 -0.470088 0.156434 0.945817 -0.3247 8.74228e-08 0.10595 -0.115093 0.987688 0.243858 -0.189802 0.951056 0.0384024 -0.151648 0.987688 -2.42619e-09 1.16755e-08 1 0.703129 -0.547267 0.453991 0.750517 -0.584151 0.309017 0.779425 -0.606651 0.156434 0.879474 -0.475947 8.74228e-08 -6.87684e-09 9.74227e-09 1 0.0855616 -0.130962 0.987688 0.209292 -0.227351 0.951056 0.30748 -0.334012 0.891006 0.603462 -0.655535 0.453991 0.644133 -0.699715 0.309017 0.789141 -0.614213 8.74228e-08 0.668943 -0.726666 0.156434 -5.48622e-09 1.05879e-08 1 0.062839 -0.143259 0.987688 0.169016 -0.258699 0.951056 0.248309 -0.380066 0.891006 0.487334 -0.745921 0.453991 0.520179 -0.796193 0.309017 0.677282 -0.735724 8.74228e-08 0.540214 -0.82686 0.156434 -3.9934e-09 1.12363e-08 1 0.124131 -0.28299 0.951056 0.182366 -0.415753 0.891006 0.357913 -0.81596 0.453991 0.382035 -0.870952 0.309017 0.39675 -0.904499 0.156434 0.546948 -0.837166 8.74228e-08 8.13936e-09 8.71513e-09 1 0.0758592 -0.299561 0.951056 0.111448 -0.440099 0.891006 0.218729 -0.863742 0.453991 0.233471 -0.921954 0.309017 0.401695 -0.915773 8.74228e-08 0.242463 -0.957465 0.156434 -0.0129182 -0.1559 0.987688 0.0255184 -0.307962 0.951056 -0.0855616 -0.130962 0.987688 6.87684e-09 9.74227e-09 1 0.0735787 -0.887963 0.453991 0.0785376 -0.947808 0.309017 0.245486 -0.9694 8.74228e-08 0.0815626 -0.984315 0.156434 2.42619e-09 1.16755e-08 1 -0.0384024 -0.151648 0.987688 -0.0255184 -0.307962 0.951056 -0.0374902 -0.45244 0.891006 -0.0735789 -0.887963 0.453991 -0.0785378 -0.947808 0.309017 0.0825793 -0.996584 8.74228e-08 -0.0815626 -0.984315 0.156434 3.9934e-09 1.12363e-08 1 -0.0628391 -0.143259 0.987688 -0.0758592 -0.299561 0.951056 -0.182366 -0.415753 0.891006 -0.218729 -0.863742 0.453991 -0.233471 -0.921954 0.309017 -0.242463 -0.957465 0.156434 -0.0825793 -0.996584 8.74228e-08 5.48622e-09 1.05879e-08 1 -0.124131 -0.28299 0.951056 -0.245486 -0.9694 8.74228e-08 -0.39675 -0.904499 0.156434 -0.292274 -0.100338 0.951056 -0.169016 -0.258699 0.951056 -0.540214 -0.82686 0.156434 -0.401695 -0.915773 8.74228e-08 1.09376e-08 4.75088e-09 1 -0.147958 -0.0507942 0.987688 -0.209292 -0.227351 0.951056 -0.703129 -0.547267 0.453991 -0.644133 -0.699715 0.309017 -0.668943 -0.726666 0.156434 -0.546948 -0.837166 8.74228e-08 -0.358262 -0.278847 0.891006 -0.243858 -0.189802 0.951056 -0.463845 -0.361025 0.809017 -0.558007 -0.434314 0.707107 -0.638428 -0.496908 0.587785 -0.677282 -0.735724 8.74228e-08 -0.271772 -0.147076 0.951056 -0.621882 -0.336546 0.707107 -0.711509 -0.385049 0.587785 -0.783617 -0.424072 0.453991 -0.789141 -0.614213 8.74228e-08 1.14827e-08 3.21729e-09 1 -0.555937 -0.190854 0.809017 -0.668794 -0.229597 0.707107 -0.765182 -0.262687 0.587785 -0.842729 -0.28931 0.453991 -0.899526 -0.308808 0.309017 -0.447799 -0.0747245 0.891006 -0.579768 -0.0967463 0.809017 -0.697463 -0.116386 0.707107 -0.797983 -0.13316 0.587785 -0.878854 -0.146655 0.453991 -0.453991 5.41378e-09 0.891006 -0.587785 7.00927e-09 0.809017 -0.707107 8.43216e-09 0.707107 -0.809017 9.64743e-09 0.587785 -0.891007 1.06251e-08 0.453991 -0.951057 1.13412e-08 0.309017 -0.0485389 0.585777 0.809017 -0.0583924 0.704692 0.707107 -0.173584 0.68547 0.707107 -0.587785 2.56929e-08 0.809017 -0.579768 0.0967463 0.809017 -0.707107 3.09086e-08 0.707107 0.048539 0.585777 0.809017 0.0583924 0.704692 0.707107 0.066808 0.806254 0.587785 0.173584 0.68547 0.707107 0.198602 0.784261 0.587785 0.144293 0.569799 0.809017 0.986361 0.164595 8.74228e-08 0.987688 -1.17781e-08 0.156434 1 -1.19249e-08 8.74228e-08 0.879474 0.475947 8.74228e-08 0.934173 0.320702 0.156434 0.945817 0.3247 8.74228e-08 0.324978 0.740876 0.587785 0.284042 0.64755 0.707107 0.868646 0.470088 0.156434 0.779425 0.606651 0.156434 0.750517 0.584151 0.309017 0.836429 0.452653 0.309017 0.603462 0.655535 0.453991 0.520179 0.796193 0.309017 0.487334 0.745921 0.453991 0.44249 0.677282 0.587785 0.547932 0.595213 0.587785 0.111448 0.440099 0.891006 0.357913 0.81596 0.453991 0.382035 0.870952 0.309017 0.321488 0.492074 0.809017 0.248309 0.380066 0.891006 0.307479 0.334012 0.891006 0.386751 0.591966 0.707107 0.398096 0.432448 0.809017 0.478911 0.520235 0.707107 0.938085 0.156539 0.309017 0.974218 0.162568 0.156434 0.236111 0.538278 0.809017 0.516942 0.279755 0.809017 0.399273 0.216076 0.891006 0.429392 0.147411 0.891006 -1.01888e-08 -6.19598e-09 1 0.13758 0.0744546 0.987688 0.123449 0.0960841 0.987688 -1.18138e-08 -1.62377e-09 1 0.156435 -1.86546e-09 0.987688 0.154301 0.0257483 0.987688 0.304803 0.0508626 0.951056 0.309017 -3.68499e-09 0.951056 -1.19249e-08 1.42203e-16 1 -0.0668081 0.806254 0.587785 -9.25027e-09 -7.52565e-09 1 0.10595 0.115093 0.987688 -0.198602 0.784261 0.587785 -0.284042 0.64755 0.707107 -0.144293 0.569799 0.809017 -0.386751 0.591966 0.707107 -0.236111 0.538278 0.809017 -0.324978 0.740876 0.587785 -0.47891 0.520235 0.707107 -0.321488 0.492074 0.809017 -0.0374902 0.45244 0.891006 -0.398096 0.432448 0.809017 -0.558007 0.434314 0.707107 -0.44249 0.677282 0.587785 -0.547932 0.595213 0.587785 -0.638428 0.496908 0.587785 -0.621882 0.336546 0.707107 -0.463845 0.361025 0.809017 -0.711509 0.38505 0.587785 -0.668794 0.229597 0.707107 -0.516942 0.279755 0.809017 -0.697463 0.116386 0.707107 -0.555937 0.190854 0.809017 -0.765182 0.262687 0.587785 -0.809017 3.53633e-08 0.587785 -0.797983 0.13316 0.587785 -0.358262 0.278847 0.891006 -0.878854 0.146655 0.453991 -0.951057 4.1572e-08 0.309017 -0.891007 3.89471e-08 0.453991 -0.938085 0.156539 0.309017 -0.987688 4.31732e-08 0.156434 -0.974218 0.162568 0.156434 -1 4.37114e-08 8.74228e-08 -0.447799 0.0747244 0.891006 -0.453991 1.98446e-08 0.891006 -0.13758 0.0744546 0.987688 1.01888e-08 -6.19598e-09 1 -0.123449 0.0960841 0.987688 -0.309017 1.35076e-08 0.951056 -0.304803 0.0508626 0.951056 1.14827e-08 -3.21729e-09 1 -0.154301 0.0257483 0.987688 1.18138e-08 -1.62377e-09 1 -0.156435 6.83797e-09 0.987688 1.19249e-08 -5.21253e-16 1 1.09376e-08 -4.75089e-09 1 -0.147958 0.0507942 0.987688 9.25026e-09 -7.52565e-09 1 8.13936e-09 -8.71513e-09 1 -0.292274 0.100338 0.951056 -0.429392 0.147411 0.891006 -0.842729 0.289309 0.453991 -0.899526 0.308808 0.309017 -0.934173 0.320702 0.156434 -0.986361 0.164595 8.74228e-08 -8.13783e-10 -1.18971e-08 1 -0.0129183 0.1559 0.987688 8.13781e-10 -1.18971e-08 1 -0.271772 0.147076 0.951056 -0.399273 0.216076 0.891006 -0.783617 0.424072 0.453991 -0.836429 0.452653 0.309017 -0.868646 0.470088 0.156434 -0.945817 0.3247 8.74228e-08 -0.10595 0.115093 0.987688 -0.243858 0.189802 0.951056 -0.0384024 0.151648 0.987688 2.42619e-09 -1.16755e-08 1 -0.703129 0.547267 0.453991 -0.750517 0.584151 0.309017 -0.779425 0.606651 0.156434 -0.879474 0.475947 8.74228e-08 6.87684e-09 -9.74227e-09 1 -0.0855616 0.130962 0.987688 -0.209292 0.227351 0.951056 -0.30748 0.334012 0.891006 -0.603462 0.655535 0.453991 -0.644133 0.699715 0.309017 -0.789141 0.614213 8.74228e-08 -0.668943 0.726666 0.156434 5.48622e-09 -1.05879e-08 1 -0.062839 0.143259 0.987688 -0.169016 0.258699 0.951056 -0.248309 0.380066 0.891006 -0.487334 0.745921 0.453991 -0.520179 0.796193 0.309017 -0.677282 0.735724 8.74228e-08 -0.540214 0.82686 0.156434 3.9934e-09 -1.12363e-08 1 -0.124131 0.28299 0.951056 -0.182366 0.415753 0.891006 -0.357913 0.81596 0.453991 -0.382035 0.870952 0.309017 -0.39675 0.904499 0.156434 -0.546948 0.837166 8.74228e-08 -8.13936e-09 -8.71513e-09 1 -0.0758592 0.299561 0.951056 -0.111448 0.440099 0.891006 -0.218729 0.863742 0.453991 -0.233471 0.921954 0.309017 -0.401695 0.915773 8.74228e-08 -0.242463 0.957465 0.156434 0.0129182 0.1559 0.987688 -0.0255184 0.307962 0.951056 0.0855616 0.130962 0.987688 -6.87684e-09 -9.74227e-09 1 -0.0735787 0.887963 0.453991 -0.0785376 0.947808 0.309017 -0.245486 0.9694 8.74228e-08 -0.0815626 0.984315 0.156434 -2.42619e-09 -1.16755e-08 1 0.0384024 0.151648 0.987688 0.0255184 0.307962 0.951056 0.0374902 0.45244 0.891006 0.0735789 0.887963 0.453991 0.0785378 0.947808 0.309017 -0.0825793 0.996584 8.74228e-08 0.0815626 0.984315 0.156434 -3.9934e-09 -1.12363e-08 1 0.0628391 0.143259 0.987688 0.0758592 0.299561 0.951056 0.182366 0.415753 0.891006 0.218729 0.863742 0.453991 0.233471 0.921954 0.309017 0.242463 0.957465 0.156434 0.0825793 0.996584 8.74228e-08 -5.48622e-09 -1.05879e-08 1 0.124131 0.28299 0.951056 0.245486 0.9694 8.74228e-08 0.39675 0.904499 0.156434 0.292274 0.100338 0.951056 0.169016 0.258699 0.951056 0.540214 0.82686 0.156434 0.401695 0.915773 8.74228e-08 -1.09376e-08 -4.75088e-09 1 0.147958 0.0507942 0.987688 0.209292 0.227351 0.951056 0.703129 0.547267 0.453991 0.644133 0.699715 0.309017 0.668943 0.726666 0.156434 0.546948 0.837166 8.74228e-08 0.358262 0.278847 0.891006 0.243858 0.189802 0.951056 0.463845 0.361025 0.809017 0.558007 0.434314 0.707107 0.638428 0.496908 0.587785 0.677282 0.735724 8.74228e-08 0.271772 0.147076 0.951056 0.621882 0.336546 0.707107 0.711509 0.385049 0.587785 0.783617 0.424072 0.453991 0.789141 0.614213 8.74228e-08 -1.14827e-08 -3.21729e-09 1 0.555937 0.190854 0.809017 0.668794 0.229597 0.707107 0.765182 0.262687 0.587785 0.842729 0.28931 0.453991 0.899526 0.308808 0.309017 0.447799 0.0747245 0.891006 0.579768 0.0967463 0.809017 0.697463 0.116386 0.707107 0.797983 0.13316 0.587785 0.878854 0.146655 0.453991 0.453991 -5.41378e-09 0.891006 0.587785 -7.00927e-09 0.809017 0.707107 -8.43216e-09 0.707107 0.809017 -9.64743e-09 0.587785 0.891007 -1.06251e-08 0.453991 0.951057 -1.13412e-08 0.309017 0.679819 0.73338 0 0.547255 0.836966 0 0.547473 0.836823 0 0.875321 -0.483542 0 0.78445 -0.620192 0 0.78418 -0.620534 0 0.54693 -0.837179 0 0.400574 -0.916265 0 0.547141 -0.837041 0 0.674701 -0.738091 0 0.675245 -0.737594 0 0.680039 0.733176 0 0.793652 0.608372 0 0.793472 0.608606 0 0.402005 0.915638 0 1 -0.000143139 0 0.986652 0.162842 0 0.986569 0.163342 0 0.240867 -0.970558 0 0.240609 -0.970622 0 0.0745363 -0.997218 0 0.400331 -0.916371 0 1 0.000146063 0 0.943863 -0.330338 0 0.985988 -0.166814 0 0.985936 -0.167123 0 0.0743123 -0.997235 0 -0.0913285 -0.995821 0 -0.250616 -0.968086 0 -0.249982 -0.96825 0 -0.402001 -0.915639 0 -0.0911804 -0.995834 0 -0.547326 -0.83692 0 -0.401877 -0.915694 0 -0.547459 -0.836833 0 -0.679887 -0.733317 0 -0.679997 -0.733215 0 -0.793548 -0.608507 0 -0.793615 -0.60842 0 -0.88373 -0.467996 0 -0.883731 -0.467995 0 -0.947967 -0.318367 0 -0.948036 -0.318163 0 -0.986548 -0.163475 0 -1 -3.01992e-07 0 -1 1.74846e-07 0 -0.986548 -0.163475 0 0.875185 -0.483789 0 0.943759 -0.330633 0 0.947979 0.318333 0 0.883676 0.468099 0 0.947744 0.319031 0 0.883806 0.467854 0 0.402201 0.915551 0 0.25031 0.968166 0 0.0912852 0.995825 0 0.249546 0.968363 0 -0.0743557 0.997232 0 0.0914695 0.995808 0 -0.240657 0.97061 0 -0.0745728 0.997216 0 -0.240868 0.970558 0 -0.400409 0.916337 0 -0.400569 0.916266 0 -0.547001 0.837132 0 -0.546983 0.837144 0 -0.675072 0.737751 0 -0.784143 0.620581 0 -0.675433 0.737421 0 -0.875242 0.483685 0 -0.78411 0.620622 0 -0.943801 0.330515 0 -0.875284 0.48361 0 -0.943823 0.330453 0 -0.985963 0.166964 0 -0.985963 0.166964 0 -1 -5.69261e-13 0 -1 2.16493e-15 0 0.679819 0.73338 0 0.547255 0.836966 0 0.547473 0.836823 0 0.875321 -0.483542 0 0.78445 -0.620192 0 0.78418 -0.620534 0 0.54693 -0.837179 0 0.400574 -0.916265 0 0.547141 -0.837041 0 0.674701 -0.738091 0 0.675245 -0.737594 0 0.680039 0.733176 0 0.793652 0.608372 0 0.793472 0.608606 0 0.402005 0.915638 0 1 -0.000143139 0 0.986652 0.162842 0 0.986569 0.163342 0 0.240867 -0.970558 0 0.240609 -0.970622 0 0.0745363 -0.997218 0 0.400331 -0.916371 0 1 0.000146063 0 0.943863 -0.330338 0 0.985988 -0.166814 0 0.985936 -0.167123 0 0.0743123 -0.997235 0 -0.0913285 -0.995821 0 -0.250616 -0.968086 0 -0.249982 -0.96825 0 -0.402001 -0.915639 0 -0.0911804 -0.995834 0 -0.547326 -0.83692 0 -0.401877 -0.915694 0 -0.547459 -0.836833 0 -0.679887 -0.733317 0 -0.679997 -0.733215 0 -0.793548 -0.608507 0 -0.793615 -0.60842 0 -0.88373 -0.467996 0 -0.883731 -0.467995 0 -0.947967 -0.318367 0 -0.948036 -0.318163 0 -0.986548 -0.163475 0 -1 -3.01992e-07 0 -1 1.74846e-07 0 -0.986548 -0.163475 0 0.875185 -0.483789 0 0.943759 -0.330633 0 0.947979 0.318333 0 0.883676 0.468099 0 0.947744 0.319031 0 0.883806 0.467854 0 0.402201 0.915551 0 0.25031 0.968166 0 0.0912852 0.995825 0 0.249546 0.968363 0 -0.0743557 0.997232 0 0.0914695 0.995808 0 -0.240657 0.97061 0 -0.0745728 0.997216 0 -0.240868 0.970558 0 -0.400409 0.916337 0 -0.400569 0.916266 0 -0.547001 0.837132 0 -0.546983 0.837144 0 -0.675072 0.737751 0 -0.784143 0.620581 0 -0.675433 0.737421 0 -0.875242 0.483685 0 -0.78411 0.620622 0 -0.943801 0.330515 0 -0.875284 0.48361 0 -0.943823 0.330453 0 -0.985963 0.166964 0 -0.985963 0.166964 0 -1 -5.73644e-13 0 -1 -2.16493e-15 0 0.679819 0.73338 0 0.547255 0.836966 0 0.547473 0.836823 0 0.875321 -0.483542 0 0.78445 -0.620192 0 0.78418 -0.620534 0 0.54693 -0.837179 0 0.400574 -0.916265 0 0.547141 -0.837041 0 0.674701 -0.738091 0 0.675245 -0.737594 0 0.680039 0.733176 0 0.793652 0.608372 0 0.793472 0.608606 0 0.402005 0.915638 0 1 -0.000143139 0 0.986652 0.162842 0 0.986569 0.163342 0 0.240867 -0.970558 0 0.240609 -0.970622 0 0.0745363 -0.997218 0 0.400331 -0.916371 0 1 0.000146063 0 0.943863 -0.330338 0 0.985988 -0.166814 0 0.985936 -0.167123 0 0.0743123 -0.997235 0 -0.0913285 -0.995821 0 -0.250616 -0.968086 0 -0.249982 -0.96825 0 -0.402001 -0.915639 0 -0.0911804 -0.995834 0 -0.547326 -0.83692 0 -0.401877 -0.915694 0 -0.547459 -0.836833 0 -0.679887 -0.733317 0 -0.679997 -0.733215 0 -0.793548 -0.608507 0 -0.793615 -0.60842 0 -0.88373 -0.467996 0 -0.883731 -0.467995 0 -0.947967 -0.318367 0 -0.948036 -0.318163 0 -0.986548 -0.163475 0 -1 -3.01992e-07 0 -1 1.74846e-07 0 -0.986548 -0.163475 0 0.875185 -0.483789 0 0.943759 -0.330633 0 0.947979 0.318333 0 0.883676 0.468099 0 0.947744 0.319031 0 0.883806 0.467854 0 0.402201 0.915551 0 0.25031 0.968166 0 0.0912852 0.995825 0 0.249546 0.968363 0 -0.0743557 0.997232 0 0.0914695 0.995808 0 -0.240657 0.97061 0 -0.0745728 0.997216 0 -0.240868 0.970558 0 -0.400409 0.916337 0 -0.400569 0.916266 0 -0.547001 0.837132 0 -0.546983 0.837144 0 -0.675072 0.737751 0 -0.784143 0.620581 0 -0.675433 0.737421 0 -0.875242 0.483685 0 -0.78411 0.620622 0 -0.943801 0.330515 0 -0.875284 0.48361 0 -0.943823 0.330453 0 -0.985963 0.166964 0 -0.985963 0.166964 0 -1 -5.72548e-13 0 -1 -1.11022e-15 0 0.679819 0.73338 0 0.547255 0.836966 0 0.547473 0.836823 0 0.875321 -0.483542 0 0.78445 -0.620192 0 0.78418 -0.620534 0 0.54693 -0.837179 0 0.400574 -0.916265 0 0.547141 -0.837041 0 0.674701 -0.738091 0 0.675245 -0.737594 0 0.680039 0.733176 0 0.793652 0.608372 0 0.793472 0.608606 0 0.402005 0.915638 0 1 -0.000143139 0 0.986652 0.162842 0 0.986569 0.163342 0 0.240867 -0.970558 0 0.240609 -0.970622 0 0.0745363 -0.997218 0 0.400331 -0.916371 0 1 0.000146063 0 0.943863 -0.330338 0 0.985988 -0.166814 0 0.985936 -0.167123 0 0.0743123 -0.997235 0 -0.0913285 -0.995821 0 -0.250616 -0.968086 0 -0.249982 -0.96825 0 -0.402001 -0.915639 0 -0.0911804 -0.995834 0 -0.547326 -0.83692 0 -0.401877 -0.915694 0 -0.547459 -0.836833 0 -0.679887 -0.733317 0 -0.679997 -0.733215 0 -0.793548 -0.608507 0 -0.793615 -0.60842 0 -0.88373 -0.467996 0 -0.883731 -0.467995 0 -0.947967 -0.318367 0 -0.948036 -0.318163 0 -0.986548 -0.163475 0 -1 -3.01992e-07 0 -1 1.74846e-07 0 -0.986548 -0.163475 0 0.875185 -0.483789 0 0.943759 -0.330633 0 0.947979 0.318333 0 0.883676 0.468099 0 0.947744 0.319031 0 0.883806 0.467854 0 0.402201 0.915551 0 0.25031 0.968166 0 0.0912852 0.995825 0 0.249546 0.968363 0 -0.0743557 0.997232 0 0.0914695 0.995808 0 -0.240657 0.97061 0 -0.0745728 0.997216 0 -0.240868 0.970558 0 -0.400409 0.916337 0 -0.400569 0.916266 0 -0.547001 0.837132 0 -0.546983 0.837144 0 -0.675072 0.737751 0 -0.784143 0.620581 0 -0.675433 0.737421 0 -0.875242 0.483685 0 -0.78411 0.620622 0 -0.943801 0.330515 0 -0.875284 0.48361 0 -0.943823 0.330453 0 -0.985963 0.166964 0 -0.985963 0.166964 0 -1 -5.71452e-13 0 -1 0 0 0.679819 0.73338 0 0.547255 0.836966 0 0.547473 0.836823 0 0.875321 -0.483542 0 0.78445 -0.620192 0 0.78418 -0.620534 0 0.54693 -0.837179 0 0.400574 -0.916265 0 0.547141 -0.837041 0 0.674701 -0.738091 0 0.675245 -0.737594 0 0.680039 0.733176 0 0.793652 0.608372 0 0.793472 0.608606 0 0.402005 0.915638 0 1 -0.000143139 0 0.986652 0.162842 0 0.986569 0.163342 0 0.240867 -0.970558 0 0.240609 -0.970622 0 0.0745363 -0.997218 0 0.400331 -0.916371 0 1 0.000146063 0 0.943863 -0.330338 0 0.985988 -0.166814 0 0.985936 -0.167123 0 0.0743123 -0.997235 0 -0.0913285 -0.995821 0 -0.250616 -0.968086 0 -0.249982 -0.96825 0 -0.402001 -0.915639 0 -0.0911804 -0.995834 0 -0.547326 -0.83692 0 -0.401877 -0.915694 0 -0.547459 -0.836833 0 -0.679887 -0.733317 0 -0.679997 -0.733215 0 -0.793548 -0.608507 0 -0.793615 -0.60842 0 -0.88373 -0.467996 0 -0.883731 -0.467995 0 -0.947967 -0.318367 0 -0.948036 -0.318163 0 -0.986548 -0.163475 0 -1 -3.01992e-07 0 -1 1.74846e-07 0 -0.986548 -0.163475 0 0.875185 -0.483789 0 0.943759 -0.330633 0 0.947979 0.318333 0 0.883676 0.468099 0 0.947744 0.319031 0 0.883806 0.467854 0 0.402201 0.915551 0 0.25031 0.968166 0 0.0912852 0.995825 0 0.249546 0.968363 0 -0.0743557 0.997232 0 0.0914695 0.995808 0 -0.240657 0.97061 0 -0.0745728 0.997216 0 -0.240868 0.970558 0 -0.400409 0.916337 0 -0.400569 0.916266 0 -0.547001 0.837132 0 -0.546983 0.837144 0 -0.675072 0.737751 0 -0.784143 0.620581 0 -0.675433 0.737421 0 -0.875242 0.483685 0 -0.78411 0.620622 0 -0.943801 0.330515 0 -0.875284 0.48361 0 -0.943823 0.330453 0 -0.985963 0.166964 0 -0.985963 0.166964 0 -1 -5.72548e-13 0 -1 -1.11022e-15 0 0.679819 0.73338 0 0.547255 0.836966 0 0.547473 0.836823 0 0.875321 -0.483542 0 0.78445 -0.620192 0 0.78418 -0.620534 0 0.54693 -0.837179 0 0.400574 -0.916265 0 0.547141 -0.837041 0 0.674701 -0.738091 0 0.675245 -0.737594 0 0.680039 0.733176 0 0.793652 0.608372 0 0.793472 0.608606 0 0.402005 0.915638 0 1 -0.000143139 0 0.986652 0.162842 0 0.986569 0.163342 0 0.240867 -0.970558 0 0.240609 -0.970622 0 0.0745363 -0.997218 0 0.400331 -0.916371 0 1 0.000146063 0 0.943863 -0.330338 0 0.985988 -0.166814 0 0.985936 -0.167123 0 0.0743123 -0.997235 0 -0.0913285 -0.995821 0 -0.250616 -0.968086 0 -0.249982 -0.96825 0 -0.402001 -0.915639 0 -0.0911804 -0.995834 0 -0.547326 -0.83692 0 -0.401877 -0.915694 0 -0.547459 -0.836833 0 -0.679887 -0.733317 0 -0.679997 -0.733215 0 -0.793548 -0.608507 0 -0.793615 -0.60842 0 -0.88373 -0.467996 0 -0.883731 -0.467995 0 -0.947967 -0.318367 0 -0.948036 -0.318163 0 -0.986548 -0.163475 0 -1 -3.01992e-07 0 -1 1.74846e-07 0 -0.986548 -0.163475 0 0.875185 -0.483789 0 0.943759 -0.330633 0 0.947979 0.318333 0 0.883676 0.468099 0 0.947744 0.319031 0 0.883806 0.467854 0 0.402201 0.915551 0 0.25031 0.968166 0 0.0912852 0.995825 0 0.249546 0.968363 0 -0.0743557 0.997232 0 0.0914695 0.995808 0 -0.240657 0.97061 0 -0.0745728 0.997216 0 -0.240868 0.970558 0 -0.400409 0.916337 0 -0.400569 0.916266 0 -0.547001 0.837132 0 -0.546983 0.837144 0 -0.675072 0.737751 0 -0.784143 0.620581 0 -0.675433 0.737421 0 -0.875242 0.483685 0 -0.78411 0.620622 0 -0.943801 0.330515 0 -0.875284 0.48361 0 -0.943823 0.330453 0 -0.985963 0.166964 0 -0.985963 0.166964 0 -1 -5.69261e-13 0 -1 2.16493e-15 0 0.679819 0.73338 0 0.547255 0.836966 0 0.547473 0.836823 0 0.875321 -0.483542 0 0.78445 -0.620192 0 0.78418 -0.620534 0 0.54693 -0.837179 0 0.400574 -0.916265 0 0.547141 -0.837041 0 0.674701 -0.738091 0 0.675245 -0.737594 0 0.680039 0.733176 0 0.793652 0.608372 0 0.793472 0.608606 0 0.402005 0.915638 0 1 -0.000143139 0 0.986652 0.162842 0 0.986569 0.163342 0 0.240867 -0.970558 0 0.240609 -0.970622 0 0.0745363 -0.997218 0 0.400331 -0.916371 0 1 0.000146063 0 0.943863 -0.330338 0 0.985988 -0.166814 0 0.985936 -0.167123 0 0.0743123 -0.997235 0 -0.0913285 -0.995821 0 -0.250616 -0.968086 0 -0.249982 -0.96825 0 -0.402001 -0.915639 0 -0.0911804 -0.995834 0 -0.547326 -0.83692 0 -0.401877 -0.915694 0 -0.547459 -0.836833 0 -0.679887 -0.733317 0 -0.679997 -0.733215 0 -0.793548 -0.608507 0 -0.793615 -0.60842 0 -0.88373 -0.467996 0 -0.883731 -0.467995 0 -0.947967 -0.318367 0 -0.948036 -0.318163 0 -0.986548 -0.163475 0 -1 -3.01992e-07 0 -1 1.74846e-07 0 -0.986548 -0.163475 0 0.875185 -0.483789 0 0.943759 -0.330633 0 0.947979 0.318333 0 0.883676 0.468099 0 0.947744 0.319031 0 0.883806 0.467854 0 0.402201 0.915551 0 0.25031 0.968166 0 0.0912852 0.995825 0 0.249546 0.968363 0 -0.0743557 0.997232 0 0.0914695 0.995808 0 -0.240657 0.97061 0 -0.0745728 0.997216 0 -0.240868 0.970558 0 -0.400409 0.916337 0 -0.400569 0.916266 0 -0.547001 0.837132 0 -0.546983 0.837144 0 -0.675072 0.737751 0 -0.784143 0.620581 0 -0.675433 0.737421 0 -0.875242 0.483685 0 -0.78411 0.620622 0 -0.943801 0.330515 0 -0.875284 0.48361 0 -0.943823 0.330453 0 -0.985963 0.166964 0 -0.985963 0.166964 0 -1 -5.73644e-13 0 -1 -2.16493e-15 0 -0.645446 0.763806 0 -0.505214 0.862994 0 -0.642816 0.766021 0 -0.766086 0.642738 0 -4.39445e-05 1 0 -2.60631e-05 1 0 -0.173418 0.984848 0 -0.500014 0.866017 0 -0.342037 0.939686 0 -0.346288 0.938128 0 -0.175256 0.984523 0 -0.764242 0.64493 0 -0.866056 0.499946 0 -0.862983 0.505233 0 -0.938122 0.346306 0 -0.939707 0.341981 0 -0.984812 0.173622 0 -0.984524 0.17525 0 -1 -3.19789e-12 0 -1 4.38538e-15 0</float_array>
          <technique_common>
            <accessor count="4312" source="#ID7" stride="3">
              <param name="X" type="float"/>
              <param name="Y" type="float"/>
              <param name="Z" type="float"/>
            </accessor>
          </technique_common>
        </source>
        <vertices id="ID8">
          <input semantic="POSITION" source="#ID4"/>
          <input semantic="NORMAL" source="#ID6"/>
        </vertices>
        <triangles count="4692" material="ID9">
          <input offset="0" semantic="VERTEX" source="#ID8"/>
          <p>0 2 1 3 5 4 6 8 7 9 11 10 12 14 13 15 17 16 18 20 19 21 23 22 24 26 25 27 29 28 30 32 31 33 35 34 36 38 37 39 41 40 42 44 43 45 47 46 48 50 49 51 53 52 54 56 55 57 59 58 60 62 61 63 65 64 66 68 67 69 71 70 72 74 73 75 77 76 78 80 79 81 83 82 84 86 85 87 89 88 90 92 91 93 95 94 96 98 97 99 101 100 102 104 103 105 107 106 108 110 109 111 113 112 114 116 115 117 119 118 120 122 121 123 125 124 126 128 127 129 131 130 132 134 133 135 137 136 138 140 139 141 143 142 144 146 145 147 149 148 150 152 151 153 155 154 156 158 157 159 161 160 162 164 163 165 167 166 168 170 169 171 173 172 174 176 175 177 179 178 180 182 181 183 185 184 186 188 187 189 191 190 192 194 193 195 197 196 198 200 199 201 203 202 204 206 205 207 209 208 210 212 211 213 215 214 216 218 217 219 221 220 222 224 223 225 227 226 228 230 229 231 233 232 234 236 235 237 239 238 240 238 239 237 242 241 242 237 238 243 244 241 241 242 243 245 244 246 243 246 244 245 248 247 248 245 246 249 250 247 247 248 249 251 250 252 249 252 250 251 254 253 254 251 252 255 256 253 253 254 255 257 256 258 255 258 256 257 260 259 260 257 258 261 262 259 259 260 261 263 262 264 261 264 262 263 266 265 266 263 264 267 268 265 265 266 267 269 268 270 267 270 268 269 272 271 272 269 270 273 274 271 271 272 273 275 274 276 273 276 274 275 278 277 278 275 276 279 280 277 277 278 279 281 280 282 279 282 280 281 284 283 284 281 282 285 286 283 283 284 285 287 286 288 285 288 286 287 290 289 290 287 288 291 292 289 289 290 291 293 292 294 291 294 292 293 296 295 296 293 294 297 298 295 295 296 297 299 298 300 297 300 298 299 302 301 302 299 300 303 304 301 301 302 303 305 304 306 303 306 304 305 308 307 308 305 306 309 310 307 307 308 309 311 310 312 309 312 310 311 314 313 314 311 312 315 316 313 313 314 315 317 316 318 315 318 316 317 320 319 320 317 318 321 322 319 319 320 321 323 322 324 321 324 322 323 326 325 326 323 324 327 328 325 325 326 327 329 328 330 327 330 328 329 332 331 332 329 330 333 334 331 331 332 333 335 334 336 333 336 334 335 338 337 338 335 336 339 340 337 337 338 339 341 340 342 339 342 340 341 344 343 344 341 342 345 346 343 343 344 345 347 346 348 345 348 346 347 350 349 350 347 348 351 352 349 349 350 351 353 352 354 351 354 352 353 356 355 356 353 354 357 358 355 355 356 357 359 358 360 357 360 358 359 362 361 362 359 360 363 364 361 361 362 363 365 364 366 363 366 364 365 368 367 368 365 366 369 370 367 367 368 369 371 370 372 369 372 370 371 374 373 374 371 372 375 376 373 373 374 375 377 376 378 375 378 376 377 380 379 380 377 378 381 382 379 379 380 381 383 382 384 381 384 382 383 386 385 386 383 384 387 388 385 385 386 387 389 388 390 387 390 388 389 392 391 392 389 390 393 394 391 391 392 393 395 394 396 393 396 394 395 398 397 398 395 396 399 400 397 397 398 399 401 400 402 399 402 400 401 404 403 404 401 402 405 406 403 403 404 405 407 406 408 405 408 406 407 410 409 410 407 408 411 409 412 409 410 412 413 411 414 411 413 409 414 416 415 415 413 414 417 418 416 415 416 418 419 417 420 417 419 418 420 422 421 421 419 420 423 424 422 421 422 424 425 423 426 423 425 424 426 428 427 427 425 426 429 430 428 427 428 430 431 429 432 429 431 430 432 434 433 433 431 432 435 436 434 433 434 436 437 435 438 435 437 436 438 440 439 439 437 438 441 442 440 439 440 442 443 441 444 441 443 442 444 446 445 445 443 444 447 448 446 445 446 448 449 447 450 447 449 448 450 452 451 451 449 450 453 454 452 451 452 454 455 453 456 453 455 454 456 458 457 457 455 456 458 460 459 457 458 459 461 460 462 458 462 460 461 464 463 464 461 462 465 466 463 463 464 465 231 240 239 465 467 466 240 231 232 468 469 233 469 232 233 235 468 234 468 235 469 236 471 470 234 471 236 225 226 470 470 471 225 472 473 227 473 226 227 229 472 228 472 229 473 230 475 474 228 475 230 219 220 474 474 475 219 222 476 221 476 220 221 224 477 223 222 223 476 477 478 213 478 477 224 214 215 479 213 478 215 216 480 479 214 479 480 218 481 217 216 217 480 481 482 207 482 481 218 207 482 209 483 484 208 483 208 209 211 484 210 483 210 484 485 212 486 211 212 485 486 203 201 201 485 486 487 488 202 487 202 203 205 488 204 487 204 488 489 206 490 205 206 489 490 197 195 195 489 490 491 492 196 491 196 197 491 198 492 200 493 199 198 199 492 493 191 189 191 493 200 190 495 494 190 494 189 194 192 495 494 495 192 496 193 497 193 194 497 496 185 183 185 496 497 184 499 498 184 498 183 188 186 499 498 499 186 500 187 501 187 188 501 179 500 501 502 177 178 177 500 179 503 180 502 502 178 503 182 504 181 503 182 180 505 504 173 504 505 181 506 171 172 171 505 173 507 174 506 506 172 507 176 508 175 507 176 174 509 508 167 508 509 175 510 165 166 165 509 167 510 166 170 168 169 511 510 170 168 161 511 512 169 512 511 513 159 160 160 161 512 513 164 514 514 159 513 162 163 515 514 164 162 155 515 516 163 516 515 517 153 154 154 155 516 517 158 518 518 153 517 156 157 519 518 158 156 157 520 519 149 520 148 520 149 519 147 522 521 148 522 147 152 150 521 521 522 152 523 524 151 524 150 151 143 523 142 523 143 524 141 526 525 142 526 141 146 144 525 525 526 146 136 527 145 527 144 145 135 528 137 136 137 527 529 528 135 529 139 140 140 528 529 530 531 138 530 138 139 131 531 130 530 130 531 532 129 533 131 129 532 533 133 134 134 532 533 534 535 132 534 132 133 125 535 124 534 124 535 536 123 537 125 123 536 537 127 128 128 536 537 538 126 127 118 539 538 126 538 539 117 540 119 118 119 539 540 541 122 541 540 117 120 121 542 122 541 121 112 543 542 120 542 543 111 544 113 112 113 543 544 115 116 115 544 111 114 546 545 114 545 116 105 106 546 545 546 106 107 105 547 548 547 109 547 548 107 549 110 108 110 548 109 550 100 549 549 108 550 99 551 101 550 99 100 552 551 103 551 552 101 553 104 102 104 552 103 554 94 553 553 102 554 93 555 95 554 93 94 556 555 97 555 556 95 98 556 97 96 558 557 96 557 98 87 88 558 557 558 88 559 89 560 89 87 560 559 91 92 91 559 560 90 81 561 90 561 92 82 83 562 561 81 82 85 562 563 83 563 562 564 86 84 84 85 563 564 75 565 565 86 564 565 75 76 566 567 77 567 76 77 79 566 78 566 79 567 80 569 568 78 569 80 69 70 568 568 569 69 570 571 71 571 70 71 73 570 72 570 73 571 74 573 572 72 573 74 63 64 572 572 573 63 574 575 65 575 64 65 574 67 575 576 68 66 66 67 574 576 57 577 577 68 576 58 59 578 577 57 58 61 578 60 59 60 578 579 62 580 61 62 579 580 53 51 51 579 580 581 582 52 581 52 53 55 582 54 581 54 582 583 56 584 55 56 583 45 583 584 46 47 585 45 584 47 48 586 585 46 585 586 50 587 49 48 49 586 587 588 39 588 587 50 40 41 589 39 588 41 42 590 589 40 589 590 44 591 43 42 43 590 591 592 33 592 591 44 34 35 593 33 592 35 34 593 594 37 594 36 593 36 594 595 596 38 37 38 596 595 29 27 29 595 38 28 32 597 28 597 27 30 31 598 597 32 30 23 598 599 31 599 598 600 21 22 22 23 599 600 602 601 601 21 600 26 24 602 601 602 24 25 26 603 603 604 25 605 607 606 604 603 608 17 605 606 15 609 608 604 608 609 16 17 606 15 16 609 610 607 605 611 613 612 19 20 610 610 605 19 20 18 613 18 612 613 3 614 5 611 9 10 9 611 612 615 10 11 4 616 3 615 616 4 615 11 616 6 617 8 614 618 5 6 619 617 618 13 14 13 618 614 619 14 12 619 12 617 1 7 8 0 620 2 1 2 7 621 623 622 624 626 625 627 629 628 624 628 626 628 624 627 630 632 631 633 635 634 636 638 637 639 635 633 629 627 637 625 639 633 640 641 634 642 644 643 645 641 640 640 634 635 646 643 632 646 642 643 645 631 641 647 648 644 625 626 639 649 648 650 645 630 631 651 649 652 646 632 630 650 652 649 653 654 651 644 642 647 638 629 637 647 650 648 655 654 653 652 653 651 655 657 656 657 659 658 660 662 661 656 654 655 663 659 664 658 659 665 666 668 667 667 663 664 669 670 668 664 666 667 660 671 662 669 672 670 673 675 674 676 675 673 676 671 675 674 677 673 670 672 678 679 681 680 677 674 678 661 679 680 677 678 672 680 660 661 671 676 662 682 684 683 669 668 666 679 685 681 685 684 682 682 681 685 686 688 687 683 688 686 689 691 690 684 688 683 687 690 691 691 686 687 663 665 659 692 694 693 695 697 696 693 694 689 698 694 692 689 690 693 699 701 700 699 697 701 698 695 696 698 692 695 697 699 696 702 704 703 705 707 706 708 700 701 709 711 710 708 712 700 713 711 709 714 713 709 715 717 716 715 718 717 713 714 719 714 718 719 718 715 719 716 717 705 720 707 721 716 705 706 721 702 722 722 702 703 707 720 706 710 711 712 704 724 723 720 721 722 723 724 725 725 724 726 704 723 703 726 728 727 725 726 727 729 731 730 708 710 712 728 732 727 733 735 734 730 732 728 736 737 729 732 730 731 737 736 738 739 741 740 742 744 743 736 739 738 745 747 746 738 739 740 748 750 749 741 751 740 749 752 748 753 747 752 743 754 742 752 749 753 755 756 754 753 746 747 756 745 746 756 755 745 754 743 755 757 759 758 758 744 757 748 751 750 742 757 744 760 762 761 763 765 764 765 760 764 762 759 761 765 763 766 767 768 766 764 760 761 751 741 750 762 758 759 768 767 769 763 767 766 770 769 771 768 769 770 772 770 771 773 775 774 776 772 771 777 779 778 778 776 777 779 781 780 781 779 777 782 784 783 785 787 786 786 780 785 788 790 789 787 791 786 792 794 793 794 792 791 795 797 796 792 793 798 790 788 797 795 796 798 795 798 793 788 796 797 789 800 799 799 800 801 790 800 789 802 804 803 804 782 803 803 782 783 802 801 804 805 807 806 801 802 799 807 809 808 809 784 808 809 783 784 810 811 735 807 808 806 812 814 813 814 816 815 817 805 806 818 815 816 818 817 815 819 821 820 814 812 816 822 824 823 825 824 822 826 775 773 826 813 775 827 829 828 824 825 774 774 825 773 830 832 831 833 835 834 823 837 836 822 823 836 838 834 835 835 839 838 838 839 837 840 841 832 841 831 832 827 828 833 834 827 833 821 842 820 840 828 829 733 734 842 841 840 829 819 820 830 821 733 842 819 830 831 810 843 811 811 734 735 844 845 843 844 843 810 844 846 845 847 848 846 813 826 812 839 836 837 805 817 818 846 848 845 791 787 794 776 778 772 780 781 785 731 729 737 849 851 850 852 854 853 847 854 852 855 857 856 854 858 853 859 861 860 859 858 862 856 863 855 859 862 861 864 866 865 867 869 868 868 869 870 871 873 872 872 873 874 875 865 866 863 856 876 871 877 873 878 877 871 878 863 876 855 867 857 876 877 878 867 868 857 875 866 879 880 881 879 882 880 883 874 884 872 882 881 880 883 885 882 879 881 875 861 870 860 870 869 860 886 888 887 874 888 884 851 887 850 854 862 858 885 883 889 886 887 851 852 848 847 658 656 657 890 892 891 893 895 894 890 891 896 891 897 896 898 900 899 901 898 902 899 900 903 904 901 902 905 907 906 907 904 906 904 907 901 908 893 892 909 911 910 894 895 912 905 914 913 913 910 911 912 909 894 912 911 909 898 899 902 913 914 910 895 893 908 915 903 849 849 850 915 906 914 905 888 886 884 889 896 897 890 908 892 889 897 885 638 636 916 903 915 899 917 916 918 636 918 916 919 920 917 919 917 918 921 922 920 917 920 922 923 921 924 921 923 922 924 926 925 925 923 924 927 928 926 925 926 928 929 927 930 927 929 928 930 932 931 931 929 930 933 934 932 931 932 934 935 933 936 933 935 934 936 938 937 937 935 936 937 938 939 940 939 938 940 942 941 941 939 940 943 944 942 941 942 944 945 943 946 943 945 944 946 948 947 947 945 946 949 950 948 947 948 950 951 949 952 949 951 950 952 954 953 953 951 952 955 956 954 953 954 956 957 955 958 955 957 956 959 960 957 957 958 959 961 960 962 959 962 960 961 964 963 964 961 962 965 966 963 963 964 965 967 966 968 965 968 966 967 970 969 970 967 968 971 972 969 969 970 971 973 972 974 971 974 972 973 976 975 976 973 974 977 978 975 975 976 977 979 978 980 977 980 978 979 982 981 982 979 980 983 984 981 981 982 983 985 984 986 983 986 984 985 988 987 988 985 986 989 990 987 987 988 989 991 990 992 989 992 990 991 994 993 994 991 992 995 996 993 993 994 995 996 998 997 995 998 996 997 1000 999 999 996 997 1001 1002 1000 999 1000 1002 1003 1001 1004 1001 1003 1002 1004 1006 1005 1005 1003 1004 1007 1008 1006 1005 1006 1008 1009 1007 1010 1007 1009 1008 1010 1012 1011 1011 1009 1010 1013 1014 1012 1011 1012 1014 1015 1013 1016 1013 1015 1014 1016 1018 1017 1017 1015 1016 1019 1020 1018 1017 1018 1020 1021 1019 1022 1019 1021 1020 1022 1024 1023 1023 1021 1022 1025 1026 1024 1023 1024 1026 1027 1025 1028 1025 1027 1026 1028 1030 1029 1029 1027 1028 1031 1032 1030 1029 1030 1032 1033 1031 1034 1031 1033 1032 1034 1036 1035 1035 1033 1034 1037 1038 1036 1035 1036 1038 1039 1037 1040 1037 1039 1038 1040 1042 1041 1041 1039 1040 1043 1044 1042 1041 1042 1044 1045 1043 1046 1043 1045 1044 1046 1048 1047 1047 1045 1046 1049 1050 1048 1047 1048 1050 1051 1049 1052 1049 1051 1050 1052 1054 1053 1053 1051 1052 1055 1056 1054 1053 1054 1056 1057 1055 1058 1055 1057 1056 1058 1060 1059 1059 1057 1058 1061 1062 1060 1059 1060 1062 1063 1061 1064 1061 1063 1062 1064 1066 1065 1065 1063 1064 1067 1068 1066 1065 1066 1068 1069 1067 1070 1067 1069 1068 1070 1072 1071 1071 1069 1070 1073 1074 1072 1071 1072 1074 1075 1073 1076 1073 1075 1074 1076 1078 1077 1077 1075 1076 1079 1080 1078 1077 1078 1080 1081 1079 1082 1079 1081 1080 1082 1084 1083 1083 1081 1082 1085 1086 1084 1083 1084 1086 1087 1085 1088 1085 1087 1086 1088 1090 1089 1089 1087 1088 1091 1092 1090 1089 1090 1092 1093 1091 1094 1091 1093 1092 1094 1096 1095 1095 1093 1094 1097 1098 1096 1095 1096 1098 1099 1097 1100 1097 1099 1098 1100 1102 1101 1101 1099 1100 1103 1104 1102 1101 1102 1104 1105 1103 1106 1103 1105 1104 1106 1108 1107 1107 1105 1106 1109 1110 1108 1107 1108 1110 1111 1109 1112 1109 1111 1110 1112 1114 1113 1113 1111 1112 1115 1116 1114 1113 1114 1116 1117 1115 1118 1115 1117 1116 1118 1120 1119 1119 1117 1118 1121 1122 1120 1119 1120 1122 1123 1121 1124 1121 1123 1122 1124 1126 1125 1125 1123 1124 1127 1128 1126 1125 1126 1128 1129 1127 1130 1127 1129 1128 1130 1132 1131 1131 1129 1130 1133 1134 1132 1131 1132 1134 1135 1133 1136 1133 1135 1134 1136 1138 1137 1137 1135 1136 1139 1140 1138 1137 1138 1140 1141 1139 1142 1139 1141 1140 1142 1144 1143 1143 1141 1142 1145 1146 1144 1143 1144 1146 1147 1145 1148 1145 1147 1146 1148 1150 1149 1149 1147 1148 1151 1152 1150 1149 1150 1152 1153 1151 1154 1151 1153 1152 1154 1156 1155 1155 1153 1154 1157 1158 1156 1155 1156 1158 1159 1157 1160 1157 1159 1158 1160 1162 1161 1161 1159 1160 1163 1164 1162 1161 1162 1164 1165 1163 1166 1163 1165 1164 1166 1168 1167 1167 1165 1166 1169 1170 1168 1167 1168 1170 1171 1169 1172 1169 1171 1170 1172 1174 1173 1173 1171 1172 1175 1176 1174 1173 1174 1176 1177 1175 1178 1175 1177 1176 1178 1180 1179 1179 1177 1178 1181 1182 1180 1179 1180 1182 1183 1181 1184 1181 1183 1182 1184 1186 1185 1185 1183 1184 1187 1188 1186 1185 1186 1188 1189 1187 1190 1187 1189 1188 1190 1192 1191 1191 1189 1190 1193 1194 1192 1191 1192 1194 1195 1193 1196 1193 1195 1194 1196 1198 1197 1197 1195 1196 1199 1200 1198 1197 1198 1200 1201 1199 1202 1199 1201 1200 1202 1204 1203 1203 1201 1202 1205 1206 1204 1203 1204 1206 1207 1205 1208 1205 1207 1206 1208 1210 1209 1209 1207 1208 1211 1212 1210 1209 1210 1212 1213 1211 1214 1211 1213 1212 1214 1216 1215 1215 1213 1214 1217 1218 1216 1215 1216 1218 1219 1217 1220 1217 1219 1218 1220 1222 1221 1221 1219 1220 1223 1224 1222 1221 1222 1224 1225 1223 1226 1223 1225 1224 1226 1228 1227 1227 1225 1226 1229 1230 1228 1227 1228 1230 1231 1229 1232 1229 1231 1230 1232 1234 1233 1233 1231 1232 1235 1236 1234 1233 1234 1236 1237 1235 623 1235 1237 1236 1238 621 622 621 1237 623 1239 1240 1238 1238 622 1239 1241 1240 1242 1239 1242 1240 1243 1244 1241 1243 1241 1242 1241 1244 1245 1244 1246 1245 1247 1249 1248 1250 1252 1251 1253 1255 1254 1256 1258 1257 1259 1261 1260 1262 1264 1263 1265 1267 1266 1268 1270 1269 1271 1272 1269 1273 1275 1274 1276 1278 1277 1279 1281 1280 1282 1284 1283 1279 1285 1281 1281 1286 1280 1287 1289 1288 1290 1292 1291 1293 1295 1294 1296 1298 1297 1294 1298 1293 1293 1299 1295 1295 1299 1300 1294 1297 1298 1301 1303 1302 1299 1304 1300 1303 1301 1305 1301 1306 1305 1304 1306 1300 1306 1304 1305 1307 1302 1308 1303 1308 1302 1308 1309 1307 1310 1307 1309 1287 1296 1297 1288 1296 1287 1288 1289 1291 1290 1285 1292 1289 1290 1291 1282 1312 1311 1312 1280 1286 1292 1285 1279 1286 1311 1312 1276 1268 1278 1283 1284 1313 1282 1311 1284 1278 1275 1277 1313 1273 1274 1274 1283 1313 1275 1273 1277 1263 1267 1265 1276 1270 1268 1270 1271 1269 1265 1262 1263 1271 1264 1272 1272 1264 1262 1267 1314 1266 1261 1259 1250 1258 1260 1261 1314 1256 1257 1257 1266 1314 1258 1256 1260 1252 1255 1251 1259 1252 1250 1253 1254 1247 1251 1255 1253 1249 1247 1254 1315 1317 1316 1317 1315 1318 1319 1321 1320 1322 1323 1320 1320 1323 1319 1324 1326 1325 1327 1329 1328 1330 1332 1331 1333 1335 1334 1336 1338 1337 1339 1341 1340 1342 1344 1343 1345 1347 1346 1348 1350 1349 1350 1348 1351 1352 1349 1353 1350 1353 1349 1354 1355 1352 1352 1353 1354 1355 1357 1356 1357 1355 1354 1358 1359 1357 1356 1357 1359 1360 1359 1358 1361 1351 1348 1343 1351 1361 1347 1345 1362 1363 1344 1342 1342 1343 1361 1363 1345 1346 1363 1346 1344 1362 1338 1347 1336 1337 1341 1338 1362 1337 1364 1340 1330 1339 1340 1364 1339 1336 1341 1331 1364 1330 1334 1332 1333 1332 1334 1331 1333 1327 1335 1328 1329 1326 1335 1327 1328 1324 1325 1365 1326 1329 1325 1366 1368 1367 1369 1371 1370 1372 1373 1367 1366 1367 1373 1372 1375 1374 1374 1373 1372 1374 1375 1376 1377 1378 1376 1376 1375 1377 1378 1380 1379 1380 1378 1377 1381 1383 1382 1380 1381 1379 1384 1386 1385 1387 1389 1388 1369 1370 1390 1391 1392 1371 1393 1395 1394 1396 1398 1397 1399 1401 1400 1402 1399 1403 1403 1395 1402 1399 1402 1401 1394 1398 1393 1403 1394 1395 1396 1397 1390 1393 1398 1396 1370 1371 1392 1390 1397 1369 1386 1384 1391 1391 1384 1392 1386 1387 1385 1389 1383 1388 1387 1388 1385 1381 1382 1379 1389 1382 1383 1404 1406 1405 1407 1409 1408 1410 1412 1411 1413 1415 1414 1416 1418 1417 1419 1421 1420 1422 1424 1423 1425 1427 1426 1428 1430 1429 1431 1433 1432 1434 1435 1433 1436 1437 1431 1431 1432 1436 1437 1439 1438 1439 1437 1436 1440 1438 1441 1439 1441 1438 1442 1443 1440 1440 1441 1442 1425 1435 1434 1433 1435 1432 1427 1428 1426 1434 1427 1425 1429 1430 1421 1426 1428 1429 1419 1420 1424 1421 1430 1420 1414 1422 1423 1422 1419 1424 1417 1415 1413 1413 1414 1423 1416 1407 1418 1417 1418 1415 1409 1412 1408 1416 1409 1407 1410 1411 1404 1408 1412 1410 1406 1404 1411 1444 1446 1445 1447 1448 1446 1446 1450 1449 1445 1446 1449 1446 1452 1451 1450 1446 1451 1446 1454 1453 1452 1446 1453 1446 1456 1455 1454 1446 1455 1456 1446 1457 1458 1459 1446 1446 1459 1457 1446 1460 1458 1461 1462 1446 1446 1462 1460 1463 1464 1446 1446 1464 1461 1465 1466 1446 1446 1466 1463 1446 1448 1465 1467 1469 1468 1467 1468 1470 1467 1472 1471 1469 1467 1471 1473 1474 1467 1472 1467 1474 1475 1477 1476 1478 1477 1475 1479 1481 1480 1475 1480 1478 1478 1480 1481 1481 1479 1482 1483 1485 1484 1483 1487 1486 1485 1483 1486 1483 1488 1487 1489 1490 1483 1483 1490 1488 1491 1493 1492 1494 1495 1493 1496 1492 1493 1494 1493 1491 1496 1493 1497 1493 1498 1497 1499 1501 1500 1502 1504 1503 1505 1504 1502 1500 1501 1503 1500 1503 1504 1501 1499 1506 1507 1509 1508 1508 1509 1510 1511 1512 1508 1508 1512 1507 1513 1514 1508 1508 1514 1511 1515 1517 1516 1518 1520 1519 1521 1523 1522 1520 1524 1519 1525 1527 1526 1528 1530 1529 1531 1533 1532 1534 1536 1535 1521 1522 1537 1538 1540 1539 1541 1543 1542 1544 1545 1538 1546 1547 1515 1548 1542 1549 1550 1552 1551 1553 1533 1531 1554 1556 1555 1557 1559 1558 1556 1561 1560 1562 1563 1555 1564 1566 1565 1566 1560 1565 1567 1569 1568 1564 1567 1566 1570 1572 1571 1571 1568 1569 1561 1556 1554 1557 1574 1573 1561 1565 1560 1575 1576 1559 1563 1562 1551 1559 1557 1577 1578 1579 1550 1580 1575 1559 1581 1575 1582 1549 1584 1583 1584 1581 1585 1586 1545 1587 1546 1586 1588 1589 1521 1590 1536 1591 1522 1592 1594 1593 1595 1528 1596 1597 1599 1598 1600 1553 1531 1536 1522 1601 1598 1603 1602 1604 1603 1518 1605 1606 1592 1594 1592 1606 1551 1552 1563 1607 1597 1602 1562 1555 1556 1568 1608 1567 1560 1574 1556 1566 1573 1560 1568 1571 1572 1564 1569 1567 1567 1608 1609 1610 1568 1572 1562 1556 1574 1517 1611 1516 1573 1566 1609 1574 1560 1573 1574 1558 1562 1609 1608 1612 1608 1568 1610 1566 1567 1609 1609 1612 1613 1614 1608 1610 1551 1562 1558 1579 1552 1550 1557 1573 1613 1558 1574 1557 1558 1576 1551 1615 1616 1612 1612 1608 1614 1573 1609 1613 1613 1616 1577 1615 1612 1614 1550 1551 1576 1611 1579 1578 1575 1581 1617 1576 1558 1559 1517 1515 1547 1618 1619 1616 1613 1612 1616 1557 1613 1577 1577 1619 1580 1615 1618 1616 1550 1576 1617 1578 1550 1617 1581 1584 1620 1617 1576 1575 1578 1617 1620 1621 1622 1619 1577 1616 1619 1559 1577 1580 1580 1622 1582 1618 1621 1619 1578 1620 1516 1516 1611 1578 1584 1549 1623 1620 1617 1581 1516 1620 1623 1624 1625 1622 1580 1619 1622 1575 1580 1582 1582 1625 1585 1621 1624 1622 1515 1516 1623 1588 1547 1546 1626 1549 1542 1623 1620 1584 1515 1623 1626 1627 1628 1625 1582 1622 1625 1581 1582 1585 1585 1628 1583 1624 1627 1625 1546 1515 1626 1587 1588 1586 1583 1628 1629 1626 1623 1549 1626 1630 1546 1631 1629 1628 1585 1625 1628 1584 1585 1583 1583 1629 1548 1627 1631 1628 1586 1546 1630 1544 1587 1545 1629 1632 1548 1630 1626 1542 1586 1630 1633 1542 1543 1630 1629 1635 1634 1549 1583 1548 1541 1548 1632 1631 1635 1629 1545 1586 1633 1539 1544 1538 1632 1636 1541 1633 1630 1543 1633 1590 1545 1543 1589 1633 1632 1629 1634 1542 1548 1541 1541 1636 1637 1638 1632 1634 1538 1545 1590 1639 1539 1540 1589 1543 1637 1590 1633 1589 1590 1537 1538 1637 1636 1640 1636 1632 1638 1543 1541 1637 1637 1640 1641 1642 1636 1638 1540 1538 1537 1533 1639 1532 1521 1589 1641 1537 1590 1521 1540 1537 1591 1641 1640 1643 1640 1636 1642 1589 1637 1641 1641 1643 1523 1644 1640 1642 1540 1591 1532 1532 1639 1540 1536 1534 1645 1591 1537 1522 1591 1645 1532 1646 1647 1643 1643 1640 1644 1521 1641 1523 1523 1647 1601 1646 1643 1644 1531 1532 1645 1599 1553 1600 1648 1534 1520 1645 1591 1536 1648 1531 1645 1649 1650 1647 1523 1643 1647 1522 1523 1601 1601 1650 1535 1646 1649 1647 1531 1648 1600 1600 1598 1599 1534 1524 1520 1648 1645 1534 1648 1651 1600 1652 1596 1650 1601 1647 1650 1536 1601 1535 1535 1596 1524 1649 1652 1650 1600 1651 1598 1602 1653 1594 1518 1651 1520 1651 1648 1520 1651 1518 1603 1530 1527 1529 1535 1650 1596 1534 1535 1524 1524 1528 1519 1652 1595 1596 1597 1598 1602 1607 1594 1606 1519 1654 1518 1598 1651 1603 1603 1604 1653 1528 1529 1519 1604 1518 1654 1524 1596 1528 1654 1519 1529 1595 1530 1528 1607 1602 1594 1602 1603 1653 1593 1653 1655 1594 1653 1593 1655 1604 1656 1653 1604 1655 1656 1654 1525 1604 1654 1656 1525 1529 1527 1654 1529 1525 1657 1659 1658 1660 1662 1661 1663 1665 1664 1666 1668 1667 1669 1671 1670 1672 1674 1673 1675 1677 1676 1678 1680 1679 1681 1683 1682 1684 1686 1685 1687 1689 1688 1689 1687 1690 1691 1692 1688 1687 1688 1692 1691 1694 1693 1693 1692 1691 1695 1694 1696 1694 1695 1693 1697 1698 1696 1695 1696 1698 1699 1698 1697 1689 1690 1700 1700 1681 1682 1681 1700 1690 1683 1684 1685 1683 1685 1682 1686 1677 1675 1684 1677 1686 1678 1676 1680 1675 1676 1678 1671 1679 1670 1679 1680 1670 1673 1674 1669 1674 1671 1669 1663 1664 1672 1663 1672 1673 1665 1666 1667 1665 1667 1664 1668 1660 1661 1666 1660 1668 1659 1662 1658 1661 1662 1659 1657 1658 1701 1702 1704 1703 1705 1707 1706 1708 1710 1709 1711 1713 1712 1714 1716 1715 1717 1719 1718 1720 1722 1721 1723 1725 1724 1726 1728 1727 1729 1731 1730 1732 1734 1733 1735 1737 1736 1737 1735 1738 1739 1740 1736 1735 1736 1740 1739 1742 1741 1741 1740 1739 1743 1742 1744 1742 1743 1741 1745 1746 1744 1743 1744 1746 1747 1746 1745 1738 1729 1730 1730 1737 1738 1733 1734 1731 1733 1731 1729 1732 1725 1723 1732 1723 1734 1724 1726 1727 1725 1726 1724 1719 1728 1718 1727 1728 1719 1720 1717 1722 1717 1718 1722 1711 1712 1721 1712 1720 1721 1715 1716 1713 1715 1713 1711 1714 1707 1705 1714 1705 1716 1706 1710 1708 1707 1710 1706 1702 1709 1704 1708 1709 1702 1748 1750 1749 1751 1753 1752 1754 1756 1755 1753 1758 1757 1759 1761 1760 1762 1763 1760 1764 1762 1765 1766 1767 1761 1768 1765 1752 1754 1767 1756 1769 1770 1755 1758 1749 1757 1771 1772 1770 1773 1775 1774 1776 1775 1772 1777 1778 1773 1779 1748 1780 1781 1783 1782 1784 1785 1780 1786 1788 1787 1784 1790 1789 1791 1792 1790 1793 1791 1794 1795 1797 1796 1798 1800 1799 1798 1793 1794 1801 1803 1802 1804 1806 1805 1807 1800 1808 1809 1811 1810 1811 1812 1808 1813 1815 1814 1816 1818 1817 1819 1821 1820 1783 1778 1782 1821 1822 1818 1819 1822 1821 1815 1823 1814 1817 1818 1822 1816 1817 1805 1823 1824 1810 1806 1816 1805 1825 1827 1826 1797 1829 1828 1815 1813 1820 1820 1813 1819 1823 1810 1814 1809 1810 1824 1812 1811 1809 1807 1808 1812 1799 1800 1807 1793 1798 1799 1791 1790 1794 1789 1790 1792 1785 1784 1789 1779 1780 1785 1750 1748 1779 1757 1749 1750 1753 1751 1758 1752 1765 1751 1764 1765 1768 1763 1762 1764 1759 1760 1763 1766 1761 1759 1756 1767 1766 1755 1770 1754 1771 1770 1769 1776 1772 1771 1774 1775 1776 1777 1773 1774 1782 1778 1777 1781 1787 1783 1796 1787 1788 1786 1787 1781 1797 1795 1829 1796 1788 1795 1828 1829 1827 1825 1826 1801 1828 1827 1825 1803 1804 1802 1826 1803 1801 1805 1802 1804 1830 1832 1831 1831 1833 1830 1834 1836 1835 1835 1837 1834 1838 1840 1839 1838 1841 1840 1842 1844 1843 1842 1845 1844 1846 1848 1847 1847 1849 1846 1850 1852 1851 1851 1853 1850 1854 1856 1855 1857 1859 1858 1860 1862 1861 1863 1865 1864 1866 1868 1867 1869 1871 1870 1872 1874 1873 1875 1877 1876 1878 1880 1879 1881 1883 1882 1884 1886 1885 1887 1889 1888 1890 1892 1891 1893 1895 1894 1895 1893 1889 1896 1894 1897 1895 1897 1894 1898 1899 1896 1896 1897 1898 1899 1901 1900 1901 1899 1898 1902 1900 1903 1901 1903 1900 1904 1905 1902 1902 1903 1904 1888 1892 1887 1889 1893 1888 1882 1890 1891 1890 1887 1892 1885 1883 1881 1881 1882 1891 1884 1876 1886 1885 1886 1883 1877 1879 1876 1884 1875 1876 1878 1906 1880 1877 1878 1879 1870 1871 1906 1880 1906 1871 1872 1869 1874 1869 1870 1874 1863 1864 1873 1864 1872 1873 1867 1868 1865 1867 1865 1863 1866 1859 1857 1866 1857 1868 1858 1862 1860 1859 1862 1858 1855 1861 1854 1860 1861 1855 1856 1854 1907 1908 1910 1909 1911 1913 1912 1913 1914 1912 1915 1912 1914 1911 1912 1916 1912 1915 1917 1918 1916 1912 1919 1918 1912 1917 1920 1912 1921 1923 1922 1910 1919 1912 1924 1926 1925 1919 1910 1927 1926 1924 1928 1910 1908 1927 1929 1910 1930 1931 1926 1932 1926 1934 1933 1935 1937 1936 1938 1940 1939 1941 1935 1942 1940 1944 1943 1945 1922 1923 1921 1940 1923 1946 1947 1923 1948 1949 1923 1923 1950 1946 1948 1923 1947 1949 1945 1923 1923 1951 1950 1923 1935 1952 1935 1941 1953 1953 1952 1935 1944 1940 1954 1954 1940 1921 1936 1955 1935 1955 1942 1935 1956 1939 1940 1957 1956 1940 1937 1935 1958 1910 1959 1930 1959 1940 1938 1926 1931 1960 1961 1934 1926 1909 1910 1962 1962 1910 1963 1932 1926 1928 1961 1926 1960 1963 1910 1929 1925 1926 1912 1920 1925 1912 1933 1958 1935 1926 1933 1935 1952 1951 1923 1943 1957 1940 1959 1910 1940 1964 1966 1965 1967 1969 1968 1970 1972 1971 1973 1964 1974 1974 1976 1975 1976 1977 1971 1978 1980 1979 1981 1972 1982 1983 1984 1981 1985 1984 1986 1987 1979 1988 1985 1986 1989 1990 1991 1988 1992 1993 1989 1994 1996 1995 1997 1998 1992 1999 2001 2000 2002 2004 2003 2005 2007 2006 2008 2010 2009 2011 2013 2012 1968 1969 2014 2015 2017 2016 2018 2020 2019 2021 2023 2022 2024 2026 2025 2027 2029 2028 2030 2032 2031 2033 2035 2034 2036 2034 2037 2032 2024 2031 2036 2039 2038 2030 2033 2040 2026 2042 2041 2043 2028 2038 2027 2044 2029 2045 2042 2019 1967 2020 2046 2044 2021 2047 2048 2049 2022 2050 2051 2014 2052 2015 2049 2017 2012 2016 2009 2053 2050 2013 2016 2012 2054 2008 2055 2011 2006 2056 2011 2056 2013 2057 1998 2058 2003 2059 2002 2060 2007 2005 2061 2059 2057 2006 2007 2056 1966 1964 1973 2052 2017 2015 2048 2052 2049 2023 2048 2022 2047 2021 2022 2029 2044 2047 2043 2027 2028 2039 2043 2038 2037 2039 2036 2035 2037 2034 2040 2033 2034 2032 2030 2040 2025 2031 2024 2041 2025 2026 2045 2041 2042 2018 2019 2042 2046 2020 2018 1969 1967 2046 2051 1968 2014 2053 2051 2050 2010 2053 2009 2055 2008 2009 2062 2054 2055 2003 2004 2062 2004 2054 2062 2061 2002 2059 2058 2061 2057 1997 2058 1998 1993 1992 1998 1985 1989 1993 1983 1986 1984 1982 1983 1981 1970 1982 1972 1977 1970 1971 1975 1976 1971 1973 1974 1975 1965 1966 1980 2063 1978 1979 1978 1965 1980 1988 1991 1987 1979 1987 2063 1990 1994 1991 1996 2000 1995 1990 1996 1994 2001 1999 2060 1995 2000 2001 2007 2060 1999 2064 2066 2065 2067 2069 2068 2070 2072 2071 2073 2075 2074 2076 2078 2077 2079 2081 2080 2082 2084 2083 2085 2087 2086 2088 2090 2089 2091 2093 2092 2094 2096 2095 2097 2099 2098 2100 2102 2101 2103 2105 2104 2104 2107 2106 2105 2109 2108 2109 2105 2103 2110 2108 2111 2109 2111 2108 2112 2113 2110 2110 2111 2112 2113 2115 2114 2115 2113 2112 2116 2114 2117 2115 2117 2114 2118 2119 2116 2116 2117 2118 2099 2106 2107 2103 2104 2106 2097 2098 2102 2099 2107 2098 2092 2100 2101 2100 2097 2102 2095 2093 2091 2091 2092 2101 2094 2085 2096 2095 2096 2093 2087 2088 2086 2094 2087 2085 2089 2090 2081 2086 2088 2089 2079 2080 2084 2081 2090 2080 2074 2082 2083 2082 2079 2084 2077 2075 2073 2073 2074 2083 2076 2067 2078 2077 2078 2075 2069 2072 2068 2076 2069 2067 2070 2071 2064 2068 2072 2070 2066 2064 2071 2120 2122 2121 2123 2125 2124 2126 2128 2127 2129 2131 2130 2132 2134 2133 2135 2137 2136 2138 2140 2139 2141 2143 2142 2144 2146 2145 2147 2146 2148 2149 2150 2145 2144 2145 2150 2149 2152 2151 2151 2150 2149 2153 2152 2154 2152 2153 2151 2155 2156 2154 2153 2154 2156 2157 2156 2155 2146 2144 2148 2158 2138 2147 2148 2158 2147 2141 2139 2140 2140 2138 2158 2143 2134 2142 2141 2142 2139 2133 2137 2132 2143 2133 2134 2132 2137 2135 2124 2131 2123 2135 2136 2159 2159 2126 2127 2126 2159 2136 2131 2129 2123 2128 2130 2127 2128 2129 2130 2122 2124 2125 2120 2121 2160 2122 2125 2121 2161 2163 2162 2164 2166 2165 2167 2169 2168 2170 2172 2171 2173 2175 2174 2176 2178 2177 2179 2176 2180 2181 2183 2182 2181 2185 2184 2186 2188 2187 2186 2189 2183 2190 2192 2191 2192 2190 2188 2193 2195 2194 2192 2195 2191 2196 2197 2194 2193 2194 2197 2196 2199 2198 2198 2197 2196 2193 2191 2195 2187 2189 2186 2190 2187 2188 2182 2185 2181 2182 2183 2189 2178 2184 2177 2177 2184 2185 2179 2180 2171 2176 2179 2178 2166 2169 2165 2174 2172 2170 2170 2171 2180 2166 2164 2173 2164 2175 2173 2174 2175 2172 2168 2162 2167 2169 2167 2165 2162 2168 2161 2163 2161 2200 2201 2203 2202 2204 2206 2205 2207 2209 2208 2210 2212 2211 2213 2215 2214 2216 2218 2217 2219 2221 2220 2222 2224 2223 2225 2227 2226 2228 2230 2229 2231 2232 2230 2233 2234 2228 2228 2229 2233 2234 2236 2235 2236 2234 2233 2237 2235 2238 2236 2238 2235 2239 2240 2237 2237 2238 2239 2232 2229 2230 2232 2231 2222 2224 2222 2231 2211 2212 2220 2226 2223 2225 2224 2225 2223 2217 2221 2219 2226 2227 2216 2217 2219 2216 2216 2227 2218 2211 2220 2221 2205 2206 2209 2212 2210 2241 2204 2213 2206 2241 2214 2215 2214 2241 2210 2204 2215 2213 2208 2202 2207 2209 2207 2205 2202 2208 2201 2203 2201 2242 2243 2245 2244 2246 2248 2247 2249 2251 2250 2252 2254 2253 2255 2257 2256 2258 2260 2259 2261 2263 2262 2264 2266 2265 2267 2259 2268 2269 2271 2270 2272 2264 2273 2274 2276 2275 2269 2275 2276 2274 2278 2277 2277 2276 2274 2279 2278 2280 2278 2279 2277 2281 2282 2280 2279 2280 2282 2281 2284 2283 2283 2282 2281 2275 2269 2270 2270 2271 2273 2272 2273 2271 2262 2253 2261 2266 2267 2265 2272 2266 2264 2263 2261 2258 2268 2259 2260 2265 2267 2268 2259 2263 2258 2247 2248 2251 2252 2253 2262 2248 2246 2255 2256 2254 2252 2246 2257 2255 2256 2257 2254 2251 2249 2247 2245 2243 2250 2249 2250 2243 2285 2287 2286 2288 2290 2289 2291 2293 2292 2294 2296 2295 2297 2299 2298 2300 2302 2301 2303 2305 2304 2306 2308 2307 2309 2311 2310 2312 2314 2313 2315 2316 2314 2317 2318 2312 2312 2313 2317 2318 2320 2319 2320 2318 2317 2321 2319 2322 2320 2322 2319 2323 2324 2321 2321 2322 2323 2316 2313 2314 2316 2315 2306 2308 2306 2315 2295 2296 2304 2310 2307 2309 2308 2309 2307 2301 2305 2303 2310 2311 2300 2301 2303 2300 2300 2311 2302 2295 2304 2305 2289 2290 2293 2296 2294 2325 2288 2297 2290 2325 2298 2299 2298 2325 2294 2288 2299 2297 2292 2286 2291 2293 2291 2289 2286 2292 2285 2287 2285 2326 2327 2329 2328 2330 2332 2331 2333 2335 2334 2336 2338 2337 2339 2341 2340 2342 2344 2343 2345 2347 2346 2348 2350 2349 2351 2353 2352 2354 2356 2355 2357 2358 2356 2359 2360 2354 2354 2355 2359 2360 2362 2361 2362 2360 2359 2363 2361 2364 2362 2364 2361 2365 2366 2363 2363 2364 2365 2358 2355 2356 2358 2357 2348 2350 2348 2357 2337 2345 2346 2352 2349 2351 2350 2351 2349 2342 2347 2345 2352 2353 2344 2343 2347 2342 2344 2353 2343 2335 2333 2331 2336 2337 2346 2340 2338 2336 2331 2332 2335 2339 2330 2341 2340 2341 2338 2339 2332 2330 2328 2333 2334 2329 2327 2367 2328 2334 2327 2368 2370 2369 2371 2373 2372 2374 2376 2375 2377 2379 2378 2380 2382 2381 2383 2385 2384 2386 2388 2387 2389 2391 2390 2392 2394 2393 2395 2397 2396 2398 2399 2397 2400 2401 2395 2395 2396 2400 2401 2403 2402 2403 2401 2400 2404 2402 2405 2403 2405 2402 2406 2407 2404 2404 2405 2406 2399 2396 2397 2399 2398 2389 2391 2389 2398 2378 2386 2387 2393 2390 2392 2391 2392 2390 2383 2388 2386 2393 2394 2385 2384 2388 2383 2385 2394 2384 2376 2374 2372 2377 2378 2387 2381 2379 2377 2372 2373 2376 2380 2371 2382 2381 2382 2379 2380 2373 2371 2369 2374 2375 2370 2368 2408 2369 2375 2368 2409 2411 2410 2412 2414 2413 2415 2417 2416 2418 2420 2419 2421 2423 2422 2424 2426 2425 2427 2429 2428 2430 2432 2431 2433 2435 2434 2436 2438 2437 2439 2440 2438 2441 2442 2436 2436 2437 2441 2442 2444 2443 2444 2442 2441 2445 2443 2446 2444 2446 2443 2447 2448 2445 2445 2446 2447 2440 2437 2438 2440 2439 2430 2432 2430 2439 2419 2420 2428 2434 2431 2433 2432 2433 2431 2425 2429 2427 2434 2435 2424 2425 2427 2424 2424 2435 2426 2419 2428 2429 2413 2414 2417 2420 2418 2449 2412 2421 2414 2449 2422 2423 2422 2449 2418 2412 2423 2421 2416 2410 2415 2417 2415 2413 2410 2416 2409 2411 2409 2450 2451 2453 2452 2454 2456 2455 2457 2459 2458 2460 2462 2461 2463 2465 2464 2466 2468 2467 2466 2470 2469 2471 2473 2472 2474 2476 2475 2477 2479 2478 2480 2481 2479 2482 2483 2477 2477 2478 2482 2483 2485 2484 2485 2483 2482 2486 2484 2487 2485 2487 2484 2488 2489 2486 2486 2487 2488 2481 2478 2479 2481 2480 2471 2473 2471 2480 2461 2462 2469 2475 2472 2474 2473 2474 2472 2490 2470 2466 2475 2476 2468 2467 2490 2466 2468 2476 2467 2461 2469 2470 2455 2456 2459 2462 2460 2491 2454 2463 2456 2491 2464 2465 2464 2491 2460 2454 2465 2463 2458 2452 2457 2459 2457 2455 2452 2458 2451 2453 2451 2492 2493 2495 2494 2493 2497 2496 2496 2495 2493 2498 2497 2499 2497 2498 2496 2500 2501 2499 2498 2499 2501 2500 2503 2502 2502 2501 2500 2503 2504 2502 2495 2505 2494 2495 2506 2505 2506 2508 2507 2507 2505 2506 2509 2511 2510 2512 2508 2513 2508 2512 2507 2509 2513 2511 2512 2513 2509 2514 2516 2515 2517 2516 2514 2515 2518 2514 2519 2521 2520 2522 2521 2519 2522 2524 2523 2522 2519 2524 2524 2518 2523 2525 2520 2521 2523 2518 2515 2526 2528 2527 2528 2529 2527 2526 2525 2528 2527 2529 2530 2525 2526 2520 2529 2531 2530 2531 2533 2532 2532 2530 2531 2533 2534 2532 2516 2517 2535 2536 2537 2535 2516 2535 2537 2536 2539 2538 2538 2537 2536 2540 2539 2541 2539 2540 2538 2542 2543 2541 2540 2541 2543 2542 2545 2544 2544 2543 2542 2546 2545 2547 2545 2546 2544 2548 2549 2547 2546 2547 2549 2548 2551 2550 2550 2549 2548 2552 2551 2553 2551 2552 2550 2552 2553 2554 2554 2553 2555 2556 2558 2557 2559 2558 2556 2557 2560 2556 2561 2563 2562 2560 2564 2561 2565 2566 2562 2562 2563 2565 2564 2563 2561 2567 2566 2565 2560 2557 2564 2568 2570 2569 2570 2571 2569 2569 2571 2572 2567 2570 2568 2568 2566 2567 2571 2573 2572 2573 2575 2574 2574 2572 2573 2575 2576 2574 2558 2559 2577 2578 2579 2577 2558 2577 2579 2578 2581 2580 2580 2579 2578 2582 2581 2583 2581 2582 2580 2584 2585 2583 2582 2583 2585 2584 2587 2586 2586 2585 2584 2588 2587 2589 2587 2588 2586 2590 2591 2589 2588 2589 2591 2590 2593 2592 2592 2591 2590 2594 2593 2595 2593 2594 2592 2594 2595 2596 2596 2595 2597 2598 2600 2599 2601 2600 2598 2600 2602 2599 2599 2602 2603 2601 2598 2604 2605 2607 2606 2605 2606 2608 2608 2606 2609 2603 2607 2605 2607 2603 2602 2610 2612 2611 2612 2613 2611 2610 2609 2612 2611 2613 2614 2609 2610 2608 2613 2615 2614 2615 2617 2616 2616 2614 2615 2617 2618 2616 2619 2601 2604 2620 2619 2621 2619 2604 2621 2620 2623 2622 2622 2619 2620 2624 2623 2625 2623 2624 2622 2626 2627 2625 2624 2625 2627 2626 2629 2628 2628 2627 2626 2630 2629 2631 2629 2630 2628 2632 2633 2631 2630 2631 2633 2632 2635 2634 2634 2633 2632 2636 2635 2637 2635 2636 2634 2636 2637 2638 2638 2637 2639 2640 2642 2641 2643 2642 2640 2641 2644 2640 2645 2647 2646 2646 2649 2648 2647 2649 2646 2647 2645 2650 2650 2645 2644 2648 2649 2651 2650 2644 2641 2652 2654 2653 2653 2656 2655 2651 2654 2652 2656 2653 2654 2651 2652 2648 2656 2657 2655 2657 2659 2658 2658 2655 2657 2659 2660 2658 2661 2642 2643 2662 2663 2661 2661 2643 2662 2663 2665 2664 2665 2663 2662 2666 2664 2667 2665 2667 2664 2668 2669 2666 2666 2667 2668 2669 2671 2670 2671 2669 2668 2672 2670 2673 2671 2673 2670 2674 2675 2672 2672 2673 2674 2675 2677 2676 2677 2675 2674 2678 2676 2679 2677 2679 2676 2678 2679 2680 2681 2683 2682 2684 2683 2681 2682 2685 2681 2686 2688 2687 2689 2686 2685 2690 2691 2687 2687 2688 2690 2691 2690 2692 2689 2688 2686 2685 2682 2689 2693 2695 2694 2695 2696 2694 2694 2696 2697 2692 2695 2693 2693 2691 2692 2696 2698 2697 2698 2700 2699 2699 2697 2698 2700 2701 2699 2702 2683 2684 2703 2704 2702 2702 2684 2703 2704 2706 2705 2706 2704 2703 2707 2705 2708 2706 2708 2705 2709 2710 2707 2707 2708 2709 2710 2712 2711 2712 2710 2709 2713 2711 2714 2712 2714 2711 2715 2716 2713 2713 2714 2715 2716 2718 2717 2718 2716 2715 2719 2717 2720 2718 2720 2717 2719 2720 2721 2722 2724 2723 2725 2727 2726 2728 2723 2724 2726 2722 2723 2722 2726 2727 2725 2730 2729 2730 2731 2729 2728 2724 2732 2725 2729 2727 2733 2734 2731 2731 2730 2733 2735 2737 2736 2738 2735 2736 2739 2740 2737 2737 2735 2739 2734 2733 2738 2736 2734 2738 2741 2742 2740 2739 2741 2740 2743 2728 2732 2744 2745 2743 2728 2743 2745 2744 2747 2746 2746 2745 2744 2748 2747 2749 2747 2748 2746 2750 2751 2749 2748 2749 2751 2750 2753 2752 2752 2751 2750 2754 2753 2755 2753 2754 2752 2756 2757 2755 2754 2755 2757 2756 2759 2758 2758 2757 2756 2760 2759 2761 2759 2760 2758 2760 2761 2762 2762 2761 2763 2764 2766 2765 2767 2769 2768 2770 2772 2771 2765 2774 2773 2774 2765 2766 2775 2777 2776 2778 2767 2777 2764 2779 2766 2774 2780 2773 2781 2783 2782 2783 2784 2782 2769 2767 2778 2781 2780 2783 2782 2784 2785 2780 2781 2773 2784 2786 2785 2787 2789 2788 2787 2786 2789 2787 2785 2786 2779 2764 2790 2791 2792 2790 2779 2790 2792 2793 2794 2792 2792 2791 2793 2794 2796 2795 2796 2794 2793 2797 2795 2798 2796 2798 2795 2799 2800 2797 2797 2798 2799 2800 2802 2801 2802 2800 2799 2769 2801 2768 2802 2768 2801 2772 2770 2775 2767 2776 2777 2803 2805 2804 2804 2771 2803 2806 2805 2803 2772 2775 2776 2804 2770 2771 2807 2809 2808 2810 2812 2811 2813 2808 2814 2809 2814 2808 2815 2816 2813 2813 2814 2815 2816 2818 2817 2818 2816 2815 2819 2817 2820 2818 2820 2817 2821 2822 2819 2819 2820 2821 2822 2824 2823 2824 2822 2821 2825 2823 2826 2824 2826 2823 2827 2828 2825 2825 2826 2827 2829 2828 2827 2828 2829 2830 2831 2809 2807 2832 2833 2831 2831 2807 2832 2833 2835 2834 2835 2833 2832 2836 2834 2837 2835 2837 2834 2838 2839 2836 2836 2837 2838 2839 2841 2840 2841 2839 2838 2840 2843 2842 2841 2843 2840 2840 2842 2844 2844 2842 2845 2845 2847 2846 2846 2844 2845 2848 2847 2811 2847 2848 2846 2848 2811 2812 2849 2851 2850 2851 2853 2852 2853 2851 2849 2854 2852 2855 2853 2855 2852 2856 2857 2854 2854 2855 2856 2857 2859 2858 2859 2857 2856 2860 2858 2861 2859 2861 2858 2862 2863 2860 2860 2861 2862 2863 2865 2864 2865 2863 2862 2866 2864 2867 2865 2867 2864 2868 2869 2866 2866 2867 2868 2869 2871 2870 2871 2869 2868 2872 2870 2873 2871 2873 2870 2874 2875 2872 2872 2873 2874 2876 2875 2874 2876 2877 2875 2849 2850 2878 2879 2878 2880 2850 2880 2878 2881 2882 2879 2879 2880 2881 2882 2884 2883 2884 2882 2881 2885 2883 2886 2884 2886 2883 2887 2888 2885 2885 2886 2887 2888 2890 2889 2890 2888 2887 2891 2889 2892 2890 2892 2889 2893 2894 2891 2891 2892 2893 2894 2896 2895 2896 2894 2893 2897 2895 2898 2896 2898 2895 2899 2900 2897 2897 2898 2899 2900 2902 2901 2902 2900 2899 2902 2903 2901 2901 2903 2904 2905 2907 2906 2908 2906 2909 2907 2909 2906 2910 2911 2908 2908 2909 2910 2911 2913 2912 2913 2911 2910 2914 2912 2915 2913 2915 2912 2916 2917 2914 2914 2915 2916 2917 2919 2918 2919 2917 2916 2920 2918 2921 2919 2921 2918 2922 2923 2920 2920 2921 2922 2923 2925 2924 2925 2923 2922 2926 2924 2927 2925 2927 2924 2928 2929 2926 2926 2927 2928 2930 2929 2928 2930 2931 2929 2905 2932 2907 2933 2934 2932 2907 2932 2934 2933 2936 2935 2935 2934 2933 2937 2936 2938 2936 2937 2935 2939 2940 2938 2937 2938 2940 2939 2942 2941 2941 2940 2939 2943 2942 2944 2942 2943 2941 2945 2946 2944 2943 2944 2946 2945 2948 2947 2947 2946 2945 2949 2948 2950 2948 2949 2947 2951 2952 2950 2949 2950 2952 2951 2954 2953 2953 2952 2951 2955 2954 2956 2954 2955 2953 2955 2956 2957 2957 2956 2958 2959 2961 2960 2959 2963 2962 2962 2961 2959 2964 2963 2965 2963 2964 2962 2966 2967 2965 2964 2965 2967 2966 2969 2968 2968 2967 2966 2970 2969 2971 2969 2970 2968 2972 2973 2971 2970 2971 2973 2972 2975 2974 2974 2973 2972 2976 2975 2977 2975 2976 2974 2978 2979 2977 2976 2977 2979 2978 2981 2980 2980 2979 2978 2981 2982 2980 2983 2960 2961 2984 2983 2985 2983 2984 2960 2986 2987 2985 2984 2985 2987 2986 2989 2988 2988 2987 2986 2990 2989 2991 2989 2990 2988 2992 2993 2991 2990 2991 2993 2992 2995 2994 2994 2993 2992 2996 2995 2997 2995 2996 2994 2998 2999 2997 2996 2997 2999 2998 3001 3000 3000 2999 2998 3002 3001 3003 3001 3002 3000 3002 3003 3004 3005 3007 3006 3008 3010 3009 3007 3012 3011 3012 3007 3005 3013 3011 3014 3012 3014 3011 3015 3016 3013 3013 3014 3015 3016 3018 3017 3018 3016 3015 3019 3017 3020 3018 3020 3017 3021 3022 3019 3019 3020 3021 3022 3024 3023 3024 3022 3021 3025 3023 3026 3024 3026 3023 3027 3028 3025 3025 3026 3027 3029 3028 3027 3028 3029 3030 3031 3005 3006 3032 3031 3033 3006 3033 3031 3034 3035 3032 3032 3033 3034 3035 3037 3036 3037 3035 3034 3038 3036 3039 3037 3039 3036 3040 3041 3038 3038 3039 3040 3041 3043 3042 3043 3041 3040 3044 3042 3045 3043 3045 3042 3046 3047 3044 3044 3045 3046 3047 3049 3048 3049 3047 3046 3010 3048 3009 3049 3009 3048 3050 3052 3051 3053 3055 3054 3056 3058 3057 3055 3059 3054 3060 3062 3061 3063 3065 3064 3066 3068 3067 3069 3071 3070 3056 3057 3072 3073 3075 3074 3076 3078 3077 3079 3080 3073 3081 3082 3050 3083 3077 3084 3085 3087 3086 3088 3068 3066 3089 3091 3090 3092 3094 3093 3091 3096 3095 3097 3098 3090 3099 3101 3100 3101 3095 3100 3102 3104 3103 3099 3102 3101 3105 3107 3106 3106 3103 3104 3096 3091 3089 3092 3109 3108 3096 3100 3095 3110 3111 3094 3098 3097 3086 3112 3113 3084 3094 3092 3114 3115 3116 3085 3117 3110 3094 3118 3112 3119 3119 3110 3120 3121 3080 3122 3081 3121 3123 3071 3124 3057 3125 3056 3126 3127 3063 3128 3088 3130 3129 3130 3088 3066 3071 3057 3131 3132 3133 3053 3134 3133 3135 3136 3138 3137 3138 3136 3139 3138 3140 3137 3086 3087 3098 3129 3134 3141 3097 3090 3091 3103 3142 3102 3095 3109 3091 3101 3108 3095 3103 3106 3107 3099 3104 3102 3102 3142 3143 3144 3103 3107 3097 3091 3109 3052 3145 3051 3108 3101 3143 3109 3095 3108 3109 3093 3097 3143 3142 3146 3142 3103 3144 3101 3102 3143 3143 3146 3147 3148 3142 3144 3086 3097 3093 3116 3087 3085 3092 3108 3147 3093 3109 3092 3093 3111 3086 3149 3150 3146 3146 3142 3148 3108 3143 3147 3147 3150 3114 3149 3146 3148 3085 3086 3111 3145 3116 3115 3110 3119 3151 3111 3093 3094 3052 3050 3082 3152 3153 3150 3147 3146 3150 3092 3147 3114 3114 3153 3117 3149 3152 3150 3085 3111 3151 3115 3085 3151 3119 3112 3154 3151 3111 3110 3115 3151 3154 3155 3156 3153 3114 3150 3153 3094 3114 3117 3117 3156 3120 3152 3155 3153 3115 3154 3051 3051 3145 3115 3112 3084 3157 3154 3151 3119 3051 3154 3157 3158 3159 3156 3117 3153 3156 3110 3117 3120 3120 3159 3118 3155 3158 3156 3050 3051 3157 3123 3082 3081 3160 3084 3077 3157 3154 3112 3050 3157 3160 3161 3162 3159 3120 3156 3159 3119 3120 3118 3118 3162 3113 3158 3161 3159 3081 3050 3160 3122 3123 3121 3113 3162 3163 3160 3157 3084 3160 3164 3081 3165 3163 3162 3118 3159 3162 3112 3118 3113 3113 3163 3083 3161 3165 3162 3121 3081 3164 3079 3122 3080 3163 3166 3083 3164 3160 3077 3121 3164 3167 3077 3078 3164 3163 3169 3168 3084 3113 3083 3076 3083 3166 3165 3169 3163 3080 3121 3167 3074 3079 3073 3166 3170 3076 3167 3164 3078 3167 3126 3080 3078 3125 3167 3166 3163 3168 3077 3083 3076 3076 3170 3171 3172 3166 3168 3073 3080 3126 3173 3074 3075 3125 3078 3171 3126 3167 3125 3126 3072 3073 3171 3170 3174 3170 3166 3172 3078 3076 3171 3171 3174 3175 3176 3170 3172 3075 3073 3072 3068 3173 3067 3056 3125 3175 3072 3126 3056 3075 3072 3124 3175 3174 3177 3174 3170 3176 3125 3171 3175 3175 3177 3058 3178 3174 3176 3075 3124 3067 3067 3173 3075 3071 3069 3179 3124 3072 3057 3124 3179 3067 3180 3181 3177 3177 3174 3178 3056 3175 3058 3058 3181 3131 3180 3177 3178 3066 3067 3179 3141 3135 3182 3183 3069 3055 3179 3124 3071 3183 3066 3179 3184 3185 3181 3058 3177 3181 3057 3058 3131 3131 3185 3070 3180 3184 3181 3066 3183 3130 3130 3134 3129 3069 3059 3055 3183 3179 3069 3183 3186 3130 3187 3128 3185 3131 3181 3185 3071 3131 3070 3070 3128 3059 3184 3187 3185 3130 3186 3134 3135 3188 3136 3053 3186 3055 3186 3183 3055 3186 3053 3133 3065 3062 3064 3070 3185 3128 3069 3070 3059 3059 3063 3054 3187 3127 3128 3141 3134 3135 3182 3136 3137 3054 3189 3053 3134 3186 3133 3133 3132 3188 3063 3064 3054 3132 3053 3189 3059 3128 3063 3189 3054 3064 3127 3065 3063 3182 3135 3136 3135 3133 3188 3139 3188 3190 3136 3188 3139 3190 3132 3191 3188 3132 3190 3191 3189 3060 3132 3189 3191 3060 3064 3062 3189 3064 3060 3192 3194 3193 3195 3196 3194 3194 3198 3197 3193 3194 3197 3194 3200 3199 3198 3194 3199 3194 3202 3201 3200 3194 3201 3194 3204 3203 3202 3194 3203 3204 3194 3205 3206 3207 3194 3194 3207 3205 3194 3208 3206 3209 3210 3194 3194 3210 3208 3211 3212 3194 3194 3212 3209 3213 3214 3194 3194 3214 3211 3194 3196 3213 3215 3217 3216 3218 3216 3219 3217 3219 3216 3220 3221 3218 3218 3219 3220 3221 3223 3222 3223 3221 3220 3224 3222 3225 3223 3225 3222 3226 3227 3224 3224 3225 3226 3227 3229 3228 3229 3227 3226 3230 3228 3231 3229 3231 3228 3232 3233 3230 3230 3231 3232 3234 3233 3232 3234 3235 3233 3217 3215 3236 3237 3238 3236 3236 3215 3237 3238 3240 3239 3240 3238 3237 3241 3239 3242 3240 3242 3239 3243 3244 3241 3241 3242 3243 3244 3246 3245 3246 3244 3243 3247 3245 3248 3246 3248 3245 3249 3250 3247 3247 3248 3249 3250 3252 3251 3252 3250 3249 3252 3253 3251 3251 3253 3254 3255 3257 3256 3258 3260 3259 3261 3257 3262 3257 3261 3256 3263 3264 3262 3261 3262 3264 3263 3266 3265 3265 3264 3263 3267 3266 3268 3266 3267 3265 3269 3270 3268 3267 3268 3270 3269 3272 3271 3271 3270 3269 3273 3272 3274 3272 3273 3271 3275 3276 3274 3273 3274 3276 3275 3277 3276 3255 3256 3278 3279 3280 3278 3255 3278 3280 3281 3282 3280 3280 3279 3281 3282 3284 3283 3284 3282 3281 3285 3283 3286 3284 3286 3283 3285 3286 3287 3288 3285 3287 3288 3290 3289 3290 3288 3287 3291 3281 3279 3292 3289 3293 3290 3293 3289 3294 3295 3292 3292 3293 3294 3295 3297 3296 3297 3295 3294 3260 3296 3259 3297 3259 3296 3298 3300 3299 3301 3303 3302 3304 3299 3305 3306 3308 3307 3309 3305 3307 3310 3312 3311 3313 3315 3314 3316 3317 3308 3314 3318 3313 3319 3321 3320 3322 3324 3323 3324 3326 3325 3327 3304 3309 3328 3329 3324 3330 3332 3331 3333 3335 3334 3314 3337 3336 3330 3331 3338 3339 3341 3340 3342 3344 3343 3345 3347 3346 3348 3349 3346 3350 3345 3346 3306 3305 3351 3352 3353 3344 3299 3354 3351 3355 3300 3356 3357 3355 3358 3359 3354 3300 3357 3361 3360 3298 3362 3356 3363 3364 3360 3355 3365 3359 3357 3366 3365 3360 3367 3366 3368 3364 3369 3370 3367 3364 3368 3372 3371 3371 3374 3373 3368 3375 3370 3376 3377 3373 3378 3372 3369 3373 3303 3376 3379 3381 3380 3381 3379 3377 3382 3380 3383 3302 3303 3373 3379 3380 3382 3383 3385 3384 3371 3377 3375 3302 3386 3301 3386 3387 3301 3388 3390 3389 3387 3392 3391 3387 3386 3392 3393 3395 3394 3391 3394 3396 3392 3394 3391 3395 3396 3394 3395 3397 3396 3398 3393 3399 3390 3401 3400 3394 3399 3393 3398 3399 3388 3399 3392 3402 3403 3302 3374 3386 3403 3402 3404 3379 3382 3386 3302 3403 3373 3374 3302 3405 3382 3384 3376 3381 3377 3371 3373 3377 3405 3404 3382 3379 3404 3375 3384 3407 3406 3385 3407 3384 3383 3384 3382 3394 3392 3399 3389 3398 3388 3408 3410 3409 3392 3386 3402 3388 3402 3411 3374 3372 3412 3412 3411 3403 3413 3404 3405 3412 3403 3374 3371 3372 3374 3414 3405 3406 3377 3379 3375 3368 3371 3375 3414 3413 3405 3370 3404 3413 3406 3416 3415 3407 3416 3406 3384 3406 3405 3399 3402 3388 3400 3389 3390 3401 3390 3417 3402 3403 3411 3411 3418 3390 3419 3409 3420 3378 3418 3412 3421 3413 3414 3378 3412 3372 3368 3369 3372 3422 3414 3415 3375 3404 3370 3364 3368 3370 3422 3421 3414 3413 3421 3367 3415 3424 3423 3416 3424 3415 3406 3415 3414 3390 3388 3411 3425 3401 3417 3425 3417 3426 3411 3412 3418 3417 3418 3427 3428 3369 3363 3378 3428 3427 3429 3421 3422 3428 3378 3369 3364 3363 3369 3430 3422 3423 3370 3413 3367 3360 3364 3367 3431 3423 3424 3366 3421 3429 3415 3423 3422 3422 3430 3429 3431 3432 3423 3390 3418 3417 3433 3425 3426 3433 3426 3434 3418 3378 3427 3426 3427 3435 3436 3363 3361 3428 3436 3435 3437 3429 3430 3436 3428 3363 3363 3360 3361 3438 3430 3432 3367 3421 3366 3357 3360 3366 3432 3430 3423 3365 3429 3437 3437 3430 3438 3439 3440 3432 3432 3431 3439 3417 3427 3426 3441 3433 3434 3441 3434 3419 3427 3428 3435 3434 3435 3442 3443 3361 3358 3436 3443 3442 3444 3437 3438 3436 3361 3443 3361 3357 3358 3445 3438 3440 3366 3429 3365 3355 3357 3365 3438 3445 3444 3359 3437 3444 3440 3447 3446 3439 3447 3440 3432 3440 3438 3426 3435 3434 3420 3441 3419 3353 3352 3448 3435 3436 3442 3419 3442 3449 3358 3356 3450 3450 3449 3443 3451 3444 3445 3450 3443 3358 3355 3356 3358 3452 3445 3446 3365 3437 3359 3359 3300 3355 3453 3454 3446 3354 3444 3451 3452 3451 3445 3447 3453 3446 3440 3446 3445 3434 3442 3419 3410 3420 3409 3408 3409 3455 3442 3443 3449 3449 3456 3409 3457 3353 3458 3362 3456 3450 3452 3459 3451 3362 3450 3356 3300 3298 3356 3460 3452 3454 3359 3444 3354 3354 3299 3300 3453 3461 3454 3351 3451 3459 3446 3454 3452 3452 3460 3459 3461 3462 3454 3409 3419 3449 3463 3408 3455 3463 3455 3464 3449 3450 3456 3455 3456 3465 3466 3298 3304 3362 3466 3465 3460 3467 3459 3466 3362 3298 3298 3299 3304 3468 3460 3462 3354 3451 3351 3305 3299 3351 3462 3460 3454 3306 3459 3467 3467 3460 3468 3469 3470 3462 3462 3461 3469 3409 3456 3455 3471 3463 3464 3471 3464 3472 3456 3362 3465 3464 3465 3473 3309 3338 3474 3327 3473 3466 3475 3467 3468 3327 3466 3304 3304 3305 3309 3476 3468 3470 3351 3459 3306 3306 3307 3305 3468 3476 3475 3467 3475 3308 3470 3478 3477 3469 3478 3470 3462 3470 3468 3455 3465 3464 3479 3471 3472 3479 3472 3457 3465 3466 3473 3480 3472 3473 3338 3307 3317 3474 3480 3327 3476 3328 3475 3474 3327 3309 3338 3309 3307 3329 3476 3477 3306 3467 3308 3317 3307 3308 3481 3482 3477 3316 3475 3328 3328 3476 3329 3478 3481 3477 3470 3477 3476 3464 3473 3472 3458 3479 3457 3348 3347 3483 3473 3327 3480 3457 3480 3484 3330 3317 3333 3331 3484 3474 3333 3316 3325 3474 3338 3331 3338 3317 3330 3323 3329 3482 3308 3475 3316 3316 3333 3317 3323 3324 3329 3325 3328 3324 3482 3486 3485 3481 3486 3482 3477 3482 3329 3472 3480 3457 3448 3458 3353 3487 3343 3488 3480 3474 3484 3353 3484 3489 3333 3334 3330 3489 3331 3332 3325 3335 3333 3332 3330 3334 3490 3322 3491 3491 3323 3485 3316 3328 3325 3325 3326 3335 3491 3322 3323 3324 3322 3326 3485 3493 3492 3486 3493 3485 3482 3485 3323 3457 3484 3353 3342 3352 3344 3332 3334 3494 3484 3331 3489 3495 3344 3489 3334 3335 3496 3495 3332 3494 3335 3326 3497 3494 3334 3496 3326 3322 3498 3497 3496 3335 3320 3491 3492 3498 3497 3326 3499 3492 3493 3490 3498 3322 3485 3492 3491 3491 3320 3490 3499 3319 3492 3353 3489 3344 3487 3342 3343 3494 3496 3340 3489 3332 3495 3343 3495 3500 3496 3497 3339 3500 3494 3340 3497 3498 3501 3340 3496 3339 3498 3490 3502 3339 3497 3501 3320 3503 3490 3498 3502 3501 3320 3321 3503 3503 3502 3490 3319 3504 3318 3499 3504 3319 3492 3319 3320 3344 3495 3343 3505 3487 3488 3506 3339 3501 3495 3494 3500 3488 3500 3483 3507 3501 3502 3483 3340 3341 3508 3502 3503 3341 3339 3506 3509 3503 3321 3506 3501 3507 3510 3321 3318 3507 3502 3508 3318 3314 3510 3509 3508 3503 3510 3509 3321 3504 3313 3318 3319 3318 3321 3343 3500 3488 3347 3345 3505 3348 3341 3511 3500 3340 3483 3348 3483 3341 3511 3506 3512 3511 3341 3506 3512 3507 3513 3512 3506 3507 3513 3508 3514 3513 3507 3508 3514 3509 3515 3514 3508 3509 3515 3510 3336 3515 3509 3510 3311 3337 3310 3314 3336 3510 3315 3337 3314 3505 3488 3347 3483 3347 3488 3511 3516 3349 3346 3347 3348 3512 3517 3516 3349 3348 3511 3513 3518 3517 3516 3511 3512 3514 3519 3518 3517 3512 3513 3515 3520 3519 3518 3513 3514 3336 3521 3520 3519 3514 3515 3337 3311 3521 3520 3515 3336 3337 3521 3336 3315 3310 3337 3522 3524 3523 3525 3527 3526 3528 3523 3529 3530 3532 3531 3533 3529 3531 3534 3536 3535 3537 3539 3538 3540 3541 3532 3538 3542 3537 3543 3545 3544 3546 3548 3547 3548 3550 3549 3551 3528 3533 3552 3553 3548 3554 3556 3555 3557 3559 3558 3538 3561 3560 3554 3555 3562 3563 3565 3564 3566 3568 3567 3569 3571 3570 3572 3573 3570 3574 3569 3570 3530 3529 3575 3576 3577 3568 3523 3578 3575 3579 3524 3580 3581 3579 3582 3583 3578 3524 3581 3585 3584 3522 3586 3580 3587 3588 3584 3579 3589 3583 3581 3590 3589 3584 3591 3590 3592 3588 3593 3594 3591 3588 3592 3596 3595 3595 3598 3597 3592 3599 3594 3600 3601 3597 3602 3596 3593 3597 3527 3600 3603 3605 3604 3605 3603 3601 3606 3604 3607 3526 3527 3597 3603 3604 3606 3607 3609 3608 3595 3601 3599 3526 3610 3525 3610 3611 3525 3612 3614 3613 3611 3616 3615 3611 3610 3616 3617 3619 3618 3615 3618 3620 3616 3618 3615 3619 3620 3618 3619 3621 3620 3622 3617 3623 3614 3625 3624 3618 3623 3617 3622 3623 3612 3623 3616 3626 3627 3526 3598 3610 3627 3626 3628 3603 3606 3610 3526 3627 3597 3598 3526 3629 3606 3608 3600 3605 3601 3595 3597 3601 3629 3628 3606 3603 3628 3599 3608 3631 3630 3609 3631 3608 3607 3608 3606 3618 3616 3623 3613 3622 3612 3632 3634 3633 3616 3610 3626 3612 3626 3635 3598 3596 3636 3636 3635 3627 3637 3628 3629 3636 3627 3598 3595 3596 3598 3638 3629 3630 3601 3603 3599 3592 3595 3599 3638 3637 3629 3594 3628 3637 3630 3640 3639 3631 3640 3630 3608 3630 3629 3623 3626 3612 3624 3613 3614 3625 3614 3641 3626 3627 3635 3635 3642 3614 3643 3633 3644 3602 3642 3636 3645 3637 3638 3602 3636 3596 3592 3593 3596 3646 3638 3639 3599 3628 3594 3588 3592 3594 3646 3645 3638 3637 3645 3591 3639 3648 3647 3640 3648 3639 3630 3639 3638 3614 3612 3635 3649 3625 3641 3649 3641 3650 3635 3636 3642 3641 3642 3651 3652 3593 3587 3602 3652 3651 3653 3645 3646 3652 3602 3593 3588 3587 3593 3654 3646 3647 3594 3637 3591 3584 3588 3591 3655 3647 3648 3590 3645 3653 3639 3647 3646 3646 3654 3653 3655 3656 3647 3614 3642 3641 3657 3649 3650 3657 3650 3658 3642 3602 3651 3650 3651 3659 3660 3587 3585 3652 3660 3659 3661 3653 3654 3660 3652 3587 3587 3584 3585 3662 3654 3656 3591 3645 3590 3581 3584 3590 3656 3654 3647 3589 3653 3661 3661 3654 3662 3663 3664 3656 3656 3655 3663 3641 3651 3650 3665 3657 3658 3665 3658 3643 3651 3652 3659 3658 3659 3666 3667 3585 3582 3660 3667 3666 3668 3661 3662 3660 3585 3667 3585 3581 3582 3669 3662 3664 3590 3653 3589 3579 3581 3589 3662 3669 3668 3583 3661 3668 3664 3671 3670 3663 3671 3664 3656 3664 3662 3650 3659 3658 3644 3665 3643 3577 3576 3672 3659 3660 3666 3643 3666 3673 3582 3580 3674 3674 3673 3667 3675 3668 3669 3674 3667 3582 3579 3580 3582 3676 3669 3670 3589 3661 3583 3583 3524 3579 3677 3678 3670 3578 3668 3675 3676 3675 3669 3671 3677 3670 3664 3670 3669 3658 3666 3643 3634 3644 3633 3632 3633 3679 3666 3667 3673 3673 3680 3633 3681 3577 3682 3586 3680 3674 3676 3683 3675 3586 3674 3580 3524 3522 3580 3684 3676 3678 3583 3668 3578 3578 3523 3524 3677 3685 3678 3575 3675 3683 3670 3678 3676 3676 3684 3683 3685 3686 3678 3633 3643 3673 3687 3632 3679 3687 3679 3688 3673 3674 3680 3679 3680 3689 3690 3522 3528 3586 3690 3689 3684 3691 3683 3690 3586 3522 3522 3523 3528 3692 3684 3686 3578 3675 3575 3529 3523 3575 3686 3684 3678 3530 3683 3691 3691 3684 3692 3693 3694 3686 3686 3685 3693 3633 3680 3679 3695 3687 3688 3695 3688 3696 3680 3586 3689 3688 3689 3697 3533 3562 3698 3551 3697 3690 3699 3691 3692 3551 3690 3528 3528 3529 3533 3700 3692 3694 3575 3683 3530 3530 3531 3529 3692 3700 3699 3691 3699 3532 3694 3702 3701 3693 3702 3694 3686 3694 3692 3679 3689 3688 3703 3695 3696 3703 3696 3681 3689 3690 3697 3704 3696 3697 3562 3531 3541 3698 3704 3551 3700 3552 3699 3698 3551 3533 3562 3533 3531 3553 3700 3701 3530 3691 3532 3541 3531 3532 3705 3706 3701 3540 3699 3552 3552 3700 3553 3702 3705 3701 3694 3701 3700 3688 3697 3696 3682 3703 3681 3572 3571 3707 3697 3551 3704 3681 3704 3708 3554 3541 3557 3555 3708 3698 3557 3540 3549 3698 3562 3555 3562 3541 3554 3547 3553 3706 3532 3699 3540 3540 3557 3541 3547 3548 3553 3549 3552 3548 3706 3710 3709 3705 3710 3706 3701 3706 3553 3696 3704 3681 3672 3682 3577 3711 3567 3712 3704 3698 3708 3577 3708 3713 3557 3558 3554 3713 3555 3556 3549 3559 3557 3556 3554 3558 3714 3546 3715 3715 3547 3709 3540 3552 3549 3549 3550 3559 3715 3546 3547 3548 3546 3550 3709 3717 3716 3710 3717 3709 3706 3709 3547 3681 3708 3577 3566 3576 3568 3556 3558 3718 3708 3555 3713 3719 3568 3713 3558 3559 3720 3719 3556 3718 3559 3550 3721 3718 3558 3720 3550 3546 3722 3721 3720 3559 3544 3715 3716 3722 3721 3550 3723 3716 3717 3714 3722 3546 3709 3716 3715 3715 3544 3714 3723 3543 3716 3577 3713 3568 3711 3566 3567 3718 3720 3564 3713 3556 3719 3567 3719 3724 3720 3721 3563 3724 3718 3564 3721 3722 3725 3564 3720 3563 3722 3714 3726 3563 3721 3725 3544 3727 3714 3722 3726 3725 3544 3545 3727 3727 3726 3714 3543 3728 3542 3723 3728 3543 3716 3543 3544 3568 3719 3567 3729 3711 3712 3730 3563 3725 3719 3718 3724 3712 3724 3707 3731 3725 3726 3707 3564 3565 3732 3726 3727 3565 3563 3730 3733 3727 3545 3730 3725 3731 3734 3545 3542 3731 3726 3732 3542 3538 3734 3733 3732 3727 3734 3733 3545 3728 3537 3542 3543 3542 3545 3567 3724 3712 3571 3569 3729 3572 3565 3735 3724 3564 3707 3572 3707 3565 3735 3730 3736 3735 3565 3730 3736 3731 3737 3736 3730 3731 3737 3732 3738 3737 3731 3732 3738 3733 3739 3738 3732 3733 3739 3734 3560 3739 3733 3734 3535 3561 3534 3538 3560 3734 3539 3561 3538 3729 3712 3571 3707 3571 3712 3735 3740 3573 3570 3571 3572 3736 3741 3740 3573 3572 3735 3737 3742 3741 3740 3735 3736 3738 3743 3742 3741 3736 3737 3739 3744 3743 3742 3737 3738 3560 3745 3744 3743 3738 3739 3561 3535 3745 3744 3739 3560 3561 3745 3560 3539 3534 3561 3746 3748 3747 3749 3751 3750 3752 3754 3753 3752 3756 3755 3757 3759 3758 3747 3748 3760 3761 3763 3762 3757 3746 3759 3764 3766 3765 3765 3767 3764 3761 3762 3768 3769 3771 3770 3755 3756 3751 3750 3751 3756 3752 3755 3754 3766 3772 3765 3752 3753 3767 3772 3766 3773 3774 3775 3773 3753 3764 3767 3774 3776 3775 3777 3773 3775 3776 3779 3778 3779 3776 3774 3776 3778 3780 3780 3778 3781 3781 3783 3782 3781 3782 3780 3782 3783 3784 3784 3786 3785 3785 3786 3787 3784 3783 3786 3787 3786 3788 3777 3772 3773 3787 3788 3789 3789 3791 3790 3792 3789 3788 3792 3791 3789 3793 3749 3750 3794 3769 3749 3749 3793 3794 3761 3770 3771 3771 3769 3794 3763 3795 3762 3761 3768 3770 3796 3795 3797 3763 3797 3795 3758 3796 3798 3796 3797 3798 3746 3757 3748 3759 3796 3758 3760 3800 3799 3799 3747 3760 3800 3802 3801 3802 3800 3760 3801 3804 3803 3802 3804 3801 3805 3806 3803 3801 3803 3806 3805 3808 3807 3807 3806 3805 3809 3808 3810 3808 3809 3807 3810 3812 3811 3809 3810 3811 3812 3814 3813 3814 3812 3810 3813 3816 3815 3814 3816 3813 3817 3818 3815 3813 3815 3818 3817 3820 3819 3819 3818 3817 3821 3820 3822 3820 3821 3819 3821 3822 3823 3824 3826 3825 3827 3829 3828 3830 3832 3831 3830 3834 3833 3835 3837 3836 3825 3826 3838 3839 3841 3840 3835 3824 3837 3842 3844 3843 3843 3845 3842 3839 3840 3846 3847 3849 3848 3833 3834 3829 3828 3829 3834 3830 3833 3832 3844 3850 3843 3830 3831 3845 3850 3844 3851 3852 3853 3851 3831 3842 3845 3852 3854 3853 3855 3851 3853 3854 3857 3856 3857 3854 3852 3854 3856 3858 3858 3856 3859 3859 3861 3860 3859 3860 3858 3860 3861 3862 3862 3864 3863 3863 3864 3865 3862 3861 3864 3865 3864 3866 3855 3850 3851 3865 3866 3867 3867 3869 3868 3870 3867 3866 3870 3869 3867 3871 3827 3828 3872 3847 3827 3827 3871 3872 3839 3848 3849 3849 3847 3872 3841 3873 3840 3839 3846 3848 3874 3873 3875 3841 3875 3873 3836 3874 3876 3874 3875 3876 3824 3835 3826 3837 3874 3836 3838 3878 3877 3877 3825 3838 3878 3880 3879 3880 3878 3838 3879 3882 3881 3880 3882 3879 3883 3884 3881 3879 3881 3884 3883 3886 3885 3885 3884 3883 3887 3886 3888 3886 3887 3885 3888 3890 3889 3887 3888 3889 3890 3892 3891 3892 3890 3888 3891 3894 3893 3892 3894 3891 3895 3896 3893 3891 3893 3896 3895 3898 3897 3897 3896 3895 3899 3898 3900 3898 3899 3897 3899 3900 3901 3902 3904 3903 3905 3907 3906 3908 3910 3909 3908 3912 3911 3913 3915 3914 3903 3904 3916 3917 3919 3918 3913 3902 3915 3920 3922 3921 3921 3923 3920 3917 3918 3924 3925 3927 3926 3911 3912 3907 3906 3907 3912 3908 3911 3910 3922 3928 3921 3908 3909 3923 3928 3922 3929 3930 3931 3929 3909 3920 3923 3930 3932 3931 3933 3929 3931 3932 3935 3934 3935 3932 3930 3932 3934 3936 3936 3934 3937 3937 3939 3938 3937 3938 3936 3938 3939 3940 3940 3942 3941 3941 3942 3943 3940 3939 3942 3943 3942 3944 3933 3928 3929 3943 3944 3945 3945 3947 3946 3948 3945 3944 3948 3947 3945 3949 3905 3906 3950 3925 3905 3905 3949 3950 3917 3926 3927 3927 3925 3950 3919 3951 3918 3917 3924 3926 3952 3951 3953 3919 3953 3951 3914 3952 3954 3952 3953 3954 3902 3913 3904 3915 3952 3914 3916 3956 3955 3955 3903 3916 3956 3958 3957 3958 3956 3916 3957 3960 3959 3958 3960 3957 3961 3962 3959 3957 3959 3962 3961 3964 3963 3963 3962 3961 3965 3964 3966 3964 3965 3963 3966 3968 3967 3965 3966 3967 3968 3970 3969 3970 3968 3966 3969 3972 3971 3970 3972 3969 3973 3974 3971 3969 3971 3974 3973 3976 3975 3975 3974 3973 3977 3976 3978 3976 3977 3975 3977 3978 3979 3980 3982 3981 3983 3985 3984 3986 3988 3987 3986 3990 3989 3991 3993 3992 3981 3982 3994 3995 3997 3996 3991 3980 3993 3998 4000 3999 3999 4001 3998 3995 3996 4002 4003 4005 4004 3989 3990 3985 3984 3985 3990 3986 3989 3988 4000 4006 3999 3986 3987 4001 4006 4000 4007 4008 4009 4007 3987 3998 4001 4008 4010 4009 4011 4007 4009 4010 4013 4012 4013 4010 4008 4010 4012 4014 4014 4012 4015 4015 4017 4016 4015 4016 4014 4016 4017 4018 4018 4020 4019 4019 4020 4021 4018 4017 4020 4021 4020 4022 4011 4006 4007 4021 4022 4023 4023 4025 4024 4026 4023 4022 4026 4025 4023 4027 3983 3984 4028 4003 3983 3983 4027 4028 3995 4004 4005 4005 4003 4028 3997 4029 3996 3995 4002 4004 4030 4029 4031 3997 4031 4029 3992 4030 4032 4030 4031 4032 3980 3991 3982 3993 4030 3992 3994 4034 4033 4033 3981 3994 4034 4036 4035 4036 4034 3994 4035 4038 4037 4036 4038 4035 4039 4040 4037 4035 4037 4040 4039 4042 4041 4041 4040 4039 4043 4042 4044 4042 4043 4041 4044 4046 4045 4043 4044 4045 4046 4048 4047 4048 4046 4044 4047 4050 4049 4048 4050 4047 4051 4052 4049 4047 4049 4052 4051 4054 4053 4053 4052 4051 4055 4054 4056 4054 4055 4053 4055 4056 4057 4058 4060 4059 4061 4063 4062 4064 4066 4065 4064 4068 4067 4069 4071 4070 4059 4060 4072 4073 4075 4074 4069 4058 4071 4076 4078 4077 4077 4079 4076 4073 4074 4080 4081 4083 4082 4067 4068 4063 4062 4063 4068 4064 4067 4066 4078 4084 4077 4064 4065 4079 4084 4078 4085 4086 4087 4085 4065 4076 4079 4086 4088 4087 4089 4085 4087 4088 4091 4090 4091 4088 4086 4088 4090 4092 4092 4090 4093 4093 4095 4094 4093 4094 4092 4094 4095 4096 4096 4098 4097 4097 4098 4099 4096 4095 4098 4099 4098 4100 4089 4084 4085 4099 4100 4101 4101 4103 4102 4104 4101 4100 4104 4103 4101 4105 4061 4062 4106 4081 4061 4061 4105 4106 4073 4082 4083 4083 4081 4106 4075 4107 4074 4073 4080 4082 4108 4107 4109 4075 4109 4107 4070 4108 4110 4108 4109 4110 4058 4069 4060 4071 4108 4070 4072 4112 4111 4111 4059 4072 4112 4114 4113 4114 4112 4072 4113 4116 4115 4114 4116 4113 4117 4118 4115 4113 4115 4118 4117 4120 4119 4119 4118 4117 4121 4120 4122 4120 4121 4119 4122 4124 4123 4121 4122 4123 4124 4126 4125 4126 4124 4122 4125 4128 4127 4126 4128 4125 4129 4130 4127 4125 4127 4130 4129 4132 4131 4131 4130 4129 4133 4132 4134 4132 4133 4131 4133 4134 4135 4136 4138 4137 4139 4141 4140 4142 4144 4143 4142 4146 4145 4147 4149 4148 4137 4138 4150 4151 4153 4152 4147 4136 4149 4154 4156 4155 4155 4157 4154 4151 4152 4158 4159 4161 4160 4145 4146 4141 4140 4141 4146 4142 4145 4144 4156 4162 4155 4142 4143 4157 4162 4156 4163 4164 4165 4163 4143 4154 4157 4164 4166 4165 4167 4163 4165 4166 4169 4168 4169 4166 4164 4166 4168 4170 4170 4168 4171 4171 4173 4172 4171 4172 4170 4172 4173 4174 4174 4176 4175 4175 4176 4177 4174 4173 4176 4177 4176 4178 4167 4162 4163 4177 4178 4179 4179 4181 4180 4182 4179 4178 4182 4181 4179 4183 4139 4140 4184 4159 4139 4139 4183 4184 4151 4160 4161 4161 4159 4184 4153 4185 4152 4151 4158 4160 4186 4185 4187 4153 4187 4185 4148 4186 4188 4186 4187 4188 4136 4147 4138 4149 4186 4148 4150 4190 4189 4189 4137 4150 4190 4192 4191 4192 4190 4150 4191 4194 4193 4192 4194 4191 4195 4196 4193 4191 4193 4196 4195 4198 4197 4197 4196 4195 4199 4198 4200 4198 4199 4197 4200 4202 4201 4199 4200 4201 4202 4204 4203 4204 4202 4200 4203 4206 4205 4204 4206 4203 4207 4208 4205 4203 4205 4208 4207 4210 4209 4209 4208 4207 4211 4210 4212 4210 4211 4209 4211 4212 4213 4214 4216 4215 4217 4219 4218 4220 4222 4221 4220 4224 4223 4225 4227 4226 4215 4216 4228 4229 4231 4230 4225 4214 4227 4232 4234 4233 4233 4235 4232 4229 4230 4236 4237 4239 4238 4223 4224 4219 4218 4219 4224 4220 4223 4222 4234 4240 4233 4220 4221 4235 4240 4234 4241 4242 4243 4241 4221 4232 4235 4242 4244 4243 4245 4241 4243 4244 4247 4246 4247 4244 4242 4244 4246 4248 4248 4246 4249 4249 4251 4250 4249 4250 4248 4250 4251 4252 4252 4254 4253 4253 4254 4255 4252 4251 4254 4255 4254 4256 4245 4240 4241 4255 4256 4257 4257 4259 4258 4260 4257 4256 4260 4259 4257 4261 4217 4218 4262 4237 4217 4217 4261 4262 4229 4238 4239 4239 4237 4262 4231 4263 4230 4229 4236 4238 4264 4263 4265 4231 4265 4263 4226 4264 4266 4264 4265 4266 4214 4225 4216 4227 4264 4226 4228 4268 4267 4267 4215 4228 4268 4270 4269 4270 4268 4228 4269 4272 4271 4270 4272 4269 4273 4274 4271 4269 4271 4274 4273 4276 4275 4275 4274 4273 4277 4276 4278 4276 4277 4275 4278 4280 4279 4277 4278 4279 4280 4282 4281 4282 4280 4278 4281 4284 4283 4282 4284 4281 4285 4286 4283 4281 4283 4286 4285 4288 4287 4287 4286 4285 4289 4288 4290 4288 4289 4287 4289 4290 4291 4292 4294 4293 4295 4294 4292 4296 4298 4297 4294 4299 4293 4300 4302 4301 4298 4302 4300 4300 4301 4299 4296 4302 4298 4301 4293 4299 4295 4292 4303 4304 4295 4305 4303 4305 4295 4306 4307 4304 4304 4305 4306 4307 4309 4308 4309 4307 4306 4309 4310 4308 4308 4310 4311</p>
        </triangles>
      </mesh>
    </geometry>
  </library_geometries>

  <library_visual_scenes>
    <visual_scene id="ID1">
      <node id="ID2">
        <instance_geometry url="#ID3">
          <bind_material>
            <technique_common>
              <instance_material symbol="ID9" target="#ID9"/>
            </technique_common>
          </bind_material>
        </instance_geometry>
      </node>
    </visual_scene>
  </library_visual_scenes>

  <scene>
    <instance_visual_scene url="#ID1"/>
  </scene>

  <library_nodes/>

</COLLADA>
