<?xml version="1.0" encoding="UTF-8" standalone="no" ?>
<COLLADA version="1.4.1" xmlns="http://www.collada.org/2005/11/COLLADASchema">

  <asset>
    <contributor>
      <authoring_tool>ONSHAPE BY PTC INC, 1.211</authoring_tool>
    </contributor>
    <created>2026-02-23T05:26:56</created>
    <modified>2026-02-23T05:26:56</modified>
    <unit meter="1" name="meters"/>
    <up_axis>Z_UP</up_axis>
  </asset>

  <library_materials>
    <material id="ID10" name="ID10">
      <instance_effect url="#ID10-fx"/>
    </material>
    <material id="ID18" name="ID18">
      <instance_effect url="#ID18-fx"/>
    </material>
  </library_materials>

  <library_effects>
    <effect id="ID10-fx" name="ID10">
      <profile_COMMON>
        <technique sid="COMMON">
          <lambert>
            <diffuse>
              <color sid="diffuse">0.2 0.22 0.25 1</color>
            </diffuse>
            <transparent opaque="A_ONE">
              <color sid="transparent">1 1 1 1</color>
            </transparent>
            <transparency>
              <float sid="transparency">1</float>
            </transparency>
          </lambert>
        </technique>
        <extra>
          <technique profile="OTHER">
            <double_sided>1</double_sided>
          </technique>
        </extra>
      </profile_COMMON>
    </effect>
    <effect id="ID18-fx" name="ID18">
      <profile_COMMON>
        <technique sid="COMMON">
          <lambert>
            <diffuse>
              <color sid="diffuse">0.2 0.22 0.25 1</color>
            </diffuse>
            <transparent opaque="A_ONE">
              <color sid="transparent">1 1 1 1</color>
            </transparent>
            <transparency>
              <float sid="transparency">1</float>
            </transparency>
          </lambert>
        </technique>
        <extra>
          <technique profile="OTHER">
            <double_sided>1</double_sided>
          </technique>
        </extra>
      </profile_COMMON>
    </effect>
  </library_effects>

  <library_geometries>
    <geometry id="ID4">
      <mesh>
        <source id="ID5">
          <float_array count="4416" id="ID6">0.0240663 0.00412658 0.0159902 0.0238051 0.00408179 0.0161238 0.0241525 -5.91566e-18 0.0161238 0.0243015 0.00416692 0.0158137 0.0244175 -5.98057e-18 0.0159902 -0.00114043 0.0252238 0.0145 0.00107057 0.0252021 0.0147958 -6.71957e-06 0.0252494 0.0145 0.0232478 0.00821395 0.0158137 0.0234414 0.00828238 0.0155994 0.00338153 0.025022 0.0145 0.00225811 0.0251486 0.0145 -0.003204 0.0250205 0.0147958 -0.0022677 0.0251478 0.0145 0.024504 0.00420162 0.0155994 0.0246562 -6.03902e-18 0.0158137 0.00531435 0.0246587 0.0147958 0.00450279 0.0248447 0.0145 0.0235981 0.00833775 0.0153535 0.007795 0.024016 0.0145 0.00671146 0.0243414 0.0145 0.0109493 0.0227521 0.0145 0.0132256 0.0214797 0.0147958 0.0119581 0.0222381 0.0145 0.0248616 -6.08933e-18 0.0155994 0.0246678 0.00422971 0.0153535 0.0196258 0.0158467 0.0147958 0.0182449 0.0174546 0.0145 0.0166654 0.0189356 0.0147958 0.0174458 0.0182537 0.0145 0.0148354 0.0204317 0.0145 0.013907 0.0210749 0.0145 0.0237839 0.00840339 0.0147958 0.0227464 0.0109612 0.0145 0.0220216 0.012302 0.0147958 0.0157371 0.0197452 0.0145 0.024862 0.00426302 0.0147958 0.0243378 0.00672413 0.0145 0.0250278 -6.13004e-18 0.0153535 0.0247883 0.00425038 0.015083 0.0190104 0.0166174 0.0145 0.0222341 0.0119668 0.0145 0.0216726 0.012955 0.0145 0.0210682 0.0139164 0.0145 0.0204242 0.014846 0.0145 0.0232144 0.00993083 0.0145 0.02515 -6.15998e-18 0.015083 0.0252248 -6.1783e-18 0.0147958 0.0251472 0.00227085 0.0145 0.0246146 0.00562582 0.0145 0.0240132 0.00780553 0.0145 0.0250208 0.00339342 0.0145 0.0248436 0.00451062 0.0145 0.02525 0 0.0145 0.0252236 0.00113971 0.0145 0.0236381 0.00887571 0.0145 -0.00451571 0.0248423 0.0145 -0.00562557 0.0246149 0.0145 0.0191834 0.0154895 0.0158137 0.0215252 0.0120247 0.0158137 0.0193432 0.0156185 0.0155994 0.0230227 0.00813445 0.0159902 0.0238687 -5.84614e-18 0.0162107 -0.00887927 0.0236366 0.0145 -0.00992981 0.0232152 0.0145 -0.0073864 0.0241191 0.0147958 0.0235254 0.00403383 0.0162107 0.0164254 0.0186629 0.0155994 0.0162897 0.0185087 0.0158137 0.0210855 0.0117791 0.0161238 0.0213169 0.0119083 0.0159902 0.0189977 0.0153396 0.0159902 0.0227728 0.00804616 0.0161238 0.0235743 -5.77403e-18 0.0162484 -0.0149995 0.0202807 0.0147958 -0.0157475 0.0197369 0.0145 -0.0166185 0.0190095 0.0145 0.016132 0.0183296 0.0159902 0.0187915 0.0151731 0.0161238 0.0232352 0.00398407 0.0162484 0.0208377 0.0116406 0.0162107 0.0225052 0.00795161 0.0162107 0.0229429 0.00393395 0.0162358 0.0232777 -2.63762e-17 0.0162358 0.0159569 0.0181306 0.0161238 0.0185707 0.0149948 0.0162107 0.0222277 0.00785353 0.0162484 0.0229876 -2.60474e-17 0.0161733 0.021948 0.00775473 0.0162358 0.0226569 0.00388492 0.0161733 0.0205807 0.0114971 0.0162484 0.0157694 0.0179176 0.0162107 0.0183416 0.0148098 0.0162484 0.0203218 0.0113524 0.0162358 0.0216745 0.00765807 0.0161733 0.0227121 -2.57353e-17 0.0160626 0.0223855 0.00383837 0.0160626 0.0181109 0.0146235 0.0162358 0.0224594 -2.54489e-17 0.015907 0.0200685 0.0112109 0.0161733 0.0214148 0.00756632 0.0160626 0.0123602 0.0200742 0.0162484 0.0125145 0.0203249 0.0162107 0.0088996 0.0221475 0.0162107 0.019828 0.0110766 0.0160626 0.0221363 0.00379566 0.015907 0.0178851 0.0144412 0.0161733 0.015379 0.0174739 0.0162358 0.0151873 0.0172561 0.0161733 0.0222366 -2.51964e-17 0.0157109 0.0176709 0.0142682 0.0160626 0.0211765 0.00748212 0.015907 0.0220501 -2.49851e-17 0.01548 0.0219167 0.003758 0.0157109 0.0150053 0.0170494 0.0160626 0.0196074 0.0109533 0.015907 0.0217329 0.00372649 0.01548 0.0209664 0.00740789 0.0157109 0.0219053 -2.48211e-17 0.0152208 0.0174742 0.0141094 0.015907 0.0215903 0.00370202 0.0152208 0.0207906 0.00734577 0.01548 0.0194128 0.0108447 0.0157109 0.0173009 0.0139695 0.0157109 0.0192501 0.0107537 0.01548 0.0146911 0.0166924 0.0157109 0.0171558 0.0138523 0.01548 0.0119081 0.0193401 0.0160626 0.0117756 0.0191248 0.015907 0.0148384 0.0168596 0.015907 0.0191237 0.0106831 0.0152208 0.00837413 0.0208398 0.015907 0.00846837 0.0210743 0.0160626 0.0116588 0.0189351 0.0157109 0.0145679 0.0165524 0.01548 0.0144723 0.0164437 0.0152208 0.011561 0.0187763 0.01548 0.00478498 0.0222024 0.0160626 0.00473173 0.0219553 0.015907 -0.00681625 0.0222574 0.0162358 -0.00673128 0.0219799 0.0161733 -0.00291983 0.0228014 0.0161733 -0.0104797 0.0207853 0.0162358 -0.014018 0.0189536 0.0162484 -0.0138417 0.0187152 0.0162358 0.00829105 0.0206331 0.0157109 0.00468479 0.0217375 0.0157109 -0.00288485 0.0225282 0.0160626 0.000963931 0.0226917 0.0160626 0.000953204 0.0224392 0.015907 -0.00285274 0.0222775 0.015907 -0.0103491 0.0205262 0.0161733 -0.00665063 0.0217166 0.0160626 -0.00657662 0.0214749 0.015907 -0.0102251 0.0202803 0.0160626 -0.0101113 0.0200546 0.015907 -0.0217498 0.00983154 0.0162107 -0.0195315 0.013201 0.0162484 -0.0197754 0.0133659 0.0162107 -0.0136692 0.0184819 0.0161733 -0.0135054 0.0182605 0.0160626 -0.0233732 0.0060859 0.0161238 -0.0240655 0.00204827 0.0161238 -0.0230985 0.00601439 0.0162107 -0.016596 0.015906 0.0161733 -0.0168055 0.0161068 0.0162358 -0.0192858 0.0130349 0.0162358 -0.0212113 0.00958812 0.0162358 -0.0209469 0.0094686 0.0161733 -0.0190454 0.0128725 0.0161733 -0.0214815 0.00971027 0.0162484 -0.0240655 -0.00204827 0.0161238 -0.0237827 0.00202421 0.0162107 -0.0234893 0.00199924 0.0162484 -0.0225266 0.00586547 0.0162358 -0.0228136 0.0059402 0.0162484 -0.017949 -0.0172027 0.0155994 -0.0178007 -0.0170606 0.0158137 -0.0204279 -0.0138068 0.0158137 -0.0237827 -0.00202421 0.0162107 -0.0233732 -0.0060859 0.0161238 -0.0220084 -0.00994844 0.0161238 -0.02225 -0.0100576 0.0159902 -0.0202302 -0.0136732 0.0159902 -0.0230985 -0.00601439 0.0162107 -0.0234893 -0.00199924 0.0162484 -0.0228136 -0.0059402 0.0162484 -0.0217498 -0.00983154 0.0162107 -0.0200106 -0.0135248 0.0161238 0.0148476 -0.0204226 0.0145 0.0132256 -0.0214797 0.0147958 0.0139145 -0.0210694 0.0145 -0.0195315 -0.013201 0.0162484 -0.0197754 -0.0133659 0.0162107 -0.0172321 -0.0165157 0.0162107 -0.0176284 -0.0168954 0.0159902 0.0166654 -0.0189356 0.0147958 0.0157472 -0.0197377 0.0145 -0.0146614 -0.0198235 0.0158137 -0.0111928 -0.0221995 0.0155994 -0.0111003 -0.0220161 0.0158137 -0.017437 -0.0167121 0.0161238 -0.0145195 -0.0196316 0.0159902 -0.0109929 -0.0218031 0.0159902 -0.0143619 -0.0194185 0.0161238 0.0182555 -0.0174435 0.0145 0.0174537 -0.0182455 0.0145 0.0190179 -0.0166095 0.0145 0.0196258 -0.0158467 0.0147958 -0.00721989 -0.0235754 0.0158137 -0.00715001 -0.0233472 0.0159902 0.00105515 -0.0248392 0.0155994 -0.00315786 -0.0246602 0.0155994 0.00106221 -0.0250052 0.0153535 -0.00728003 -0.0237718 0.0155994 0.00097562 0.0229668 0.0161733 -0.00313177 -0.0244565 0.0158137 0.00523782 -0.0243035 0.0155994 0.00519455 -0.0241028 0.0158137 0.00104644 -0.024634 0.0158137 0.00926979 -0.0230688 0.0155994 0.00933177 -0.023223 0.0153535 0.0210766 -0.0139039 0.0145 0.0204314 -0.0148353 0.0145 0.00527283 -0.024466 0.0153535 0.0170431 0.0137614 0.0152208 0.00919322 -0.0228782 0.0158137 0.0130351 -0.0211703 0.0155994 0.0129274 -0.0209955 0.0158137 0.0190374 0.0106349 0.014941 0.0222363 -0.0119621 0.0145 0.0227522 -0.0109483 0.0145 0.0220216 -0.012302 0.0147958 0.0131222 -0.0213119 0.0153535 0.0165352 -0.0187877 0.0153535 0.0232204 -0.00991763 0.0145 0.0236407 -0.00887003 0.0145 0.0237839 -0.00840339 0.0147958 0.0205608 0.0072646 0.014941 0.0206541 0.00729754 0.0152208 0.0240152 -0.00779793 0.0145 0.0243416 -0.00670966 0.0145 0.0247883 -0.00425038 0.015083 0.0217045 -0.0121249 0.0155994 0.0218496 -0.0122059 0.0153535 0.0235981 -0.00833775 0.0153535 0.0214928 0.00368531 0.014941 0.0248444 -0.00450741 0.0145 0.024862 -0.00426302 0.0147958 0.024618 -0.00561282 0.0145 0.0250208 -0.00339342 0.0145 0.0237134 -0.00837848 0.015083 0.0251472 -0.00227085 0.0145 0.0252236 -0.00113971 0.0145 0.004615 0.0214137 0.0137792 0.000925493 0.0217868 0.014059 0.000929689 0.0218856 0.0137792 -0.014018 0.0189536 0.0127516 -0.0107458 0.021313 0.0127893 -0.0106132 0.0210501 0.0127516 -0.0162147 0.0155405 0.013093 -0.0133551 0.0180573 0.013093 -0.0160538 0.0153864 0.0132891 -0.0163972 0.0157154 0.0129374 -0.0135054 0.0182605 0.0129374 -0.0234893 0.00199924 0.0127516 -0.0234893 -0.00199924 0.0127516 -0.0237827 0.00202421 0.0127893 -0.0219707 0.00186998 0.01352 -0.0213386 0.00555614 0.01352 -0.0218264 0.0018577 0.0137792 -0.0202302 -0.0136732 0.0130098 -0.017437 -0.0167121 0.0128762 -0.0176284 -0.0168954 0.0130098 -0.0168055 -0.0161068 0.0127642 -0.0192858 -0.0130349 0.0127642 -0.016596 -0.015906 0.0128267 -0.0143619 -0.0194185 0.0128762 -0.0145195 -0.0196316 0.0130098 -0.0172321 -0.0165157 0.0127893 -0.0200106 -0.0135248 0.0128762 -0.0197754 -0.0133659 0.0127893 0.00103631 -0.0243955 0.0130098 -0.00313177 -0.0244565 0.0131863 -0.00310146 -0.0242198 0.0130098 -0.00681625 -0.0222574 0.0127642 -0.0106132 -0.0210501 0.0127516 -0.0104797 -0.0207853 0.0127642 -0.00721989 -0.0235754 0.0131863 0.00104644 -0.024634 0.0131863 0.00105515 -0.0248392 0.0134006 -0.00315786 -0.0246602 0.0134006 0.00933177 -0.023223 0.0136465 0.0130351 -0.0211703 0.0134006 0.0131222 -0.0213119 0.0136465 0.0132256 -0.0214797 0.0142042 0.0129521 -0.021675 0.0145 0.0119705 -0.0222318 0.0145 0.00514427 -0.0238695 0.0130098 0.00519455 -0.0241028 0.0131863 0.00910424 -0.0226568 0.0130098 0.0128023 -0.0207922 0.0130098 0.00919322 -0.0228782 0.0131863 0.00926979 -0.0230688 0.0134006 0.00523782 -0.0243035 0.0134006 0.0166654 -0.0189356 0.0142042 0.0166133 -0.0190148 0.0145 0.0196258 -0.0158467 0.0142042 0.0195676 -0.0157998 0.013917 0.0164254 -0.0186629 0.0134006 0.0220216 -0.012302 0.0142042 0.0194725 -0.0157229 0.0136465 0.016616 -0.0188794 0.013917 0.0165352 -0.0187877 0.0136465 0.0218496 -0.0122059 0.0136465 0.0234414 -0.00828238 0.0134006 0.0235981 -0.00833775 0.0136465 0.0237839 -0.00840339 0.0142042 0.0237134 -0.00837848 0.013917 0.024862 -0.00426302 0.0142042 0.0217045 -0.0121249 0.0134006 0.0252248 -5.09866e-17 0.0142042 0.0129274 -0.0209955 0.0131863 0.016132 -0.0183296 0.0130098 0.0162897 -0.0185087 0.0131863 -0.00715001 -0.0233472 0.0130098 -0.0030678 -0.0239569 0.0128762 0.0109624 -0.0227455 0.0145 -0.0109929 -0.0218031 0.0130098 -0.0070724 -0.0230938 0.0128762 -0.0108735 -0.0215664 0.0128762 -0.0069893 -0.0228224 0.0127893 -0.0141931 -0.0191904 0.0127893 -0.00728003 -0.0237718 0.0134006 -0.0146614 -0.0198235 0.0131863 -0.0111003 -0.0220161 0.0131863 -0.0138417 -0.0187152 0.0127642 -0.0103491 -0.0205262 0.0128267 -0.0225266 -0.00586547 0.0127642 -0.0212113 -0.00958812 0.0127642 -0.0228136 -0.0059402 0.0127516 -0.0217498 -0.00983154 0.0127893 -0.0214815 -0.00971027 0.0127516 -0.0195315 -0.013201 0.0127516 -0.0230985 -0.00601439 0.0127893 -0.0220084 -0.00994844 0.0128762 -0.02225 -0.0100576 0.0130098 -0.0231939 0.00197409 0.0127642 -0.0229047 0.00194948 0.0128267 -0.0229047 -0.00194948 0.0128267 -0.0219793 0.00572296 0.0129374 -0.0226303 0.00192612 0.0129374 -0.0222458 0.00579236 0.0128267 -0.0231939 -0.00197409 0.0127642 -0.0225266 0.00586547 0.0127642 -0.0228136 0.0059402 0.0127516 -0.0204279 -0.0138068 0.0131863 -0.0224674 -0.0101559 0.0131863 -0.0230985 0.00601439 0.0127893 -0.020696 0.00935516 0.0129374 -0.0188172 0.0127182 0.0129374 -0.0204656 0.00925105 0.013093 -0.0186078 0.0125767 0.013093 -0.0200927 0.00908247 0.01352 -0.0199608 0.00902284 0.0137792 -0.0211985 0.00551967 0.0137792 -0.0132226 0.0178781 0.0132891 -0.010011 0.0198556 0.0132891 -0.0131117 0.0177282 0.01352 -0.0212113 0.00958812 0.0127642 -0.0214815 0.00971027 0.0127516 -0.0217498 0.00983154 0.0127893 -0.0220084 0.00994844 0.0128762 -0.0101113 0.0200546 0.013093 -0.00645677 0.0210836 0.01352 -0.00280076 0.0218715 0.01352 -0.00641439 0.0209452 0.0137792 -0.0181488 0.0122664 0.0137792 -0.0159192 0.0152573 0.01352 -0.0158147 0.0151572 0.0137792 -0.00651138 0.0212619 0.0132891 -0.00282444 0.0220565 0.0132891 -0.0136692 0.0184819 0.0128267 -0.016596 0.015906 0.0128267 -0.0138417 0.0187152 0.0127642 -0.0168055 0.0161068 0.0127642 -0.00657662 0.0214749 0.013093 -0.0104797 0.0207853 0.0127642 -0.0103491 0.0205262 0.0128267 0.000935833 0.0220302 0.01352 0.0046455 0.0215552 0.01352 0.00459417 0.021317 0.014059 0.00813068 0.020234 0.014059 0.0045836 0.021268 0.0143516 -0.00288485 0.0225282 0.0129374 0.000963931 0.0226917 0.0129374 -0.00285274 0.0222775 0.013093 0.00816755 0.0203257 0.0152208 0.00822152 0.0204601 0.01548 0.0046455 0.0215552 0.01548 0.0114851 0.018653 0.0137792 0.00816755 0.0203257 0.0137792 0.011407 0.0185261 0.0143516 0.014407 0.0163695 0.014059 0.0143738 0.0163319 0.0143516 0.0169272 0.0136677 0.0143516 0.0169662 0.0136993 0.014059 0.0189936 0.0106104 0.0143516 0.0189936 0.0106104 0.0146484 0.0169272 0.0136677 0.0146484 0.000987934 0.0232567 0.0127642 0.00097562 0.0229668 0.0128267 -0.00291983 0.0228014 0.0128267 0.0190374 0.0106349 0.014059 0.0116588 0.0189351 0.0132891 0.00822152 0.0204601 0.01352 0.00829105 0.0206331 0.0132891 0.0205135 0.00724789 0.0146484 0.0205135 0.00724789 0.0143516 0.00490413 0.0227553 0.0127642 0.004843 0.0224716 0.0128267 0.00496661 0.0230452 0.0127516 0.0214434 0.00367683 0.0146484 0.0117756 0.0191248 0.013093 0.0148384 0.0168596 0.013093 0.0218065 -2.47091e-17 0.014941 0.0214434 0.00367683 0.0143516 0.00867925 0.0215991 0.0127642 0.00878982 0.0218743 0.0127516 0.0217563 -2.46522e-17 0.0146484 0.0217563 -2.46522e-17 0.0143516 0.0214928 0.00368531 0.014059 0.0088996 0.0221475 0.0127893 0.0207906 0.00734577 0.01352 0.0191237 0.0106831 0.0137792 0.0192501 0.0107537 0.01352 0.0218065 -2.47091e-17 0.014059 0.0145679 0.0165524 0.01352 0.0144723 0.0164437 0.0137792 0.0215903 0.00370202 0.0137792 0.0205608 0.0072646 0.014059 0.0206541 0.00729754 0.0137792 0.0219053 -2.48211e-17 0.0137792 0.0181109 0.0146235 0.0127642 0.0178851 0.0144412 0.0128267 0.0151873 0.0172561 0.0128267 0.0217329 0.00372649 0.01352 0.0209664 0.00740789 0.0132891 0.0219167 0.003758 0.0132891 0.015379 0.0174739 0.0127642 0.0183416 0.0148098 0.0127516 0.0220501 -2.49851e-17 0.01352 0.0200685 0.0112109 0.0128267 0.0203218 0.0113524 0.0127642 0.0222366 -2.51964e-17 0.0132891 0.0211765 0.00748212 0.013093 0.0221363 0.00379566 0.013093 0.0205807 0.0114971 0.0127516 0.0224594 -2.54489e-17 0.013093 0.0223855 0.00383837 0.0129374 0.0214148 0.00756632 0.0129374 0.0208377 0.0116406 0.0127893 0.0227121 -2.57353e-17 0.0129374 0.0185707 0.0149948 0.0127893 0.0210855 0.0117791 0.0128762 0.0225052 0.00795161 0.0127893 0.0222277 0.00785353 0.0127516 0.0229429 0.00393395 0.0127642 0.0226569 0.00388492 0.0128267 0.0216745 0.00765807 0.0128267 0.0229876 -2.60474e-17 0.0128267 0.0227728 0.00804616 0.0128762 0.021948 0.00775473 0.0127642 0.0232352 0.00398407 0.0127516 0.0235254 0.00403383 0.0127893 0.0232777 -2.63762e-17 0.0127642 0.0238051 0.00408179 0.0128762 0.0235743 -4.76504e-17 0.0127516 0.0230227 0.00813445 0.0130098 0.0213169 0.0119083 0.0130098 0.0238687 -4.82455e-17 0.0127893 0.0215252 0.0120247 0.0131863 0.0232478 0.00821395 0.0131863 0.0217045 0.0121249 0.0134006 0.0234414 0.00828238 0.0134006 0.0241525 -4.88191e-17 0.0128762 0.0243015 0.00416692 0.0131863 0.0189977 0.0153396 0.0130098 0.0244175 -4.93548e-17 0.0130098 0.024504 0.00420162 0.0134006 0.0240663 0.00412658 0.0130098 0.0246562 -4.98372e-17 0.0131863 0.0196258 0.0158467 0.0142042 0.0248616 -5.02523e-17 0.0134006 0.0220216 0.012302 0.0142042 0.0218496 0.0122059 0.0136465 0.0235981 0.00833775 0.0136465 0.0246678 0.00422971 0.0136465 0.0250278 -5.05883e-17 0.0136465 0.0237839 0.00840339 0.0142042 0.024862 0.00426302 0.0142042 0.0237134 0.00837848 0.013917 0.02515 -5.08354e-17 0.013917 0.0247883 0.00425038 0.013917 0.0197408 0.0157437 0.0145 0.0237134 0.00837848 0.015083 0.0218496 0.0122059 0.0153535 0.0217045 0.0121249 0.0155994 0.00919322 0.0228782 0.0158137 0.00523782 0.0243035 0.0155994 0.00519455 0.0241028 0.0158137 0.00910424 0.0226568 0.0159902 0.00514427 0.0238695 0.0159902 0.00900542 0.0224108 0.0161238 0.00508843 0.0236104 0.0161238 0.0122047 0.0198217 0.0162358 0.0120525 0.0195746 0.0161733 0.00502864 0.023333 0.0127893 0.00900542 0.0224108 0.0128762 0.0194128 0.0108447 0.0132891 0.0196074 0.0109533 0.013093 0.019828 0.0110766 0.0129374 0.0170431 0.0137614 0.0137792 0.0187915 0.0151731 0.0128762 0.0191834 0.0154895 0.0131863 0.0193432 0.0156185 0.0134006 0.0194725 0.0157229 0.0136465 0.0219563 0.0122655 0.013917 0.0166122 0.0190155 0.0145 0.0219563 0.0122655 0.015083 0.00940524 0.0234058 0.0147958 0.00886786 0.023641 0.0145 0.0194725 0.0157229 0.0153535 -0.0129572 0.0216713 0.0145 -0.0139149 0.0210696 0.0145 -0.0190192 0.0166073 0.0145 -0.0197456 0.015737 0.0145 -0.0182112 0.017454 0.0147958 0.00105515 0.0248392 0.0155994 0.00104644 0.024634 0.0158137 0.00103631 0.0243955 0.0159902 0.00878982 0.0218743 0.0162484 0.00867925 0.0215991 0.0162358 0.00857106 0.0213299 0.0161733 0.0171558 0.0138523 0.01352 0.0173009 0.0139695 0.0132891 0.0174742 0.0141094 0.013093 0.0176709 0.0142682 0.0129374 0.0155749 0.0176966 0.0127516 0.0157694 0.0179176 0.0127893 0.0120525 0.0195746 0.0128267 0.0122047 0.0198217 0.0127642 0.016132 0.0183296 0.0130098 0.0159569 0.0181306 0.0128762 0.0162897 0.0185087 0.0131863 0.0164254 0.0186629 0.0134006 0.00926979 0.0230688 0.0134006 0.00933177 0.023223 0.0136465 0.0131222 0.0213119 0.0136465 0.0166654 0.0189356 0.0142042 0.0132256 0.0214797 0.0142042 0.0129481 0.021677 0.0145 0.0195676 0.0157998 0.015083 0.0165352 0.0187877 0.0153535 -0.0174528 0.018247 0.0145 -0.020899 0.0141253 0.0147958 -0.0216792 0.0129439 0.0145 -0.022238 0.0119589 0.0145 -0.0246176 0.0056132 0.0145 -0.0248451 0.0045007 0.0145 -0.0244109 0.0063561 0.0147958 0.0155749 0.0176966 0.0162484 0.00502864 0.023333 0.0162107 0.00496661 0.0230452 0.0162484 0.00490413 0.0227553 0.0162358 0.004843 0.0224716 0.0161733 0.0169662 0.0136993 0.014941 -0.00278237 0.0217279 0.0137792 0.0146911 0.0166924 0.0132891 0.0150053 0.0170494 0.0129374 0.00514427 0.0238695 0.0130098 0.00910424 0.0226568 0.0130098 0.00508843 0.0236104 0.0128762 0.00519455 0.0241028 0.0131863 0.00919322 0.0228782 0.0131863 0.00106221 0.0250052 0.0136465 0.00529859 0.0245855 0.013917 0.00527283 0.024466 0.0136465 0.0128023 0.0207922 0.0130098 0.0126633 0.0205666 0.0128762 0.0129274 0.0209955 0.0131863 0.0130351 0.0211703 0.0134006 0.00940524 0.0234058 0.0142042 0.0131863 0.021416 0.013917 0.016616 0.0188794 0.013917 0.0165352 0.0187877 0.0136465 0.0195676 0.0157998 0.013917 0.00992147 0.0232191 0.0145 0.016616 0.0188794 0.015083 0.0131222 0.0213119 0.0153535 0.0130351 0.0211703 0.0155994 0.0129274 0.0209955 0.0158137 0.0128023 0.0207922 0.0159902 0.0126633 0.0205666 0.0161238 0.00102506 0.0241307 0.0161238 0.00101302 0.0238472 0.0162107 0.00100052 0.023553 0.0162484 0.000987934 0.0232567 0.0162358 0.014407 0.0163695 0.014941 0.0143738 0.0163319 0.0146484 0.0114333 0.0185688 0.014059 0.011561 0.0187763 0.01352 0.00100052 0.023553 0.0127516 0.0119081 0.0193401 0.0129374 0.0123602 0.0200742 0.0127516 0.0125145 0.0203249 0.0127893 0.00857106 0.0213299 0.0128267 0.00531435 0.0246587 0.0142042 0.00561723 0.0246172 0.0145 0.0131863 0.021416 0.015083 0.00933177 0.023223 0.0153535 0.00926979 0.0230688 0.0155994 -0.00310146 0.0242198 0.0159902 -0.0030678 0.0239569 0.0161238 -0.00303175 0.0236754 0.0162107 -0.00295669 0.0230892 0.0162358 0.0114851 0.018653 0.0152208 0.0114333 0.0185688 0.014941 0.011407 0.0185261 0.0146484 -0.00295669 0.0230892 0.0127642 0.00837413 0.0208398 0.013093 0.00846837 0.0210743 0.0129374 0.00103631 0.0243955 0.0130098 0.00107057 0.0252021 0.0142042 0.00113254 0.0252246 0.0145 0.00937735 0.0233364 0.015083 -0.00780588 0.0240127 0.0145 0.00527283 0.024466 0.0153535 -0.0204299 0.0148383 0.0145 -0.0240159 0.00779659 0.0145 -0.0229856 0.0103901 0.0147958 -0.0236421 0.00886465 0.0145 -0.0252495 -7.70034e-06 0.0145 -0.025134 0.00213921 0.0147958 -0.0252242 0.00112631 0.0145 -0.0111003 0.0220161 0.0158137 -0.0147835 0.0199886 0.0155994 -0.0146614 0.0198235 0.0158137 -0.0109929 0.0218031 0.0159902 -0.0145195 0.0196316 0.0159902 -0.0108735 0.0215664 0.0161238 -0.0107458 0.021313 0.0162107 -0.0143619 0.0194185 0.0161238 -0.00690308 0.0225409 0.0162484 0.00813068 0.020234 0.014941 0.00811198 0.0201874 0.0146484 0.00811198 0.0201874 0.0143516 0.00468479 0.0217375 0.0132891 0.00473173 0.0219553 0.013093 0.00478498 0.0222024 0.0129374 0.00101302 0.0238472 0.0127893 0.00102506 0.0241307 0.0128762 0.00104644 0.024634 0.0131863 0.00523782 0.0243035 0.0134006 0.00105515 0.0248392 0.0134006 -0.0073287 0.0239307 0.0136465 -0.00317897 0.0248251 0.0136465 -0.00728003 0.0237718 0.0134006 0.00937735 0.0233364 0.013917 -0.00339099 0.0250211 0.0145 0.00529859 0.0245855 0.015083 -0.0113563 0.0225239 0.0147958 -0.0119693 0.0222322 0.0145 0.00106221 0.0250052 0.0153535 -0.025022 0.00338391 0.0145 -0.0248425 -0.00451568 0.0145 -0.025134 -0.00213921 0.0147958 -0.0250199 -0.00339648 0.0145 -0.017949 0.0172027 0.0155994 -0.0178007 0.0170606 0.0158137 -0.0176284 0.0168954 0.0159902 -0.0069893 0.0228224 0.0162107 -0.0106132 0.0210501 0.0162484 0.004615 0.0214137 0.0152208 0.00459417 0.021317 0.014941 0.0045836 0.021268 0.0146484 0.000943747 0.0222165 0.0132891 0.000953204 0.0224392 0.013093 -0.0109929 0.0218031 0.0130098 -0.00715001 0.0233472 0.0130098 -0.0108735 0.0215664 0.0128762 -0.0176284 0.0168954 0.0130098 -0.0146614 0.0198235 0.0131863 -0.0145195 0.0196316 0.0130098 -0.00673128 0.0219799 0.0128267 -0.00681625 0.0222574 0.0127642 -0.00310146 0.0242198 0.0130098 -0.0030678 0.0239569 0.0128762 -0.00313177 0.0244565 0.0131863 -0.00315786 0.0246602 0.0134006 -0.0111928 0.0221995 0.0134006 -0.0112676 0.0223479 0.0136465 -0.0073864 0.0241191 0.0142042 -0.003204 0.0250205 0.0142042 -0.00672058 0.0243391 0.0145 0.0010674 0.0251274 0.015083 -0.00317897 0.0248251 0.0153535 -0.00315786 0.0246602 0.0155994 -0.00313177 0.0244565 0.0158137 -0.0252242 -0.00113741 0.0145 -0.0244109 -0.0063561 0.0147958 -0.0240112 -0.0078098 0.0145 -0.0236372 -0.00887842 0.0145 -0.0204237 -0.014846 0.0145 -0.0197359 -0.0157489 0.0145 -0.020899 -0.0141253 0.0147958 -0.00299435 0.0233833 0.0162484 -0.0141931 0.0191904 0.0162107 0.000943747 0.0222165 0.0157109 0.000935833 0.0220302 0.01548 0.000929689 0.0218856 0.0152208 0.000925493 0.0217868 0.014941 0.000923364 0.0217367 0.0146484 0.000923364 0.0217367 0.0143516 -0.0141931 0.0191904 0.0127893 -0.0143619 0.0194185 0.0128762 -0.0111003 0.0220161 0.0131863 -0.00299435 0.0233833 0.0127516 -0.00303175 0.0236754 0.0127893 -0.00721989 0.0235754 0.0131863 -0.0113563 0.0225239 0.0142042 -0.0073645 0.0240476 0.013917 -0.0031945 0.0249463 0.013917 0.0010674 0.0251274 0.013917 -0.0109575 0.0227485 0.0145 -0.0031945 0.0249463 0.015083 -0.0073287 0.0239307 0.0153535 -0.00728003 0.0237718 0.0155994 -0.00721989 0.0235754 0.0158137 -0.00715001 0.0233472 0.0159902 -0.0070724 0.0230938 0.0161238 -0.017437 0.0167121 0.0161238 -0.0172321 0.0165157 0.0162107 -0.00282444 0.0220565 0.0157109 -0.00280076 0.0218715 0.01548 -0.00278237 0.0217279 0.0152208 -0.00276981 0.0216298 0.014941 -0.00276344 0.0215801 0.0146484 -0.00276344 0.0215801 0.0143516 -0.00276981 0.0216298 0.014059 -0.00665063 0.0217166 0.0129374 -0.00986187 0.0195599 0.0137792 -0.00690308 0.0225409 0.0127516 -0.0069893 0.0228224 0.0127893 -0.0149995 0.0202807 0.0142042 -0.0148424 0.0204271 0.0145 -0.0073645 0.0240476 0.015083 -0.0112676 0.0223479 0.0153535 -0.0111928 0.0221995 0.0155994 -0.0224674 0.0101559 0.0158137 -0.0240594 0.00626457 0.0155994 -0.0238606 0.00621282 0.0158137 -0.0200106 0.0135248 0.0161238 -0.0220084 0.00994844 0.0161238 -0.00651138 0.0212619 0.0157109 -0.00645677 0.0210836 0.01548 -0.00641439 0.0209452 0.0152208 -0.00638543 0.0208506 0.014941 -0.00637074 0.0208027 0.0146484 -0.00637074 0.0208027 0.0143516 -0.00638543 0.0208506 0.014059 -0.00992704 0.0196891 0.01352 -0.0102251 0.0202803 0.0129374 -0.0130256 0.0176118 0.0137792 -0.0070724 0.0230938 0.0128762 -0.0147835 0.0199886 0.0134006 -0.0148823 0.0201223 0.0136465 -0.0113226 0.0224571 0.013917 -0.0182507 0.0174491 0.0145 -0.0113226 0.0224571 0.015083 -0.0232193 0.00991993 0.0145 -0.0148823 0.0201223 0.0153535 -0.0222308 -0.0119718 0.0145 -0.0216725 -0.0129558 0.0145 -0.0166069 -0.0190197 0.0145 -0.0182112 -0.017454 0.0147958 -0.017444 -0.0182548 0.0145 -0.024772 0.00210841 0.0155994 -0.0245674 0.00209099 0.0158137 -0.0236297 0.00615268 0.0159902 -0.0243296 0.00207075 0.0159902 -0.010011 0.0198556 0.0157109 -0.00992704 0.0196891 0.01548 -0.00986187 0.0195599 0.0152208 -0.00981735 0.0194716 0.014941 -0.00979477 0.0194268 0.0146484 -0.00979477 0.0194268 0.0143516 -0.00981735 0.0194716 0.014059 -0.0170196 0.016312 0.0127516 -0.0172321 0.0165157 0.0127893 -0.0190454 0.0128725 0.0128267 -0.0192858 0.0130349 0.0127642 -0.017437 0.0167121 0.0128762 -0.0178007 0.0170606 0.0131863 -0.017949 0.0172027 0.0134006 -0.0226546 0.0102405 0.0134006 -0.022806 0.010309 0.0136465 -0.0207358 0.0140149 0.0136465 -0.0182112 0.017454 0.0142042 -0.021074 0.013908 0.0145 -0.014955 0.0202206 0.015083 -0.018069 0.0173177 0.0153535 -0.0190115 -0.0166167 0.0145 -0.0129444 -0.0216792 0.0145 -0.0149995 -0.0202807 0.0147958 -0.0139036 -0.0210765 0.0145 -0.022806 -0.010309 0.0153535 -0.0226546 -0.0102405 0.0155994 -0.0240594 -0.00626457 0.0155994 -0.0170196 0.016312 0.0162484 -0.0133551 0.0180573 0.015907 -0.0132226 0.0178781 0.0157109 -0.0131117 0.0177282 0.01548 -0.0130256 0.0176118 0.0152208 -0.0129668 0.0175323 0.014941 -0.012937 0.017492 0.0146484 -0.012937 0.017492 0.0143516 -0.0129668 0.0175323 0.014059 -0.0209469 0.0094686 0.0128267 -0.0236297 0.00615268 0.0130098 -0.02225 0.0100576 0.0130098 -0.0233732 0.0060859 0.0128762 -0.0238606 0.00621282 0.0131863 -0.0224674 0.0101559 0.0131863 -0.0202302 0.0136732 0.0130098 -0.0200106 0.0135248 0.0128762 -0.0204279 0.0138068 0.0131863 -0.020598 0.0139218 0.0134006 -0.0240594 0.00626457 0.0134006 -0.0242202 0.00630645 0.0136465 -0.0229856 0.0103901 0.0142042 -0.020899 0.0141253 0.0142042 -0.020837 0.0140834 0.013917 -0.0181572 0.0174023 0.013917 -0.018069 0.0173177 0.0136465 -0.014955 0.0202206 0.013917 -0.0227507 0.0109529 0.0145 -0.0181572 0.0174023 0.015083 -0.0207358 0.0140149 0.0153535 -0.020598 0.0139218 0.0155994 -0.0204279 0.0138068 0.0158137 -0.0202302 0.0136732 0.0159902 -0.0113563 -0.0225239 0.0147958 -0.00991647 -0.0232206 0.0145 -0.00886603 -0.0236419 0.0145 -0.0163972 0.0157154 0.0160626 -0.0162147 0.0155405 0.015907 -0.0160538 0.0153864 0.0157109 -0.0159192 0.0152573 0.01548 -0.0158147 0.0151572 0.0152208 -0.0157433 0.0150887 0.014941 -0.0157071 0.015054 0.0146484 -0.0157071 0.015054 0.0143516 -0.0157433 0.0150887 0.014059 -0.0182687 0.0123475 0.01352 -0.0195315 0.013201 0.0127516 -0.0197754 0.0133659 0.0127893 -0.0244109 0.0063561 0.0142042 -0.0243405 0.00671574 0.0145 -0.020837 0.0140834 0.015083 -0.022806 0.010309 0.0153535 -0.0226546 0.0102405 0.0155994 -0.02225 0.0100576 0.0159902 -0.0243296 -0.00207075 0.0159902 -0.0188172 0.0127182 0.0160626 -0.0186078 0.0125767 0.015907 -0.0184232 0.0124519 0.0157109 -0.0182687 0.0123475 0.01548 -0.0181488 0.0122664 0.0152208 -0.0180669 0.0122111 0.014941 -0.0180253 0.012183 0.0146484 -0.0180253 0.012183 0.0143516 -0.0180669 0.0122111 0.014059 -0.0184232 0.0124519 0.0132891 -0.0243296 0.00207075 0.0130098 -0.025134 0.00213921 0.0142042 -0.0251484 0.00226281 0.0145 -0.0229174 0.0103593 0.015083 -0.0243389 -0.00672029 0.0145 -0.0242202 0.00630645 0.0153535 -0.0157398 -0.0197438 0.0145 -0.00112506 -0.0252244 0.0145 -0.003204 -0.0250205 0.0147958 -0.00225709 -0.0251483 0.0145 -0.020598 -0.0139218 0.0155994 -0.0224674 -0.0101559 0.0158137 -0.020696 0.00935516 0.0160626 -0.0204656 0.00925105 0.015907 -0.0202626 0.00915927 0.0157109 -0.0200927 0.00908247 0.01548 -0.0199608 0.00902284 0.0152208 -0.0198707 0.00898211 0.014941 -0.019825 0.00896145 0.0146484 -0.019825 0.00896145 0.0143516 -0.0198707 0.00898211 0.014059 -0.0202626 0.00915927 0.0132891 -0.0240655 0.00204827 0.0128762 -0.0245674 0.00209099 0.0131863 -0.024772 0.00210841 0.0134006 -0.0249376 0.0021225 0.0136465 -0.0243385 0.00633726 0.013917 -0.0229174 0.0103593 0.013917 -0.0251481 -0.00226449 0.0145 -0.0243385 0.00633726 0.015083 -0.0229856 -0.0103901 0.0147958 -0.022747 -0.0109595 0.0145 -0.0249376 0.0021225 0.0153535 -0.00561083 -0.0246181 0.0145 -0.00450289 -0.024845 0.0145 0.00227039 -0.0251471 0.0145 0.00339669 -0.0250201 0.0145 0.00107057 -0.0252021 0.0147958 -0.0222458 0.00579236 0.0161733 -0.0219793 0.00572296 0.0160626 -0.0217347 0.00565927 0.015907 -0.0215191 0.00560313 0.0157109 -0.0213386 0.00555614 0.01548 -0.0211985 0.00551967 0.0152208 -0.0211028 0.00549475 0.014941 -0.0210543 0.00548211 0.0146484 -0.0210543 0.00548211 0.0143516 -0.0211028 0.00549475 0.014059 -0.0215191 0.00560313 0.0132891 -0.0217347 0.00565927 0.013093 -0.0222458 -0.00579236 0.0128267 -0.0243296 -0.00207075 0.0130098 -0.0240655 -0.00204827 0.0128762 -0.0245674 -0.00209099 0.0131863 -0.024772 -0.00210841 0.0134006 -0.0226546 -0.0102405 0.0134006 -0.022806 -0.010309 0.0136465 -0.0242202 -0.00630645 0.0136465 -0.0244109 -0.0063561 0.0142042 -0.025134 -0.00213921 0.0142042 -0.0246161 -0.0056221 0.0145 -0.0250594 0.00213287 0.015083 -0.0249376 -0.0021225 0.0153535 -0.024772 -0.00210841 0.0155994 -0.0245674 -0.00209099 0.0158137 4.82053e-06 -0.0252498 0.0145 0.00531435 -0.0246587 0.0147958 0.00672459 -0.0243374 0.0145 0.00780914 -0.0240117 0.0145 -0.0231939 0.00197409 0.0162358 -0.0229047 0.00194948 0.0161733 -0.0226303 0.00192612 0.0160626 -0.0223785 0.00190469 0.015907 -0.0221565 0.00188579 0.0157109 -0.0219707 0.00186998 0.01548 -0.0218264 0.0018577 0.0152208 -0.0217279 0.00184932 0.014941 -0.0216779 0.00184506 0.0146484 -0.0216779 0.00184506 0.0143516 -0.0217279 0.00184932 0.014059 -0.0221565 0.00188579 0.0132891 -0.0223785 0.00190469 0.013093 -0.020598 -0.0139218 0.0134006 -0.0237827 -0.00202421 0.0127893 -0.0236297 -0.00615268 0.0130098 -0.0238606 -0.00621282 0.0131863 -0.0240594 -0.00626457 0.0134006 -0.0229856 -0.0103901 0.0142042 -0.0243385 -0.00633726 0.013917 -0.0250594 -0.00213287 0.013917 -0.0249376 -0.0021225 0.0136465 -0.0250594 0.00213287 0.013917 -0.0232171 -0.00992613 0.0145 -0.0250594 -0.00213287 0.015083 -0.0242202 -0.00630645 0.0153535 -0.0238606 -0.00621282 0.0158137 -0.0236297 -0.00615268 0.0159902 -0.0231939 -0.00197409 0.0162358 -0.0229047 -0.00194948 0.0161733 -0.0226303 -0.00192612 0.0160626 -0.0223785 -0.00190469 0.015907 -0.0221565 -0.00188579 0.0157109 -0.0219707 -0.00186998 0.01548 -0.0218264 -0.0018577 0.0152208 -0.0217279 -0.00184932 0.014941 -0.0216779 -0.00184506 0.0146484 -0.0216779 -0.00184506 0.0143516 -0.0217279 -0.00184932 0.014059 -0.0218264 -0.0018577 0.0137792 -0.0219707 -0.00186998 0.01352 -0.0221565 -0.00188579 0.0132891 -0.0223785 -0.00190469 0.013093 -0.0226303 -0.00192612 0.0129374 -0.0209469 -0.0094686 0.0128267 -0.020899 -0.0141253 0.0142042 -0.0210722 -0.0139112 0.0145 -0.0243385 -0.00633726 0.015083 -0.0225266 -0.00586547 0.0162358 -0.0222458 -0.00579236 0.0161733 -0.0219793 -0.00572296 0.0160626 -0.0217347 -0.00565927 0.015907 -0.0215191 -0.00560313 0.0157109 -0.0213386 -0.00555614 0.01548 -0.0211985 -0.00551967 0.0152208 -0.0211028 -0.00549475 0.014941 -0.0210543 -0.00548211 0.0146484 -0.0210543 -0.00548211 0.0143516 -0.0211028 -0.00549475 0.014059 -0.0211985 -0.00551967 0.0137792 -0.0213386 -0.00555614 0.01352 -0.0215191 -0.00560313 0.0132891 -0.0217347 -0.00565927 0.013093 -0.0219793 -0.00572296 0.0129374 -0.0233732 -0.0060859 0.0128762 -0.0190454 -0.0128725 0.0128267 -0.0182112 -0.017454 0.0142042 -0.0182505 -0.0174494 0.0145 -0.0229174 -0.0103593 0.015083 -0.010952 -0.0227507 0.0145 -0.0207358 -0.0140149 0.0153535 0.0045123 -0.0248434 0.0145 -0.0214815 -0.00971027 0.0162484 -0.0212113 -0.00958812 0.0162358 -0.0209469 -0.0094686 0.0161733 -0.020696 -0.00935516 0.0160626 -0.0204656 -0.00925105 0.015907 -0.0202626 -0.00915927 0.0157109 -0.0200927 -0.00908247 0.01548 -0.0199608 -0.00902284 0.0152208 -0.0198707 -0.00898211 0.014941 -0.019825 -0.00896145 0.0146484 -0.019825 -0.00896145 0.0143516 -0.0198707 -0.00898211 0.014059 -0.0199608 -0.00902284 0.0137792 -0.0200927 -0.00908247 0.01352 -0.0202626 -0.00915927 0.0132891 -0.0204656 -0.00925105 0.013093 -0.020696 -0.00935516 0.0129374 -0.0136692 -0.0184819 0.0128267 -0.0178007 -0.0170606 0.0131863 -0.017949 -0.0172027 0.0134006 -0.0112676 -0.0223479 0.0136465 -0.0148823 -0.0201223 0.0136465 -0.0111928 -0.0221995 0.0134006 -0.0207358 -0.0140149 0.0136465 -0.0229174 -0.0103593 0.013917 -0.0148399 -0.0204286 0.0145 -0.020837 -0.0140834 0.015083 -0.0073864 -0.0241191 0.0147958 -0.00671231 -0.0243409 0.0145 -0.018069 -0.0173177 0.0153535 -0.0192858 -0.0130349 0.0162358 -0.0190454 -0.0128725 0.0161733 -0.0188172 -0.0127182 0.0160626 -0.0186078 -0.0125767 0.015907 -0.0184232 -0.0124519 0.0157109 -0.0182687 -0.0123475 0.01548 -0.0181488 -0.0122664 0.0152208 -0.0180669 -0.0122111 0.014941 -0.0180253 -0.012183 0.0146484 -0.0180253 -0.012183 0.0143516 -0.0180669 -0.0122111 0.014059 -0.0181488 -0.0122664 0.0137792 -0.0182687 -0.0123475 0.01352 -0.0184232 -0.0124519 0.0132891 -0.0186078 -0.0125767 0.013093 -0.0188172 -0.0127182 0.0129374 -0.0147835 -0.0199886 0.0134006 -0.0073287 -0.0239307 0.0136465 -0.0113563 -0.0225239 0.0142042 -0.0149995 -0.0202807 0.0142042 -0.014955 -0.0202206 0.013917 -0.018069 -0.0173177 0.0136465 -0.020837 -0.0140834 0.013917 -0.0119624 -0.0222365 0.0145 -0.0181572 -0.0174023 0.015083 -0.0148823 -0.0201223 0.0153535 -0.0147835 -0.0199886 0.0155994 -0.0170196 -0.016312 0.0162484 -0.0168055 -0.0161068 0.0162358 -0.016596 -0.015906 0.0161733 -0.0163972 -0.0157154 0.0160626 -0.0162147 -0.0155405 0.015907 -0.0160538 -0.0153864 0.0157109 -0.0159192 -0.0152573 0.01548 -0.0158147 -0.0151572 0.0152208 -0.0157433 -0.0150887 0.014941 -0.0157071 -0.015054 0.0146484 -0.0157071 -0.015054 0.0143516 -0.0157433 -0.0150887 0.014059 -0.0158147 -0.0151572 0.0137792 -0.0159192 -0.0152573 0.01352 -0.0160538 -0.0153864 0.0132891 -0.0162147 -0.0155405 0.013093 -0.0163972 -0.0157154 0.0129374 0.00527283 -0.024466 0.0136465 -0.0170196 -0.016312 0.0127516 -0.0073864 -0.0241191 0.0142042 -0.0113226 -0.0224571 0.013917 -0.0181572 -0.0174023 0.013917 -0.00780073 -0.0240148 0.0145 -0.014955 -0.0202206 0.015083 -0.0112676 -0.0223479 0.0153535 -0.0141931 -0.0191904 0.0162107 -0.014018 -0.0189536 0.0162484 -0.0138417 -0.0187152 0.0162358 -0.0136692 -0.0184819 0.0161733 -0.0135054 -0.0182605 0.0160626 -0.0133551 -0.0180573 0.015907 -0.0132226 -0.0178781 0.0157109 -0.0131117 -0.0177282 0.01548 -0.0130256 -0.0176118 0.0152208 -0.0129668 -0.0175323 0.014941 -0.012937 -0.017492 0.0146484 -0.012937 -0.017492 0.0143516 -0.0129668 -0.0175323 0.014059 -0.0130256 -0.0176118 0.0137792 -0.0131117 -0.0177282 0.01352 -0.0132226 -0.0178781 0.0132891 -0.0133551 -0.0180573 0.013093 -0.0135054 -0.0182605 0.0129374 -0.014018 -0.0189536 0.0127516 -0.003204 -0.0250205 0.0142042 -0.00338852 -0.0250216 0.0145 -0.0113226 -0.0224571 0.015083 -0.0073287 -0.0239307 0.0153535 -0.0108735 -0.0215664 0.0161238 -0.0107458 -0.021313 0.0162107 -0.0106132 -0.0210501 0.0162484 -0.0104797 -0.0207853 0.0162358 -0.0103491 -0.0205262 0.0161733 -0.0102251 -0.0202803 0.0160626 -0.0101113 -0.0200546 0.015907 -0.010011 -0.0198556 0.0157109 -0.00992704 -0.0196891 0.01548 -0.00986187 -0.0195599 0.0152208 -0.00981735 -0.0194716 0.014941 -0.00979477 -0.0194268 0.0146484 -0.00979477 -0.0194268 0.0143516 -0.00981735 -0.0194716 0.014059 -0.00986187 -0.0195599 0.0137792 -0.00992704 -0.0196891 0.01352 -0.010011 -0.0198556 0.0132891 -0.0101113 -0.0200546 0.013093 -0.0102251 -0.0202803 0.0129374 -0.0107458 -0.021313 0.0127893 -0.00317897 -0.0248251 0.0136465 -0.0073645 -0.0240476 0.013917 0.0011334 -0.0252245 0.0145 -0.0073645 -0.0240476 0.015083 0.00940524 -0.0234058 0.0147958 0.00992764 -0.023216 0.0145 -0.00317897 -0.0248251 0.0153535 -0.0070724 -0.0230938 0.0161238 -0.0069893 -0.0228224 0.0162107 -0.00690308 -0.0225409 0.0162484 -0.00681625 -0.0222574 0.0162358 -0.00673128 -0.0219799 0.0161733 -0.00665063 -0.0217166 0.0160626 -0.00657662 -0.0214749 0.015907 -0.00651138 -0.0212619 0.0157109 -0.00645677 -0.0210836 0.01548 -0.00641439 -0.0209452 0.0152208 -0.00638543 -0.0208506 0.014941 -0.00637074 -0.0208027 0.0146484 -0.00637074 -0.0208027 0.0143516 -0.00638543 -0.0208506 0.014059 -0.00641439 -0.0209452 0.0137792 -0.00645677 -0.0210836 0.01352 -0.00651138 -0.0212619 0.0132891 -0.00657662 -0.0214749 0.013093 -0.00665063 -0.0217166 0.0129374 -0.00673128 -0.0219799 0.0128267 -0.00690308 -0.0225409 0.0127516 0.00107057 -0.0252021 0.0142042 0.00562113 -0.024616 0.0145 -0.0031945 -0.0249463 0.015083 -0.00310146 -0.0242198 0.0159902 -0.0030678 -0.0239569 0.0161238 -0.00303175 -0.0236754 0.0162107 -0.00299435 -0.0233833 0.0162484 -0.00295669 -0.0230892 0.0162358 -0.00291983 -0.0228014 0.0161733 -0.00288485 -0.0225282 0.0160626 -0.00285274 -0.0222775 0.015907 -0.00282444 -0.0220565 0.0157109 -0.00280076 -0.0218715 0.01548 -0.00278237 -0.0217279 0.0152208 -0.00276981 -0.0216298 0.014941 -0.00276344 -0.0215801 0.0146484 -0.00276344 -0.0215801 0.0143516 -0.00276981 -0.0216298 0.014059 -0.00278237 -0.0217279 0.0137792 -0.00280076 -0.0218715 0.01352 -0.00282444 -0.0220565 0.0132891 -0.00285274 -0.0222775 0.013093 -0.00288485 -0.0225282 0.0129374 -0.00291983 -0.0228014 0.0128267 -0.00295669 -0.0230892 0.0127642 -0.00299435 -0.0233833 0.0127516 -0.00303175 -0.0236754 0.0127893 0.00940524 -0.0234058 0.0142042 0.00531435 -0.0246587 0.0142042 0.00529859 -0.0245855 0.013917 0.0010674 -0.0251274 0.013917 0.00106221 -0.0250052 0.0136465 -0.0031945 -0.0249463 0.013917 0.00887476 -0.0236389 0.0145 0.0010674 -0.0251274 0.015083 0.00103631 -0.0243955 0.0159902 0.00102506 -0.0241307 0.0161238 0.00101302 -0.0238472 0.0162107 0.00100052 -0.023553 0.0162484 0.000987934 -0.0232567 0.0162358 0.00097562 -0.0229668 0.0161733 0.000963931 -0.0226917 0.0160626 0.000953204 -0.0224392 0.015907 0.000943747 -0.0222165 0.0157109 0.000935833 -0.0220302 0.01548 0.000929689 -0.0218856 0.0152208 0.000925493 -0.0217868 0.014941 0.000923364 -0.0217367 0.0146484 0.000923364 -0.0217367 0.0143516 0.000925493 -0.0217868 0.014059 0.000929689 -0.0218856 0.0137792 0.000935833 -0.0220302 0.01352 0.000943747 -0.0222165 0.0132891 0.000953204 -0.0224392 0.013093 0.000963931 -0.0226917 0.0129374 0.00097562 -0.0229668 0.0128267 0.000987934 -0.0232567 0.0127642 0.00100052 -0.023553 0.0127516 0.00101302 -0.0238472 0.0127893 0.00102506 -0.0241307 0.0128762 0.00529859 -0.0245855 0.015083 0.00514427 -0.0238695 0.0159902 0.00508843 -0.0236104 0.0161238 0.00502864 -0.023333 0.0162107 0.00496661 -0.0230452 0.0162484 0.00490413 -0.0227553 0.0162358 0.004843 -0.0224716 0.0161733 0.00478498 -0.0222024 0.0160626 0.00473173 -0.0219553 0.015907 0.00468479 -0.0217375 0.0157109 0.0046455 -0.0215552 0.01548 0.004615 -0.0214137 0.0152208 0.00459417 -0.021317 0.014941 0.0045836 -0.021268 0.0146484 0.0045836 -0.021268 0.0143516 0.00459417 -0.021317 0.014059 0.004615 -0.0214137 0.0137792 0.0046455 -0.0215552 0.01352 0.00468479 -0.0217375 0.0132891 0.00473173 -0.0219553 0.013093 0.00478498 -0.0222024 0.0129374 0.004843 -0.0224716 0.0128267 0.00490413 -0.0227553 0.0127642 0.00496661 -0.0230452 0.0127516 0.00502864 -0.023333 0.0127893 0.00508843 -0.0236104 0.0128762 0.00937735 -0.0233364 0.015083 0.00910424 -0.0226568 0.0159902 0.00900542 -0.0224108 0.0161238 0.0088996 -0.0221475 0.0162107 0.00878982 -0.0218743 0.0162484 0.00867925 -0.0215991 0.0162358 0.00857106 -0.0213299 0.0161733 0.00846837 -0.0210743 0.0160626 0.00837413 -0.0208398 0.015907 0.00829105 -0.0206331 0.0157109 0.00822152 -0.0204601 0.01548 0.00816755 -0.0203257 0.0152208 0.00813068 -0.020234 0.014941 0.00811198 -0.0201874 0.0146484 0.00811198 -0.0201874 0.0143516 0.00813068 -0.020234 0.014059 0.00816755 -0.0203257 0.0137792 0.00822152 -0.0204601 0.01352 0.00829105 -0.0206331 0.0132891 0.00837413 -0.0208398 0.013093 0.00846837 -0.0210743 0.0129374 0.00857106 -0.0213299 0.0128267 0.00867925 -0.0215991 0.0127642 0.00878982 -0.0218743 0.0127516 0.0088996 -0.0221475 0.0127893 0.00900542 -0.0224108 0.0128762 0.00937735 -0.0233364 0.013917 0.019742 -0.0157419 0.0145 0.0131863 -0.021416 0.015083 0.0128023 -0.0207922 0.0159902 0.0126633 -0.0205666 0.0161238 0.0125145 -0.0203249 0.0162107 0.0123602 -0.0200742 0.0162484 0.0122047 -0.0198217 0.0162358 0.0120525 -0.0195746 0.0161733 0.0119081 -0.0193401 0.0160626 0.0117756 -0.0191248 0.015907 0.0116588 -0.0189351 0.0157109 0.011561 -0.0187763 0.01548 0.0114851 -0.018653 0.0152208 0.0114333 -0.0185688 0.014941 0.011407 -0.0185261 0.0146484 0.011407 -0.0185261 0.0143516 0.0114333 -0.0185688 0.014059 0.0114851 -0.018653 0.0137792 0.011561 -0.0187763 0.01352 0.0116588 -0.0189351 0.0132891 0.0117756 -0.0191248 0.013093 0.0119081 -0.0193401 0.0129374 0.0120525 -0.0195746 0.0128267 0.0122047 -0.0198217 0.0127642 0.0123602 -0.0200742 0.0127516 0.0125145 -0.0203249 0.0127893 0.0126633 -0.0205666 0.0128762 0.0131863 -0.021416 0.013917 0.0216775 -0.0129477 0.0145 0.016616 -0.0188794 0.015083 0.0164254 -0.0186629 0.0155994 0.0162897 -0.0185087 0.0158137 0.016132 -0.0183296 0.0159902 0.0159569 -0.0181306 0.0161238 0.0157694 -0.0179176 0.0162107 0.0155749 -0.0176966 0.0162484 0.015379 -0.0174739 0.0162358 0.0151873 -0.0172561 0.0161733 0.0150053 -0.0170494 0.0160626 0.0148384 -0.0168596 0.015907 0.0146911 -0.0166924 0.0157109 0.0145679 -0.0165524 0.01548 0.0144723 -0.0164437 0.0152208 0.014407 -0.0163695 0.014941 0.0143738 -0.0163319 0.0146484 0.0143738 -0.0163319 0.0143516 0.014407 -0.0163695 0.014059 0.0144723 -0.0164437 0.0137792 0.0145679 -0.0165524 0.01352 0.0146911 -0.0166924 0.0132891 0.0148384 -0.0168596 0.013093 0.0150053 -0.0170494 0.0129374 0.0151873 -0.0172561 0.0128267 0.015379 -0.0174739 0.0127642 0.0155749 -0.0176966 0.0127516 0.0157694 -0.0179176 0.0127893 0.0159569 -0.0181306 0.0128762 0.0219563 -0.0122655 0.013917 0.0193432 -0.0156185 0.0134006 0.0194725 -0.0157229 0.0153535 0.0195676 -0.0157998 0.015083 0.0193432 -0.0156185 0.0155994 0.0191834 -0.0154895 0.0158137 0.0189977 -0.0153396 0.0159902 0.0187915 -0.0151731 0.0161238 0.0185707 -0.0149948 0.0162107 0.0183416 -0.0148098 0.0162484 0.0181109 -0.0146235 0.0162358 0.0178851 -0.0144412 0.0161733 0.0176709 -0.0142682 0.0160626 0.0174742 -0.0141094 0.015907 0.0173009 -0.0139695 0.0157109 0.0171558 -0.0138523 0.01548 0.0170431 -0.0137614 0.0152208 0.0169662 -0.0136993 0.014941 0.0169272 -0.0136677 0.0146484 0.0169272 -0.0136677 0.0143516 0.0169662 -0.0136993 0.014059 0.0170431 -0.0137614 0.0137792 0.0171558 -0.0138523 0.01352 0.0173009 -0.0139695 0.0132891 0.0174742 -0.0141094 0.013093 0.0176709 -0.0142682 0.0129374 0.0178851 -0.0144412 0.0128267 0.0181109 -0.0146235 0.0127642 0.0183416 -0.0148098 0.0127516 0.0185707 -0.0149948 0.0127893 0.0187915 -0.0151731 0.0128762 0.0189977 -0.0153396 0.0130098 0.0191834 -0.0154895 0.0131863 0.0219563 -0.0122655 0.015083 0.0215252 -0.0120247 0.0158137 0.0213169 -0.0119083 0.0159902 0.0210855 -0.0117791 0.0161238 0.0208377 -0.0116406 0.0162107 0.0205807 -0.0114971 0.0162484 0.0203218 -0.0113524 0.0162358 0.0200685 -0.0112109 0.0161733 0.019828 -0.0110766 0.0160626 0.0196074 -0.0109533 0.015907 0.0194128 -0.0108447 0.0157109 0.0192501 -0.0107537 0.01548 0.0191237 -0.0106831 0.0152208 0.0190374 -0.0106349 0.014941 0.0189936 -0.0106104 0.0146484 0.0189936 -0.0106104 0.0143516 0.0190374 -0.0106349 0.014059 0.0191237 -0.0106831 0.0137792 0.0192501 -0.0107537 0.01352 0.0194128 -0.0108447 0.0132891 0.0196074 -0.0109533 0.013093 0.019828 -0.0110766 0.0129374 0.0200685 -0.0112109 0.0128267 0.0203218 -0.0113524 0.0127642 0.0205807 -0.0114971 0.0127516 0.0208377 -0.0116406 0.0127893 0.0210855 -0.0117791 0.0128762 0.0213169 -0.0119083 0.0130098 0.0215252 -0.0120247 0.0131863 0.0234414 -0.00828238 0.0155994 0.0232478 -0.00821395 0.0158137 0.0230227 -0.00813445 0.0159902 0.0227728 -0.00804616 0.0161238 0.0225052 -0.00795161 0.0162107 0.0222277 -0.00785353 0.0162484 0.021948 -0.00775473 0.0162358 0.0216745 -0.00765807 0.0161733 0.0214148 -0.00756632 0.0160626 0.0211765 -0.00748212 0.015907 0.0209664 -0.00740789 0.0157109 0.0207906 -0.00734577 0.01548 0.0206541 -0.00729754 0.0152208 0.0205608 -0.0072646 0.014941 0.0205135 -0.00724789 0.0146484 0.0205135 -0.00724789 0.0143516 0.0205608 -0.0072646 0.014059 0.0206541 -0.00729754 0.0137792 0.0207906 -0.00734577 0.01352 0.0209664 -0.00740789 0.0132891 0.0211765 -0.00748212 0.013093 0.0214148 -0.00756632 0.0129374 0.0216745 -0.00765807 0.0128267 0.021948 -0.00775473 0.0127642 0.0222277 -0.00785353 0.0127516 0.0225052 -0.00795161 0.0127893 0.0227728 -0.00804616 0.0128762 0.0230227 -0.00813445 0.0130098 0.0232478 -0.00821395 0.0131863 0.0247883 -0.00425038 0.013917 0.0246678 -0.00422971 0.0136465 0.0246678 -0.00422971 0.0153535 0.024504 -0.00420162 0.0155994 0.0243015 -0.00416692 0.0158137 0.0240663 -0.00412658 0.0159902 0.0238051 -0.00408179 0.0161238 0.0235254 -0.00403383 0.0162107 0.0232352 -0.00398407 0.0162484 0.0229429 -0.00393395 0.0162358 0.0226569 -0.00388492 0.0161733 0.0223855 -0.00383837 0.0160626 0.0221363 -0.00379566 0.015907 0.0219167 -0.003758 0.0157109 0.0217329 -0.00372649 0.01548 0.0215903 -0.00370202 0.0152208 0.0214928 -0.00368531 0.014941 0.0214434 -0.00367683 0.0146484 0.0214434 -0.00367683 0.0143516 0.0214928 -0.00368531 0.014059 0.0215903 -0.00370202 0.0137792 0.0217329 -0.00372649 0.01352 0.0219167 -0.003758 0.0132891 0.0221363 -0.00379566 0.013093 0.0223855 -0.00383837 0.0129374 0.0226569 -0.00388492 0.0128267 0.0229429 -0.00393395 0.0127642 0.0232352 -0.00398407 0.0127516 0.0235254 -0.00403383 0.0127893 0.0238051 -0.00408179 0.0128762 0.0240663 -0.00412658 0.0130098 0.0243015 -0.00416692 0.0131863 0.024504 -0.00420162 0.0134006</float_array>
          <technique_common>
            <accessor count="1472" source="#ID6" stride="3">
              <param name="X" type="float"/>
              <param name="Y" type="float"/>
              <param name="Z" type="float"/>
            </accessor>
          </technique_common>
        </source>
        <source id="ID7">
          <float_array count="4416" id="ID8">0.516766 0.0886084 0.851529 0.367493 0.0630131 0.927889 0.372857 -1.94975e-10 0.927889 0.651172 0.111655 0.750672 0.524307 5.47118e-11 0.851529 -0.0448649 0.998993 -1.74846e-07 0.0418307 0.984728 0.169001 -4.37114e-08 1 -1.74846e-07 0.622935 0.220097 0.750672 0.733592 0.259195 0.62822 0.134233 0.99095 -1.74846e-07 0.0896393 0.995974 -1.74846e-07 -0.125191 0.977633 0.169001 -0.0896393 0.995974 -1.74846e-07 0.766844 0.131489 0.62822 0.660675 -4.83148e-10 0.750672 0.207649 0.963494 0.169001 0.178557 0.98393 -1.74846e-07 0.823145 0.290836 0.487695 0.309017 0.951057 -1.74846e-07 0.266037 0.963963 -1.74846e-07 0.433884 0.900969 -1.74846e-07 0.516766 0.839281 0.169001 0.473869 0.880596 -1.74846e-07 0.778036 -4.47448e-10 0.62822 0.860457 0.14754 0.487695 0.766844 0.619184 0.169001 0.722795 0.691063 -1.74846e-07 0.651172 0.739875 0.169001 0.691063 0.722795 -1.74846e-07 0.587785 0.809017 -1.74846e-07 0.550897 0.834573 -1.74846e-07 0.929315 0.328348 0.169001 0.900969 0.433884 -1.74846e-07 0.860457 0.48068 0.169001 0.62349 0.781832 -1.74846e-07 0.971439 0.16657 0.169001 0.963963 0.266037 -1.74846e-07 0.873014 4.55475e-11 0.487695 0.929315 0.159347 0.33314 0.753071 0.657939 -1.74846e-07 0.880596 0.473869 -1.74846e-07 0.858449 0.512899 -1.74846e-07 0.834573 0.550897 -1.74846e-07 0.809017 0.587785 -1.74846e-07 0.919528 0.393025 -1.74846e-07 0.942877 -2.71127e-10 0.33314 0.985616 -1.41711e-10 0.169001 0.995974 0.0896393 -1.74846e-07 0.974928 0.222521 -1.74846e-07 0.951057 0.309017 -1.74846e-07 0.99095 0.134233 -1.74846e-07 0.98393 0.178557 -1.74846e-07 1 1.38778e-15 -1.74846e-07 0.998993 0.0448648 -1.74846e-07 0.936235 0.351375 -1.74846e-07 -0.178557 0.98393 -1.74846e-07 -0.222521 0.974928 -1.74846e-07 0.514029 0.415049 0.750672 0.576778 0.322208 0.750672 0.60534 0.488778 0.62822 0.494357 0.174668 0.851529 0.210679 -2.42322e-10 0.977555 -0.351375 0.936235 -1.74846e-07 -0.393025 0.919528 -1.74846e-07 -0.288611 0.942413 0.169001 0.207649 0.035605 0.977555 0.514028 0.58405 0.62822 0.436491 0.49595 0.750672 0.325509 0.18184 0.927889 0.457728 0.255702 0.851529 0.40793 0.32938 0.851529 0.351558 0.124213 0.927889 0.042441 4.8738e-11 0.999099 -0.58608 0.792432 0.169001 -0.62349 0.781832 -1.74846e-07 -0.657939 0.753071 -1.74846e-07 0.346397 0.393583 0.851529 0.290096 0.234236 0.927889 0.0418306 0.00717257 0.999099 0.183926 0.102747 0.977555 0.198645 0.0701857 0.977555 -0.125191 -0.0214661 0.9919 -0.127018 1.85774e-10 0.9919 0.246337 0.279893 0.927889 0.163916 0.132353 0.977555 0.0400167 0.0141388 0.999099 -0.292823 6.11958e-10 0.956167 -0.119762 -0.0423147 0.9919 -0.288611 -0.0494873 0.956167 0.0370516 0.0206983 0.999099 0.13919 0.158151 0.977555 0.0330206 0.0266623 0.999099 -0.110888 -0.0619459 0.9919 -0.276096 -0.097551 0.956167 -0.450204 -9.39605e-11 0.892926 -0.443728 -0.0760848 0.892926 -0.0988243 -0.0797951 0.9919 -0.594633 2.48893e-10 0.803997 -0.255638 -0.142808 0.956167 -0.424487 -0.149981 0.892926 0.0222521 0.0361398 0.999099 0.110461 0.1794 0.977555 0.0785531 0.195487 0.977555 -0.393034 -0.219562 0.892926 -0.58608 -0.100493 0.803997 -0.227827 -0.183957 0.956167 -0.0839174 -0.0953487 0.9919 -0.193461 -0.219814 0.956167 -0.721956 7.55049e-10 0.691939 -0.350274 -0.282827 0.892926 -0.560666 -0.198096 0.803997 -0.82851 -1.0379e-09 0.559975 -0.711571 -0.122011 0.691939 -0.297438 -0.337955 0.892926 -0.519123 -0.29 0.803997 -0.816592 -0.140019 0.559975 -0.680716 -0.240512 0.691939 -0.911228 2.09617e-09 0.411901 -0.462646 -0.37356 0.803997 -0.898121 -0.153998 0.411901 -0.781183 -0.27601 0.559975 -0.630278 -0.352094 0.691939 -0.561708 -0.453547 0.691939 -0.723301 -0.40406 0.559975 -0.476978 -0.541952 0.691939 -0.64461 -0.520486 0.559975 -0.236045 -0.383361 0.892926 -0.311771 -0.506347 0.803997 -0.392859 -0.446375 0.803997 -0.795515 -0.444402 0.411901 -0.221713 -0.551754 0.803997 -0.167861 -0.417739 0.892926 -0.378527 -0.614767 0.691939 -0.547375 -0.621939 0.559975 -0.602026 -0.684034 0.411901 -0.434394 -0.7055 0.559975 -0.0948485 -0.440099 0.892926 -0.125277 -0.581287 0.803997 0.0371937 -0.12145 0.9919 0.0857452 -0.279987 0.956167 0.0371937 -0.290451 0.956167 0.0571839 -0.113417 0.9919 -0.0252368 0.0341225 0.999099 0.0755289 -0.102122 0.9919 -0.269186 -0.669895 0.691939 -0.152101 -0.705752 0.691939 0.0571839 -0.446557 0.892926 -0.0191072 -0.449798 0.892926 -0.025237 -0.594097 0.803997 0.0755291 -0.589817 0.803997 0.13183 -0.261469 0.956167 0.13183 -0.43047 0.892926 0.174122 -0.568568 0.803997 0.202683 -0.401998 0.892926 0.267706 -0.530963 0.803997 -0.191977 0.0867791 0.977555 -0.0351628 0.0237659 0.999099 -0.17455 0.117975 0.977555 0.174122 -0.235429 0.956167 0.267706 -0.361962 0.892926 -0.360826 0.0939517 0.927889 -0.371513 0.0316205 0.927889 -0.203881 0.0530866 0.977555 0.211405 -0.202616 0.956167 0.0917012 -0.0878885 0.9919 0.105235 -0.0711267 0.9919 0.115742 -0.0523187 0.9919 0.266829 -0.120614 0.956167 0.242607 -0.163973 0.956167 -0.0386735 0.0174815 0.999099 -0.371513 -0.0316204 0.927889 -0.20992 0.0178669 0.977555 -0.0422881 0.00359925 0.999099 0.122919 -0.0320057 0.9919 -0.0410716 0.0106942 0.999099 -0.561708 -0.538353 0.62822 -0.476978 -0.457147 0.750672 -0.547376 -0.369961 0.750672 -0.20992 -0.0178668 0.977555 -0.360826 -0.0939518 0.927889 -0.339758 -0.15358 0.927889 -0.477764 -0.215963 0.851529 -0.434394 -0.293599 0.851529 -0.203881 -0.0530866 0.977555 -0.0422881 -0.00359925 0.999099 -0.0410716 -0.0106942 0.999099 -0.191977 -0.0867791 0.977555 -0.308915 -0.20879 0.927889 0.587785 -0.809017 -1.74846e-07 0.516766 -0.839281 0.169001 0.550897 -0.834573 -1.74846e-07 -0.0351628 -0.0237659 0.999099 -0.17455 -0.117975 0.977555 -0.152101 -0.145777 0.977555 -0.378527 -0.362789 0.851529 0.651172 -0.739874 0.169001 0.62349 -0.781831 -1.74846e-07 -0.392859 -0.531181 0.750672 -0.350275 -0.694728 0.62822 -0.297438 -0.589934 0.750672 -0.269186 -0.257994 0.927889 -0.31177 -0.421542 0.851529 -0.236045 -0.468167 0.851529 -0.221713 -0.299776 0.927889 0.722795 -0.691062 -1.74846e-07 0.691063 -0.722795 -1.74846e-07 0.753071 -0.657939 -1.74846e-07 0.766844 -0.619184 0.169001 -0.19346 -0.631715 0.750672 -0.153529 -0.501325 0.851529 0.0330206 -0.777335 0.62822 -0.0988243 -0.771734 0.62822 0.0370516 -0.872228 0.487695 -0.227827 -0.743932 0.62822 -0.0124278 -0.292559 0.956167 -0.0839174 -0.655324 0.750672 0.163916 -0.760573 0.62822 0.139191 -0.645846 0.750672 0.0280397 -0.66008 0.750672 0.290096 -0.721931 0.62822 0.325509 -0.81006 0.487695 0.834573 -0.550897 -1.74846e-07 0.809017 -0.587785 -1.74846e-07 0.183926 -0.85342 0.487695 -0.708968 -0.572452 0.411901 0.246337 -0.613033 0.750672 0.40793 -0.66252 0.62822 0.346397 -0.562584 0.750672 -0.844845 -0.471958 0.251978 0.880596 -0.473869 -1.74846e-07 0.900969 -0.433884 -1.74846e-07 0.860457 -0.48068 0.169001 0.457728 -0.743397 0.487695 0.576778 -0.655348 0.487695 0.919528 -0.393025 -1.74846e-07 0.936235 -0.351375 -1.74846e-07 0.929315 -0.328348 0.169001 -0.912454 -0.32239 0.251978 -0.859177 -0.303566 0.411901 0.951057 -0.309017 -1.74846e-07 0.963963 -0.266037 -1.74846e-07 0.929315 -0.159347 0.33314 0.679236 -0.379444 0.62822 0.762154 -0.425765 0.487695 0.823145 -0.290836 0.487695 -0.953813 -0.163548 0.251978 0.98393 -0.178557 -1.74846e-07 0.971439 -0.16657 0.169001 0.974928 -0.222521 -1.74846e-07 0.99095 -0.134233 -1.74846e-07 0.889018 -0.31411 0.33314 0.995974 -0.0896396 -1.74846e-07 0.998993 -0.0448647 -1.74846e-07 -0.191977 -0.890776 -0.411901 -0.0410718 -0.966861 -0.251978 -0.0386735 -0.910407 -0.411901 -0.0252369 0.0341226 -0.999099 -0.0948485 0.188121 -0.977555 -0.0191072 0.0378969 -0.999099 0.429299 -0.41145 -0.803997 0.353589 -0.478083 -0.803997 0.521221 -0.49955 -0.691939 0.325027 -0.311513 -0.892926 0.267706 -0.361963 -0.892926 -0.0422883 0.00359927 -0.999099 -0.0422883 -0.00359926 -0.999099 -0.20992 0.0178668 -0.977555 0.825525 -0.0702625 -0.559975 0.801776 -0.208766 -0.559975 0.907946 -0.0772776 -0.411901 -0.434393 -0.293599 -0.851529 -0.269186 -0.257994 -0.927889 -0.378527 -0.362788 -0.851529 0.0917013 0.0878886 -0.9919 0.105236 0.0711268 -0.9919 0.211405 0.202615 -0.956167 -0.221713 -0.299776 -0.927889 -0.31177 -0.421541 -0.851529 -0.152101 -0.145777 -0.977555 -0.308915 -0.20879 -0.927889 -0.17455 -0.117975 -0.977555 0.0222521 -0.523835 -0.851529 -0.0839174 -0.655324 -0.750672 -0.0665963 -0.52006 -0.851529 0.0371937 0.12145 -0.9919 -0.0191072 -0.0378969 -0.999099 0.0571839 0.113418 -0.9919 -0.193461 -0.631715 -0.750672 0.0280397 -0.660079 -0.750672 0.0330206 -0.777335 -0.62822 -0.0988243 -0.771734 -0.62822 0.325509 -0.81006 -0.487695 0.40793 -0.66252 -0.62822 0.457728 -0.743397 -0.487695 0.516766 -0.839281 -0.169001 0.512899 -0.858449 1.24777e-07 0.473868 -0.880596 1.24777e-07 0.110461 -0.512539 -0.851529 0.13919 -0.645846 -0.750672 0.195491 -0.486499 -0.851529 0.274898 -0.446463 -0.851529 0.246337 -0.613033 -0.750672 0.290096 -0.721931 -0.62822 0.163916 -0.760573 -0.62822 0.651172 -0.739874 -0.169001 0.657939 -0.753072 1.24777e-07 0.766844 -0.619184 -0.169001 0.733592 -0.592335 -0.33314 0.514028 -0.58405 -0.62822 0.860457 -0.48068 -0.169001 0.679236 -0.548445 -0.487695 0.622935 -0.707792 -0.33314 0.576778 -0.655348 -0.487695 0.762154 -0.425765 -0.487695 0.733592 -0.259195 -0.62822 0.823145 -0.290836 -0.487695 0.929315 -0.328348 -0.169001 0.889018 -0.31411 -0.33314 0.971439 -0.16657 -0.169001 0.679236 -0.379444 -0.62822 0.985616 -2.97648e-07 -0.169001 0.346397 -0.562584 -0.750672 0.346397 -0.393583 -0.851529 0.436491 -0.49595 -0.750672 -0.153529 -0.501325 -0.851529 -0.0473594 -0.369837 -0.927889 0.433884 -0.900969 1.24777e-07 -0.236045 -0.468167 -0.851529 -0.109181 -0.356513 -0.927889 -0.167861 -0.332933 -0.927889 -0.0616917 -0.201444 -0.977555 -0.125277 -0.169385 -0.977555 -0.227827 -0.743932 -0.62822 -0.392859 -0.531181 -0.750672 -0.297438 -0.589934 -0.750672 0.0755291 0.102122 -0.9919 0.13183 0.261469 -0.956167 0.122919 0.0320057 -0.9919 0.115742 0.0523188 -0.9919 -0.0410718 -0.0106943 -0.999099 -0.191977 -0.086779 -0.977555 -0.0386736 -0.0174816 -0.999099 -0.035163 -0.023766 -0.999099 -0.203881 -0.0530865 -0.977555 -0.339757 -0.15358 -0.927889 -0.477764 -0.215963 -0.851529 0.12656 -0.0107719 -0.9919 0.291768 -0.0248331 -0.956167 0.291768 0.0248332 -0.956167 0.435677 -0.113441 -0.892926 0.448582 -0.0381801 -0.892926 0.283374 -0.0737849 -0.956167 0.12656 0.0107719 -0.9919 0.122919 -0.0320057 -0.9919 -0.0410718 0.0106943 -0.999099 -0.547375 -0.369961 -0.750672 -0.602026 -0.272133 -0.750672 -0.203881 0.0530865 -0.977555 0.410238 -0.185439 -0.892926 0.372998 -0.252103 -0.892926 0.541847 -0.24493 -0.803997 0.492659 -0.33298 -0.803997 0.754961 -0.341264 -0.559975 0.830337 -0.375336 -0.411901 0.881826 -0.22961 -0.411901 0.429299 -0.580451 -0.691939 0.325027 -0.644653 -0.691939 0.492659 -0.666119 -0.559975 0.115742 -0.0523188 -0.9919 -0.0386736 0.0174816 -0.999099 -0.191977 0.086779 -0.977555 -0.339758 0.15358 -0.927889 0.267706 -0.530963 -0.803997 0.242606 -0.792193 -0.559975 0.105235 -0.821799 -0.559975 0.266828 -0.871286 -0.411901 0.754962 -0.510265 -0.411901 0.598148 -0.573278 -0.559975 0.657867 -0.630515 -0.411901 0.211405 -0.690311 -0.691939 0.0917014 -0.716109 -0.691939 0.174122 -0.235429 -0.956167 0.211405 -0.202615 -0.956167 0.075529 -0.102122 -0.9919 0.0917013 -0.0878886 -0.9919 0.174122 -0.568568 -0.803997 0.0571839 -0.113418 -0.9919 0.13183 -0.261469 -0.956167 -0.035163 -0.827763 -0.559975 -0.17455 -0.809914 -0.559975 -0.203881 -0.946012 -0.251978 -0.360825 -0.897949 -0.251978 -0.20992 -0.974034 -0.0848059 0.0571839 -0.446557 -0.892926 -0.0191072 -0.449798 -0.892926 0.075529 -0.589817 -0.803997 -0.339757 -0.845519 0.411901 -0.308915 -0.768765 0.559975 -0.17455 -0.809914 0.559975 -0.477764 -0.775938 -0.411901 -0.339758 -0.845519 -0.411901 -0.522418 -0.848462 -0.0848059 -0.639357 -0.72645 -0.251978 -0.658295 -0.747968 -0.0848059 -0.775233 -0.625957 -0.0848059 -0.752931 -0.607949 -0.251978 -0.869869 -0.485938 -0.0848059 -0.869869 -0.485938 0.0848059 -0.775233 -0.625957 0.0848059 -0.00539078 -0.126903 -0.9919 -0.0124277 -0.292559 -0.956167 0.0371937 -0.290451 -0.956167 -0.844844 -0.471958 -0.251978 -0.378527 -0.614767 -0.691939 -0.308915 -0.768765 -0.559975 -0.269186 -0.669895 -0.691939 -0.939481 -0.33194 0.0848059 -0.939481 -0.33194 -0.0848059 -0.02676 -0.124167 -0.9919 -0.0616917 -0.28625 -0.956167 0.00894148 0.0414886 -0.999099 -0.982065 -0.168392 0.0848059 -0.31177 -0.506347 -0.803997 -0.392859 -0.446375 -0.803997 -0.967733 1.75994e-12 0.251978 -0.982065 -0.168392 -0.0848059 -0.0473594 -0.117859 -0.9919 0.0158245 0.0393807 -0.999099 -0.996397 -2.28847e-09 0.0848059 -0.996397 1.25184e-09 -0.0848059 -0.953813 -0.163548 -0.251978 0.0785531 0.195487 -0.977555 -0.781183 -0.27601 -0.559975 -0.795515 -0.444402 -0.411901 -0.723301 -0.40406 -0.559975 -0.967733 2.83078e-09 -0.251978 -0.547375 -0.621939 -0.559975 -0.602026 -0.684034 -0.411901 -0.898121 -0.153998 -0.411901 -0.912454 -0.32239 -0.251978 -0.859177 -0.303566 -0.411901 -0.911229 -3.0442e-09 -0.411901 -0.0988245 -0.0797952 -0.9919 -0.227827 -0.183957 -0.956167 -0.193461 -0.219814 -0.956167 -0.816592 -0.140019 -0.559975 -0.680716 -0.240512 -0.691939 -0.711572 -0.122011 -0.691939 -0.0839175 -0.0953488 -0.9919 0.0330208 0.0266624 -0.999099 -0.82851 3.46293e-09 -0.559975 -0.255638 -0.142808 -0.956167 -0.110888 -0.061946 -0.9919 -0.721956 -1.50616e-09 -0.691939 -0.560666 -0.198096 -0.803997 -0.58608 -0.100493 -0.803997 0.0370518 0.0206984 -0.999099 -0.594633 -2.48211e-10 -0.803997 -0.443728 -0.0760848 -0.892926 -0.424487 -0.149981 -0.892926 0.183926 0.102747 -0.977555 -0.450204 -3.74423e-10 -0.892926 0.163916 0.132353 -0.977555 0.325509 0.18184 -0.927889 0.198645 0.0701856 -0.977555 0.0400169 0.0141389 -0.999099 -0.125191 -0.0214661 -0.9919 -0.288611 -0.0494873 -0.956167 -0.276096 -0.0975509 -0.956167 -0.292823 2.45129e-10 -0.956167 0.351558 0.124213 -0.927889 -0.119762 -0.0423147 -0.9919 0.0418307 0.0071726 -0.999099 0.207649 0.0356049 -0.977555 -0.127018 -6.89555e-10 -0.9919 0.367493 0.0630131 -0.927889 0.0424412 -8.8773e-11 -0.999099 0.494357 0.174668 -0.851529 0.457727 0.255702 -0.851529 0.210679 8.79429e-10 -0.977555 0.576778 0.322208 -0.750672 0.622935 0.220097 -0.750672 0.679236 0.379444 -0.62822 0.733592 0.259195 -0.62822 0.372857 9.34176e-10 -0.927889 0.651172 0.111655 -0.750672 0.40793 0.32938 -0.851529 0.524307 4.5989e-09 -0.851529 0.766845 0.131489 -0.62822 0.516765 0.0886083 -0.851529 0.660675 -3.03961e-09 -0.750672 0.766844 0.619184 -0.169001 0.778036 -4.87794e-09 -0.62822 0.860457 0.48068 -0.169001 0.762154 0.425765 -0.487695 0.823145 0.290836 -0.487695 0.860457 0.14754 -0.487695 0.873014 -3.17071e-12 -0.487695 0.929315 0.328348 -0.169001 0.971439 0.16657 -0.169001 0.889018 0.31411 -0.33314 0.942877 -1.5769e-09 -0.33314 0.929315 0.159347 -0.33314 0.781831 0.62349 -1.74846e-07 0.889018 0.31411 0.33314 0.762154 0.425765 0.487695 0.679236 0.379444 0.62822 0.246337 0.613033 0.750672 0.163916 0.760573 0.62822 0.13919 0.645846 0.750672 0.195491 0.486499 0.851529 0.110461 0.512539 0.851529 0.139022 0.34597 0.927889 0.0785532 0.364488 0.927889 -0.0665963 -0.108159 0.9919 -0.153529 -0.249347 0.956167 0.0443857 0.20595 -0.977555 0.139022 0.345969 -0.927889 -0.630278 -0.352094 -0.691939 -0.519123 -0.29 -0.803997 -0.393034 -0.219562 -0.892926 -0.708968 -0.572452 -0.411901 0.290096 0.234236 -0.927889 0.514029 0.415049 -0.750672 0.60534 0.488778 -0.62822 0.679236 0.548445 -0.487695 0.823145 0.459837 -0.33314 0.657939 0.753071 -1.74846e-07 0.823145 0.459837 0.33314 0.367493 0.914542 0.169001 0.351375 0.936235 -1.74846e-07 0.679236 0.548445 0.487695 -0.512899 0.858449 -1.74846e-07 -0.550897 0.834573 -1.74846e-07 -0.753071 0.657939 -1.74846e-07 -0.781832 0.62349 -1.74846e-07 -0.711571 0.681986 0.169001 0.0330208 0.777335 0.62822 0.0280398 0.66008 0.750672 0.0222522 0.523835 0.851529 0.0158244 0.0393806 0.999099 -0.0473594 -0.117858 0.9919 -0.109181 -0.271707 0.956167 -0.64461 -0.520486 -0.559975 -0.561708 -0.453547 -0.691939 -0.462646 -0.37356 -0.803997 -0.350275 -0.282827 -0.892926 0.0280398 0.0318594 -0.999099 0.13919 0.158151 -0.977555 -0.153529 -0.249347 -0.956167 -0.0665964 -0.108159 -0.9919 0.346396 0.393583 -0.851529 0.246337 0.279893 -0.927889 0.436491 0.49595 -0.750672 0.514029 0.58405 -0.62822 0.290096 0.721931 -0.62822 0.325509 0.81006 -0.487695 0.457728 0.743397 -0.487695 0.651172 0.739875 -0.169001 0.516766 0.839281 -0.169001 0.512899 0.858449 -1.74846e-07 0.733592 0.592334 0.33314 0.576778 0.655348 0.487695 -0.691063 0.722795 -1.74846e-07 -0.816592 0.55192 0.169001 -0.858449 0.512899 -1.74846e-07 -0.880596 0.473869 -1.74846e-07 -0.974928 0.222521 -1.74846e-07 -0.98393 0.178557 -1.74846e-07 -0.953813 0.248354 0.169001 0.0280397 0.0318593 0.999099 0.0443858 0.205951 0.977555 0.00894144 0.0414884 0.999099 -0.02676 -0.124167 0.9919 -0.0616917 -0.286251 0.956167 -0.752931 -0.607949 0.251978 0.115742 -0.903848 -0.411901 -0.476978 -0.541952 -0.691939 -0.297438 -0.337955 -0.892926 0.110461 0.512539 -0.851529 0.195491 0.486499 -0.851529 0.0785531 0.364488 -0.927889 0.13919 0.645846 -0.750672 0.246337 0.613033 -0.750672 0.0370518 0.872227 -0.487695 0.198645 0.921715 -0.33314 0.183926 0.85342 -0.487695 0.274898 0.446463 -0.851529 0.195491 0.317498 -0.927889 0.346397 0.562584 -0.750672 0.40793 0.66252 -0.62822 0.367493 0.914542 -0.169001 0.494358 0.802888 -0.33314 0.622935 0.707792 -0.33314 0.576778 0.655348 -0.487695 0.733592 0.592334 -0.33314 0.393025 0.919528 -1.74846e-07 0.622935 0.707792 0.33314 0.457728 0.743397 0.487695 0.40793 0.66252 0.62822 0.346397 0.562584 0.750672 0.274898 0.446463 0.851529 0.195491 0.317498 0.927889 0.0158245 0.372521 0.927889 0.00894148 0.210489 0.977555 0.00180125 0.0424028 0.999099 -0.00539079 -0.126903 0.9919 -0.639357 -0.72645 0.251978 -0.658295 -0.747968 0.0848059 -0.507389 -0.824053 -0.251978 -0.434394 -0.7055 -0.559975 0.00180126 0.042403 -0.999099 -0.236045 -0.383362 -0.892926 0.0222522 0.0361399 -0.999099 0.110461 0.179399 -0.977555 -0.109181 -0.271707 -0.956167 0.207649 0.963494 -0.169001 0.222521 0.974928 -1.74846e-07 0.494357 0.802888 0.33314 0.325509 0.81006 0.487695 0.290096 0.721931 0.62822 -0.0665963 0.520061 0.851529 -0.0473594 0.369837 0.927889 -0.02676 0.208973 0.977555 0.0161335 -0.125989 0.9919 -0.477764 -0.775938 0.411901 -0.507389 -0.824053 0.251978 -0.522418 -0.848462 0.0848059 0.0161335 -0.125989 -0.9919 -0.221713 -0.551754 -0.803997 -0.167861 -0.417739 -0.892926 0.0222522 0.523835 -0.851529 0.0418307 0.984728 -0.169001 0.0448648 0.998993 -1.74846e-07 0.351558 0.874886 0.33314 -0.309017 0.951056 -1.74846e-07 0.183926 0.85342 0.487695 -0.809017 0.587785 -1.74846e-07 -0.951056 0.309017 -1.74846e-07 -0.898121 0.405977 0.169001 -0.936235 0.351375 -1.74846e-07 -1 -8.74228e-08 -1.74846e-07 -0.982065 0.0835861 0.169001 -0.998993 0.044865 -1.74846e-07 -0.297438 0.589934 0.750672 -0.462646 0.625538 0.62822 -0.392859 0.531181 0.750672 -0.236045 0.468167 0.851529 -0.31177 0.421542 0.851529 -0.167861 0.332933 0.927889 -0.0948486 0.188121 0.977555 -0.221713 0.299776 0.927889 -0.0124277 0.0405807 0.999099 -0.360825 -0.897949 0.251978 -0.371513 -0.924546 0.0848059 -0.371513 -0.924546 -0.0848059 -0.152101 -0.705752 -0.691939 -0.125277 -0.581287 -0.803997 -0.0948486 -0.440099 -0.892926 0.00894148 0.210489 -0.977555 0.0158245 0.372521 -0.927889 0.0280398 0.660079 -0.750672 0.163916 0.760573 -0.62822 0.0330208 0.777335 -0.62822 -0.255638 0.834747 -0.487695 -0.110888 0.865943 -0.487695 -0.227827 0.743932 -0.62822 0.351558 0.874886 -0.33314 -0.134233 0.99095 -1.74846e-07 0.198645 0.921715 0.33314 -0.443728 0.880082 0.169001 -0.473869 0.880595 -1.74846e-07 0.0370518 0.872228 0.487695 -0.99095 0.134233 -1.74846e-07 -0.98393 -0.178557 -1.74846e-07 -0.982065 -0.083586 0.169001 -0.99095 -0.134233 -1.74846e-07 -0.561708 0.538353 0.62822 -0.476978 0.457147 0.750672 -0.378527 0.362789 0.851529 -0.0616917 0.201445 0.977555 -0.0191071 0.0378967 0.999099 -0.191977 -0.890776 0.411901 -0.203881 -0.946012 0.251978 -0.20992 -0.974034 0.0848059 -0.0306407 -0.721306 -0.691939 -0.0252369 -0.594097 -0.803997 -0.236045 0.468167 -0.851529 -0.153529 0.501325 -0.851529 -0.167861 0.332933 -0.927889 -0.378527 0.362788 -0.851529 -0.392859 0.531181 -0.750672 -0.31177 0.421541 -0.851529 0.0857452 -0.279987 -0.956167 0.0371937 -0.12145 -0.9919 -0.0665963 0.52006 -0.851529 -0.0473594 0.369837 -0.927889 -0.0839174 0.655324 -0.750672 -0.0988245 0.771734 -0.62822 -0.350275 0.694728 -0.62822 -0.393034 0.779537 -0.487695 -0.288611 0.942413 -0.169001 -0.125191 0.977633 -0.169001 -0.266037 0.963963 -1.74846e-07 0.0400169 0.942028 0.33314 -0.110888 0.865943 0.487695 -0.0988245 0.771734 0.62822 -0.0839174 0.655324 0.750672 -0.998993 -0.0448647 -1.74846e-07 -0.953813 -0.248353 0.169001 -0.951057 -0.309017 -1.74846e-07 -0.936235 -0.351375 -1.74846e-07 -0.809017 -0.587785 -1.74846e-07 -0.781831 -0.62349 -1.74846e-07 -0.816592 -0.55192 0.169001 -0.00539077 0.0420973 0.999099 -0.125277 0.169386 0.977555 -0.0306407 -0.721306 0.691939 -0.0351629 -0.827763 0.559975 -0.0386735 -0.910407 0.411901 -0.0410719 -0.966861 0.251978 -0.0422883 -0.9955 0.0848059 -0.0422883 -0.9955 -0.0848059 -0.125277 0.169385 -0.977555 -0.221713 0.299776 -0.927889 -0.297438 0.589934 -0.750672 -0.00539079 0.0420975 -0.999099 -0.02676 0.208973 -0.977555 -0.193461 0.631715 -0.750672 -0.443728 0.880082 -0.169001 -0.276096 0.901548 -0.33314 -0.119762 0.935241 -0.33314 0.0400169 0.942028 -0.33314 -0.433884 0.900969 -1.74846e-07 -0.119762 0.935241 0.33314 -0.255638 0.834747 0.487695 -0.227826 0.743932 0.62822 -0.193461 0.631715 0.750672 -0.153529 0.501325 0.851529 -0.109181 0.356513 0.927889 -0.269186 0.257994 0.927889 -0.152101 0.145777 0.977555 0.0917013 -0.716109 0.691939 0.105235 -0.821799 0.559975 0.115742 -0.903848 0.411901 0.122919 -0.959895 0.251978 0.12656 -0.988327 0.0848059 0.12656 -0.988327 -0.0848059 0.122919 -0.959895 -0.251978 0.13183 -0.43047 -0.892926 0.410238 -0.813659 -0.411901 -0.0124277 0.0405809 -0.999099 -0.0616916 0.201444 -0.977555 -0.58608 0.792432 -0.169001 -0.587785 0.809017 -1.74846e-07 -0.276096 0.901548 0.33314 -0.393034 0.779537 0.487695 -0.350275 0.694728 0.62822 -0.602026 0.272133 0.750672 -0.752931 0.196048 0.62822 -0.639357 0.166476 0.750672 -0.308915 0.20879 0.927889 -0.339758 0.15358 0.927889 0.211405 -0.69031 0.691939 0.242607 -0.792193 0.559975 0.266828 -0.871286 0.411901 0.283374 -0.925314 0.251978 0.291768 -0.952722 0.0848059 0.291768 -0.952722 -0.0848059 0.283374 -0.925314 -0.251978 0.372998 -0.739798 -0.559975 0.202683 -0.401999 -0.892926 0.541847 -0.732625 -0.411901 -0.109181 0.356513 -0.927889 -0.462646 0.625539 -0.62822 -0.519123 0.701901 -0.487695 -0.424487 0.84192 -0.33314 -0.722795 0.691063 -1.74846e-07 -0.424487 0.84192 0.33314 -0.919528 0.393025 -1.74846e-07 -0.519123 0.701901 0.487695 -0.880596 -0.473869 -1.74846e-07 -0.858449 -0.512899 -1.74846e-07 -0.657939 -0.753071 -1.74846e-07 -0.711571 -0.681986 0.169001 -0.691063 -0.722795 -1.74846e-07 -0.775233 0.065982 0.62822 -0.658295 0.0560291 0.750672 -0.507389 0.132114 0.851529 -0.522418 0.0444644 0.851529 0.325027 -0.644653 0.691939 0.372998 -0.739798 0.559975 0.410238 -0.813659 0.411901 0.435677 -0.864114 0.251978 0.448582 -0.889709 0.0848059 0.448582 -0.889709 -0.0848059 0.435677 -0.864114 -0.251978 -0.0306407 0.0293667 -0.999099 -0.152101 0.145777 -0.977555 0.242606 -0.163973 -0.956167 0.105236 -0.0711268 -0.9919 -0.269186 0.257994 -0.927889 -0.476978 0.457147 -0.750672 -0.561708 0.538353 -0.62822 -0.708968 0.320474 -0.62822 -0.795515 0.359596 -0.487695 -0.723301 0.488866 -0.487695 -0.711571 0.681986 -0.169001 -0.834573 0.550897 -1.74846e-07 -0.560666 0.758071 0.33314 -0.630278 0.604072 0.487695 -0.753072 -0.657939 -1.74846e-07 -0.512899 -0.858449 -1.74846e-07 -0.58608 -0.792432 0.169001 -0.550897 -0.834573 -1.74846e-07 -0.795515 -0.359596 0.487695 -0.708968 -0.320474 0.62822 -0.752931 -0.196048 0.62822 -0.0306406 0.0293666 0.999099 0.353589 -0.478083 0.803997 0.429299 -0.580451 0.691939 0.492659 -0.666119 0.559975 0.541847 -0.732625 0.411901 0.575446 -0.778055 0.251978 0.592491 -0.801101 0.0848059 0.592491 -0.801101 -0.0848059 0.575446 -0.778054 -0.251978 0.266828 -0.120614 -0.956167 -0.507389 0.132114 -0.851529 -0.477764 0.215963 -0.851529 -0.360826 0.0939516 -0.927889 -0.639357 0.166476 -0.750672 -0.602026 0.272133 -0.750672 -0.434394 0.293599 -0.851529 -0.308915 0.20879 -0.927889 -0.547375 0.369961 -0.750672 -0.64461 0.43568 -0.62822 -0.752931 0.196048 -0.62822 -0.844845 0.21998 -0.487695 -0.898121 0.405976 -0.169001 -0.816592 0.55192 -0.169001 -0.781183 0.527988 -0.33314 -0.680716 0.652413 -0.33314 -0.630278 0.604072 -0.487695 -0.560666 0.758071 -0.33314 -0.900969 0.433884 -1.74846e-07 -0.680716 0.652414 0.33314 -0.723301 0.488866 0.487695 -0.64461 0.43568 0.62822 -0.547375 0.369961 0.750672 -0.434394 0.293599 0.851529 -0.443728 -0.880082 0.169001 -0.393025 -0.919528 -1.74846e-07 -0.351375 -0.936235 -1.74846e-07 0.325027 -0.311513 0.892926 0.429299 -0.41145 0.803997 0.521221 -0.499549 0.691939 0.598148 -0.573278 0.559975 0.657867 -0.630514 0.411901 0.698661 -0.669612 0.251978 0.719355 -0.689446 0.0848059 0.719355 -0.689446 -0.0848059 0.698661 -0.669612 -0.251978 0.686428 -0.463944 -0.559975 -0.035163 0.023766 -0.999099 -0.17455 0.117975 -0.977555 -0.953813 0.248354 -0.169001 -0.963963 0.266037 -1.74846e-07 -0.781183 0.527987 0.33314 -0.795515 0.359596 0.487695 -0.708968 0.320474 0.62822 -0.477764 0.215963 0.851529 -0.522418 -0.0444645 0.851529 0.372998 -0.252103 0.892926 0.492659 -0.33298 0.803997 0.598148 -0.404277 0.691939 0.686428 -0.463945 0.559975 0.754962 -0.510265 0.411901 0.801776 -0.541906 0.251978 0.825525 -0.557957 0.0848059 0.825525 -0.557958 -0.0848059 0.801776 -0.541906 -0.251978 0.598148 -0.404277 -0.691939 -0.522418 0.0444644 -0.851529 -0.982065 0.0835861 -0.169001 -0.995974 0.0896393 -1.74846e-07 -0.859177 0.388372 0.33314 -0.963963 -0.266037 -1.74846e-07 -0.844845 0.21998 0.487695 -0.62349 -0.781831 -1.74846e-07 -0.0448648 -0.998993 -1.74846e-07 -0.125191 -0.977633 0.169001 -0.0896393 -0.995974 -1.74846e-07 -0.64461 -0.43568 0.62822 -0.602026 -0.272133 0.750672 0.410238 -0.185439 0.892926 0.541847 -0.24493 0.803997 0.657867 -0.297375 0.691939 0.754962 -0.341264 0.559975 0.830337 -0.375336 0.411901 0.881826 -0.398611 0.251978 0.907946 -0.410417 0.0848059 0.907946 -0.410417 -0.0848059 0.881826 -0.39861 -0.251978 0.657867 -0.297375 -0.691939 -0.371513 0.0316204 -0.927889 -0.658295 0.056029 -0.750672 -0.775233 0.0659819 -0.62822 -0.869869 0.074037 -0.487695 -0.912454 0.237584 -0.33314 -0.859177 0.388372 -0.33314 -0.995974 -0.0896394 -1.74846e-07 -0.912454 0.237584 0.33314 -0.898121 -0.405977 0.169001 -0.900969 -0.433884 -1.74846e-07 -0.869869 0.0740368 0.487695 -0.222521 -0.974928 -1.74846e-07 -0.178557 -0.98393 -1.74846e-07 0.0896394 -0.995974 -1.74846e-07 0.134233 -0.99095 -1.74846e-07 0.0418306 -0.984728 0.169001 0.283374 -0.0737849 0.956167 0.435677 -0.113441 0.892926 0.575446 -0.149834 0.803997 0.698661 -0.181917 0.691939 0.801776 -0.208766 0.559975 0.881826 -0.22961 0.411901 0.936507 -0.243847 0.251978 0.964247 -0.25107 0.0848059 0.964247 -0.25107 -0.0848059 0.936507 -0.243847 -0.251978 0.698661 -0.181917 -0.691939 0.575446 -0.149834 -0.803997 0.283374 0.0737849 -0.956167 -0.522418 -0.0444643 -0.851529 -0.371513 -0.0316204 -0.927889 -0.658295 -0.0560291 -0.750672 -0.775233 -0.065982 -0.62822 -0.708968 -0.320474 -0.62822 -0.795515 -0.359596 -0.487695 -0.844845 -0.21998 -0.487695 -0.953813 -0.248354 -0.169001 -0.982065 -0.0835863 -0.169001 -0.974928 -0.222521 -1.74846e-07 -0.939481 0.0799616 0.33314 -0.869869 -0.0740367 0.487695 -0.775233 -0.0659822 0.62822 -0.658295 -0.0560293 0.750672 1.19249e-08 -1 -1.74846e-07 0.207649 -0.963494 0.169001 0.266037 -0.963963 -1.74846e-07 0.309017 -0.951056 -1.74846e-07 0.12656 -0.0107719 0.9919 0.291768 -0.0248331 0.956167 0.448582 -0.0381799 0.892926 0.592491 -0.0504284 0.803997 0.719355 -0.0612262 0.691939 0.825525 -0.0702625 0.559975 0.907946 -0.0772776 0.411901 0.964247 -0.0820695 0.251978 0.992808 -0.0845004 0.0848059 0.992808 -0.0845004 -0.0848059 0.964247 -0.0820695 -0.251978 0.719355 -0.0612262 -0.691939 0.592491 -0.0504286 -0.803997 -0.64461 -0.435681 -0.62822 -0.20992 -0.0178668 -0.977555 -0.507389 -0.132114 -0.851529 -0.639357 -0.166475 -0.750672 -0.752931 -0.196048 -0.62822 -0.898121 -0.405976 -0.169001 -0.912454 -0.237584 -0.33314 -0.939481 -0.0799618 -0.33314 -0.869869 -0.0740369 -0.487695 -0.939481 0.0799618 -0.33314 -0.919528 -0.393025 -1.74846e-07 -0.939481 -0.0799615 0.33314 -0.844845 -0.21998 0.487695 -0.639357 -0.166476 0.750672 -0.507389 -0.132114 0.851529 0.12656 0.0107718 0.9919 0.291768 0.0248331 0.956167 0.448582 0.0381799 0.892926 0.592491 0.0504284 0.803997 0.719355 0.0612263 0.691939 0.825525 0.0702627 0.559975 0.907946 0.0772777 0.411901 0.964247 0.0820694 0.251978 0.992808 0.0845004 0.0848059 0.992808 0.0845004 -0.0848059 0.964247 0.0820694 -0.251978 0.907946 0.0772775 -0.411901 0.825525 0.0702625 -0.559975 0.719355 0.0612261 -0.691939 0.592491 0.0504285 -0.803997 0.448582 0.03818 -0.892926 0.266828 0.120614 -0.956167 -0.816592 -0.55192 -0.169001 -0.834573 -0.550897 -1.74846e-07 -0.912454 -0.237584 0.33314 0.122919 0.0320057 0.9919 0.283374 0.0737849 0.956167 0.435677 0.113441 0.892926 0.575446 0.149834 0.803997 0.698661 0.181917 0.691939 0.801776 0.208766 0.559975 0.881826 0.22961 0.411901 0.936507 0.243848 0.251978 0.964247 0.25107 0.0848059 0.964247 0.25107 -0.0848059 0.936507 0.243847 -0.251978 0.881826 0.22961 -0.411901 0.801776 0.208766 -0.559975 0.698661 0.181917 -0.691939 0.575446 0.149834 -0.803997 0.435677 0.113442 -0.892926 -0.360826 -0.0939516 -0.927889 0.242606 0.163973 -0.956167 -0.711571 -0.681986 -0.169001 -0.722795 -0.691063 -1.74846e-07 -0.859177 -0.388372 0.33314 -0.433884 -0.900969 -1.74846e-07 -0.723301 -0.488866 0.487695 0.178557 -0.98393 -1.74846e-07 -0.0386735 -0.0174815 0.999099 0.115742 0.0523188 0.9919 0.266829 0.120614 0.956167 0.410238 0.185439 0.892926 0.541847 0.24493 0.803997 0.657867 0.297375 0.691939 0.754962 0.341264 0.559975 0.830337 0.375336 0.411901 0.881826 0.398611 0.251978 0.907946 0.410417 0.0848059 0.907946 0.410417 -0.0848059 0.881826 0.39861 -0.251978 0.830337 0.375336 -0.411901 0.754962 0.341264 -0.559975 0.657867 0.297375 -0.691939 0.541847 0.24493 -0.803997 0.410239 0.185439 -0.892926 0.174122 0.235429 -0.956167 -0.476978 -0.457147 -0.750672 -0.561708 -0.538353 -0.62822 -0.393034 -0.779537 -0.487695 -0.519123 -0.701901 -0.487695 -0.350275 -0.694728 -0.62822 -0.723301 -0.488866 -0.487695 -0.859177 -0.388372 -0.33314 -0.587785 -0.809017 -1.74846e-07 -0.781183 -0.527988 0.33314 -0.288611 -0.942413 0.169001 -0.266037 -0.963963 -1.74846e-07 -0.630278 -0.604072 0.487695 0.105235 0.0711267 0.9919 0.242607 0.163973 0.956167 0.372998 0.252103 0.892926 0.492659 0.33298 0.803997 0.598148 0.404277 0.691939 0.686428 0.463944 0.559975 0.754962 0.510265 0.411901 0.801776 0.541906 0.251978 0.825525 0.557957 0.0848059 0.825525 0.557958 -0.0848059 0.801776 0.541906 -0.251978 0.754962 0.510265 -0.411901 0.686428 0.463945 -0.559975 0.598148 0.404277 -0.691939 0.492659 0.33298 -0.803997 0.372998 0.252103 -0.892926 -0.462646 -0.625539 -0.62822 -0.255638 -0.834747 -0.487695 -0.443728 -0.880082 -0.169001 -0.58608 -0.792432 -0.169001 -0.560666 -0.758071 -0.33314 -0.630278 -0.604072 -0.487695 -0.781183 -0.527987 -0.33314 -0.473869 -0.880595 -1.74846e-07 -0.680716 -0.652414 0.33314 -0.519123 -0.701901 0.487695 -0.462646 -0.625538 0.62822 -0.0306406 -0.0293666 0.999099 0.0917012 0.0878885 0.9919 0.211405 0.202616 0.956167 0.325027 0.311513 0.892926 0.429299 0.41145 0.803997 0.521221 0.499549 0.691939 0.598148 0.573278 0.559975 0.657867 0.630514 0.411901 0.698661 0.669612 0.251978 0.719355 0.689446 0.0848059 0.719355 0.689446 -0.0848059 0.698661 0.669612 -0.251978 0.657867 0.630514 -0.411901 0.598148 0.573278 -0.559975 0.521221 0.49955 -0.691939 0.429299 0.41145 -0.803997 0.325027 0.311513 -0.892926 0.183926 -0.85342 -0.487695 -0.0306407 -0.0293667 -0.999099 -0.288611 -0.942413 -0.169001 -0.424487 -0.84192 -0.33314 -0.680716 -0.652414 -0.33314 -0.309017 -0.951056 -1.74846e-07 -0.560666 -0.758071 0.33314 -0.393034 -0.779537 0.487695 -0.125277 -0.169386 0.977555 -0.0252368 -0.0341225 0.999099 0.0755289 0.102122 0.9919 0.174122 0.235429 0.956167 0.267706 0.361962 0.892926 0.353589 0.478083 0.803997 0.429299 0.580451 0.691939 0.492659 0.666119 0.559975 0.541847 0.732625 0.411901 0.575446 0.778055 0.251978 0.592491 0.801101 0.0848059 0.592491 0.801101 -0.0848059 0.575446 0.778054 -0.251978 0.541847 0.732625 -0.411901 0.492659 0.666119 -0.559975 0.429299 0.580451 -0.691939 0.353589 0.478083 -0.803997 0.267706 0.361962 -0.892926 -0.025237 -0.0341226 -0.999099 -0.125191 -0.977633 -0.169001 -0.134233 -0.99095 -1.74846e-07 -0.424487 -0.84192 0.33314 -0.255639 -0.834747 0.487695 -0.167861 -0.332933 0.927889 -0.0948486 -0.188121 0.977555 -0.0191071 -0.0378967 0.999099 0.0571838 0.113417 0.9919 0.13183 0.261469 0.956167 0.202683 0.401998 0.892926 0.267706 0.530963 0.803997 0.325028 0.644653 0.691939 0.372998 0.739798 0.559975 0.410239 0.813659 0.411901 0.435677 0.864114 0.251978 0.448582 0.889709 0.0848059 0.448582 0.889709 -0.0848059 0.435677 0.864114 -0.251978 0.410238 0.81366 -0.411901 0.372998 0.739798 -0.559975 0.325028 0.644653 -0.691939 0.267706 0.530963 -0.803997 0.202684 0.401998 -0.892926 -0.0948485 -0.188121 -0.977555 -0.110888 -0.865943 -0.487695 -0.276096 -0.901548 -0.33314 0.0448649 -0.998993 -1.74846e-07 -0.276096 -0.901548 0.33314 0.367493 -0.914542 0.169001 0.393025 -0.919528 -1.74846e-07 -0.110888 -0.865943 0.487695 -0.109181 -0.356513 0.927889 -0.0616917 -0.201445 0.977555 -0.0124277 -0.0405807 0.999099 0.0371937 0.12145 0.9919 0.0857452 0.279987 0.956167 0.13183 0.43047 0.892926 0.174122 0.568568 0.803997 0.211405 0.69031 0.691939 0.242606 0.792193 0.559975 0.266829 0.871286 0.411901 0.283374 0.925314 0.251978 0.291768 0.952722 0.0848059 0.291768 0.952722 -0.0848059 0.283374 0.925314 -0.251978 0.266829 0.871286 -0.411901 0.242607 0.792193 -0.559975 0.211405 0.69031 -0.691939 0.174122 0.568568 -0.803997 0.13183 0.43047 -0.892926 0.0857452 0.279987 -0.956167 -0.0124278 -0.0405809 -0.999099 0.0418306 -0.984728 -0.169001 0.222521 -0.974928 -1.74846e-07 -0.119762 -0.935241 0.33314 -0.0665963 -0.520061 0.851529 -0.0473594 -0.369837 0.927889 -0.02676 -0.208973 0.977555 -0.00539078 -0.0420973 0.999099 0.0161335 0.125989 0.9919 0.0371937 0.290451 0.956167 0.0571838 0.446557 0.892926 0.0755289 0.589817 0.803997 0.0917012 0.716109 0.691939 0.105235 0.821799 0.559975 0.115742 0.903848 0.411901 0.122919 0.959895 0.251978 0.12656 0.988327 0.0848059 0.126561 0.988327 -0.0848059 0.122919 0.959895 -0.251978 0.115742 0.903848 -0.411901 0.105235 0.821799 -0.559975 0.0917012 0.716109 -0.691939 0.0755289 0.589817 -0.803997 0.0571839 0.446557 -0.892926 0.0371937 0.290451 -0.956167 0.0161335 0.125989 -0.9919 -0.00539079 -0.0420975 -0.999099 -0.0267601 -0.208973 -0.977555 0.367493 -0.914542 -0.169001 0.207649 -0.963494 -0.169001 0.198645 -0.921715 -0.33314 0.0400167 -0.942028 -0.33314 0.0370516 -0.872227 -0.487695 -0.119762 -0.935241 -0.33314 0.351375 -0.936235 -1.74846e-07 0.0400167 -0.942028 0.33314 0.0222521 -0.523835 0.851529 0.0158244 -0.372521 0.927889 0.00894155 -0.210489 0.977555 0.00180126 -0.0424028 0.999099 -0.00539082 0.126903 0.9919 -0.0124277 0.292559 0.956167 -0.0191071 0.449798 0.892926 -0.0252368 0.594097 0.803997 -0.0306406 0.721306 0.691939 -0.0351628 0.827763 0.559975 -0.0386735 0.910407 0.411901 -0.0410716 0.966861 0.251978 -0.0422886 0.9955 0.0848059 -0.0422886 0.9955 -0.0848059 -0.041072 0.966861 -0.251978 -0.0386735 0.910407 -0.411901 -0.0351628 0.827763 -0.559975 -0.0306406 0.721306 -0.691939 -0.0252368 0.594097 -0.803997 -0.0191071 0.449798 -0.892926 -0.0124277 0.292559 -0.956167 -0.00539077 0.126903 -0.9919 0.00180127 -0.042403 -0.999099 0.00894154 -0.210489 -0.977555 0.0158246 -0.372521 -0.927889 0.198645 -0.921715 0.33314 0.110461 -0.512539 0.851529 0.0785532 -0.364488 0.927889 0.0443858 -0.205951 0.977555 0.00894145 -0.0414884 0.999099 -0.02676 0.124167 0.9919 -0.0616917 0.286251 0.956167 -0.0948486 0.440099 0.892926 -0.125277 0.581287 0.803997 -0.152101 0.705752 0.691939 -0.17455 0.809914 0.559975 -0.191977 0.890776 0.411901 -0.203881 0.946012 0.251978 -0.20992 0.974034 0.0848059 -0.20992 0.974034 -0.0848059 -0.203881 0.946012 -0.251978 -0.191977 0.890776 -0.411901 -0.17455 0.809914 -0.559975 -0.152101 0.705752 -0.691939 -0.125277 0.581287 -0.803997 -0.0948486 0.440099 -0.892926 -0.0616917 0.28625 -0.956167 -0.02676 0.124167 -0.9919 0.00894148 -0.0414886 -0.999099 0.0443857 -0.20595 -0.977555 0.0785531 -0.364488 -0.927889 0.351558 -0.874885 0.33314 0.195491 -0.486499 0.851529 0.139022 -0.34597 0.927889 0.0785531 -0.195487 0.977555 0.0158244 -0.0393806 0.999099 -0.0473593 0.117858 0.9919 -0.109181 0.271707 0.956167 -0.167861 0.417739 0.892926 -0.221713 0.551754 0.803997 -0.269186 0.669895 0.691939 -0.308915 0.768765 0.559975 -0.339758 0.845519 0.411901 -0.360825 0.897949 0.251978 -0.371513 0.924546 0.0848059 -0.371513 0.924546 -0.0848059 -0.360825 0.897949 -0.251978 -0.339758 0.845519 -0.411901 -0.308915 0.768765 -0.559975 -0.269186 0.669895 -0.691939 -0.221713 0.551754 -0.803997 -0.167861 0.417739 -0.892926 -0.109181 0.271707 -0.956167 -0.0473594 0.117859 -0.9919 0.0158245 -0.0393807 -0.999099 0.078553 -0.195487 -0.977555 0.139022 -0.345969 -0.927889 0.351558 -0.874886 -0.33314 0.781831 -0.62349 -1.74846e-07 0.494357 -0.802888 0.33314 0.274898 -0.446463 0.851529 0.195491 -0.317498 0.927889 0.110461 -0.1794 0.977555 0.0222521 -0.0361398 0.999099 -0.0665963 0.108159 0.9919 -0.153529 0.249347 0.956167 -0.236045 0.383361 0.892926 -0.31177 0.506347 0.803997 -0.378527 0.614767 0.691939 -0.434394 0.7055 0.559975 -0.477764 0.775938 0.411901 -0.507389 0.824053 0.251978 -0.522418 0.848462 0.0848059 -0.522418 0.848462 -0.0848059 -0.507389 0.824053 -0.251978 -0.477764 0.775938 -0.411901 -0.434394 0.7055 -0.559975 -0.378527 0.614767 -0.691939 -0.31177 0.506347 -0.803997 -0.236045 0.383362 -0.892926 -0.153529 0.249347 -0.956167 -0.0665964 0.108159 -0.9919 0.0222522 -0.0361399 -0.999099 0.110461 -0.179399 -0.977555 0.195491 -0.317498 -0.927889 0.494357 -0.802888 -0.33314 0.858449 -0.512899 -1.74846e-07 0.622935 -0.707792 0.33314 0.514029 -0.58405 0.62822 0.436491 -0.49595 0.750672 0.346397 -0.393583 0.851529 0.246337 -0.279893 0.927889 0.139191 -0.158151 0.977555 0.0280397 -0.0318593 0.999099 -0.0839174 0.0953487 0.9919 -0.193461 0.219814 0.956167 -0.297438 0.337955 0.892926 -0.392859 0.446375 0.803997 -0.476978 0.541952 0.691939 -0.547375 0.621939 0.559975 -0.602026 0.684034 0.411901 -0.639357 0.72645 0.251978 -0.658295 0.747968 0.0848059 -0.658295 0.747968 -0.0848059 -0.639357 0.72645 -0.251978 -0.602026 0.684034 -0.411901 -0.547375 0.621939 -0.559975 -0.476978 0.541953 -0.691939 -0.392859 0.446375 -0.803997 -0.297438 0.337955 -0.892926 -0.193461 0.219814 -0.956167 -0.0839175 0.0953488 -0.9919 0.0280398 -0.0318594 -0.999099 0.13919 -0.158151 -0.977555 0.246337 -0.279893 -0.927889 0.823145 -0.459837 -0.33314 0.60534 -0.488777 -0.62822 0.679236 -0.548445 0.487695 0.733593 -0.592334 0.33314 0.60534 -0.488777 0.62822 0.514029 -0.415049 0.750672 0.40793 -0.32938 0.851529 0.290096 -0.234236 0.927889 0.163916 -0.132353 0.977555 0.0330206 -0.0266623 0.999099 -0.0988243 0.0797951 0.9919 -0.227827 0.183957 0.956167 -0.350275 0.282827 0.892926 -0.462646 0.37356 0.803997 -0.561708 0.453547 0.691939 -0.64461 0.520486 0.559975 -0.708968 0.572452 0.411901 -0.752931 0.607949 0.251978 -0.775233 0.625957 0.0848059 -0.775233 0.625957 -0.0848059 -0.752931 0.607949 -0.251978 -0.708968 0.572452 -0.411901 -0.64461 0.520486 -0.559975 -0.561708 0.453547 -0.691939 -0.462646 0.37356 -0.803997 -0.350275 0.282827 -0.892926 -0.227826 0.183957 -0.956167 -0.0988244 0.0797952 -0.9919 0.0330208 -0.0266624 -0.999099 0.163916 -0.132353 -0.977555 0.290096 -0.234236 -0.927889 0.40793 -0.32938 -0.851529 0.514028 -0.415049 -0.750672 0.823145 -0.459836 0.33314 0.576778 -0.322208 0.750672 0.457728 -0.255702 0.851529 0.325509 -0.18184 0.927889 0.183926 -0.102747 0.977555 0.0370516 -0.0206983 0.999099 -0.110888 0.0619459 0.9919 -0.255639 0.142808 0.956167 -0.393034 0.219562 0.892926 -0.519123 0.29 0.803997 -0.630278 0.352094 0.691939 -0.723301 0.40406 0.559975 -0.795515 0.444401 0.411901 -0.844845 0.471958 0.251978 -0.869869 0.485938 0.0848059 -0.869869 0.485938 -0.0848059 -0.844845 0.471958 -0.251978 -0.795515 0.444402 -0.411901 -0.723301 0.40406 -0.559975 -0.630278 0.352094 -0.691939 -0.519123 0.29 -0.803997 -0.393034 0.219562 -0.892926 -0.255638 0.142808 -0.956167 -0.110888 0.061946 -0.9919 0.0370518 -0.0206984 -0.999099 0.183926 -0.102747 -0.977555 0.325509 -0.18184 -0.927889 0.457727 -0.255702 -0.851529 0.576778 -0.322208 -0.750672 0.733592 -0.259195 0.62822 0.622935 -0.220097 0.750672 0.494357 -0.174667 0.851529 0.351558 -0.124213 0.927889 0.198645 -0.0701856 0.977555 0.0400167 -0.0141388 0.999099 -0.119762 0.0423147 0.9919 -0.276096 0.097551 0.956167 -0.424487 0.149981 0.892926 -0.560666 0.198096 0.803997 -0.680716 0.240512 0.691939 -0.781183 0.27601 0.559975 -0.859177 0.303566 0.411901 -0.912454 0.32239 0.251978 -0.939481 0.331939 0.0848059 -0.939481 0.331939 -0.0848059 -0.912453 0.322391 -0.251978 -0.859177 0.303567 -0.411901 -0.781183 0.27601 -0.559975 -0.680716 0.240512 -0.691939 -0.560666 0.198096 -0.803997 -0.424487 0.149981 -0.892926 -0.276096 0.0975508 -0.956167 -0.119762 0.0423147 -0.9919 0.0400169 -0.0141388 -0.999099 0.198645 -0.0701855 -0.977555 0.351558 -0.124213 -0.927889 0.494357 -0.174668 -0.851529 0.622935 -0.220097 -0.750672 0.929315 -0.159347 -0.33314 0.860457 -0.14754 -0.487695 0.860457 -0.14754 0.487695 0.766844 -0.131489 0.62822 0.651172 -0.111655 0.750672 0.516766 -0.0886084 0.851529 0.367493 -0.0630131 0.927889 0.207649 -0.035605 0.977555 0.0418306 -0.00717257 0.999099 -0.125191 0.0214661 0.9919 -0.288611 0.0494873 0.956167 -0.443728 0.0760848 0.892926 -0.58608 0.100494 0.803997 -0.711571 0.122011 0.691939 -0.816592 0.140019 0.559975 -0.898121 0.153998 0.411901 -0.953813 0.163548 0.251978 -0.982065 0.168392 0.0848059 -0.982065 0.168392 -0.0848059 -0.953813 0.163548 -0.251978 -0.898121 0.153998 -0.411901 -0.816592 0.140019 -0.559975 -0.711572 0.122011 -0.691939 -0.58608 0.100493 -0.803997 -0.443728 0.0760848 -0.892926 -0.288611 0.0494873 -0.956167 -0.125191 0.0214661 -0.9919 0.0418307 -0.0071726 -0.999099 0.207649 -0.035605 -0.977555 0.367493 -0.0630131 -0.927889 0.516765 -0.0886083 -0.851529 0.651172 -0.111655 -0.750672 0.766845 -0.131489 -0.62822</float_array>
          <technique_common>
            <accessor count="1472" source="#ID8" stride="3">
              <param name="X" type="float"/>
              <param name="Y" type="float"/>
              <param name="Z" type="float"/>
            </accessor>
          </technique_common>
        </source>
        <vertices id="ID9">
          <input semantic="POSITION" source="#ID5"/>
          <input semantic="NORMAL" source="#ID7"/>
        </vertices>
        <triangles count="2944" material="ID10">
          <input offset="0" semantic="VERTEX" source="#ID9"/>
          <p>0 1 2 3 0 4 4 0 2 5 6 7 8 3 9 10 11 6 12 5 13 14 3 15 10 16 17 9 14 18 16 19 20 21 22 23 24 14 15 14 24 25 26 27 28 29 28 27 30 31 22 32 33 34 35 30 28 36 37 32 38 39 25 26 40 27 41 34 33 34 42 43 44 26 43 25 24 38 33 32 45 46 36 39 47 48 36 37 36 49 37 50 32 51 52 36 47 53 54 52 49 36 48 51 36 55 45 32 47 54 48 15 3 4 12 56 57 58 59 60 0 61 1 2 1 62 63 64 65 62 1 66 67 68 58 69 70 71 72 66 1 73 62 66 74 75 76 71 77 78 73 66 79 69 78 80 66 81 79 79 82 83 83 73 79 78 84 85 81 80 86 83 82 87 88 82 86 87 82 89 85 90 80 85 91 92 93 88 90 88 94 89 87 89 95 96 95 89 93 92 97 96 98 95 99 94 93 96 94 100 101 102 103 100 99 104 105 98 96 106 107 108 105 109 98 110 104 106 105 100 111 112 109 113 105 113 109 110 108 114 104 115 111 116 112 113 117 116 113 116 118 112 115 110 119 120 116 121 121 117 122 122 123 124 120 118 116 125 126 123 127 128 129 124 126 130 131 128 132 133 134 125 135 134 136 131 137 138 139 140 141 142 143 144 145 138 146 141 147 148 149 147 150 151 140 142 152 153 150 154 155 153 152 147 140 156 157 158 154 152 151 159 160 154 161 162 163 164 159 165 165 157 166 167 168 169 159 151 144 166 170 167 166 169 164 163 170 156 162 171 172 173 174 175 167 175 174 175 163 172 176 177 178 179 173 172 179 171 180 181 182 183 184 185 179 186 184 187 148 149 138 181 188 187 189 190 191 184 180 181 192 193 194 183 195 188 196 189 197 198 199 200 188 201 193 195 202 201 145 136 133 202 203 204 205 196 206 205 207 208 209 210 203 211 212 213 209 200 214 215 148 137 212 216 209 217 218 219 211 219 216 220 217 221 222 208 223 211 224 217 134 225 126 226 227 228 190 189 196 130 225 229 230 231 232 227 220 233 233 234 227 196 205 208 235 232 231 235 236 237 238 239 130 222 232 208 232 235 237 121 124 239 240 241 237 46 242 47 243 244 245 239 246 120 247 248 249 248 247 250 242 251 248 47 248 252 250 252 248 252 253 47 134 133 136 53 47 253 254 255 256 257 258 259 260 261 262 260 263 264 265 266 267 268 269 270 271 272 273 274 275 276 277 278 273 279 280 281 282 283 284 285 286 287 288 284 283 289 290 291 292 293 294 295 296 297 298 299 289 300 301 302 302 303 304 305 306 197 307 305 308 309 294 293 307 310 222 311 312 313 314 315 316 235 231 317 317 236 235 317 310 318 247 249 319 319 241 317 231 310 317 241 319 249 319 250 247 250 319 252 311 320 314 252 321 253 205 305 307 321 53 253 299 304 290 322 323 324 284 325 326 295 297 327 325 328 329 330 331 329 279 332 272 291 333 283 334 328 335 287 336 337 338 339 340 341 342 343 342 344 340 341 281 345 271 346 280 347 348 349 350 351 352 353 265 347 354 347 355 356 357 271 265 358 355 359 360 361 263 362 360 363 364 365 366 367 368 369 354 370 371 358 372 373 366 261 374 375 376 377 378 379 374 380 381 382 383 384 257 384 385 367 373 386 384 259 387 382 387 388 389 390 256 391 392 393 394 395 396 397 398 399 400 392 401 402 403 404 405 404 406 136 145 398 407 408 409 410 411 412 405 413 407 414 415 416 417 408 418 419 420 411 419 410 421 246 238 422 423 424 414 425 118 120 120 246 425 426 422 417 427 419 428 246 429 425 422 430 429 426 418 431 421 432 428 246 422 429 433 434 435 124 121 122 426 436 430 430 422 426 437 438 400 439 440 441 436 431 442 116 117 121 443 444 445 433 446 441 447 448 433 431 439 442 443 449 450 442 439 451 452 444 453 451 439 446 446 454 451 455 456 447 443 457 453 448 454 446 456 458 448 459 455 460 457 450 461 448 458 454 456 459 462 433 441 434 463 464 461 458 456 462 465 466 457 467 468 469 459 468 470 441 446 439 465 461 471 472 473 467 466 474 473 468 475 470 444 443 453 468 467 475 476 474 465 475 467 477 473 477 467 478 464 479 452 453 472 480 477 473 473 474 480 481 482 479 481 483 484 474 485 480 486 478 482 469 472 467 479 487 481 485 476 488 482 484 489 488 476 490 490 491 488 492 44 43 478 479 482 486 491 490 489 493 486 33 494 41 494 33 45 486 493 491 495 496 483 486 490 478 497 498 489 499 500 501 499 37 500 502 498 497 484 496 497 37 49 500 321 503 500 503 321 502 321 500 48 51 48 500 53 321 54 321 48 54 46 47 36 55 32 50 504 26 44 46 39 38 505 39 32 26 34 43 25 505 18 9 506 507 14 25 18 8 507 59 14 9 3 72 61 70 0 3 8 72 69 81 0 8 61 508 509 510 61 72 1 511 512 513 81 66 72 103 513 514 79 81 86 515 107 101 86 82 79 108 515 516 89 82 88 516 127 114 96 89 94 407 440 418 100 105 96 124 123 126 105 111 113 441 413 434 111 117 113 517 518 432 435 519 447 431 436 426 120 121 239 455 519 520 239 238 246 521 460 520 422 238 417 522 435 434 418 426 417 469 452 472 440 439 431 472 453 466 443 445 449 459 470 462 446 433 448 487 479 523 456 448 447 487 524 481 455 459 456 483 524 525 460 469 468 478 490 471 526 527 495 474 476 485 472 466 473 504 44 492 474 466 465 492 43 494 490 476 471 497 496 503 45 499 494 493 489 498 489 486 482 37 499 50 49 52 500 502 497 503 503 501 500 51 500 52 39 36 32 42 34 41 528 35 28 39 505 25 529 505 34 530 531 19 18 529 506 532 60 507 9 18 506 16 10 6 9 507 8 533 534 74 59 61 8 535 536 537 61 59 70 510 538 539 70 69 72 512 540 514 81 69 80 106 99 97 86 80 90 515 541 542 90 88 86 516 542 543 93 94 88 114 129 119 99 100 94 417 238 229 100 104 111 125 134 126 115 117 111 434 406 522 122 117 115 435 522 544 544 545 519 440 431 418 124 130 239 520 545 546 238 130 229 547 521 546 417 229 408 438 544 522 418 408 407 450 548 463 413 441 440 463 549 523 449 550 551 460 468 459 433 435 447 552 487 553 455 447 519 552 554 524 520 460 455 525 554 555 469 521 452 556 557 558 30 559 560 465 471 476 453 457 466 35 528 559 465 457 461 559 27 492 464 478 471 496 495 501 526 495 525 489 484 497 484 482 481 499 527 494 45 55 499 503 496 501 501 527 499 50 499 55 505 32 34 40 26 504 561 23 22 505 529 18 26 562 529 30 22 28 562 532 506 563 67 60 507 506 532 6 5 12 507 60 59 564 537 76 58 70 59 565 566 567 70 58 71 568 569 570 78 69 71 571 107 97 85 80 78 541 103 572 90 85 92 542 573 574 92 93 90 543 574 575 97 99 93 575 137 132 106 104 99 408 229 576 110 115 104 577 376 375 115 119 122 522 403 438 122 119 123 544 438 437 545 437 578 413 440 407 130 126 225 546 578 424 576 229 225 579 547 424 576 409 408 419 411 410 407 409 405 580 581 582 406 434 413 580 583 584 585 586 587 521 469 460 435 544 519 588 552 589 520 519 545 588 590 554 546 521 520 555 590 591 452 547 444 581 590 588 592 21 560 461 464 471 450 457 443 559 593 560 450 463 461 524 487 552 523 479 464 594 559 492 555 595 526 484 483 496 524 483 481 494 596 492 43 42 494 501 495 527 527 596 494 42 41 494 26 529 34 528 28 29 597 530 21 529 562 506 598 562 28 21 530 22 598 563 532 599 600 67 60 532 563 68 600 601 60 67 58 84 77 602 68 71 58 84 603 91 68 77 71 571 91 102 77 84 78 604 572 514 91 85 84 573 572 605 92 91 571 574 606 607 92 571 97 215 575 607 107 106 97 576 225 135 106 108 110 409 576 608 110 114 119 405 409 609 129 123 119 438 610 400 129 125 123 437 400 611 578 611 414 406 413 405 135 225 134 421 612 517 135 608 576 579 423 613 409 608 609 611 400 401 405 609 404 445 550 449 403 522 406 449 551 548 548 614 549 547 452 521 545 544 437 553 549 615 546 545 578 427 551 616 424 547 546 591 584 556 444 579 445 581 580 584 20 19 617 463 523 464 449 548 450 597 21 592 548 549 463 554 552 588 487 523 553 526 595 596 591 558 595 483 525 495 525 524 554 27 559 29 27 40 492 527 526 596 596 594 492 40 504 492 28 562 26 561 22 31 618 16 20 562 598 532 619 598 22 16 530 19 619 599 563 620 621 600 67 563 599 601 621 508 67 600 68 603 602 511 77 68 601 603 513 102 77 601 602 540 622 604 602 603 84 623 605 604 102 91 603 606 605 624 571 102 101 127 543 132 101 107 571 215 625 141 107 515 108 608 135 626 516 114 108 609 608 627 127 129 114 404 609 628 125 129 128 254 401 391 125 128 133 611 401 415 629 612 410 403 406 404 135 136 626 423 416 630 608 626 627 631 613 630 628 609 627 415 401 254 404 628 402 550 616 551 610 438 403 551 427 614 614 428 615 579 444 547 578 437 611 589 615 432 414 424 578 419 427 420 423 579 424 518 581 588 445 613 550 580 632 583 11 10 633 549 553 523 551 614 548 618 20 617 549 614 615 617 19 592 552 553 589 595 558 594 21 23 560 525 555 526 555 554 590 30 560 31 30 35 559 596 595 594 594 593 559 29 559 528 598 28 22 531 530 597 634 6 11 598 619 563 635 619 530 63 65 636 599 635 620 637 509 621 620 600 599 638 565 536 600 621 601 639 640 641 508 602 601 642 643 644 602 508 511 645 646 647 511 513 603 648 649 650 103 102 513 651 650 652 101 103 541 139 625 653 541 515 101 626 136 398 515 542 516 627 626 397 516 543 127 628 627 654 127 132 128 402 628 655 133 128 131 610 402 656 145 133 131 415 254 390 390 657 416 610 403 402 398 397 626 630 657 658 397 654 627 659 631 658 628 654 655 256 390 254 656 402 655 616 420 427 400 610 392 517 660 582 410 412 629 613 445 579 611 415 414 632 580 661 423 414 416 632 662 583 630 613 423 663 662 664 631 616 550 665 666 667 590 581 584 615 589 553 427 428 614 634 11 633 615 428 432 633 10 617 518 588 589 558 557 593 587 557 663 555 591 595 591 590 584 560 668 592 23 561 560 594 558 593 593 668 560 31 560 561 619 22 530 17 16 618 669 56 12 619 635 599 670 635 16 671 672 533 620 670 637 673 538 509 621 620 637 74 76 537 621 509 508 569 674 643 510 511 508 675 676 677 511 510 512 647 678 679 512 514 513 649 680 652 572 103 514 651 653 681 541 572 573 139 682 142 541 573 542 146 399 398 574 543 542 399 683 397 575 132 543 683 684 654 131 132 137 684 685 655 145 131 138 685 393 656 398 145 146 577 375 389 389 686 657 392 610 656 683 654 397 658 686 687 684 655 654 395 659 687 685 656 655 577 389 256 393 392 656 688 689 690 391 401 392 691 692 693 629 694 695 631 550 613 415 390 416 696 632 697 630 416 657 696 698 662 658 631 630 664 698 699 616 659 420 700 701 665 702 57 703 432 518 589 421 428 419 663 556 583 432 421 517 703 5 633 582 581 518 557 587 668 585 587 664 591 556 558 556 584 583 592 586 617 19 531 592 593 557 668 668 586 592 531 597 592 635 530 16 7 6 634 57 704 65 635 670 620 6 705 670 57 65 12 705 673 637 706 707 538 509 637 673 539 707 708 509 538 510 709 676 642 539 512 510 710 711 712 512 539 540 713 714 715 604 514 540 716 625 607 605 572 604 682 651 717 605 606 573 718 146 149 574 573 606 719 399 718 574 607 575 720 683 719 215 137 575 721 684 720 148 138 137 722 685 721 146 138 149 723 393 722 399 146 718 255 391 723 399 719 683 686 375 381 683 720 684 687 381 396 684 721 685 690 258 724 393 685 722 384 383 385 391 393 723 693 688 725 255 254 391 693 692 726 612 727 660 659 616 631 390 389 657 660 728 661 658 657 686 689 729 698 687 659 658 699 729 667 420 395 411 688 729 689 64 63 730 517 582 518 612 421 410 703 731 702 612 660 517 662 632 696 661 580 582 732 703 633 699 666 585 556 663 557 662 663 583 617 733 633 10 17 617 668 587 586 586 733 617 17 618 617 6 670 16 669 12 13 734 671 64 670 705 637 735 705 12 64 671 65 735 706 673 736 737 707 538 673 706 708 737 738 538 707 539 623 622 739 708 540 539 623 740 624 708 622 540 716 624 681 622 623 604 741 717 652 624 605 623 143 717 742 606 624 716 743 718 150 606 716 607 744 719 743 215 607 625 745 720 744 148 215 141 746 721 745 149 148 147 747 722 746 718 149 150 748 723 747 719 718 743 749 255 748 720 719 744 749 577 256 745 721 720 396 380 386 746 722 721 394 386 750 747 723 722 751 374 376 748 255 723 412 694 629 255 749 256 629 695 727 727 752 728 395 420 659 686 389 375 697 728 753 687 686 381 387 695 388 396 395 687 667 726 700 411 394 412 688 693 726 534 533 754 660 661 582 629 727 612 734 64 730 727 728 660 698 696 689 632 661 697 585 666 733 57 56 703 663 664 587 664 662 698 5 703 13 5 7 633 586 585 733 633 733 732 7 634 633 705 6 12 636 65 704 755 74 534 705 735 673 756 735 65 74 671 533 706 756 736 737 757 758 707 706 736 738 758 645 707 737 708 740 739 648 622 708 738 740 650 681 622 738 739 759 760 761 739 740 623 762 742 741 681 624 740 763 161 156 681 653 716 764 743 153 716 653 625 765 744 764 139 141 625 766 745 765 140 147 141 767 746 766 150 147 152 768 747 767 743 150 153 769 748 768 744 743 764 770 749 769 745 744 765 376 577 770 746 745 766 771 367 380 747 746 767 772 750 373 748 747 768 773 771 751 769 749 748 694 388 695 770 577 749 695 387 752 752 259 753 394 411 395 381 375 374 774 753 258 380 396 381 384 387 382 394 396 386 692 775 700 750 694 412 689 696 774 776 777 701 728 697 661 695 752 727 755 534 754 728 752 753 754 533 730 696 697 774 666 665 732 63 702 730 664 699 585 699 698 729 57 702 704 56 669 703 733 666 732 732 731 703 13 703 669 735 12 65 672 671 734 778 535 537 735 756 706 779 756 671 641 640 780 736 779 757 781 646 758 757 737 736 570 569 643 737 758 738 782 783 715 645 739 738 784 785 786 739 645 648 761 787 788 648 650 740 789 790 161 651 681 650 764 155 791 651 682 653 765 791 792 682 139 653 766 792 793 140 139 142 767 793 794 152 140 151 768 794 795 153 152 154 769 795 796 764 153 155 770 796 797 765 764 791 376 797 751 766 765 792 374 751 771 767 766 793 355 371 370 767 794 768 264 772 261 768 795 769 773 379 368 796 770 769 798 724 257 770 797 376 724 799 725 385 800 801 750 412 394 374 771 380 691 693 802 386 380 367 691 803 692 373 750 386 775 803 804 772 388 694 805 806 807 729 688 726 753 774 697 387 259 752 535 778 808 753 259 258 808 76 754 690 689 774 665 701 731 776 701 775 699 667 666 667 729 726 702 777 730 63 636 702 732 665 731 731 777 702 704 702 636 756 65 671 75 74 755 809 566 565 756 779 736 74 810 779 536 565 537 757 810 781 811 678 646 758 757 781 643 642 676 758 646 645 714 812 785 647 648 645 813 814 815 648 647 649 816 817 818 649 652 650 819 165 144 651 652 717 160 820 155 143 682 717 820 821 791 142 682 143 821 822 792 142 144 151 822 823 793 159 154 151 823 824 794 160 155 154 824 825 795 820 791 155 825 826 796 821 792 791 826 827 797 822 793 792 827 773 751 823 794 793 773 368 771 824 795 794 352 369 828 796 795 825 354 348 347 797 796 826 829 830 831 827 751 797 829 832 833 801 828 369 772 694 750 771 368 367 834 691 835 373 367 366 834 836 803 261 772 373 804 836 837 388 264 382 838 839 806 840 567 841 258 690 774 257 259 384 842 841 808 258 257 724 841 536 808 725 688 690 843 808 754 804 844 776 667 700 665 700 726 692 730 845 754 533 672 730 731 701 777 777 845 730 672 734 730 74 779 671 778 537 564 567 846 640 779 810 757 847 810 537 567 640 565 847 811 781 848 849 678 646 781 811 679 849 850 646 678 647 741 680 851 679 649 647 852 853 854 649 679 680 819 742 158 741 652 680 164 855 160 717 741 742 855 856 820 143 742 819 856 857 821 143 819 144 857 858 822 165 159 144 858 859 823 164 160 159 859 860 824 855 820 160 860 861 825 856 821 820 861 862 826 857 822 821 862 863 827 858 823 822 863 379 773 859 824 823 379 378 368 860 825 824 378 262 366 825 861 826 364 864 377 827 826 862 383 800 385 827 863 773 385 801 798 798 865 799 264 388 772 366 368 378 799 866 802 261 366 262 830 833 836 260 264 261 837 833 805 382 263 383 830 829 833 639 641 867 724 725 690 798 257 385 846 567 840 798 799 724 803 691 834 693 725 802 776 844 845 837 807 844 700 775 701 775 692 803 76 808 564 76 75 754 777 776 845 845 843 754 75 755 754 537 810 74 809 565 638 868 570 639 810 847 781 869 847 565 639 570 640 869 848 811 870 871 849 678 811 848 850 871 759 678 849 679 762 851 872 680 679 850 762 763 158 680 850 851 790 873 162 741 851 762 169 874 855 158 742 762 874 875 856 157 819 158 875 876 857 819 157 165 876 877 858 166 164 165 877 878 859 169 855 164 878 879 860 874 856 855 879 880 861 875 857 856 880 881 862 876 858 857 881 882 863 877 859 858 882 377 379 878 860 859 377 864 378 879 861 860 864 883 262 880 862 861 883 362 260 881 863 862 800 828 801 882 379 863 801 369 865 865 370 866 263 382 264 262 378 864 835 866 371 260 262 883 354 369 352 362 263 260 805 832 838 383 360 800 829 884 832 674 569 885 799 802 725 801 865 798 868 639 867 799 865 866 836 834 830 691 802 835 844 807 843 567 566 841 775 804 776 804 803 836 536 841 638 536 535 808 845 844 843 843 842 808 564 808 778 847 537 565 780 640 846 886 643 674 847 869 811 887 869 640 711 710 888 848 887 870 889 760 871 870 849 848 890 814 784 871 850 849 763 872 789 759 851 850 891 892 893 851 759 872 894 178 895 763 762 872 168 896 874 158 763 156 896 897 875 156 170 157 897 898 876 170 166 157 898 899 877 167 169 166 899 900 878 168 874 169 900 901 879 896 875 874 901 902 880 897 876 875 902 903 881 898 877 876 903 904 882 899 878 877 904 364 377 900 879 878 364 363 864 901 880 879 363 905 883 902 881 880 905 361 362 903 882 881 352 348 354 377 882 904 358 267 831 347 349 353 360 383 263 883 864 363 884 829 906 905 362 883 884 907 832 361 360 362 838 907 908 359 828 800 830 834 372 909 910 839 866 835 802 369 370 865 886 674 885 866 370 371 885 569 867 372 834 835 807 806 842 641 840 867 804 837 844 837 836 833 841 911 840 566 809 841 843 807 842 842 911 841 638 841 809 869 565 640 568 570 868 912 677 676 869 887 848 913 887 570 914 915 782 870 913 889 916 787 760 871 870 889 715 714 785 871 760 759 917 918 892 761 872 759 919 920 921 872 761 789 174 922 168 789 161 763 922 923 896 156 161 163 923 924 897 170 163 175 924 925 898 175 167 170 925 926 899 174 168 167 926 927 900 922 896 168 927 928 901 923 897 896 928 929 902 924 898 897 929 930 903 925 899 898 930 931 904 926 900 899 931 365 364 927 901 900 365 269 363 928 902 901 269 932 905 929 903 902 932 933 361 930 904 903 933 350 359 931 364 904 273 356 271 353 934 338 359 800 360 363 269 905 935 884 936 361 905 932 935 937 907 933 359 361 908 937 938 828 350 352 939 940 941 942 675 943 371 372 835 354 355 370 677 912 943 371 355 358 943 642 885 831 830 372 806 839 911 909 839 908 837 805 807 805 833 832 840 910 867 641 780 840 842 806 911 911 910 840 780 846 840 887 640 570 644 643 886 675 944 710 887 913 870 643 945 913 675 710 676 945 916 889 946 947 787 760 889 916 788 947 948 760 787 761 949 921 891 788 789 761 950 951 952 790 789 788 922 174 953 161 790 162 923 922 954 162 172 163 924 923 955 172 173 175 925 924 956 173 953 174 926 925 957 953 954 922 927 926 958 954 955 923 928 927 959 955 956 924 929 928 960 956 957 925 930 929 961 957 958 926 931 930 962 958 959 927 365 931 963 959 960 928 269 365 270 960 961 929 932 269 268 961 962 930 933 932 964 962 963 931 350 933 965 963 270 365 353 338 266 356 966 939 350 828 359 964 932 268 267 967 906 964 965 933 968 969 937 350 965 351 938 969 970 352 351 348 346 969 968 712 711 971 358 831 372 265 355 347 943 972 942 265 267 358 907 884 935 906 829 831 973 943 885 938 974 909 805 838 806 907 838 832 867 975 885 569 568 867 911 839 910 910 975 867 568 868 867 643 913 570 912 676 709 976 914 712 913 945 889 977 945 676 712 914 710 977 946 916 978 818 947 787 916 946 948 818 979 787 947 788 171 873 980 948 790 788 173 185 953 948 873 790 953 981 954 162 873 171 954 982 955 172 171 179 955 983 956 179 185 173 956 984 957 185 981 953 957 985 958 981 982 954 958 986 959 982 983 955 959 987 960 983 984 956 960 988 961 984 985 957 961 989 962 985 986 958 962 990 963 986 987 959 963 991 270 987 988 960 270 992 268 988 989 961 268 993 964 989 990 962 964 994 965 990 991 963 965 995 351 991 992 270 351 996 348 993 268 992 266 340 967 994 964 993 936 967 344 995 965 994 339 338 997 995 996 351 970 357 939 348 996 349 346 271 357 783 782 998 267 906 831 353 266 265 976 712 971 266 967 267 937 935 968 884 906 936 909 974 975 970 941 974 838 908 839 908 907 937 642 943 709 642 644 885 910 909 975 885 975 973 644 886 885 945 643 676 888 710 944 999 715 783 945 977 916 1000 977 710 715 914 782 946 1000 978 814 785 784 947 946 978 979 817 895 947 818 948 180 980 182 979 873 948 185 186 981 873 979 980 981 1001 982 980 180 171 982 1002 983 180 184 179 983 1003 984 184 186 185 984 1004 985 186 1001 981 985 1005 986 1001 1002 982 986 1006 987 1002 1003 983 987 1007 988 1003 1004 984 988 1008 989 1004 1005 985 989 1009 990 1005 1006 986 990 1010 991 1006 1007 987 991 1011 992 1007 1008 988 992 1012 993 1008 1009 989 993 1013 994 1009 1010 990 994 1014 995 1010 1011 991 995 1015 996 1011 1012 992 996 1016 349 1012 1013 993 353 349 934 994 1013 1014 1017 344 341 995 1014 1015 1018 275 339 996 1015 1016 345 346 968 349 1016 934 968 935 1017 812 714 1019 967 936 906 338 340 266 999 783 998 967 340 344 998 782 971 935 936 1017 974 941 973 711 942 971 908 938 909 938 937 969 675 942 944 943 675 677 975 974 973 973 972 943 709 943 912 977 676 710 915 914 976 1020 785 812 977 1000 946 1021 1000 914 853 852 1022 978 1021 816 1023 894 817 816 818 978 1024 950 920 818 817 979 190 327 297 979 895 980 186 1025 1001 182 980 895 1001 1026 1002 181 180 182 1002 1027 1003 181 187 184 1003 1028 1004 187 1025 186 1004 1029 1005 1025 1026 1001 1005 1030 1006 1026 1027 1002 1006 1031 1007 1027 1028 1003 1007 1032 1008 1028 1029 1004 1008 1033 1009 1029 1030 1005 1009 1034 1010 1030 1031 1006 1010 1035 1011 1031 1032 1007 1011 1036 1012 1032 1033 1008 1012 1037 1013 1033 1034 1009 1013 1038 1014 1034 1035 1010 1014 1039 1015 1035 1036 1011 1015 1040 1016 1036 1037 1012 1016 1041 934 1037 1038 1013 934 997 338 1038 1039 1014 336 274 1042 1040 1015 1039 273 1043 356 1040 1041 1016 966 1043 1044 1041 997 934 1045 1046 1047 969 346 357 344 1017 936 339 342 340 1020 812 1019 344 342 341 1019 714 998 345 968 1017 941 940 972 1048 940 966 938 970 974 970 969 357 942 1049 971 711 888 942 973 941 972 972 1049 942 944 942 888 1000 710 914 713 715 999 1050 815 814 1000 1021 978 1051 1021 715 1052 1053 917 816 1051 1023 1054 176 894 817 816 1023 892 891 921 894 895 817 187 193 1025 182 895 178 1025 192 1026 182 178 183 1026 1055 1027 183 188 181 1027 1056 1028 188 193 187 1028 1057 1029 193 192 1025 1029 1058 1030 192 1055 1026 1030 1059 1031 1055 1056 1027 1031 1060 1032 1056 1057 1028 1032 1061 1033 1057 1058 1029 1033 1062 1034 1058 1059 1030 1034 1063 1035 1059 1060 1031 1035 1064 1036 1060 1061 1032 1036 1065 1037 1061 1062 1033 1037 1066 1038 1062 1063 1034 1038 1067 1039 1063 1064 1035 1039 1068 1040 1064 1065 1036 1040 1069 1041 1065 1066 1037 1041 1070 997 1066 1067 1038 997 1018 339 1067 1068 1039 342 339 275 1069 1040 1068 278 334 1043 1041 1069 1070 1044 334 1071 997 1070 1018 333 1072 1045 1073 813 1074 341 345 1017 343 342 275 1075 1074 1019 341 343 281 1074 784 1019 280 346 345 940 1048 1049 1076 1048 1044 970 939 941 939 357 356 971 1077 998 782 915 971 972 940 1049 1049 1077 971 915 976 971 1021 914 715 786 785 1020 813 1078 852 1021 1051 816 785 1079 1051 813 852 814 1079 1054 1023 1080 1081 176 894 1023 1054 177 1081 198 178 894 176 1082 1055 192 177 183 178 1083 1056 1055 195 183 177 1084 1057 1056 195 201 188 1085 1058 1057 201 194 193 1086 1059 1058 194 1082 192 1087 1060 1059 1082 1083 1055 1088 1061 1060 1083 1084 1056 1089 1062 1061 1084 1085 1057 1090 1063 1062 1085 1086 1058 1091 1064 1063 1086 1087 1059 1092 1065 1064 1087 1088 1060 1093 1066 1065 1088 1089 1061 1094 1067 1066 1089 1090 1062 1095 1068 1067 1090 1091 1063 1096 1069 1068 1091 1092 1064 1097 1070 1069 1092 1093 1065 1098 1018 1070 1093 1094 1066 276 275 1018 1094 1095 1067 274 343 275 1095 1096 1068 303 292 1099 1096 1097 1069 1100 281 343 1097 1098 1070 1071 335 1047 1018 1098 276 325 335 328 854 853 1101 281 280 345 1100 343 274 1074 1102 1073 1100 279 281 1043 273 278 271 280 272 1048 1076 1077 1071 1046 1076 939 966 940 1043 966 356 998 1103 1019 714 713 998 1049 1048 1077 1077 1103 998 713 999 998 785 1051 715 1050 814 890 1104 1052 854 1051 1079 1023 1105 1079 814 854 1052 852 1105 1080 1054 1106 199 1081 176 1054 1080 194 201 204 176 1081 177 1082 194 1107 198 195 177 1083 1082 1108 195 198 202 1084 1083 1109 201 202 204 1085 1084 1110 194 204 1107 1086 1085 1111 1082 1107 1108 1087 1086 1112 1083 1108 1109 1088 1087 1113 1084 1109 1110 1089 1088 1114 1085 1110 1111 1090 1089 1115 1086 1111 1112 1091 1090 1116 1087 1112 1113 1092 1091 1117 1088 1113 1114 1093 1092 1118 1089 1114 1115 1094 1093 1119 1090 1115 1116 1095 1094 1120 1091 1116 1117 1096 1095 1121 1092 1117 1118 1097 1096 1122 1093 1118 1119 1098 1097 1123 1094 1119 1120 276 1098 1124 1095 1120 1121 274 276 1042 1096 1121 1122 1100 274 336 1097 1122 1123 279 1100 1125 1123 1124 1098 1047 288 333 1042 276 1124 325 284 288 918 917 1126 279 272 280 336 1125 1100 1104 854 1101 1125 332 279 334 278 328 273 272 277 1076 1046 1103 813 815 1074 966 1044 1048 1044 1043 334 784 1074 890 784 786 1019 1077 1076 1103 1019 1103 1075 786 1020 1019 1079 785 814 1022 852 1078 1127 892 918 1079 1105 1054 1128 1105 852 892 1052 917 1080 1128 1106 199 1129 214 1106 1081 1080 1107 204 1130 1081 199 198 1108 1107 1131 200 202 198 1109 1108 1132 202 200 203 1110 1109 1133 204 203 1130 1111 1110 1134 1107 1130 1131 1112 1111 1135 1108 1131 1132 1113 1112 1136 1109 1132 1133 1114 1113 1137 1110 1133 1134 1115 1114 1138 1111 1134 1135 1116 1115 1139 1112 1135 1136 1117 1116 1140 1113 1136 1137 1118 1117 1141 1114 1137 1138 1119 1118 1142 1115 1138 1139 1120 1119 1143 1116 1139 1140 1121 1120 1144 1117 1140 1141 1122 1121 1145 1118 1141 1142 1123 1122 1146 1119 1142 1143 1124 1123 1147 1120 1143 1144 1042 1124 1148 1121 1144 1145 336 1042 337 1122 1145 1146 1125 336 287 1123 1146 1147 332 1125 286 1124 1147 1148 277 332 1149 1042 1148 337 328 278 330 1150 1151 1072 332 277 272 286 1125 287 1127 918 1126 286 1149 332 1126 917 1101 278 277 330 1046 1045 1075 853 1073 1101 1044 1071 1076 1071 334 335 813 1073 1078 815 1050 1074 1103 1046 1075 1075 1102 1074 890 1074 1050 1105 814 852 1053 1052 1104 1152 919 921 1105 1128 1080 1153 1128 1052 327 1154 1155 1106 1153 1129 1156 212 214 1106 1129 199 210 1157 1130 200 199 214 1157 1158 1131 203 200 209 1158 1159 1132 1130 203 210 1159 1160 1133 1131 1130 1157 1160 1161 1134 1132 1131 1158 1161 1162 1135 1133 1132 1159 1162 1163 1136 1134 1133 1160 1163 1164 1137 1135 1134 1161 1164 1165 1138 1136 1135 1162 1165 1166 1139 1137 1136 1163 1166 1167 1140 1138 1137 1164 1167 1168 1141 1139 1138 1165 1168 1169 1142 1140 1139 1166 1169 1170 1143 1141 1140 1167 1170 1171 1144 1142 1141 1168 1171 1172 1145 1143 1142 1169 1172 1173 1146 1144 1143 1170 1173 1174 1147 1145 1144 1171 1174 1175 1148 1146 1145 1172 1175 1176 337 1147 1146 1173 1176 285 287 1148 1147 1174 285 1177 286 337 1148 1175 1177 331 1149 287 337 1176 289 283 282 335 325 288 1149 330 277 1149 286 1177 919 1152 1178 330 1149 331 1178 891 1126 329 328 330 1045 1072 1102 1150 1072 291 1071 1047 1046 1047 335 288 1073 1151 1101 853 1022 1073 1075 1045 1102 1102 1151 1073 1078 1073 1022 1128 852 1052 893 892 1127 1179 951 950 1128 1153 1106 892 1180 1153 920 950 921 1180 1156 1129 1181 210 216 214 1129 1156 1182 1157 1181 212 209 214 1183 1158 1182 210 209 216 1184 1159 1183 1157 210 1181 1185 1160 1184 1158 1157 1182 1186 1161 1185 1159 1158 1183 1187 1162 1186 1160 1159 1184 1188 1163 1187 1161 1160 1185 1189 1164 1188 1162 1161 1186 1190 1165 1189 1163 1162 1187 1191 1166 1190 1164 1163 1188 1192 1167 1191 1165 1164 1189 1193 1168 1192 1166 1165 1190 1194 1169 1193 1167 1166 1191 1195 1170 1194 1168 1167 1192 1196 1171 1195 1169 1168 1193 1197 1172 1196 1170 1169 1194 1198 1173 1197 1171 1170 1195 1199 1174 1198 1172 1171 1196 1200 1175 1199 1173 1172 1197 1201 1176 1200 1174 1173 1198 1202 285 1201 1175 1174 1199 1203 1177 1202 1176 1175 1200 1204 331 1203 285 1176 1201 326 329 1204 1202 1177 285 1205 952 1206 1203 331 1177 1178 1207 1206 329 331 1204 1206 920 1178 325 329 326 1208 1178 1126 290 1209 1150 1047 333 1045 283 333 288 1101 1210 1126 917 1053 1101 1102 1072 1151 1151 1210 1101 1053 1104 1101 892 1153 1052 1152 921 949 1211 1154 952 1153 1180 1129 1212 1180 921 952 1154 950 1156 1212 213 1213 1181 219 213 212 1156 1214 1182 1213 216 212 211 1215 1183 1214 1181 216 219 1216 1184 1215 1182 1181 1213 1217 1185 1216 1183 1182 1214 1218 1186 1217 1184 1183 1215 1219 1187 1218 1185 1184 1216 1220 1188 1219 1186 1185 1217 1221 1189 1220 1187 1186 1218 1222 1190 1221 1188 1187 1219 1223 1191 1222 1189 1188 1220 1224 1192 1223 1190 1189 1221 1225 1193 1224 1191 1190 1222 1226 1194 1225 1192 1191 1223 1227 1195 1226 1193 1192 1224 1228 1196 1227 1194 1193 1225 1229 1197 1228 1195 1194 1226 1230 1198 1229 1196 1195 1227 1231 1199 1230 1197 1196 1228 1232 1200 1231 1198 1197 1229 1233 1201 1232 1199 1198 1230 1234 1202 1233 1200 1199 1231 1235 1203 1234 1201 1200 1232 1236 1204 1235 1202 1201 1233 1237 326 1236 1203 1202 1234 284 1237 282 1204 1203 1235 1211 952 1205 326 1204 1236 282 298 289 1237 284 326 1150 1209 1210 304 1099 1209 333 291 1072 291 283 289 891 1178 949 891 893 1126 1151 1150 1210 1210 1208 1126 893 1127 1126 921 1180 892 1179 950 1024 296 190 297 1180 1212 1156 1238 1212 950 1154 327 190 224 213 1238 1239 1213 218 213 224 211 1240 1214 1239 219 211 217 1241 1215 1240 1213 219 218 1242 1216 1241 1214 1213 1239 1243 1217 1242 1215 1214 1240 1244 1218 1243 1216 1215 1241 1245 1219 1244 1217 1216 1242 1246 1220 1245 1218 1217 1243 1247 1221 1246 1219 1218 1244 1248 1222 1247 1220 1219 1245 1249 1223 1248 1221 1220 1246 1250 1224 1249 1222 1221 1247 1251 1225 1250 1223 1222 1248 1252 1226 1251 1224 1223 1249 1253 1227 1252 1225 1224 1250 1254 1228 1253 1226 1225 1251 1255 1229 1254 1227 1226 1252 1256 1230 1255 1228 1227 1253 1257 1231 1256 1229 1228 1254 1258 1232 1257 1230 1229 1255 1259 1233 1258 1231 1230 1256 1260 1234 1259 1232 1231 1257 1261 1235 1260 1233 1232 1258 1262 1236 1261 1234 1233 1259 1263 1237 1262 1235 1234 1260 298 282 1263 1236 1235 1261 189 305 197 1237 1236 1262 300 299 298 282 1237 1263 1209 1099 1208 952 951 1206 291 290 1150 290 289 299 920 1206 1024 920 919 1178 1210 1209 1208 1208 1207 1178 949 1178 1152 1212 921 950 1155 1154 1211 306 196 197 1212 1238 213 1238 1154 1264 226 218 220 1264 221 224 1265 1239 226 217 224 221 1266 1240 1265 218 217 220 1267 1241 1266 1239 218 226 1268 1242 1267 1240 1239 1265 1269 1243 1268 1241 1240 1266 1270 1244 1269 1242 1241 1267 1271 1245 1270 1243 1242 1268 1272 1246 1271 1244 1243 1269 1273 1247 1272 1245 1244 1270 1274 1248 1273 1246 1245 1271 1275 1249 1274 1247 1246 1272 1276 1250 1275 1248 1247 1273 1277 1251 1276 1249 1248 1274 1278 1252 1277 1250 1249 1275 1279 1253 1278 1251 1250 1276 1280 1254 1279 1252 1251 1277 1281 1255 1280 1253 1252 1278 1282 1256 1281 1254 1253 1279 1283 1257 1282 1255 1254 1280 1284 1258 1283 1256 1255 1281 1285 1259 1284 1257 1256 1282 1286 1260 1285 1258 1257 1283 1287 1261 1286 1259 1258 1284 1288 1262 1287 1260 1259 1285 1289 1263 1288 1261 1260 1286 300 298 1289 1262 1261 1287 299 300 302 1262 1288 1263 305 189 295 1289 298 1263 1099 292 1207 327 1205 295 290 304 1209 304 299 302 1206 1290 1205 951 1179 1206 1208 1099 1207 1207 1290 1206 1024 1206 1179 1238 950 1154 191 190 296 1291 223 208 1238 1264 224 190 1292 1264 1265 228 1293 221 1292 233 1266 1293 1294 220 221 233 1267 1294 1295 226 220 227 1268 1295 1296 1265 226 228 1269 1296 1297 1266 1265 1293 1270 1297 1298 1267 1266 1294 1271 1298 1299 1268 1267 1295 1272 1299 1300 1269 1268 1296 1273 1300 1301 1270 1269 1297 1274 1301 1302 1271 1270 1298 1275 1302 1303 1272 1271 1299 1276 1303 1304 1273 1272 1300 1277 1304 1305 1274 1273 1301 1278 1305 1306 1275 1274 1302 1279 1306 1307 1276 1275 1303 1280 1307 1308 1277 1276 1304 1281 1308 1309 1278 1277 1305 1282 1309 1310 1279 1278 1306 1283 1310 1311 1280 1279 1307 1284 1311 1312 1281 1280 1308 1285 1312 1313 1282 1281 1309 1286 1313 1314 1283 1282 1310 1287 1314 1315 1284 1283 1311 1288 1315 1316 1285 1284 1312 1289 1316 1317 1286 1285 1313 300 1317 301 1287 1286 1314 302 301 322 1288 1287 1315 303 322 293 1289 1288 1316 1318 294 313 1317 300 1289 292 294 1290 313 294 309 304 303 1099 303 302 322 1205 1318 295 327 1155 1205 1207 292 1290 1290 1318 1205 1155 1211 1205 1264 1154 190 206 196 306 222 1319 232 1264 1292 221 1320 1292 196 228 227 1321 1320 234 233 1293 228 1322 234 1321 227 1294 1293 1323 1321 1322 228 1295 1294 1324 1322 1323 1293 1296 1295 1325 1323 1324 1294 1297 1296 1326 1324 1325 1295 1298 1297 1327 1325 1326 1296 1299 1298 1328 1326 1327 1297 1300 1299 1329 1327 1328 1298 1301 1300 1330 1328 1329 1299 1302 1301 1331 1329 1330 1300 1303 1302 1332 1330 1331 1301 1304 1303 1333 1331 1332 1302 1305 1304 1334 1332 1333 1303 1306 1305 1335 1333 1334 1304 1307 1306 1336 1334 1335 1305 1308 1307 1337 1335 1336 1306 1309 1308 1338 1336 1337 1307 1310 1309 1339 1337 1338 1308 1311 1310 1340 1338 1339 1309 1312 1311 1341 1339 1340 1310 1313 1312 1342 1340 1341 1311 1314 1313 1343 1341 1342 1312 1315 1314 1344 1342 1343 1313 1316 1315 1345 1343 1344 1314 1317 1316 1346 1344 1345 1315 301 1317 1347 1345 1346 1316 322 301 323 1346 1347 1317 293 322 324 1347 323 301 310 307 1348 311 313 1349 303 293 292 324 309 293 295 312 305 189 191 295 1290 294 1318 1318 312 295 191 296 295 196 1292 190 1291 208 207 234 1350 1321 1292 1320 233 1351 1320 208 1321 1352 1322 1351 1350 234 1322 1353 1323 1350 1352 1321 1323 1354 1324 1352 1353 1322 1324 1355 1325 1353 1354 1323 1325 1356 1326 1354 1355 1324 1326 1357 1327 1355 1356 1325 1327 1358 1328 1356 1357 1326 1328 1359 1329 1357 1358 1327 1329 1360 1330 1358 1359 1328 1330 1361 1331 1359 1360 1329 1331 1362 1332 1360 1361 1330 1332 1363 1333 1361 1362 1331 1333 1364 1334 1362 1363 1332 1334 1365 1335 1363 1364 1333 1335 1366 1336 1364 1365 1334 1336 1367 1337 1365 1366 1335 1337 1368 1338 1366 1367 1336 1338 1369 1339 1367 1368 1337 1339 1370 1340 1368 1369 1338 1340 1371 1341 1369 1370 1339 1341 1372 1342 1370 1371 1340 1342 1373 1343 1371 1372 1341 1343 1374 1344 1372 1373 1342 1344 1375 1345 1373 1374 1343 1345 1376 1346 1374 1375 1344 1346 1377 1347 1375 1376 1345 1347 1378 323 1376 1377 1346 323 1379 324 1377 1378 1347 324 1380 309 1378 1379 323 309 1349 313 324 1379 1380 222 223 307 309 1380 1349 205 307 207 205 206 305 1318 313 312 305 312 308 206 306 305 1320 196 208 230 232 1319 1350 244 1352 1320 1351 234 232 1381 1351 1352 243 1353 1381 244 1350 1353 1382 1354 244 243 1352 1354 1383 1355 243 1382 1353 1355 1384 1356 1382 1383 1354 1356 1385 1357 1383 1384 1355 1357 1386 1358 1384 1385 1356 1358 1387 1359 1385 1386 1357 1359 1388 1360 1386 1387 1358 1360 1389 1361 1387 1388 1359 1361 1390 1362 1388 1389 1360 1362 1391 1363 1389 1390 1361 1363 1392 1364 1390 1391 1362 1364 1393 1365 1391 1392 1363 1365 1394 1366 1392 1393 1364 1366 1395 1367 1393 1394 1365 1367 1396 1368 1394 1395 1366 1368 1397 1369 1395 1396 1367 1369 1398 1370 1396 1397 1368 1370 1399 1371 1397 1398 1369 1371 1400 1372 1398 1399 1370 1372 1401 1373 1399 1400 1371 1373 1402 1374 1400 1401 1372 1374 1403 1375 1401 1402 1373 1375 1404 1376 1402 1403 1374 1376 1405 1377 1403 1404 1375 1377 1406 1378 1404 1405 1376 1378 1407 1379 1405 1406 1377 1379 1408 1380 1406 1407 1378 1380 1409 1349 1407 1408 1379 1349 320 311 1408 1409 1380 308 311 314 1409 320 1349 222 310 1319 223 1291 307 312 311 308 308 1348 307 207 307 1291 1351 208 232 240 237 236 1410 1382 243 1351 1381 1350 237 251 1381 1411 1383 1382 251 245 244 1412 1384 1383 245 1410 243 1413 1385 1384 1410 1411 1382 1414 1386 1385 1411 1412 1383 1415 1387 1386 1412 1413 1384 1416 1388 1387 1413 1414 1385 1417 1389 1388 1414 1415 1386 1418 1390 1389 1415 1416 1387 1419 1391 1390 1416 1417 1388 1420 1392 1391 1417 1418 1389 1421 1393 1392 1418 1419 1390 1422 1394 1393 1419 1420 1391 1423 1395 1394 1420 1421 1392 1424 1396 1395 1421 1422 1393 1425 1397 1396 1422 1423 1394 1426 1398 1397 1423 1424 1395 1427 1399 1398 1424 1425 1396 1428 1400 1399 1425 1426 1397 1429 1401 1400 1426 1427 1398 1430 1402 1401 1427 1428 1399 1431 1403 1402 1428 1429 1400 1432 1404 1403 1429 1430 1401 1433 1405 1404 1430 1431 1402 1434 1406 1405 1431 1432 1403 1435 1407 1406 1432 1433 1404 1436 1408 1407 1433 1434 1405 1437 1409 1408 1434 1435 1406 1438 320 1409 1435 1436 1407 315 314 320 1436 1437 1408 316 1348 314 1437 1438 1409 319 317 1439 1438 315 320 1440 318 316 231 230 310 308 314 1348 1348 318 310 1319 310 230 232 237 1381 248 241 249 242 1441 245 1381 251 244 242 245 251 1441 1442 1410 1441 1410 245 1442 1443 1411 1442 1411 1410 1443 1444 1412 1443 1412 1411 1444 1445 1413 1444 1413 1412 1445 1446 1414 1445 1414 1413 1446 1447 1415 1446 1415 1414 1447 1448 1416 1447 1416 1415 1448 1449 1417 1448 1417 1416 1449 1450 1418 1449 1418 1417 1450 1451 1419 1450 1419 1418 1451 1452 1420 1451 1420 1419 1452 1453 1421 1452 1421 1420 1453 1454 1422 1453 1422 1421 1454 1455 1423 1454 1423 1422 1455 1456 1424 1455 1424 1423 1456 1457 1425 1456 1425 1424 1457 1458 1426 1457 1426 1425 1458 1459 1427 1458 1427 1426 1459 1460 1428 1459 1428 1427 1460 1461 1429 1460 1429 1428 1461 1462 1430 1461 1430 1429 1462 1463 1431 1462 1431 1430 1463 1464 1432 1463 1432 1431 1464 1465 1433 1464 1433 1432 1465 1466 1434 1465 1434 1433 1466 1467 1435 1466 1435 1434 1467 1468 1436 1467 1436 1435 1468 1469 1437 1468 1437 1436 1469 1470 1438 1469 1438 1437 1470 1471 315 1470 315 1438 1471 1440 316 1471 316 315 1440 1439 318 241 240 317 1348 316 318 1439 317 318 240 236 317 248 237 241 251 237 248 1441 46 38 47 242 248 1442 38 24 46 1441 242 1443 24 15 38 1442 1441 1444 15 4 24 1443 1442 1445 4 2 15 1444 1443 1446 2 62 4 1445 1444 1447 62 73 2 1446 1445 1448 73 83 62 1447 1446 1449 83 87 73 1448 1447 1450 87 95 83 1449 1448 1451 95 98 87 1450 1449 1452 98 109 95 1451 1450 1453 109 112 98 1452 1451 1454 112 118 109 1453 1452 1455 118 425 112 1454 1453 1456 425 429 118 1455 1454 1457 429 430 425 1456 1455 1458 430 436 429 1457 1456 1459 436 442 430 1458 1457 1460 442 451 436 1459 1458 1461 451 454 442 1460 1459 1462 454 458 451 1461 1460 1463 458 462 454 1462 1461 1464 462 470 458 1463 1462 1465 470 475 462 1464 1463 1466 475 477 470 1465 1464 1467 477 480 475 1466 1465 1468 480 485 477 1467 1466 1469 485 488 480 1468 1467 1470 488 491 485 1469 1468 1471 491 493 488 1470 1469 1440 493 498 491 1471 1470 1439 498 502 493 1440 1471 319 502 321 498 1439 1440 319 321 252 502 319 1439</p>
        </triangles>
      </mesh>
    </geometry>
    <geometry id="ID12">
      <mesh>
        <source id="ID13">
          <float_array count="13206" id="ID14">-0.00615288 0.00723824 0.001 -0.00615288 0.00723824 0.017 -0.00498263 0.00808847 0.017 -0.00718048 0.00622019 0.001 -0.00718048 0.00622019 0.017 -0.0080416 0.00505793 0.017 -0.0080416 0.00505793 0.001 -0.00871628 0.00377841 0.001 -0.00871628 0.00377841 0.017 -0.00498263 0.00808847 0.001 -0.00369686 0.00875118 0.017 -0.00369686 0.00875118 0.001 -0.00232539 0.009211 0.017 -0.00232539 0.009211 0.001 -0.0009 0.00945727 0.017 -0.0009 0.00945727 0.001 -0.00871628 0.00377841 0.001 -0.0173908 0.00659693 0.017 -0.00871628 0.00377841 0.017 -0.0173908 0.00659693 0.001 -0.017947 0.00488503 0.017 -0.00927252 0.00206651 0.001 -0.00927252 0.00206651 0.017 -0.017947 0.00488503 0.001 -0.00878532 -0.003615 0.001 -0.00878532 -0.003615 0.017 -0.00923231 -0.00223929 0.017 -0.00813464 -0.00490689 0.001 -0.00813464 -0.00490689 0.017 -0.00729537 -0.00608503 0.017 -0.00729537 -0.00608503 0.001 -0.00628696 -0.00712209 0.001 -0.00628696 -0.00712209 0.017 -0.00923231 -0.00223929 0.001 -0.00946526 -0.000811662 0.017 -0.00946526 -0.000811662 0.001 -0.00947877 0.000634781 0.017 -0.00947877 0.000634781 0.001 -0.00927252 0.00206651 0.017 -0.00927252 0.00206651 0.001 -0.00628696 -0.00712209 0.001 -0.0116481 -0.0145011 0.017 -0.00628696 -0.00712209 0.017 -0.0116481 -0.0145011 0.001 -0.0101919 -0.0155591 0.017 -0.00483073 -0.0081801 0.001 -0.00483073 -0.0081801 0.017 -0.0101919 -0.0155591 0.001 0.000723253 -0.00947243 0.001 0.000723253 -0.00947243 0.017 -0.000723253 -0.00947243 0.017 0.00215299 -0.00925282 0.001 0.00215299 -0.00925282 0.017 0.00353281 -0.00881869 0.017 0.00353281 -0.00881869 0.001 0.00483073 -0.0081801 0.001 0.00483073 -0.0081801 0.017 -0.000723253 -0.00947243 0.001 -0.00215299 -0.00925282 0.017 -0.00215299 -0.00925282 0.001 -0.00353281 -0.00881869 0.017 -0.00353281 -0.00881869 0.001 -0.00483073 -0.0081801 0.017 -0.00483073 -0.0081801 0.001 0.00483073 -0.0081801 0.001 0.0101919 -0.0155591 0.017 0.00483073 -0.0081801 0.017 0.0101919 -0.0155591 0.001 0.0116481 -0.0145011 0.017 0.00628696 -0.00712209 0.001 0.00628696 -0.00712209 0.017 0.0116481 -0.0145011 0.001 0.00923231 -0.00223929 0.001 0.00923231 -0.00223929 0.017 0.00878532 -0.003615 0.017 0.00946526 -0.000811662 0.001 0.00946526 -0.000811662 0.017 0.00947877 0.000634781 0.017 0.00947877 0.000634781 0.001 0.00927252 0.00206651 0.001 0.00927251 0.00206651 0.017 0.00878532 -0.003615 0.001 0.00813464 -0.00490689 0.017 0.00813464 -0.00490689 0.001 0.00729537 -0.00608503 0.017 0.00729537 -0.00608503 0.001 0.00628696 -0.00712209 0.017 0.00628696 -0.00712209 0.001 0.00927252 0.00206651 0.001 0.017947 0.00488503 0.017 0.00927251 0.00206651 0.017 0.017947 0.00488503 0.001 0.0173908 0.00659693 0.017 0.00871628 0.00377841 0.001 0.00871628 0.00377841 0.017 0.0173908 0.00659693 0.001 0.00498263 0.00808847 0.001 0.00498263 0.00808847 0.017 0.00615288 0.00723824 0.017 0.00369686 0.00875118 0.001 0.00369686 0.00875118 0.017 0.00232539 0.009211 0.017 0.00232539 0.009211 0.001 0.0009 0.00945727 0.001 0.0009 0.00945727 0.017 0.00615288 0.00723824 0.001 0.00718048 0.00622019 0.017 0.00718048 0.00622019 0.001 0.0080416 0.00505793 0.017 0.0080416 0.00505793 0.001 0.00871628 0.00377841 0.017 0.00871628 0.00377841 0.001 0.0009 0.00945727 0.001 0.0009 0.0185782 0.017 0.0009 0.00945727 0.017 0.0009 0.0185782 0.001 -0.0009 0.0185782 0.017 -0.0009 0.00945727 0.001 -0.0009 0.00945727 0.017 -0.0009 0.0185782 0.001 -0.0146491 0.0178602 0 -0.0104369 0.0153958 0 -0.0120377 0.0141788 0 0.00301431 0.0183538 0 0.00451135 0.022655 0 0.00497891 0.0179209 0 0.00671117 0.0221031 0 0.00688712 0.0172779 0 0.00100932 0.0185725 0 0.00226695 0.0229882 0 0.0108949 0.0203689 0 0.0128352 0.0192057 0 0.00871696 0.0164305 0 0.00884195 0.0213408 0 -0.00100334 0.0185725 0 6.50424e-06 0.0230996 0 0.0146584 0.017853 0 0.0120437 0.0141741 0 0.01044 0.0153934 0 -0.00226259 0.0229889 0 -0.00300399 0.0183555 0 0.0163378 0.0163298 0 0.0135069 0.012787 0 -0.00450033 0.0226568 0 0.0192103 0.0128279 0 0.0148082 0.0112547 0 0.0178582 0.0146524 0 -0.00497419 0.0179225 0 -0.00670123 0.0221065 0 0.0159393 0.00958618 0 0.0203728 0.0108883 0 0.0168828 0.00780493 0 -0.00688061 0.0172801 0 -0.00883657 0.0213426 0 0.0221064 0.00670039 0 0.0176265 0.00593811 0 0.0213435 0.00883472 0 -0.00870784 0.0164354 0 -0.0108835 0.020375 0 0.0181658 0.00399459 0 0.0226567 0.00450349 0 0.0184903 0.00201522 0 -0.0128328 0.0192075 0 -0.0159347 0.00959319 0 -0.0168788 0.00781397 0 -0.0203721 0.0108897 0 -0.0178535 0.0146575 0 -0.0135 0.0127945 0 -0.0148067 0.011257 0 -0.0181636 0.00400328 0 -0.0226547 0.00451117 0 -0.0221042 0.00670901 0 -0.0176262 0.00593946 0 -0.0213386 0.00884589 0 0.0135 -0.0127945 0 0.0148067 -0.011257 0 0.0178535 -0.0146575 0 -0.0186 0 0 -0.0184903 -0.00201522 0 -0.0229879 -0.00227003 0 0.0128328 -0.0192075 0 0.00870784 -0.0164354 0 0.0104369 -0.0153958 0 0.0163312 -0.016337 0 0.0120377 -0.0141788 0 0.00670123 -0.0221065 0 0.00450033 -0.0226568 0 0.00497419 -0.0179225 0 0.0108835 -0.020375 0 0.00883657 -0.0213426 0 -0.01044 -0.0153934 0 -0.0128352 -0.0192057 0 -0.0146584 -0.017853 0 -0.00671117 -0.0221031 0 -0.00688712 -0.0172779 0 -0.00497891 -0.0179209 0 -0.00884195 -0.0213408 0 -0.00871696 -0.0164305 0 -0.0108949 -0.0203689 0 -0.00451135 -0.022655 0 -0.00301431 -0.0183538 0 0.00100334 -0.0185725 0 -6.50424e-06 -0.0230996 0 -0.00100932 -0.0185725 0 -0.00226695 -0.0229882 0 0.00226259 -0.0229889 0 0.00300399 -0.0183555 0 -0.0163378 -0.0163298 0 -0.0120437 -0.0141741 0 0.00688061 -0.0172801 0 -0.0178582 -0.0146524 0 -0.0135069 -0.012787 0 -0.0192103 -0.0128279 0 -0.0159393 -0.00958618 0 -0.0148082 -0.0112547 0 0.0146491 -0.0178602 0 -0.0168828 -0.00780493 0 -0.0203728 -0.0108883 0 -0.0181658 -0.00399459 0 -0.0176265 -0.00593811 0 -0.0221064 -0.00670039 0 -0.0213435 -0.00883472 0 0.0159347 -0.00959319 0 0.0192033 -0.0128386 0 -0.0226567 -0.00450349 0 -0.0231 -2.82893e-18 0 -0.0229879 0.00227003 0 0.0168788 -0.00781397 0 0.0203721 -0.0108897 0 0.0176262 -0.00593946 0 0.0221042 -0.00670901 0 0.0213386 -0.00884589 0 -0.0184903 0.00201522 0 0.0181636 -0.00400328 0 0.0226547 -0.00451117 0 0.0184903 -0.00201522 0 -0.0192033 0.0128386 0 0.0229879 -0.00227003 0 0.0231 0 0 0.0186 -5.98222e-18 0 0.0229879 0.00227003 0 -0.0163312 0.016337 0 -0.00256418 0.00704802 0.001 -0.00249855 0.00707158 0.006 -0.00365771 0.00654761 0.006 -8.49831e-18 0.0075 0.001 -0.00126751 0.00739212 0.006 -0.00130184 0.00738614 0.001 -0.00563004 0.00495506 0.006 -0.00638647 0.0039323 0.006 -0.00574405 0.00482225 0.001 -0.00481953 0.00574637 0.001 -0.00374873 0.00649586 0.001 -0.00471165 0.00583527 0.006 -0.00738581 0.00130323 0.001 -0.00733166 0.00158009 0.006 -0.00749324 0.000318309 0.006 -0.00704706 0.0025665 0.001 -0.00649418 0.00375148 0.001 -0.00695917 0.00279642 0.006 -0.00669694 -0.00337653 0.006 -0.00707912 -0.00247709 0.001 -0.00717125 -0.00219617 0.006 -0.00743925 -0.000952634 0.006 -0.00739403 -0.0012563 0.001 -0.0075 -7.6309e-18 0.001 -0.00518954 -0.00541467 0.006 -0.00419981 -0.00621382 0.006 -0.0049976 -0.00559232 0.001 -0.00656418 -0.00362789 0.001 -0.00602998 -0.00445975 0.006 -0.00586374 -0.00467617 0.001 -0.00399024 -0.00635043 0.001 -0.00308926 -0.00683421 0.006 -0.00287013 -0.0069291 0.001 0.000839734 -0.00745284 0.001 -0.000420528 -0.0074882 0.001 0.000636044 -0.00747298 0.006 -0.000636044 -0.00747298 0.006 -0.00166891 -0.00731196 0.001 -0.00188984 -0.007258 0.006 0.00419981 -0.00621382 0.006 0.00434003 -0.00611671 0.001 0.00325413 -0.00675727 0.001 0.00188984 -0.007258 0.006 0.00308926 -0.00683421 0.006 0.00207627 -0.00720688 0.001 0.00611671 -0.00434003 0.001 0.00669694 -0.00337653 0.006 0.00675727 -0.00325413 0.001 0.0053033 -0.0053033 0.001 0.00518954 -0.00541467 0.006 0.00602998 -0.00445975 0.006 0.0074882 0.000420528 0.001 0.00745284 -0.000839734 0.001 0.00749324 0.000318309 0.006 0.00743925 -0.000952634 0.006 0.00720688 -0.00207627 0.001 0.00717125 -0.00219617 0.006 0.00733166 0.00158009 0.006 0.00731196 0.00166891 0.001 0.00695917 0.00279642 0.006 0.0069291 0.00287013 0.001 0.00635043 0.00399024 0.001 0.00638647 0.0039323 0.006 0.00563004 0.00495506 0.006 0.00559232 0.0049976 0.001 0.00471165 0.00583527 0.006 0.00467617 0.00586374 0.001 0.00362789 0.00656418 0.001 0.00365771 0.00654761 0.006 0.00249855 0.00707158 0.006 0.00247709 0.00707912 0.001 0.00126751 0.00739212 0.006 0.0012563 0.00739403 0.001 -8.49831e-18 0.0075 0.006 2.65093e-15 -0.0231 0.000796327 -0.00225634 -0.022989 0.000796327 -6.50424e-06 -0.0230996 0 0.0231 -7.42953e-18 0.000796327 0.0231 0 0 0.0229879 0.00227003 0 -0.00226695 -0.0229882 0 -0.00450411 -0.0226566 0.000796327 -0.00669832 -0.0221068 0.000796327 -0.00451135 -0.022655 0 -0.0088355 -0.0213433 0.000796327 -0.00671117 -0.0221031 0 -0.00884195 -0.0213408 0 -0.010884 -0.0203745 0.000796327 -0.012828 -0.0192103 0.000796327 -0.0108949 -0.0203689 0 -0.0146525 -0.0178578 0.000796327 -0.0128352 -0.0192057 0 -0.0146584 -0.017853 0 -0.0163284 -0.0163392 0.000796327 -0.0178557 -0.0146555 0.000796327 -0.0163378 -0.0163298 0 -0.0192021 -0.0128398 0.000796327 -0.0178582 -0.0146524 0 -0.0192103 -0.0128279 0 -0.0203706 -0.0108925 0.000796327 -0.0213385 -0.0088459 0.000796327 -0.0203728 -0.0108883 0 -0.0221034 -0.00671102 0.000796327 -0.0213435 -0.00883472 0 -0.0221064 -0.00670039 0 -0.0226549 -0.00451058 0.000796327 -0.0229876 -0.00227134 0.000796327 -0.0226567 -0.00450349 0 -0.0231 1.48591e-17 0.000796327 -0.0229879 -0.00227003 0 -0.0231 -2.82893e-18 0 0.00226259 -0.0229889 0 0.00450033 -0.0226568 0 0.00227134 -0.0229876 0.000796327 0.00670123 -0.0221065 0 0.00451058 -0.0226549 0.000796327 0.00671102 -0.0221034 0.000796327 0.00883657 -0.0213426 0 0.0108835 -0.020375 0 0.0088459 -0.0213385 0.000796327 0.0128328 -0.0192075 0 0.0108925 -0.0203706 0.000796327 0.0128398 -0.0192021 0.000796327 0.0146491 -0.0178602 0 0.0163312 -0.016337 0 0.0146555 -0.0178557 0.000796327 0.0178535 -0.0146575 0 0.0163392 -0.0163284 0.000796327 0.0178578 -0.0146525 0.000796327 0.0192033 -0.0128386 0 0.0203721 -0.0108897 0 0.0192103 -0.012828 0.000796327 0.0213386 -0.00884589 0 0.0203745 -0.010884 0.000796327 0.0213433 -0.0088355 0.000796327 0.0221042 -0.00670901 0 0.0226547 -0.00451117 0 0.0221068 -0.00669832 0.000796327 0.0229879 -0.00227003 0 0.0226566 -0.00450411 0.000796327 0.0229876 -0.00227134 0.000796327 0.0226547 0.00451117 0.000796327 0.0229879 0.00227003 0.000796327 0.0226567 0.00450349 0 0.0203721 0.0108897 0.000796327 0.0213386 0.00884589 0.000796327 0.0203728 0.0108883 0 0.0221042 0.00670901 0.000796327 0.0221064 0.00670039 0 0.0213435 0.00883472 0 0.0178535 0.0146575 0.000796327 0.0163378 0.0163298 0 0.0163312 0.016337 0.000796327 0.0192103 0.0128279 0 0.0178582 0.0146524 0 0.0192033 0.0128386 0.000796327 0.0108949 0.0203689 0 0.0108835 0.020375 0.000796327 0.0128328 0.0192075 0.000796327 0.0128352 0.0192057 0 0.0146491 0.0178602 0.000796327 0.0146584 0.017853 0 0.00450033 0.0226568 0.000796327 0.00670123 0.0221065 0.000796327 0.00451135 0.022655 0 0.00883657 0.0213426 0.000796327 0.00884195 0.0213408 0 0.00671117 0.0221031 0 -6.50424e-06 0.0230996 0.000796327 -0.00226259 0.0229889 0 -0.00226695 0.0229882 0.000796327 0.00226695 0.0229882 0 6.50424e-06 0.0230996 0 0.00226259 0.0229889 0.000796327 -0.00883657 0.0213426 0 -0.00884195 0.0213408 0.000796327 -0.00671117 0.0221031 0.000796327 -0.00670123 0.0221065 0 -0.00451135 0.022655 0.000796327 -0.00450033 0.0226568 0 -0.0146584 0.017853 0.000796327 -0.0128352 0.0192057 0.000796327 -0.0146491 0.0178602 0 -0.0108949 0.0203689 0.000796327 -0.0108835 0.020375 0 -0.0128328 0.0192075 0 -0.0178582 0.0146524 0.000796327 -0.0163378 0.0163298 0.000796327 -0.0178535 0.0146575 0 -0.0163312 0.016337 0 -0.0192033 0.0128386 0 -0.0192103 0.0128279 0.000796327 -0.0203721 0.0108897 0 -0.0203728 0.0108883 0.000796327 -0.0213435 0.00883472 0.000796327 -0.0213386 0.00884589 0 -0.0221042 0.00670901 0 -0.0221064 0.00670039 0.000796327 -0.0226547 0.00451117 0 -0.0226567 0.00450349 0.000796327 -0.0229879 0.00227003 0.000796327 -0.0229879 0.00227003 0 -0.00870784 0.0164354 0 -0.0101276 0.0156005 0.017 -0.0104369 0.0153958 0 -0.0176262 0.00593946 0 -0.0168788 0.00781397 0 -0.0173908 0.00659693 0.001 -0.00843074 0.0165793 0.017 -0.00688061 0.0172801 0 -0.00497419 0.0179225 0 -0.00663561 0.0173761 0.017 -0.00300399 0.0183555 0 -0.00477335 0.0179766 0.017 -0.00285459 0.0183794 0.017 -0.00100334 0.0185725 0 -0.0009 0.0185782 0.017 -0.0009 0.0185782 0.001 0.00100932 0.0185725 0 0.00285459 0.0183794 0.017 0.0009 0.0185782 0.017 0.0009 0.0185782 0.001 -0.0135069 -0.012787 0 -0.0131943 -0.0131098 0.017 -0.0120437 -0.0141741 0 0.00842138 0.0165839 0.017 0.00663227 0.0173771 0.017 0.00688712 0.0172779 0 0.00476535 0.0179791 0.017 0.00301431 0.0183538 0 0.00497891 0.0179209 0 0.0120437 0.0141741 0 0.0131626 0.0131414 0.017 0.0117074 0.0144528 0.017 0.00871696 0.0164305 0 0.01044 0.0153934 0 0.0101226 0.0156042 0.017 0.0148082 0.0112547 0 0.0159393 0.00958618 0 0.0156217 0.0100948 0.017 0.0144751 0.0116803 0.017 0.0135069 0.012787 0 0.0168828 0.00780493 0 0.0165978 0.00839444 0.017 0.0173908 0.00659693 0.017 0.0173908 0.00659693 0.001 0.0181658 0.00399459 0 0.018362 0.00296468 0.017 0.017947 0.00488503 0.017 -0.0145701 -0.0115613 0.017 -0.0148082 -0.0112547 0 -0.0157695 -0.00986306 0.017 0.0183746 -0.0028845 0.017 0.0185761 -0.000937848 0.017 0.0184903 -0.00201522 0 0.0185717 0.00102372 0.017 0.0184903 0.00201522 0 0.0186 -5.98222e-18 0 0.0168788 -0.00781397 0 0.0165657 -0.00845744 0.017 0.0173632 -0.00666821 0.017 0.0181636 -0.00400328 0 0.0176262 -0.00593946 0 0.0179685 -0.00480517 0.017 0.0148067 -0.011257 0 0.0135 -0.0127945 0 0.0144281 -0.0117377 0.017 0.0155817 -0.0101572 0.017 0.0159347 -0.00959319 0 0.0120377 -0.0141788 0 0.0131126 -0.0131914 0.017 0.0116481 -0.0145011 0.017 0.0116481 -0.0145011 0.001 0.00870784 -0.0164354 0 0.00849375 -0.0165472 0.017 0.0101919 -0.0155591 0.017 -0.0159393 -0.00958618 0 -0.0168828 -0.00780493 0 -0.0167722 -0.00804068 0.017 0.00293475 -0.0183666 0.017 0.00484838 -0.0179567 0.017 0.00300399 -0.0183555 0 0.00671258 -0.0173464 0.017 0.00688061 -0.0172801 0 0.00497419 -0.0179225 0 -0.00100932 -0.0185725 0 -0.00301431 -0.0183538 0 -0.00292444 -0.0183684 0.017 0.000982594 -0.018574 0.017 0.00100334 -0.0185725 0 -0.000976322 -0.018574 0.017 -0.00497891 -0.0179209 0 -0.00688712 -0.0172779 0 -0.00670468 -0.0173491 0.017 -0.00484509 -0.0179579 0.017 -0.00871696 -0.0164305 0 -0.00849375 -0.0165472 0.017 -0.0101919 -0.0155591 0.017 -0.0101919 -0.0155591 0.001 -0.01044 -0.0153934 0 -0.0116481 -0.0145011 0.017 -0.017563 -0.00612304 0.017 -0.0176265 -0.00593811 0 -0.0181658 -0.00399459 0 -0.0184836 -0.00207677 0.017 -0.0181362 -0.0041266 0.017 -0.0186 1.19644e-17 0.017 -0.0184903 -0.00201522 0 -0.0186 0 0 -0.0116481 -0.0145011 0.001 0.0101919 -0.0155591 0.001 0.0104369 -0.0153958 0 0.017947 0.00488503 0.001 0.0176265 0.00593811 0 -0.0117124 0.0144491 0.017 -0.0120377 0.0141788 0 -0.0131699 0.0131339 0.017 -0.0135 0.0127945 0 -0.0148067 0.011257 0 -0.0144771 0.0116775 0.017 -0.0156265 0.010088 0.017 -0.0159347 0.00959319 0 -0.0165978 0.00839444 0.017 -0.0173908 0.00659693 0.017 -0.0184903 0.00201522 0 -0.018436 0.00246424 0.017 -0.017947 0.00488503 0.001 -0.0181636 0.00400328 0 -0.017947 0.00488503 0.017 0.0231 -7.42953e-18 0.017 0.0230996 -7.04467e-06 0.0162037 0.0229889 0.00226274 0.0162037 0.0226569 0.0044996 0.0162037 0.0229879 0.00227003 0.017 0.0221064 0.00670155 0.0162037 0.0226567 0.00450349 0.017 0.0221064 0.00670039 0.017 0.0213431 0.00883501 0.0162037 0.020375 0.0108836 0.0162037 0.0213435 0.00883472 0.017 0.0192075 0.0128327 0.0162037 0.0203728 0.0108883 0.017 0.0192103 0.0128279 0.017 0.0178607 0.0146486 0.0162037 0.0163358 0.0163325 0.0162037 0.0178582 0.0146524 0.017 0.0146593 0.0178519 0.0162037 0.0163378 0.0163298 0.017 0.0146584 0.017853 0.017 0.0128376 0.0192041 0.0162037 0.0108928 0.02037 0.0162037 0.0128352 0.0192057 0.017 0.00884599 0.0213387 0.0162037 0.0108949 0.0203689 0.017 0.00884195 0.0213408 0.017 0.00670586 0.0221052 0.0162037 0.00451356 0.0226542 0.0162037 0.00671117 0.0221031 0.017 0.00226731 0.0229884 0.0162037 0.00451135 0.022655 0.017 0.00226695 0.0229882 0.017 6.14741e-06 0.0230994 0.0162037 -0.00225869 0.0229891 0.0162037 6.50424e-06 0.0230996 0.017 -0.00450355 0.0226564 0.0162037 -0.00226259 0.0229889 0.017 -0.00450033 0.0226568 0.017 -0.00669879 0.0221069 0.0162037 -0.0088389 0.0213421 0.0162037 -0.00670123 0.0221065 0.017 -0.0108827 0.0203752 0.0162037 -0.00883657 0.0213426 0.017 -0.0108835 0.020375 0.017 -0.0128304 0.019209 0.0162037 -0.0146499 0.0178596 0.0162037 -0.0128328 0.0192075 0.017 -0.0163297 0.0163382 0.0162037 -0.0146491 0.0178602 0.017 -0.0163312 0.016337 0.017 -0.0178554 0.0146556 0.0162037 -0.0192026 0.0128394 0.0162037 -0.0178535 0.0146575 0.017 -0.0203714 0.010891 0.0162037 -0.0192033 0.0128386 0.017 -0.0203721 0.0108897 0.017 -0.0213385 0.00884604 0.0162037 -0.0221038 0.00670998 0.0162037 -0.0213386 0.00884589 0.017 -0.0226548 0.00451095 0.0162037 -0.0221042 0.00670901 0.017 -0.0226547 0.00451117 0.017 -0.0229878 0.00227065 0.0162037 -0.0231 1.48591e-17 0.0162037 -0.0229879 0.00227003 0.017 -0.0231 -1.02585e-17 0.017 0.0229879 -0.00227003 0.017 0.0229882 -0.00226674 0.0162037 0.0226547 -0.00451117 0.017 0.0221042 -0.00670901 0.017 0.0226548 -0.00451213 0.0162037 0.0213386 -0.00884589 0.017 0.022103 -0.00671109 0.0162037 0.0213402 -0.0088431 0.0162037 0.0203721 -0.0108897 0.017 0.0192033 -0.0128386 0.017 0.0203685 -0.0108953 0.0162037 0.0178535 -0.0146575 0.017 0.0192066 -0.0128342 0.0162037 0.0178519 -0.0146595 0.0162037 0.0163312 -0.016337 0.017 0.0146491 -0.0178602 0.017 0.0163312 -0.0163366 0.0162037 0.0128328 -0.0192075 0.017 0.0146504 -0.0178596 0.0162037 0.0128279 -0.0192101 0.0162037 0.0108835 -0.020375 0.017 0.00883657 -0.0213426 0.017 0.010887 -0.0203736 0.0162037 0.00670123 -0.0221065 0.017 0.00883312 -0.0213439 0.0162037 0.00670501 -0.0221054 0.0162037 0.00450033 -0.0226568 0.017 0.00226259 -0.0229889 0.017 0.00450027 -0.0226571 0.0162037 -6.50424e-06 -0.0230996 0.017 0.0022593 -0.0229887 0.0162037 -4.41007e-06 -0.0230999 0.0162037 -0.00226695 -0.0229882 0.017 -0.00451135 -0.022655 0.017 -0.00227102 -0.0229875 0.0162037 -0.00671117 -0.0221031 0.017 -0.0045083 -0.0226558 0.0162037 -0.00671224 -0.0221028 0.0162037 -0.00884195 -0.0213408 0.017 -0.0108949 -0.0203689 0.017 -0.00884185 -0.0213406 0.0162037 -0.0128352 -0.0192057 0.017 -0.0108943 -0.0203694 0.0162037 -0.0128381 -0.0192033 0.0162037 -0.0146584 -0.017853 0.017 -0.0163378 -0.0163298 0.017 -0.0146573 -0.0178541 0.0162037 -0.0178582 -0.0146524 0.017 -0.0163388 -0.0163287 0.0162037 -0.0178571 -0.0146538 0.0162037 -0.0192103 -0.0128279 0.017 -0.0203728 -0.0108883 0.017 -0.0192104 -0.0128277 0.0162037 -0.0213435 -0.00883472 0.017 -0.0203737 -0.010886 0.0162037 -0.0213435 -0.00883501 0.0162037 -0.0221064 -0.00670039 0.017 -0.0226567 -0.00450349 0.017 -0.0221066 -0.00669934 0.0162037 -0.0229879 -0.00227003 0.017 -0.0226566 -0.00450376 0.0162037 -0.0229878 -0.00227065 0.0162037 -0.0101276 0.0156005 0.017 -0.00843074 0.0165793 0.017 -0.0108835 0.020375 0.017 0.00563004 0.00495506 0.017 0.00615288 0.00723824 0.017 0.00471165 0.00583527 0.017 0.00476535 0.0179791 0.017 0.00451135 0.022655 0.017 0.00285459 0.0183794 0.017 -0.00232539 0.009211 0.017 -0.00126751 0.00739212 0.017 -0.0009 0.00945727 0.017 0.0009 0.00945727 0.017 0.0009 0.0185782 0.017 -0.0009 0.0185782 0.017 -0.00615288 0.00723824 0.017 -0.00471165 0.00583527 0.017 -0.00498263 0.00808847 0.017 6.50424e-06 0.0230996 0.017 0.00226695 0.0229882 0.017 -0.00563004 0.00495506 0.017 -0.00718048 0.00622019 0.017 -0.0080416 0.00505793 0.017 -0.00285459 0.0183794 0.017 -0.00226259 0.0229889 0.017 -0.00695917 0.00279642 0.017 -0.00638647 0.0039323 0.017 -0.00871628 0.00377841 0.017 -0.00450033 0.0226568 0.017 -0.00477335 0.0179766 0.017 0.00947877 0.000634781 0.017 0.00749324 0.000318309 0.017 0.00946526 -0.000811662 0.017 -0.00670123 0.0221065 0.017 -0.00663561 0.0173761 0.017 -0.00927252 0.00206651 0.017 -0.00733166 0.00158009 0.017 -0.00883657 0.0213426 0.017 -0.0192033 0.0128386 0.017 -0.0144771 0.0116775 0.017 -0.0178535 0.0146575 0.017 0.00923231 -0.00223929 0.017 0.00717125 -0.00219617 0.017 0.00878532 -0.003615 0.017 -0.0213386 0.00884589 0.017 -0.0165978 0.00839444 0.017 -0.0203721 0.0108897 0.017 -0.0156265 0.010088 0.017 0.00215299 -0.00925282 0.017 0.00188984 -0.007258 0.017 0.000636044 -0.00747298 0.017 -0.000636044 -0.00747298 0.017 0.000723253 -0.00947243 0.017 0.00602998 -0.00445975 0.017 0.00813464 -0.00490689 0.017 0.00669694 -0.00337653 0.017 0.00483073 -0.0081801 0.017 0.00419981 -0.00621382 0.017 0.00308926 -0.00683421 0.017 -0.00308926 -0.00683421 0.017 -0.00483073 -0.0081801 0.017 -0.00353281 -0.00881869 0.017 -0.00749324 0.000318309 0.017 -0.00946526 -0.000811662 0.017 -0.00743925 -0.000952634 0.017 -0.0116481 -0.0145011 0.017 -0.00628696 -0.00712209 0.017 0.00450033 -0.0226568 0.017 0.00293475 -0.0183666 0.017 0.00226259 -0.0229889 0.017 0.00743925 -0.000952634 0.017 0.00628696 -0.00712209 0.017 0.0116481 -0.0145011 0.017 -0.00518954 -0.00541467 0.017 -0.00729537 -0.00608503 0.017 -0.00717125 -0.00219617 0.017 -0.00923231 -0.00223929 0.017 -0.00419981 -0.00621382 0.017 -0.0192103 -0.0128279 0.017 -0.0157695 -0.00986306 0.017 -0.0203728 -0.0108883 0.017 -0.00669694 -0.00337653 0.017 -0.00813464 -0.00490689 0.017 -0.00602998 -0.00445975 0.017 -0.0128352 -0.0192057 0.017 -0.0108949 -0.0203689 0.017 -0.0101919 -0.0155591 0.017 -0.0131699 0.0131339 0.017 -0.0163378 -0.0163298 0.017 -0.0146584 -0.017853 0.017 -0.0131943 -0.0131098 0.017 -0.000723253 -0.00947243 0.017 -0.00215299 -0.00925282 0.017 -0.0128328 0.0192075 0.017 -0.0226547 0.00451117 0.017 -0.017947 0.00488503 0.017 -0.0221042 0.00670901 0.017 -0.00188984 -0.007258 0.017 0.00353281 -0.00881869 0.017 -0.0173908 0.00659693 0.017 0.00518954 -0.00541467 0.017 0.00729537 -0.00608503 0.017 -0.0117124 0.0144491 0.017 -0.0146491 0.0178602 0.017 -0.00947877 0.000634781 0.017 -0.00878532 -0.003615 0.017 -0.0163312 0.016337 0.017 -0.0229879 0.00227003 0.017 -0.018436 0.00246424 0.017 -0.0181362 -0.0041266 0.017 -0.0184836 -0.00207677 0.017 -0.0226567 -0.00450349 0.017 -0.0231 -1.02585e-17 0.017 -0.0229879 -0.00227003 0.017 -0.0186 1.19644e-17 0.017 -0.017563 -0.00612304 0.017 -0.0221064 -0.00670039 0.017 -0.0213435 -0.00883472 0.017 -0.0167722 -0.00804068 0.017 -0.0145701 -0.0115613 0.017 -0.0178582 -0.0146524 0.017 -0.00884195 -0.0213408 0.017 -0.00670468 -0.0173491 0.017 -0.00849375 -0.0165472 0.017 -0.000976322 -0.018574 0.017 -0.00292444 -0.0183684 0.017 -0.00226695 -0.0229882 0.017 -0.00671117 -0.0221031 0.017 -0.00451135 -0.022655 0.017 -0.00484509 -0.0179579 0.017 0.000982594 -0.018574 0.017 -6.50424e-06 -0.0230996 0.017 0.00484838 -0.0179567 0.017 0.00671258 -0.0173464 0.017 0.00670123 -0.0221065 0.017 0.00883657 -0.0213426 0.017 0.00849375 -0.0165472 0.017 0.0108835 -0.020375 0.017 0.0101919 -0.0155591 0.017 0.0128328 -0.0192075 0.017 0.0178535 -0.0146575 0.017 0.0144281 -0.0117377 0.017 0.0131126 -0.0131914 0.017 0.0192033 -0.0128386 0.017 0.0203721 -0.0108897 0.017 0.0155817 -0.0101572 0.017 0.0173632 -0.00666821 0.017 0.0221042 -0.00670901 0.017 0.0179685 -0.00480517 0.017 0.0165657 -0.00845744 0.017 0.0213386 -0.00884589 0.017 0.0183746 -0.0028845 0.017 0.0226547 -0.00451117 0.017 0.0229879 -0.00227003 0.017 0.0185761 -0.000937848 0.017 0.0231 -7.42953e-18 0.017 0.0185717 0.00102372 0.017 0.018362 0.00296468 0.017 0.0229879 0.00227003 0.017 0.0226567 0.00450349 0.017 0.017947 0.00488503 0.017 0.0146491 -0.0178602 0.017 0.0163312 -0.016337 0.017 0.0192103 0.0128279 0.017 0.0144751 0.0116803 0.017 0.0156217 0.0100948 0.017 0.0213435 0.00883472 0.017 0.0203728 0.0108883 0.017 0.0165978 0.00839444 0.017 0.0163378 0.0163298 0.017 0.0131626 0.0131414 0.017 0.0178582 0.0146524 0.017 0.00927251 0.00206651 0.017 0.00733166 0.00158009 0.017 0.0173908 0.00659693 0.017 0.00871628 0.00377841 0.017 0.00695917 0.00279642 0.017 0.0101226 0.0156042 0.017 0.0128352 0.0192057 0.017 0.0108949 0.0203689 0.017 0.0117074 0.0144528 0.017 0.0146584 0.017853 0.017 0.0080416 0.00505793 0.017 0.00718048 0.00622019 0.017 0.00842138 0.0165839 0.017 0.0221064 0.00670039 0.017 0.00663227 0.0173771 0.017 0.00884195 0.0213408 0.017 0.00369686 0.00875118 0.017 0.00232539 0.009211 0.017 0.00249855 0.00707158 0.017 0 0.0075 0.017 0.00126751 0.00739212 0.017 0.00671117 0.0221031 0.017 0.00498263 0.00808847 0.017 0.00365771 0.00654761 0.017 0.00638647 0.0039323 0.017 -0.00365771 0.00654761 0.017 -0.00249855 0.00707158 0.017 -0.00369686 0.00875118 0.017 0.00123446 0.00739771 0.0121 0.00126751 0.00739212 0.017 0 0.0075 0.017 0.00471165 0.00583527 0.017 0.00365771 0.00654761 0.017 0.0046066 0.00591855 0.0121 0.00249855 0.00707158 0.017 0.00243525 0.00709363 0.0121 0.00356961 0.00659605 0.0121 0.0068683 0.00301272 0.0121 0.00695917 0.00279642 0.017 0.00638647 0.0039323 0.017 0.00551793 0.00507961 0.0121 0.00627875 0.00410211 0.0121 0.00563004 0.00495506 0.017 0.00749324 0.000318309 0.017 0.00747438 -0.000619345 0.0121 0.00743925 -0.000952634 0.017 0.00733166 0.00158009 0.017 0.0072705 0.00184114 0.0121 0.00747438 0.000619345 0.0121 0.00602998 -0.00445975 0.017 0.00669694 -0.00337653 0.017 0.00627875 -0.00410211 0.0121 0.0068683 -0.00301272 0.0121 0.00717125 -0.00219617 0.017 0.0072705 -0.00184114 0.0121 0.00356961 -0.00659605 0.0121 0.00308926 -0.00683421 0.017 0.00419981 -0.00621382 0.017 0.00551793 -0.00507961 0.0121 0.0046066 -0.00591855 0.0121 0.00518954 -0.00541467 0.017 0.000636044 -0.00747298 0.017 -3.67891e-13 -0.0075 0.0121 -0.000636044 -0.00747298 0.017 0.00188984 -0.007258 0.017 0.00243525 -0.00709363 0.0121 0.00123446 -0.00739771 0.0121 -0.00419981 -0.00621382 0.017 -0.00308926 -0.00683421 0.017 -0.00356961 -0.00659605 0.0121 -0.00243525 -0.00709363 0.0121 -0.00188984 -0.007258 0.017 -0.00123446 -0.00739771 0.0121 -0.00627875 -0.00410211 0.0121 -0.00669694 -0.00337653 0.017 -0.00602998 -0.00445975 0.017 -0.0046066 -0.00591855 0.0121 -0.00551793 -0.00507961 0.0121 -0.00518954 -0.00541467 0.017 -0.00743925 -0.000952634 0.017 -0.00747438 -0.000619345 0.0121 -0.00749324 0.000318309 0.017 -0.00717125 -0.00219617 0.017 -0.0068683 -0.00301272 0.0121 -0.0072705 -0.00184114 0.0121 -0.00747438 0.000619345 0.0121 -0.0072705 0.00184114 0.0121 -0.00733166 0.00158009 0.017 -0.0068683 0.00301272 0.0121 -0.00695917 0.00279642 0.017 -0.00638647 0.0039323 0.017 -0.00627875 0.00410211 0.0121 -0.00551793 0.00507961 0.0121 -0.00563004 0.00495506 0.017 -0.0046066 0.00591855 0.0121 -0.00471165 0.00583527 0.017 -0.00365771 0.00654761 0.017 -0.00356961 0.00659605 0.0121 -0.00243525 0.00709363 0.0121 -0.00249855 0.00707158 0.017 -0.00123446 0.00739771 0.0121 -0.00126751 0.00739212 0.017 0 0.0075 0.0121 -0.00747438 -0.000619345 0.0121 -0.00647747 -0.000538929 0.0111 -0.00647784 0.000534654 0.0111 0 0.0075 0.0121 -0.00123446 0.00739771 0.0121 3.6826e-18 0.0065 0.0111 -0.0063004 -0.00159775 0.0111 -0.0072705 -0.00184114 0.0121 -0.0068683 -0.00301272 0.0121 -0.00595149 -0.00261294 0.0111 -0.00627875 -0.00410211 0.0121 -0.00544029 -0.00355681 0.0111 -0.00478076 -0.00440362 0.0111 -0.00551793 -0.00507961 0.0121 -0.0046066 -0.00591855 0.0121 -0.00399093 -0.00513032 0.0111 -0.00356961 -0.00659605 0.0121 -0.00309235 -0.00571711 0.0111 -0.00210954 -0.00614803 0.0111 -0.00243525 -0.00709363 0.0121 -0.00123446 -0.00739771 0.0121 -0.00107016 -0.0064113 0.0111 -3.67891e-13 -0.0075 0.0121 -7.3652e-18 -0.0065 0.0111 -0.00747438 0.000619345 0.0121 -0.00630148 0.0015937 0.0111 -0.0072705 0.00184114 0.0121 -0.00595318 0.00260931 0.0111 -0.0068683 0.00301272 0.0121 -0.00627875 0.00410211 0.0121 -0.00544242 0.00355376 0.0111 -0.00478312 0.00440126 0.0111 -0.00551793 0.00507961 0.0121 -0.00399328 0.00512868 0.0111 -0.0046066 0.00591855 0.0121 -0.00356961 0.00659605 0.0121 -0.00309443 0.00571614 0.0111 -0.00211111 0.00614761 0.0111 -0.00243525 0.00709363 0.0121 -0.00107016 0.0064113 0.0111 0.00243525 0.00709363 0.0121 0.00211055 0.00614781 0.0111 0.00309366 0.00571658 0.0111 0.00106986 0.00641135 0.0111 0.00123446 0.00739771 0.0121 0.00544158 0.00355516 0.0111 0.00551793 0.00507961 0.0121 0.00478221 0.00440233 0.0111 0.00399238 0.00512941 0.0111 0.0046066 0.00591855 0.0121 0.00356961 0.00659605 0.0121 0.0063011 0.00159566 0.0111 0.0064778 0.000536766 0.0111 0.0072705 0.00184114 0.0121 0.00627875 0.00410211 0.0121 0.00595253 0.00261102 0.0111 0.0068683 0.00301272 0.0121 0.0072705 -0.00184114 0.0121 0.0063011 -0.00159566 0.0111 0.00595253 -0.00261102 0.0111 0.00747438 -0.000619345 0.0121 0.00747438 0.000619345 0.0121 0.0064778 -0.000536766 0.0111 0.00399238 -0.00512941 0.0111 0.00551793 -0.00507961 0.0121 0.00478221 -0.00440233 0.0111 0.00544158 -0.00355516 0.0111 0.00627875 -0.00410211 0.0121 0.0068683 -0.00301272 0.0121 0.0046066 -0.00591855 0.0121 0.00309366 -0.00571658 0.0111 0.00211055 -0.00614781 0.0111 0.00356961 -0.00659605 0.0121 0.00106986 -0.00641135 0.0111 0.00243525 -0.00709363 0.0121 0.00123446 -0.00739771 0.0121 0.00106986 0.00641135 0.0111 3.6826e-18 0.0065 0.0111 0 0.0065 0.006 0.00399238 0.00512941 0.0111 0.00309366 0.00571658 0.0111 0.00317002 0.00567459 0.006 0.00211055 0.00614781 0.0111 0.00109851 0.0064065 0.006 0.00216541 0.0061287 0.006 0.00553494 0.003408 0.006 0.00595253 0.00261102 0.0111 0.00544158 0.00355516 0.0111 0.00408343 0.00505723 0.006 0.00487937 0.00429439 0.006 0.00478221 0.00440233 0.0111 0.0064778 0.000536766 0.0111 0.00649414 0.000275868 0.006 0.0064778 -0.000536766 0.0111 0.0063011 0.00159566 0.0111 0.00603128 0.00242357 0.006 0.00635411 0.00136942 0.006 0.00544158 -0.00355516 0.0111 0.00595253 -0.00261102 0.0111 0.00580402 -0.00292632 0.006 0.00621508 -0.00190335 0.006 0.0063011 -0.00159566 0.0111 0.00644735 -0.000825616 0.006 0.00363984 -0.00538531 0.006 0.00309366 -0.00571658 0.0111 0.00399238 -0.00512941 0.0111 0.00522598 -0.00386512 0.006 0.0044976 -0.00469271 0.006 0.00478221 -0.00440233 0.0111 0.00106986 -0.00641135 0.0111 0.000551239 -0.00647658 0.006 -7.3652e-18 -0.0065 0.0111 0.00211055 -0.00614781 0.0111 0.00267736 -0.00592299 0.006 0.00163786 -0.00629026 0.006 -0.00309235 -0.00571711 0.0111 -0.00210954 -0.00614803 0.0111 -0.00267736 -0.00592299 0.006 -0.00163786 -0.00629026 0.006 -0.00107016 -0.0064113 0.0111 -0.000551239 -0.00647658 0.006 -0.00522598 -0.00386512 0.006 -0.00544029 -0.00355681 0.0111 -0.00478076 -0.00440362 0.0111 -0.00363984 -0.00538531 0.006 -0.0044976 -0.00469271 0.006 -0.00399093 -0.00513032 0.0111 -0.0063004 -0.00159775 0.0111 -0.00644735 -0.000825616 0.006 -0.00647747 -0.000538929 0.0111 -0.00595149 -0.00261294 0.0111 -0.00580402 -0.00292632 0.006 -0.00621508 -0.00190335 0.006 -0.00649414 0.000275868 0.006 -0.00635411 0.00136942 0.006 -0.00647784 0.000534654 0.0111 -0.00603128 0.00242357 0.006 -0.00630148 0.0015937 0.0111 -0.00595318 0.00260931 0.0111 -0.00553494 0.003408 0.006 -0.00487937 0.00429439 0.006 -0.00544242 0.00355376 0.0111 -0.00408343 0.00505723 0.006 -0.00478312 0.00440126 0.0111 -0.00399328 0.00512868 0.0111 -0.00317002 0.00567459 0.006 -0.00216541 0.0061287 0.006 -0.00309443 0.00571614 0.0111 -0.00109851 0.0064065 0.006 -0.00211111 0.00614761 0.0111 -0.00107016 0.0064113 0.0111 0.00267736 -0.00592299 0.006 0.00363984 -0.00538531 0.006 0.00419981 -0.00621382 0.006 0.00553494 0.003408 0.006 0.00638647 0.0039323 0.006 0.00695917 0.00279642 0.006 0.00733166 0.00158009 0.006 0.00603128 0.00242357 0.006 0.00487937 0.00429439 0.006 0.00563004 0.00495506 0.006 0.00635411 0.00136942 0.006 0.00749324 0.000318309 0.006 0.00365771 0.00654761 0.006 0.00471165 0.00583527 0.006 0.00408343 0.00505723 0.006 0.00649414 0.000275868 0.006 0.00743925 -0.000952634 0.006 0.00317002 0.00567459 0.006 0.00216541 0.0061287 0.006 0.00249855 0.00707158 0.006 0.00644735 -0.000825616 0.006 0.00717125 -0.00219617 0.006 -0.00126751 0.00739212 0.006 0 0.0065 0.006 -0.00109851 0.0064065 0.006 0.00621508 -0.00190335 0.006 0.00669694 -0.00337653 0.006 0.000636044 -0.00747298 0.006 -0.000551239 -0.00647658 0.006 0.000551239 -0.00647658 0.006 -0.00317002 0.00567459 0.006 -0.00365771 0.00654761 0.006 -0.00216541 0.0061287 0.006 -0.00553494 0.003408 0.006 -0.00638647 0.0039323 0.006 -0.00563004 0.00495506 0.006 -0.00649414 0.000275868 0.006 -0.00749324 0.000318309 0.006 -0.00733166 0.00158009 0.006 -0.00267736 -0.00592299 0.006 -0.00308926 -0.00683421 0.006 -0.00363984 -0.00538531 0.006 -0.00580402 -0.00292632 0.006 -0.00669694 -0.00337653 0.006 -0.00717125 -0.00219617 0.006 -0.00522598 -0.00386512 0.006 -0.00602998 -0.00445975 0.006 -0.00743925 -0.000952634 0.006 -0.00644735 -0.000825616 0.006 -0.00621508 -0.00190335 0.006 -0.00419981 -0.00621382 0.006 -0.0044976 -0.00469271 0.006 -0.00518954 -0.00541467 0.006 -0.00695917 0.00279642 0.006 -0.00635411 0.00136942 0.006 -0.00163786 -0.00629026 0.006 -0.00188984 -0.007258 0.006 -0.00603128 0.00242357 0.006 -0.00487937 0.00429439 0.006 -0.00408343 0.00505723 0.006 -0.000636044 -0.00747298 0.006 0.00163786 -0.00629026 0.006 0.00188984 -0.007258 0.006 -0.00471165 0.00583527 0.006 0.00308926 -0.00683421 0.006 0.00518954 -0.00541467 0.006 0.0044976 -0.00469271 0.006 -0.00249855 0.00707158 0.006 0.00602998 -0.00445975 0.006 0.00580402 -0.00292632 0.006 0.00522598 -0.00386512 0.006 -8.49831e-18 0.0075 0.006 0.00126751 0.00739212 0.006 0.00109851 0.0064065 0.006 -0.0218101 0.00373972 0.0134131 -0.0221284 -2.50739e-17 0.0134131 -0.0216504 0.00371234 0.0136571 -0.0223288 -2.5301e-17 0.0131997 -0.0220077 0.00377359 0.0131997 -0.017756 0.0143369 0.0128869 -0.0150776 0.0171315 0.0128869 -0.0163392 0.0163284 0.0127963 -0.0193184 0.0107919 0.0134131 -0.0210534 0.00743862 0.0131997 -0.0208644 0.00737186 0.0134131 -0.0225621 -2.55652e-17 0.0130226 -0.0219664 -2.48903e-17 0.0136571 -0.0215331 0.00369221 0.0139246 -0.0178578 0.0146525 0.0127963 -0.0215179 0.00760276 0.0128869 -0.0221068 0.00669832 0.0127963 -0.0224933 0.00385686 0.0128869 -0.0199235 0.0111299 0.0128869 -0.0203745 0.010884 0.0127963 -0.0213433 0.0088355 0.0127963 -0.0222375 0.00381301 0.0130226 -0.0228215 -2.58593e-17 0.0128869 -0.0226566 0.00450411 0.0127963 -0.0229876 0.00227134 0.0127963 -0.0231 2.29881e-17 0.0127963 -0.0207116 0.00731788 0.0136571 -0.0205993 0.00727821 0.0139246 -0.0218473 -2.47554e-17 0.0139246 -0.019177 0.0107129 0.0136571 -0.019073 0.0106548 0.0139246 -0.0190094 0.0106193 0.0142082 -0.0169223 0.0136638 0.0145 -0.0169413 0.0136792 0.0142082 -0.0170906 0.0137997 0.0136571 -0.014434 0.0164002 0.0139246 -0.0145126 0.0164896 0.0136571 -0.000927226 0.0218276 0.0139246 -0.00093228 0.0219466 0.0136571 -0.00462786 0.0214734 0.0136571 -0.016998 0.0137249 0.0139246 0.002775 0.0216704 0.0139246 0.00279012 0.0217885 0.0136571 -0.00462786 0.0214734 0.0153429 -0.00814591 0.0202719 0.0150754 -0.00819031 0.0203824 0.0153429 -0.00460277 0.021357 0.0139246 -0.00814591 0.0202719 0.0139246 -0.00458744 0.0212858 0.0142082 0.00639739 0.0208897 0.0139246 0.00643226 0.0210035 0.0136571 0.00276575 0.0215981 0.0142082 -0.000924136 0.0217549 0.0142082 0.0063689 0.0207966 0.0145 0.00637607 0.0208201 0.0142082 0.0131583 0.0177912 0.0155869 0.00996229 0.019759 0.0155869 0.0132775 0.0179523 0.0158003 0.0200164 0.00904798 0.0136571 0.0181994 0.0123006 0.0136571 0.0199079 0.00899893 0.0139246 0.00980296 0.019443 0.0142082 0.00979193 0.0194211 0.0145 0.0211424 0.00550504 0.0139246 0.0212576 0.00553505 0.0136571 0.0129911 0.0175652 0.0139246 0.00983574 0.019508 0.0139246 0.0129478 0.0175066 0.0142082 0.0217686 0.00185278 0.0139246 0.0218873 0.00186288 0.0136571 0.0157202 0.0150666 0.0142082 0.0157025 0.0150497 0.0145 0.0211424 -0.00550504 0.0139246 0.0212576 -0.00553505 0.0136571 0.0218873 -0.00186288 0.0136571 0.0157728 0.015117 0.0139246 0.0180404 0.0121932 0.0142082 0.0181007 0.0122339 0.0139246 0.0198415 0.00896894 0.0142082 0.0210482 0.00548052 0.0145 0.0210719 0.0054867 0.0142082 0.0220487 -0.00187662 0.0134131 0.0199079 -0.00899893 0.0139246 0.0200164 -0.00904798 0.0136571 0.0210719 -0.0054867 0.0142082 0.0216961 -0.00184661 0.0142082 0.0210482 -0.00548052 0.0145 0.0217686 -0.00185278 0.0139246 0.0198415 -0.00896894 0.0142082 0.0157202 -0.0150666 0.0147918 0.0157728 -0.015117 0.0150754 0.0129911 -0.0175652 0.0150754 0.00286578 -0.0223793 0.0159774 0.00283616 -0.022148 0.0158003 0.00653839 -0.0213501 0.0158003 -0.0224933 -0.00385686 0.0161131 -0.0221066 -0.00669934 0.0162037 -0.0226566 -0.00450376 0.0162037 0.0130619 -0.0176609 0.0136571 0.00983574 -0.019508 0.0139246 0.00988935 -0.0196144 0.0136571 0.002775 -0.0216704 0.0150754 -0.000927226 -0.0218276 0.0150754 0.00276575 -0.0215981 0.0147918 -0.0215179 -0.00760276 0.0161131 -0.0115171 -0.018705 0.0153429 -0.00819031 -0.0203824 0.0153429 -0.0116021 -0.018843 0.0155869 -0.0175541 -0.0141739 0.0159774 -0.0173726 -0.0140274 0.0158003 -0.0147521 -0.0167616 0.0158003 -0.00093228 -0.0219466 0.0153429 -0.00462786 -0.0214734 0.0153429 -0.00825072 -0.0205327 0.0155869 -0.0117072 -0.0190137 0.0158003 0.00980296 -0.019443 0.0147918 0.00637607 -0.0208201 0.0147918 0.00979193 -0.0194211 0.0145 0.00279012 -0.0217885 0.0153429 0.0157728 -0.015117 0.0139246 0.0129478 -0.0175066 0.0142082 0.0129911 -0.0175652 0.0139246 0.0129333 -0.0174869 0.0145 0.0129478 -0.0175066 0.0147918 0.0131583 -0.0177912 0.0134131 0.00279012 -0.0217885 0.0136571 0.0064797 -0.0211585 0.0134131 0.00643226 -0.0210035 0.0136571 0.00996229 -0.019759 0.0134131 -0.000947663 -0.0223087 0.0131997 -0.000939156 -0.0221085 0.0134131 -0.004662 -0.0216317 0.0134131 -0.00093228 -0.0219466 0.0136571 0.0028107 -0.0219492 0.0134131 -0.0117072 -0.0190137 0.0131997 -0.00832545 -0.0207187 0.0131997 -0.0116021 -0.018843 0.0134131 -0.00825072 -0.0205327 0.0134131 -0.00470422 -0.0218277 0.0131997 -0.0147521 -0.0167616 0.0131997 -0.0146197 -0.0166112 0.0134131 -0.0119655 -0.0194332 0.0128869 -0.0150776 -0.0171315 0.0128869 -0.0128328 -0.0192075 0.0127963 -0.017756 -0.0143369 0.0128869 -0.0199235 -0.0111299 0.0128869 -0.0192033 -0.0128386 0.0127963 -0.0163312 -0.016337 0.0127963 -0.0210534 -0.00743862 0.0131997 -0.0220077 -0.00377359 0.0131997 -0.0212732 -0.00751632 0.0130226 -0.0215179 -0.00760276 0.0128869 -0.0213386 -0.00884589 0.0127963 -0.0224933 -0.00385686 0.0128869 -0.0229879 -0.00227003 0.0127963 -0.0226547 -0.00451117 0.0127963 0.00283616 -0.022148 0.0131997 -0.00811876 -0.0202043 0.0147918 -0.00814591 -0.0202719 0.0150754 -0.0114547 -0.0186036 0.0150754 0.0181007 -0.0122339 0.0139246 0.0157202 -0.0150666 0.0142082 -0.017756 -0.0143369 0.0161131 -0.0199235 -0.0111299 0.0161131 -0.0149062 -0.0169367 0.0159774 -0.0150776 -0.0171315 0.0161131 0.00639739 -0.0208897 0.0150754 -0.0194934 -0.0108897 0.0158003 -0.0212732 -0.00751632 0.0159774 -0.0210534 -0.00743862 0.0158003 -0.0229878 -0.00227065 0.0162037 -0.0231 1.48591e-17 0.0162037 -0.0228215 -4.61288e-17 0.0161131 0.0157025 -0.0150497 0.0145 0.0180404 -0.0121932 0.0142082 0.0180201 -0.0121795 0.0145 0.0132775 -0.0179523 0.0158003 0.0131583 -0.0177912 0.0155869 0.0159757 -0.0153115 0.0155869 0.00639739 -0.0208897 0.0139246 0.002775 -0.0216704 0.0139246 0.0158588 -0.0151994 0.0136571 0.0198192 -0.00895885 0.0145 0.0162888 -0.0156116 0.0159774 0.0161204 -0.0154502 0.0158003 0.0184997 -0.0125036 0.0158003 0.0181994 -0.0123006 0.0136571 0.0216961 0.00184661 0.0142082 0.0216716 -0.00184453 0.0145 0.0216716 0.00184453 0.0145 0.0218873 -0.00186288 0.0153429 0.0217686 0.00185278 0.0150754 0.0218873 0.00186288 0.0153429 0.0216961 0.00184661 0.0147918 0.0217686 -0.00185278 0.0150754 0.0216961 -0.00184661 0.0147918 0.0198192 0.00895885 0.0145 0.0216084 0.00562638 0.0158003 0.0214144 0.00557587 0.0155869 0.020164 0.00911472 0.0155869 0.0180201 0.0121795 0.0145 0.0129333 0.0174869 0.0145 0.0129478 0.0175066 0.0147918 0.0157202 0.0150666 0.0147918 0.0181007 0.0122339 0.0150754 0.0180404 0.0121932 0.0147918 0.00276264 0.0215738 0.0145 0.0130619 0.0176609 0.0136571 0.0158588 0.0151994 0.0136571 -0.000923096 0.0217304 0.0145 0.00988935 0.0196144 0.0136571 -0.00458227 0.0212618 0.0145 -0.00811876 0.0202043 0.0142082 0.0100525 0.019938 0.0158003 0.00653839 0.0213501 0.0158003 0.0101575 0.0201462 0.0159774 -0.0114547 0.0186036 0.0139246 -0.000927226 0.0218276 0.0150754 -0.00458744 0.0212858 0.0147918 -0.00460277 0.021357 0.0150754 -0.0114165 0.0185416 0.0142082 -0.00810963 0.0201816 0.0145 -0.0143859 0.0163455 0.0142082 -0.0143697 0.0163271 0.0145 -0.0114037 0.0185208 0.0145 -0.00832545 0.0207187 0.0158003 -0.00475336 0.0220557 0.0159774 -0.00470422 0.0218277 0.0158003 -0.0116021 0.018843 0.0155869 -0.0146197 0.0166112 0.0155869 -0.0117072 0.0190137 0.0158003 -0.0115171 0.018705 0.0136571 -0.00819031 0.0203824 0.0136571 -0.0189881 0.0106074 0.0145 -0.0205307 0.00725395 0.0142082 -0.0170906 0.0137997 0.0153429 -0.019073 0.0106548 0.0150754 -0.019177 0.0107129 0.0153429 -0.0214613 0.00367991 0.0142082 -0.0205076 0.00724579 0.0145 -0.0217745 -2.46729e-17 0.0142082 -0.0214371 0.00367577 0.0145 -0.0190094 0.0106193 0.0147918 -0.016998 0.0137249 0.0150754 -0.0169413 0.0136792 0.0147918 -0.02175 -2.46451e-17 0.0145 -0.0214613 0.00367991 0.0147918 -0.0215331 0.00369221 0.0150754 -0.0217745 -4.40125e-17 0.0147918 -0.0218473 -4.41597e-17 0.0150754 -0.0210534 0.00743862 0.0158003 -0.0208644 0.00737186 0.0155869 -0.0218101 0.00373972 0.0155869 -0.0216504 0.00371234 0.0153429 -0.0219664 -4.44004e-17 0.0153429 -0.0221284 -4.47279e-17 0.0155869 -0.0205993 0.00727821 0.0150754 -0.0205307 0.00725395 0.0147918 -0.0220077 0.00377359 0.0158003 -0.0223288 -4.5133e-17 0.0158003 -0.0222375 0.00381301 0.0159774 -0.0225621 -4.56044e-17 0.0159774 -0.0224933 0.00385686 0.0161131 -0.0229878 0.00227065 0.0162037 -0.0146555 0.0178557 0.0127963 -0.0119655 0.0194332 0.0128869 -0.0128398 0.0192021 0.0127963 -0.0212732 0.00751632 0.0130226 -0.0172167 0.0139015 0.0134131 -0.0194934 0.0108897 0.0131997 -0.0207116 0.00731788 0.0153429 -0.0212732 0.00751632 0.0159774 -0.0199235 0.0111299 0.0161131 -0.0215179 0.00760276 0.0161131 -0.0213385 0.00884604 0.0162037 -0.0194934 0.0108897 0.0158003 -0.0221038 0.00670998 0.0162037 -0.0226548 0.00451095 0.0162037 -0.0192103 0.012828 0.0127963 -0.019697 0.0110034 0.0130226 -0.0146197 0.0166112 0.0134131 -0.0173726 0.0140274 0.0131997 -0.0172167 0.0139015 0.0155869 -0.0173726 0.0140274 0.0158003 -0.0147521 0.0167616 0.0158003 -0.0193184 0.0107919 0.0155869 -0.019697 0.0110034 0.0159774 -0.0108925 0.0203706 0.0127963 -0.00850915 0.0211758 0.0128869 -0.0088459 0.0213385 0.0127963 -0.0175541 0.0141739 0.0130226 -0.0149062 0.0169367 0.0159774 -0.0143859 0.0163455 0.0147918 -0.014434 0.0164002 0.0150754 -0.0175541 0.0141739 0.0159774 -0.017756 0.0143369 0.0161131 -0.0192026 0.0128394 0.0162037 -0.0203714 0.010891 0.0162037 -0.00480802 0.0223093 0.0128869 -0.00227134 0.0229876 0.0127963 -0.00451058 0.0226549 0.0127963 -0.0149062 0.0169367 0.0130226 -0.000968573 0.022801 0.0128869 -0.0147521 0.0167616 0.0131997 -0.00825072 0.0205327 0.0134131 -0.0117072 0.0190137 0.0131997 -0.0116021 0.018843 0.0134131 -0.0145126 0.0164896 0.0153429 -0.0114165 0.0185416 0.0147918 -0.0114547 0.0186036 0.0150754 -0.0150776 0.0171315 0.0161131 -0.0163297 0.0163382 0.0162037 -0.0178554 0.0146556 0.0162037 3.8096e-15 0.0231 0.0127963 0.00289874 0.0226367 0.0128869 0.00225634 0.022989 0.0127963 -0.0118294 0.0192122 0.0130226 -0.004662 0.0216317 0.0134131 -0.00832545 0.0207187 0.0131997 -0.0115171 0.018705 0.0153429 -0.00811876 0.0202043 0.0147918 -0.0118294 0.0192122 0.0159774 -0.0119655 0.0194332 0.0161131 -0.00850915 0.0211758 0.0161131 -0.0146499 0.0178596 0.0162037 -0.0128304 0.019209 0.0162037 -0.00671102 0.0221034 0.0127963 -0.00841241 0.0209351 0.0130226 -0.000939156 0.0221085 0.0134131 -0.00470422 0.0218277 0.0131997 -0.00825072 0.0205327 0.0155869 -0.00841241 0.0209351 0.0159774 -0.0108827 0.0203752 0.0162037 0.00450411 0.0226566 0.0127963 0.00668266 0.0218212 0.0128869 0.00669832 0.0221068 0.0127963 -0.00475336 0.0220557 0.0130226 -0.000957561 0.0225417 0.0159774 -0.000947663 0.0223087 0.0158003 -0.000924136 0.0217549 0.0147918 -0.004662 0.0216317 0.0155869 -0.00480802 0.0223093 0.0161131 -0.00669879 0.0221069 0.0162037 -0.0088389 0.0213421 0.0162037 0.0102743 0.0203779 0.0128869 0.012828 0.0192103 0.0127963 0.010884 0.0203745 0.0127963 -0.000957561 0.0225417 0.0130226 0.0135704 0.0183484 0.0128869 -0.000947663 0.0223087 0.0131997 0.0064797 0.0211585 0.0134131 0.00283616 0.022148 0.0131997 0.0028107 0.0219492 0.0134131 -0.000939156 0.0221085 0.0155869 0.00283616 0.022148 0.0158003 0.0028107 0.0219492 0.0155869 -0.00093228 0.0219466 0.0153429 0.00276575 0.0215981 0.0147918 0.002775 0.0216704 0.0150754 0.00289874 0.0226367 0.0161131 -0.000968573 0.022801 0.0161131 6.14741e-06 0.0230994 0.0162037 -0.00225869 0.0229891 0.0162037 -0.00450355 0.0226564 0.0162037 0.0146525 0.0178578 0.0127963 0.0164761 0.0157911 0.0128869 0.0163284 0.0163392 0.0127963 0.00286578 0.0223793 0.0130226 0.00996229 0.019759 0.0134131 0.00653839 0.0213501 0.0131997 0.00279012 0.0217885 0.0153429 0.00637607 0.0208201 0.0147918 0.00639739 0.0208897 0.0150754 0.00286578 0.0223793 0.0159774 0.00668266 0.0218212 0.0161131 0.0088355 0.0213433 0.0127963 0.00660668 0.0215731 0.0130226 0.0131583 0.0177912 0.0134131 0.0159757 0.0153115 0.0134131 0.0132775 0.0179523 0.0131997 0.00643226 0.0210035 0.0153429 0.00983574 0.019508 0.0150754 0.00980296 0.019443 0.0147918 0.0064797 0.0211585 0.0155869 0.00660668 0.0215731 0.0159774 0.00451356 0.0226542 0.0162037 0.00226731 0.0229884 0.0162037 0.0189079 0.0127795 0.0128869 0.0203706 0.0108925 0.0127963 0.0192021 0.0128398 0.0127963 0.0101575 0.0201462 0.0130226 0.0207956 0.00940022 0.0128869 0.0100525 0.019938 0.0131997 0.00988935 0.0196144 0.0153429 0.0129911 0.0175652 0.0150754 0.0102743 0.0203779 0.0161131 0.00884599 0.0213387 0.0162037 0.00670586 0.0221052 0.0162037 0.0221034 0.00671102 0.0127963 0.0213385 0.0088459 0.0127963 0.0134161 0.0181398 0.0130226 0.0183336 0.0123914 0.0134131 0.0161204 0.0154502 0.0131997 0.0130619 0.0176609 0.0153429 0.0157728 0.015117 0.0150754 0.0134161 0.0181398 0.0159774 0.0164761 0.0157911 0.0161131 0.0135704 0.0183484 0.0161131 0.0146593 0.0178519 0.0162037 0.0161204 0.0154502 0.0158003 0.0128376 0.0192041 0.0162037 0.0108928 0.02037 0.0162037 0.0178557 0.0146555 0.0127963 0.0162888 0.0156116 0.0130226 0.0220851 0.00575052 0.0128869 0.020164 0.00911472 0.0134131 0.0184997 0.0125036 0.0131997 0.0203467 0.00919728 0.0158003 0.0184997 0.0125036 0.0158003 0.0205592 0.00929334 0.0159774 0.0158588 0.0151994 0.0153429 0.0183336 0.0123914 0.0155869 0.0159757 0.0153115 0.0155869 0.0162888 0.0156116 0.0159774 0.0226549 0.00451058 0.0127963 0.0227393 0.0019354 0.0128869 0.0229876 0.00227134 0.0127963 0.0186929 0.0126342 0.0130226 0.0181994 0.0123006 0.0153429 0.0198415 0.00896894 0.0147918 0.0199079 0.00899893 0.0150754 0.0186929 0.0126342 0.0159774 0.0189079 0.0127795 0.0161131 0.0178607 0.0146486 0.0162037 0.0163358 0.0163325 0.0162037 0.0227393 -0.0019354 0.0128869 0.0226567 -0.00450349 0.0127963 0.0229879 -0.00227003 0.0127963 0.0205592 0.00929334 0.0130226 0.0220851 -0.00575052 0.0128869 0.0203467 0.00919728 0.0131997 0.0220487 0.00187662 0.0134131 0.0216084 0.00562638 0.0131997 0.0214144 0.00557587 0.0134131 0.0200164 0.00904798 0.0153429 0.0210719 0.0054867 0.0147918 0.0211424 0.00550504 0.0150754 0.0207956 0.00940022 0.0161131 0.020375 0.0108836 0.0162037 0.0192075 0.0128327 0.0162037 0.0221064 -0.00670039 0.0127963 0.0207956 -0.00940022 0.0128869 0.0213435 -0.00883472 0.0127963 0.021834 0.00568514 0.0130226 0.0222484 0.00189362 0.0131997 0.0212576 0.00553505 0.0153429 0.021834 0.00568514 0.0159774 0.0220851 0.00575052 0.0161131 0.0227393 0.0019354 0.0161131 0.0222484 0.00189362 0.0158003 0.0213431 0.00883501 0.0162037 0.0221064 0.00670155 0.0162037 0.0231 4.38628e-17 0.0127963 0.0224808 0.0019134 0.0130226 0.0214144 -0.00557587 0.0134131 0.0222484 -0.00189362 0.0131997 0.0220487 -0.00187662 0.0155869 0.0222484 -0.00189362 0.0158003 0.0216084 -0.00562638 0.0158003 0.0220487 0.00187662 0.0155869 0.0224808 0.0019134 0.0159774 0.0226569 0.0044996 0.0162037 0.0203728 -0.0108883 0.0127963 0.0189079 -0.0127795 0.0128869 0.0192103 -0.0128279 0.0127963 0.0224808 -0.0019134 0.0130226 0.0211424 -0.00550504 0.0150754 0.021834 -0.00568514 0.0159774 0.0210719 -0.0054867 0.0147918 0.0224808 -0.0019134 0.0159774 0.0227393 -0.0019354 0.0161131 0.0230996 -7.04467e-06 0.0162037 0.0229889 0.00226274 0.0162037 0.0164761 -0.0157911 0.0128869 0.0146584 -0.017853 0.0127963 0.0163378 -0.0163298 0.0127963 0.021834 -0.00568514 0.0130226 0.0135704 -0.0183484 0.0128869 0.0216084 -0.00562638 0.0131997 0.0183336 -0.0123914 0.0134131 0.0203467 -0.00919728 0.0131997 0.020164 -0.00911472 0.0134131 0.0214144 -0.00557587 0.0155869 0.0203467 -0.00919728 0.0158003 0.020164 -0.00911472 0.0155869 0.0212576 -0.00553505 0.0153429 0.0198415 -0.00896894 0.0147918 0.0199079 -0.00899893 0.0150754 0.0207956 -0.00940022 0.0161131 0.0220851 -0.00575052 0.0161131 0.022103 -0.00671109 0.0162037 0.0226548 -0.00451213 0.0162037 0.0229882 -0.00226674 0.0162037 0.0128352 -0.0192057 0.0127963 0.0102743 -0.0203779 0.0128869 0.0108949 -0.0203689 0.0127963 0.0205592 -0.00929334 0.0130226 0.0159757 -0.0153115 0.0134131 0.0184997 -0.0125036 0.0131997 0.0200164 -0.00904798 0.0153429 0.0180404 -0.0121932 0.0147918 0.0181007 -0.0122339 0.0150754 0.0205592 -0.00929334 0.0159774 0.0189079 -0.0127795 0.0161131 0.0178582 -0.0146524 0.0127963 0.0186929 -0.0126342 0.0130226 0.0132775 -0.0179523 0.0131997 0.0181994 -0.0123006 0.0153429 0.0183336 -0.0123914 0.0155869 0.0186929 -0.0126342 0.0159774 0.0203685 -0.0108953 0.0162037 0.0213402 -0.0088431 0.0162037 0.00668266 -0.0218212 0.0128869 0.00451135 -0.022655 0.0127963 0.00671117 -0.0221031 0.0127963 0.0162888 -0.0156116 0.0130226 0.00884195 -0.0213408 0.0127963 0.0161204 -0.0154502 0.0131997 0.0158588 -0.0151994 0.0153429 0.0164761 -0.0157911 0.0161131 0.0178519 -0.0146595 0.0162037 0.0192066 -0.0128342 0.0162037 6.50424e-06 -0.0230996 0.0127963 0.00226695 -0.0229882 0.0127963 0.00289874 -0.0226367 0.0128869 0.0134161 -0.0181398 0.0130226 0.0100525 -0.019938 0.0131997 0.0064797 -0.0211585 0.0155869 0.0130619 -0.0176609 0.0153429 0.00983574 -0.019508 0.0150754 0.0134161 -0.0181398 0.0159774 0.0102743 -0.0203779 0.0161131 0.0135704 -0.0183484 0.0161131 0.0128279 -0.0192101 0.0162037 0.0100525 -0.019938 0.0158003 0.0146504 -0.0178596 0.0162037 0.0163312 -0.0163366 0.0162037 -0.00226259 -0.0229889 0.0127963 -0.00480802 -0.0223093 0.0128869 -0.00450033 -0.0226568 0.0127963 0.0101575 -0.0201462 0.0130226 -0.000968573 -0.022801 0.0128869 0.00653839 -0.0213501 0.0131997 0.00980296 -0.019443 0.0142082 -0.000947663 -0.0223087 0.0158003 -0.000939156 -0.0221085 0.0155869 0.0028107 -0.0219492 0.0155869 0.00988935 -0.0196144 0.0153429 0.00996229 -0.019759 0.0155869 0.0101575 -0.0201462 0.0159774 0.00660668 -0.0215731 0.0130226 0.00637607 -0.0208201 0.0142082 0.0063689 -0.0207966 0.0145 0.00643226 -0.0210035 0.0153429 0.00660668 -0.0215731 0.0159774 0.00668266 -0.0218212 0.0161131 0.00883312 -0.0213439 0.0162037 0.010887 -0.0203736 0.0162037 -0.00850915 -0.0211758 0.0128869 -0.0108835 -0.020375 0.0127963 -0.00883657 -0.0213426 0.0127963 0.00286578 -0.0223793 0.0130226 0.00276575 -0.0215981 0.0142082 0.00276264 -0.0215738 0.0145 -0.00458744 -0.0212858 0.0147918 -0.000924136 -0.0217549 0.0147918 0.00289874 -0.0226367 0.0161131 0.00450027 -0.0226571 0.0162037 0.00670501 -0.0221054 0.0162037 -0.0146491 -0.0178602 0.0127963 -0.000957561 -0.0225417 0.0130226 -0.0222375 -0.00381301 0.0130226 -0.000927226 -0.0218276 0.0139246 -0.000924136 -0.0217549 0.0142082 -0.000923096 -0.0217304 0.0145 -0.00832545 -0.0207187 0.0158003 -0.0118294 -0.0192122 0.0159774 -0.00460277 -0.021357 0.0150754 -0.000957561 -0.0225417 0.0159774 -0.00480802 -0.0223093 0.0161131 -0.000968573 -0.022801 0.0161131 -0.00227102 -0.0229875 0.0162037 -0.00470422 -0.0218277 0.0158003 -4.41007e-06 -0.0230999 0.0162037 0.0022593 -0.0229887 0.0162037 -0.00670123 -0.0221065 0.0127963 -0.00475336 -0.0220557 0.0130226 -0.00462786 -0.0214734 0.0136571 -0.00460277 -0.021357 0.0139246 -0.00458744 -0.0212858 0.0142082 -0.00458227 -0.0212618 0.0145 -0.004662 -0.0216317 0.0155869 -0.00475336 -0.0220557 0.0159774 -0.0178535 -0.0146575 0.0127963 -0.00841241 -0.0209351 0.0130226 -0.00819031 -0.0203824 0.0136571 -0.00814591 -0.0202719 0.0139246 -0.00811876 -0.0202043 0.0142082 -0.00810963 -0.0201816 0.0145 -0.00841241 -0.0209351 0.0159774 -0.00850915 -0.0211758 0.0161131 -0.00671224 -0.0221028 0.0162037 -0.0045083 -0.0226558 0.0162037 -0.0203721 -0.0108897 0.0127963 -0.0118294 -0.0192122 0.0130226 -0.0115171 -0.018705 0.0136571 -0.0114547 -0.0186036 0.0139246 -0.0114165 -0.0185416 0.0142082 -0.0114037 -0.0185208 0.0145 -0.0114165 -0.0185416 0.0147918 -0.0146197 -0.0166112 0.0155869 -0.0119655 -0.0194332 0.0161131 -0.0108943 -0.0203694 0.0162037 -0.00884185 -0.0213406 0.0162037 -0.0145126 -0.0164896 0.0136571 -0.0149062 -0.0169367 0.0130226 -0.014434 -0.0164002 0.0139246 -0.0143859 -0.0163455 0.0142082 -0.0143697 -0.0163271 0.0145 -0.0143859 -0.0163455 0.0147918 -0.014434 -0.0164002 0.0150754 -0.0145126 -0.0164896 0.0153429 -0.0213435 -0.00883501 0.0162037 -0.0128381 -0.0192033 0.0162037 -0.0146573 -0.0178541 0.0162037 -0.0172167 -0.0139015 0.0134131 -0.0173726 -0.0140274 0.0131997 -0.0175541 -0.0141739 0.0130226 -0.0170906 -0.0137997 0.0136571 -0.016998 -0.0137249 0.0139246 -0.0169413 -0.0136792 0.0142082 -0.0169223 -0.0136638 0.0145 -0.0169413 -0.0136792 0.0147918 -0.016998 -0.0137249 0.0150754 -0.0170906 -0.0137997 0.0153429 -0.0172167 -0.0139015 0.0155869 -0.0163388 -0.0163287 0.0162037 -0.0193184 -0.0107919 0.0134131 -0.0194934 -0.0108897 0.0131997 -0.019697 -0.0110034 0.0130226 -0.019177 -0.0107129 0.0136571 -0.019073 -0.0106548 0.0139246 -0.0190094 -0.0106193 0.0142082 -0.0189881 -0.0106074 0.0145 -0.0190094 -0.0106193 0.0147918 -0.019073 -0.0106548 0.0150754 -0.019177 -0.0107129 0.0153429 -0.0193184 -0.0107919 0.0155869 -0.019697 -0.0110034 0.0159774 -0.0192104 -0.0128277 0.0162037 -0.0178571 -0.0146538 0.0162037 -0.0221042 -0.00670901 0.0127963 -0.0208644 -0.00737186 0.0134131 -0.0207116 -0.00731788 0.0136571 -0.0205993 -0.00727821 0.0139246 -0.0205307 -0.00725395 0.0142082 -0.0205076 -0.00724579 0.0145 -0.0205307 -0.00725395 0.0147918 -0.0205993 -0.00727821 0.0150754 -0.0207116 -0.00731788 0.0153429 -0.0208644 -0.00737186 0.0155869 -0.0203737 -0.010886 0.0162037 -0.0218101 -0.00373972 0.0134131 -0.0216504 -0.00371234 0.0136571 -0.0215331 -0.00369221 0.0139246 -0.0214613 -0.00367991 0.0142082 -0.0214371 -0.00367577 0.0145 -0.0214613 -0.00367991 0.0147918 -0.0215331 -0.00369221 0.0150754 -0.0216504 -0.00371234 0.0153429 -0.0218101 -0.00373972 0.0155869 -0.0220077 -0.00377359 0.0158003 -0.0222375 -0.00381301 0.0159774 0.0231 4.38628e-17 0.0127963 0.0230996 -7.04467e-06 0.0122037 0.0229889 0.00226274 0.0122037 0.0226569 0.0044996 0.0122037 0.0229876 0.00227134 0.0127963 0.0221064 0.00670155 0.0122037 0.0226549 0.00451058 0.0127963 0.0221034 0.00671102 0.0127963 0.0213431 0.00883501 0.0122037 0.020375 0.0108836 0.0122037 0.0213385 0.0088459 0.0127963 0.0192075 0.0128327 0.0122037 0.0203706 0.0108925 0.0127963 0.0192021 0.0128398 0.0127963 0.0178607 0.0146486 0.0122037 0.0163358 0.0163325 0.0122037 0.0178557 0.0146555 0.0127963 0.0146593 0.0178519 0.0122037 0.0163284 0.0163392 0.0127963 0.0146525 0.0178578 0.0127963 0.0128376 0.0192041 0.0122037 0.0108928 0.02037 0.0122037 0.012828 0.0192103 0.0127963 0.00884599 0.0213387 0.0122037 0.010884 0.0203745 0.0127963 0.0088355 0.0213433 0.0127963 0.00670586 0.0221052 0.0122037 0.00451356 0.0226542 0.0122037 0.00669832 0.0221068 0.0127963 0.00226731 0.0229884 0.0122037 0.00450411 0.0226566 0.0127963 0.00225634 0.022989 0.0127963 6.14741e-06 0.0230994 0.0122037 -0.00225869 0.0229891 0.0122037 3.8096e-15 0.0231 0.0127963 -0.00450355 0.0226564 0.0122037 -0.00227134 0.0229876 0.0127963 -0.00451058 0.0226549 0.0127963 -0.00669879 0.0221069 0.0122037 -0.0088389 0.0213421 0.0122037 -0.00671102 0.0221034 0.0127963 -0.0108827 0.0203752 0.0122037 -0.0088459 0.0213385 0.0127963 -0.0108925 0.0203706 0.0127963 -0.0128304 0.019209 0.0122037 -0.0146499 0.0178596 0.0122037 -0.0128398 0.0192021 0.0127963 -0.0163297 0.0163382 0.0122037 -0.0146555 0.0178557 0.0127963 -0.0163392 0.0163284 0.0127963 -0.0178554 0.0146556 0.0122037 -0.0192026 0.0128394 0.0122037 -0.0178578 0.0146525 0.0127963 -0.0203714 0.010891 0.0122037 -0.0192103 0.012828 0.0127963 -0.0203745 0.010884 0.0127963 -0.0213385 0.00884604 0.0122037 -0.0221038 0.00670998 0.0122037 -0.0213433 0.0088355 0.0127963 -0.0226548 0.00451095 0.0122037 -0.0221068 0.00669832 0.0127963 -0.0226566 0.00450411 0.0127963 -0.0229878 0.00227065 0.0122037 -0.0231 1.48591e-17 0.0122037 -0.0229876 0.00227134 0.0127963 -0.0231 2.29881e-17 0.0127963 0.0229879 -0.00227003 0.0127963 0.0229882 -0.00226674 0.0122037 0.0226567 -0.00450349 0.0127963 0.0221064 -0.00670039 0.0127963 0.0226548 -0.00451213 0.0122037 0.0213435 -0.00883472 0.0127963 0.022103 -0.00671109 0.0122037 0.0213402 -0.0088431 0.0122037 0.0203728 -0.0108883 0.0127963 0.0192103 -0.0128279 0.0127963 0.0203685 -0.0108953 0.0122037 0.0178582 -0.0146524 0.0127963 0.0192066 -0.0128342 0.0122037 0.0178519 -0.0146595 0.0122037 0.0163378 -0.0163298 0.0127963 0.0146584 -0.017853 0.0127963 0.0163312 -0.0163366 0.0122037 0.0128352 -0.0192057 0.0127963 0.0146504 -0.0178596 0.0122037 0.0128279 -0.0192101 0.0122037 0.0108949 -0.0203689 0.0127963 0.00884195 -0.0213408 0.0127963 0.010887 -0.0203736 0.0122037 0.00671117 -0.0221031 0.0127963 0.00883312 -0.0213439 0.0122037 0.00670501 -0.0221054 0.0122037 0.00451135 -0.022655 0.0127963 0.00226695 -0.0229882 0.0127963 0.00450027 -0.0226571 0.0122037 6.50424e-06 -0.0230996 0.0127963 0.0022593 -0.0229887 0.0122037 -4.41007e-06 -0.0230999 0.0122037 -0.00226259 -0.0229889 0.0127963 -0.00450033 -0.0226568 0.0127963 -0.00227102 -0.0229875 0.0122037 -0.00670123 -0.0221065 0.0127963 -0.0045083 -0.0226558 0.0122037 -0.00671224 -0.0221028 0.0122037 -0.00883657 -0.0213426 0.0127963 -0.0108835 -0.020375 0.0127963 -0.00884185 -0.0213406 0.0122037 -0.0128328 -0.0192075 0.0127963 -0.0108943 -0.0203694 0.0122037 -0.0128381 -0.0192033 0.0122037 -0.0146491 -0.0178602 0.0127963 -0.0163312 -0.016337 0.0127963 -0.0146573 -0.0178541 0.0122037 -0.0178535 -0.0146575 0.0127963 -0.0163388 -0.0163287 0.0122037 -0.0178571 -0.0146538 0.0122037 -0.0192033 -0.0128386 0.0127963 -0.0203721 -0.0108897 0.0127963 -0.0192104 -0.0128277 0.0122037 -0.0213386 -0.00884589 0.0127963 -0.0203737 -0.010886 0.0122037 -0.0213435 -0.00883501 0.0122037 -0.0221042 -0.00670901 0.0127963 -0.0226547 -0.00451117 0.0127963 -0.0221066 -0.00669934 0.0122037 -0.0229879 -0.00227003 0.0127963 -0.0226566 -0.00450376 0.0122037 -0.0229878 -0.00227065 0.0122037 -0.0218473 -2.47554e-17 0.00992458 -0.0216504 0.00371234 0.00965706 -0.0219664 -2.48903e-17 0.00965706 -0.0218101 0.00373972 0.00941315 -0.0221284 -2.50739e-17 0.00941315 -0.0208644 0.00737186 0.00941315 -0.0193184 0.0107919 0.00941315 -0.0194934 0.0108897 0.00919966 -0.0150776 0.0171315 0.00888687 -0.0163392 0.0163284 0.00879633 -0.017756 0.0143369 0.00888687 -0.0220077 0.00377359 0.00919966 -0.0223288 -2.5301e-17 0.00919966 -0.0222375 0.00381301 0.00902259 -0.0215179 0.00760276 0.00888687 -0.0199235 0.0111299 0.00888687 -0.0213433 0.0088355 0.00879633 -0.0178578 0.0146525 0.00879633 -0.0221068 0.00669832 0.00879633 -0.0224933 0.00385686 0.00888687 -0.0225621 -2.55652e-17 0.00902259 -0.0226566 0.00450411 0.00879633 -0.0203745 0.010884 0.00879633 -0.0229876 0.00227134 0.00879633 -0.0228215 -2.58593e-17 0.00888687 -0.0231 2.29881e-17 0.00879633 -0.0207116 0.00731788 0.00965706 -0.0215331 0.00369221 0.00992458 -0.019177 0.0107129 0.00965706 -0.0190094 0.0106193 0.0102082 -0.016998 0.0137249 0.00992458 -0.019073 0.0106548 0.00992458 -0.0217745 -2.46729e-17 0.0102082 -0.0114547 0.0186036 0.00992458 -0.014434 0.0164002 0.00992458 -0.0143859 0.0163455 0.0102082 -0.0205076 0.00724579 0.0105 -0.0205307 0.00725395 0.0102082 -0.0143697 0.0163271 0.0105 -0.0114165 0.0185416 0.0102082 -0.00814591 0.0202719 0.00992458 0.0028107 0.0219492 0.0115869 0.00279012 0.0217885 0.0113429 -0.000939156 0.0221085 0.0115869 -0.0114037 0.0185208 0.0105 -0.00811876 0.0202043 0.0102082 -0.000923096 0.0217304 0.0105 -0.000924136 0.0217549 0.0107918 0.00276264 0.0215738 0.0105 -0.00810963 0.0201816 0.0105 -0.00458744 0.0212858 0.0102082 0.00276575 0.0215981 0.0107918 0.0063689 0.0207966 0.0105 0.00276575 0.0215981 0.0102082 0.00639739 0.0208897 0.00992458 0.002775 0.0216704 0.00992458 0.00983574 0.019508 0.00992458 0.00637607 0.0208201 0.0102082 0.00979193 0.0194211 0.0105 0.0129478 0.0175066 0.0102082 0.00980296 0.019443 0.0102082 0.0157202 0.0150666 0.0102082 0.0129333 0.0174869 0.0105 0.0181007 0.0122339 0.0110754 0.0158588 0.0151994 0.0113429 0.0181994 0.0123006 0.0113429 0.0198192 0.00895885 0.0105 0.0180201 0.0121795 0.0105 0.0180404 0.0121932 0.0107918 0.0157025 0.0150497 0.0105 0.0157202 0.0150666 0.0107918 0.0198415 0.00896894 0.0107918 0.0210482 0.00548052 0.0105 0.0198415 0.00896894 0.0102082 0.0180404 0.0121932 0.0102082 0.0210719 0.0054867 0.0107918 0.0216716 0.00184453 0.0105 0.0217686 0.00185278 0.00992458 0.0211424 0.00550504 0.00992458 0.0210719 0.0054867 0.0102082 0.0216961 -0.00184661 0.0102082 0.0216961 0.00184661 0.0102082 0.0216961 0.00184661 0.0107918 0.0216716 -0.00184453 0.0105 0.0200164 -0.00904798 0.0113429 0.0181994 -0.0123006 0.0113429 0.0181007 -0.0122339 0.0110754 -0.0228215 -4.61288e-17 0.0121131 -0.0229878 -0.00227065 0.0122037 -0.0231 1.48591e-17 0.0122037 0.0198415 -0.00896894 0.0102082 0.0210719 -0.0054867 0.0102082 0.0210482 -0.00548052 0.0105 0.00988935 -0.0196144 0.0113429 0.00643226 -0.0210035 0.0113429 0.00639739 -0.0208897 0.0110754 -0.0224933 -0.00385686 0.0121131 -0.0226566 -0.00450376 0.0122037 -0.0213435 -0.00883501 0.0122037 -0.0215179 -0.00760276 0.0121131 -0.0199235 -0.0111299 0.0121131 0.00980296 -0.019443 0.0107918 0.00637607 -0.0208201 0.0107918 0.0063689 -0.0207966 0.0105 -0.0173726 -0.0140274 0.0118003 -0.0194934 -0.0108897 0.0118003 -0.0193184 -0.0107919 0.0115869 -0.0208644 -0.00737186 0.0115869 -0.0210534 -0.00743862 0.0118003 -0.00841241 -0.0209351 0.0119774 -0.0117072 -0.0190137 0.0118003 -0.00832545 -0.0207187 0.0118003 -0.0146197 -0.0166112 0.0115869 -0.0116021 -0.018843 0.0115869 -0.000927226 -0.0218276 0.0110754 0.00279012 -0.0217885 0.0113429 -0.00093228 -0.0219466 0.0113429 -0.00825072 -0.0205327 0.0115869 -0.00819031 -0.0203824 0.0113429 -0.004662 -0.0216317 0.0115869 0.0181007 -0.0122339 0.00992458 0.0180404 -0.0121932 0.0102082 0.0157728 -0.015117 0.00992458 -0.00460277 -0.021357 0.0110754 0.00983574 -0.019508 0.00992458 0.00639739 -0.0208897 0.00992458 0.00643226 -0.0210035 0.00965706 0.0157202 -0.0150666 0.0102082 0.0129911 -0.0175652 0.00992458 0.0064797 -0.0211585 0.00941315 0.00988935 -0.0196144 0.00965706 0.0129478 -0.0175066 0.0102082 -0.00093228 -0.0219466 0.00965706 -0.00462786 -0.0214734 0.00965706 -0.004662 -0.0216317 0.00941315 0.00279012 -0.0217885 0.00965706 0.0028107 -0.0219492 0.00941315 -0.0115171 -0.018705 0.00965706 -0.0116021 -0.018843 0.00941315 -0.00819031 -0.0203824 0.00965706 -0.00470422 -0.0218277 0.00919966 -0.000939156 -0.0221085 0.00941315 -0.0117072 -0.0190137 0.00919966 -0.00825072 -0.0205327 0.00941315 -0.0147521 -0.0167616 0.00919966 -0.0199235 -0.0111299 0.00888687 -0.0215179 -0.00760276 0.00888687 -0.0213386 -0.00884589 0.00879633 -0.0163312 -0.016337 0.00879633 -0.0150776 -0.0171315 0.00888687 -0.017756 -0.0143369 0.00888687 -0.0193184 -0.0107919 0.00941315 -0.0210534 -0.00743862 0.00919966 -0.0194934 -0.0108897 0.00919966 -0.0192033 -0.0128386 0.00879633 -0.0212732 -0.00751632 0.00902259 -0.0222375 -0.00381301 0.00902259 -0.0224933 -0.00385686 0.00888687 -0.0229879 -0.00227003 0.00879633 -0.0226547 -0.00451117 0.00879633 0.00983574 -0.019508 0.0110754 -0.0145126 -0.0164896 0.0113429 -0.014434 -0.0164002 0.0110754 -0.0115171 -0.018705 0.0113429 -0.00475336 -0.0220557 0.0119774 -0.00470422 -0.0218277 0.0118003 -0.00462786 -0.0214734 0.0113429 -0.000939156 -0.0221085 0.0115869 -0.0147521 -0.0167616 0.0118003 -0.0149062 -0.0169367 0.0119774 -0.0221066 -0.00669934 0.0122037 0.00980296 -0.019443 0.0102082 0.0129333 -0.0174869 0.0105 0.0157025 -0.0150497 0.0105 0.0157202 -0.0150666 0.0107918 0.0180201 -0.0121795 0.0105 0.0180404 -0.0121932 0.0107918 0.00653839 -0.0213501 0.0118003 0.0100525 -0.019938 0.0118003 0.0101575 -0.0201462 0.0119774 0.0198192 -0.00895885 0.0105 0.0199079 -0.00899893 0.00992458 0.0157728 -0.015117 0.0110754 0.0198415 -0.00896894 0.0107918 0.0210719 -0.0054867 0.0107918 0.0216961 -0.00184661 0.0107918 0.0211424 -0.00550504 0.00992458 0.0214144 -0.00557587 0.0115869 0.020164 -0.00911472 0.0115869 0.0199079 -0.00899893 0.0110754 0.0211424 -0.00550504 0.0110754 0.0212576 -0.00553505 0.0113429 0.0217686 -0.00185278 0.00992458 0.0218873 0.00186288 0.00965706 0.0199079 0.00899893 0.00992458 0.0181007 0.0122339 0.00992458 0.0157728 0.015117 0.00992458 0.0199079 0.00899893 0.0110754 0.0129911 0.0175652 0.00992458 0.0129478 0.0175066 0.0107918 0.0161204 0.0154502 0.0118003 0.0162888 0.0156116 0.0119774 0.0184997 0.0125036 0.0118003 0.00980296 0.019443 0.0107918 0.00983574 0.019508 0.0110754 0.00639739 0.0208897 0.0110754 0.00637607 0.0208201 0.0107918 0.00643226 0.0210035 0.0113429 -0.000924136 0.0217549 0.0102082 -0.000927226 0.0218276 0.00992458 -0.00458227 0.0212618 0.0105 -0.00460277 0.021357 0.00992458 -0.00458744 0.0212858 0.0107918 -0.0114165 0.0185416 0.0107918 -0.00811876 0.0202043 0.0107918 -0.0143859 0.0163455 0.0107918 -0.00093228 0.0219466 0.0113429 0.002775 0.0216704 0.0110754 -0.000927226 0.0218276 0.0110754 -0.0169413 0.0136792 0.0102082 -0.0169223 0.0136638 0.0105 -0.00819031 0.0203824 0.00965706 -0.0169413 0.0136792 0.0107918 -0.0189881 0.0106074 0.0105 -0.0190094 0.0106193 0.0107918 -0.014434 0.0164002 0.0110754 -0.016998 0.0137249 0.0110754 -0.0145126 0.0164896 0.0113429 -0.0114547 0.0186036 0.0110754 -0.0205307 0.00725395 0.0107918 -0.0205993 0.00727821 0.00992458 -0.0214613 0.00367991 0.0102082 -0.0214371 0.00367577 0.0105 -0.02175 -4.3963e-17 0.0105 -0.0214613 0.00367991 0.0107918 -0.0173726 0.0140274 0.0118003 -0.0194934 0.0108897 0.0118003 -0.019697 0.0110034 0.0119774 -0.0217745 -4.40125e-17 0.0107918 -0.0218473 -4.41597e-17 0.0110754 -0.0215331 0.00369221 0.0110754 -0.0205993 0.00727821 0.0110754 -0.0207116 0.00731788 0.0113429 -0.019073 0.0106548 0.0110754 -0.0219664 -4.44004e-17 0.0113429 -0.0216504 0.00371234 0.0113429 -0.0221284 -4.47279e-17 0.0115869 -0.0218101 0.00373972 0.0115869 -0.0223288 -4.5133e-17 0.0118003 -0.0225621 -4.56044e-17 0.0119774 -0.0220077 0.00377359 0.0118003 -0.0224933 0.00385686 0.0121131 -0.0226548 0.00451095 0.0122037 -0.0221038 0.00670998 0.0122037 -0.0222375 0.00381301 0.0119774 -0.0229878 0.00227065 0.0122037 -0.0128398 0.0192021 0.00879633 -0.0146555 0.0178557 0.00879633 -0.0212732 0.00751632 0.00902259 -0.0210534 0.00743862 0.00919966 -0.0172167 0.0139015 0.00941315 -0.0173726 0.0140274 0.00919966 -0.0208644 0.00737186 0.0115869 -0.0215179 0.00760276 0.0121131 -0.0199235 0.0111299 0.0121131 -0.0210534 0.00743862 0.0118003 -0.0193184 0.0107919 0.0115869 -0.0212732 0.00751632 0.0119774 -0.0192103 0.012828 0.00879633 -0.019697 0.0110034 0.00902259 -0.0119655 0.0194332 0.00888687 -0.0146197 0.0166112 0.00941315 -0.0147521 0.0167616 0.00919966 -0.0145126 0.0164896 0.00965706 -0.0170906 0.0137997 0.00965706 -0.019177 0.0107129 0.0113429 -0.0172167 0.0139015 0.0115869 -0.0213385 0.00884604 0.0122037 -0.0108925 0.0203706 0.00879633 -0.00850915 0.0211758 0.00888687 -0.0088459 0.0213385 0.00879633 -0.0175541 0.0141739 0.00902259 -0.0115171 0.018705 0.00965706 -0.0116021 0.018843 0.00941315 -0.0170906 0.0137997 0.0113429 -0.0146197 0.0166112 0.0115869 -0.0147521 0.0167616 0.0118003 -0.0175541 0.0141739 0.0119774 -0.017756 0.0143369 0.0121131 -0.0192026 0.0128394 0.0122037 -0.0203714 0.010891 0.0122037 -0.00480802 0.0223093 0.00888687 -0.00227134 0.0229876 0.00879633 -0.00451058 0.0226549 0.00879633 -0.0149062 0.0169367 0.00902259 -0.000968573 0.022801 0.00888687 -0.00825072 0.0205327 0.00941315 -0.00832545 0.0207187 0.00919966 -0.0115171 0.018705 0.0113429 -0.00814591 0.0202719 0.0110754 -0.0150776 0.0171315 0.0121131 -0.0146499 0.0178596 0.0122037 -0.0119655 0.0194332 0.0121131 -0.0116021 0.018843 0.0115869 -0.0117072 0.0190137 0.0118003 -0.0163297 0.0163382 0.0122037 -0.0178554 0.0146556 0.0122037 -0.0149062 0.0169367 0.0119774 3.8096e-15 0.0231 0.00879633 0.00289874 0.0226367 0.00888687 0.00225634 0.022989 0.00879633 -0.0118294 0.0192122 0.00902259 -0.0117072 0.0190137 0.00919966 -0.004662 0.0216317 0.00941315 -0.00470422 0.0218277 0.00919966 -0.00832545 0.0207187 0.0118003 -0.00841241 0.0209351 0.0119774 -0.00470422 0.0218277 0.0118003 -0.00850915 0.0211758 0.0121131 -0.00825072 0.0205327 0.0115869 -0.0118294 0.0192122 0.0119774 -0.00671102 0.0221034 0.00879633 -0.00841241 0.0209351 0.00902259 -0.000939156 0.0221085 0.00941315 0.0028107 0.0219492 0.00941315 0.00283616 0.022148 0.00919966 -0.00093228 0.0219466 0.00965706 -0.00462786 0.0214734 0.00965706 -0.00819031 0.0203824 0.0113429 -0.00460277 0.021357 0.0110754 -0.004662 0.0216317 0.0115869 -0.0108827 0.0203752 0.0122037 -0.0128304 0.019209 0.0122037 0.00450411 0.0226566 0.00879633 0.00668266 0.0218212 0.00888687 0.00669832 0.0221068 0.00879633 -0.00475336 0.0220557 0.00902259 0.00279012 0.0217885 0.00965706 -0.00462786 0.0214734 0.0113429 -0.000947663 0.0223087 0.0118003 -0.00475336 0.0220557 0.0119774 -0.00480802 0.0223093 0.0121131 -0.00669879 0.0221069 0.0122037 -0.0088389 0.0213421 0.0122037 0.0102743 0.0203779 0.00888687 0.012828 0.0192103 0.00879633 0.010884 0.0203745 0.00879633 -0.000957561 0.0225417 0.00902259 -0.000947663 0.0223087 0.00919966 0.0064797 0.0211585 0.00941315 0.00653839 0.0213501 0.00919966 -0.000968573 0.022801 0.0121131 6.14741e-06 0.0230994 0.0122037 0.00289874 0.0226367 0.0121131 0.00283616 0.022148 0.0118003 -0.00225869 0.0229891 0.0122037 -0.00450355 0.0226564 0.0122037 -0.000957561 0.0225417 0.0119774 0.0146525 0.0178578 0.00879633 0.0164761 0.0157911 0.00888687 0.0163284 0.0163392 0.00879633 0.00286578 0.0223793 0.00902259 0.0135704 0.0183484 0.00888687 0.00996229 0.019759 0.00941315 0.0100525 0.019938 0.00919966 0.00643226 0.0210035 0.00965706 0.00988935 0.0196144 0.00965706 0.00996229 0.019759 0.0115869 0.00653839 0.0213501 0.0118003 0.0100525 0.019938 0.0118003 0.0064797 0.0211585 0.0115869 0.00286578 0.0223793 0.0119774 0.0088355 0.0213433 0.00879633 0.00660668 0.0215731 0.00902259 0.0130619 0.0176609 0.00965706 0.0131583 0.0177912 0.00941315 0.00660668 0.0215731 0.0119774 0.00668266 0.0218212 0.0121131 0.00451356 0.0226542 0.0122037 0.00226731 0.0229884 0.0122037 0.0189079 0.0127795 0.00888687 0.0203706 0.0108925 0.00879633 0.0192021 0.0128398 0.00879633 0.0101575 0.0201462 0.00902259 0.0207956 0.00940022 0.00888687 0.0161204 0.0154502 0.00919966 0.0159757 0.0153115 0.00941315 0.0158588 0.0151994 0.00965706 0.0129911 0.0175652 0.0110754 0.0130619 0.0176609 0.0113429 0.0157728 0.015117 0.0110754 0.00988935 0.0196144 0.0113429 0.0101575 0.0201462 0.0119774 0.0102743 0.0203779 0.0121131 0.0134161 0.0181398 0.0119774 0.00884599 0.0213387 0.0122037 0.00670586 0.0221052 0.0122037 0.0221034 0.00671102 0.00879633 0.0213385 0.0088459 0.00879633 0.0134161 0.0181398 0.00902259 0.0132775 0.0179523 0.00919966 0.0183336 0.0123914 0.00941315 0.0184997 0.0125036 0.00919966 0.0131583 0.0177912 0.0115869 0.0135704 0.0183484 0.0121131 0.0164761 0.0157911 0.0121131 0.0132775 0.0179523 0.0118003 0.0159757 0.0153115 0.0115869 0.0108928 0.02037 0.0122037 0.0128376 0.0192041 0.0122037 0.0178557 0.0146555 0.00879633 0.0162888 0.0156116 0.00902259 0.0220851 0.00575052 0.00888687 0.020164 0.00911472 0.00941315 0.0203467 0.00919728 0.00919966 0.0200164 0.00904798 0.00965706 0.0181994 0.0123006 0.00965706 0.0183336 0.0123914 0.0115869 0.0146593 0.0178519 0.0122037 0.0226549 0.00451058 0.00879633 0.0227393 0.0019354 0.00888687 0.0229876 0.00227134 0.00879633 0.0186929 0.0126342 0.00902259 0.0212576 0.00553505 0.00965706 0.0214144 0.00557587 0.00941315 0.0203467 0.00919728 0.0118003 0.0186929 0.0126342 0.0119774 0.020164 0.00911472 0.0115869 0.0189079 0.0127795 0.0121131 0.0178607 0.0146486 0.0122037 0.0163358 0.0163325 0.0122037 0.0227393 -0.0019354 0.00888687 0.0226567 -0.00450349 0.00879633 0.0229879 -0.00227003 0.00879633 0.0205592 0.00929334 0.00902259 0.0220851 -0.00575052 0.00888687 0.0220487 0.00187662 0.00941315 0.0222484 0.00189362 0.00919966 0.0211424 0.00550504 0.0110754 0.0212576 0.00553505 0.0113429 0.0217686 0.00185278 0.0110754 0.0200164 0.00904798 0.0113429 0.0213431 0.00883501 0.0122037 0.0221064 0.00670155 0.0122037 0.0207956 0.00940022 0.0121131 0.0214144 0.00557587 0.0115869 0.0216084 0.00562638 0.0118003 0.020375 0.0108836 0.0122037 0.0192075 0.0128327 0.0122037 0.0205592 0.00929334 0.0119774 0.0221064 -0.00670039 0.00879633 0.0207956 -0.00940022 0.00888687 0.0213435 -0.00883472 0.00879633 0.021834 0.00568514 0.00902259 0.0216084 0.00562638 0.00919966 0.0220487 -0.00187662 0.00941315 0.0222484 -0.00189362 0.00919966 0.0222484 0.00189362 0.0118003 0.0224808 0.0019134 0.0119774 0.0222484 -0.00189362 0.0118003 0.0220851 0.00575052 0.0121131 0.0227393 0.0019354 0.0121131 0.0220487 0.00187662 0.0115869 0.021834 0.00568514 0.0119774 0.0231 4.38628e-17 0.00879633 0.0224808 0.0019134 0.00902259 0.0214144 -0.00557587 0.00941315 0.0216084 -0.00562638 0.00919966 0.0212576 -0.00553505 0.00965706 0.0218873 -0.00186288 0.00965706 0.0218873 0.00186288 0.0113429 0.0217686 -0.00185278 0.0110754 0.0220487 -0.00187662 0.0115869 0.0226569 0.0044996 0.0122037 0.0203728 -0.0108883 0.00879633 0.0189079 -0.0127795 0.00888687 0.0192103 -0.0128279 0.00879633 0.0224808 -0.0019134 0.00902259 0.0200164 -0.00904798 0.00965706 0.020164 -0.00911472 0.00941315 0.0218873 -0.00186288 0.0113429 0.0216084 -0.00562638 0.0118003 0.0224808 -0.0019134 0.0119774 0.0227393 -0.0019354 0.0121131 0.0230996 -7.04467e-06 0.0122037 0.0229889 0.00226274 0.0122037 0.0164761 -0.0157911 0.00888687 0.0146584 -0.017853 0.00879633 0.0163378 -0.0163298 0.00879633 0.021834 -0.00568514 0.00902259 0.0135704 -0.0183484 0.00888687 0.0183336 -0.0123914 0.00941315 0.0184997 -0.0125036 0.00919966 0.0220851 -0.00575052 0.0121131 0.022103 -0.00671109 0.0122037 0.0207956 -0.00940022 0.0121131 0.0203467 -0.00919728 0.0118003 0.0226548 -0.00451213 0.0122037 0.0229882 -0.00226674 0.0122037 0.021834 -0.00568514 0.0119774 0.0128352 -0.0192057 0.00879633 0.0102743 -0.0203779 0.00888687 0.0108949 -0.0203689 0.00879633 0.0205592 -0.00929334 0.00902259 0.0203467 -0.00919728 0.00919966 0.0159757 -0.0153115 0.00941315 0.0161204 -0.0154502 0.00919966 0.0181994 -0.0123006 0.00965706 0.0158588 -0.0151994 0.00965706 0.0159757 -0.0153115 0.0115869 0.0184997 -0.0125036 0.0118003 0.0161204 -0.0154502 0.0118003 0.0183336 -0.0123914 0.0115869 0.0205592 -0.00929334 0.0119774 0.0178582 -0.0146524 0.00879633 0.0186929 -0.0126342 0.00902259 0.0130619 -0.0176609 0.00965706 0.0131583 -0.0177912 0.00941315 0.0186929 -0.0126342 0.0119774 0.0189079 -0.0127795 0.0121131 0.0203685 -0.0108953 0.0122037 0.0213402 -0.0088431 0.0122037 0.00668266 -0.0218212 0.00888687 0.00451135 -0.022655 0.00879633 0.00671117 -0.0221031 0.00879633 0.0162888 -0.0156116 0.00902259 0.00289874 -0.0226367 0.00888687 0.0100525 -0.019938 0.00919966 0.00996229 -0.019759 0.00941315 0.0129911 -0.0175652 0.0110754 0.0130619 -0.0176609 0.0113429 0.0158588 -0.0151994 0.0113429 0.0131583 -0.0177912 0.0115869 0.0132775 -0.0179523 0.0118003 0.0162888 -0.0156116 0.0119774 0.0164761 -0.0157911 0.0121131 0.0178519 -0.0146595 0.0122037 0.0192066 -0.0128342 0.0122037 6.50424e-06 -0.0230996 0.00879633 0.00226695 -0.0229882 0.00879633 0.0134161 -0.0181398 0.00902259 0.0132775 -0.0179523 0.00919966 0.00653839 -0.0213501 0.00919966 0.0129478 -0.0175066 0.0107918 0.0135704 -0.0183484 0.0121131 0.0128279 -0.0192101 0.0122037 0.0102743 -0.0203779 0.0121131 0.00996229 -0.019759 0.0115869 0.0146504 -0.0178596 0.0122037 0.0163312 -0.0163366 0.0122037 0.0134161 -0.0181398 0.0119774 0.00884195 -0.0213408 0.00879633 0.0101575 -0.0201462 0.00902259 -0.000968573 -0.022801 0.00888687 0.00283616 -0.022148 0.00919966 0.00979193 -0.0194211 0.0105 0.0064797 -0.0211585 0.0115869 -0.00480802 -0.0223093 0.00888687 -0.00450033 -0.0226568 0.00879633 -0.00226259 -0.0229889 0.00879633 0.00660668 -0.0215731 0.00902259 -0.00832545 -0.0207187 0.00919966 0.00637607 -0.0208201 0.0102082 0.002775 -0.0216704 0.0110754 0.00276575 -0.0215981 0.0107918 0.00283616 -0.022148 0.0118003 0.00660668 -0.0215731 0.0119774 0.0028107 -0.0219492 0.0115869 0.00668266 -0.0218212 0.0121131 0.00883312 -0.0213439 0.0122037 0.010887 -0.0203736 0.0122037 -0.00850915 -0.0211758 0.00888687 -0.0108835 -0.020375 0.00879633 -0.00883657 -0.0213426 0.00879633 0.00286578 -0.0223793 0.00902259 -0.0119655 -0.0194332 0.00888687 0.002775 -0.0216704 0.00992458 0.00276575 -0.0215981 0.0102082 0.00276264 -0.0215738 0.0105 0.0022593 -0.0229887 0.0122037 -4.41007e-06 -0.0230999 0.0122037 0.00289874 -0.0226367 0.0121131 -0.000947663 -0.0223087 0.0118003 0.00450027 -0.0226571 0.0122037 0.00670501 -0.0221054 0.0122037 0.00286578 -0.0223793 0.0119774 -0.0146491 -0.0178602 0.00879633 -0.0128328 -0.0192075 0.00879633 -0.000957561 -0.0225417 0.00902259 -0.000947663 -0.0223087 0.00919966 -0.000927226 -0.0218276 0.00992458 -0.000924136 -0.0217549 0.0102082 -0.000923096 -0.0217304 0.0105 -0.000924136 -0.0217549 0.0107918 -0.000968573 -0.022801 0.0121131 -0.00480802 -0.0223093 0.0121131 -0.000957561 -0.0225417 0.0119774 -0.00670123 -0.0221065 0.00879633 -0.00475336 -0.0220557 0.00902259 -0.00460277 -0.021357 0.00992458 -0.00458744 -0.0212858 0.0102082 -0.00458227 -0.0212618 0.0105 -0.00458744 -0.0212858 0.0107918 -0.00814591 -0.0202719 0.0110754 -0.00227102 -0.0229875 0.0122037 -0.0178535 -0.0146575 0.00879633 -0.00841241 -0.0209351 0.00902259 -0.00814591 -0.0202719 0.00992458 -0.00811876 -0.0202043 0.0102082 -0.00810963 -0.0201816 0.0105 -0.00811876 -0.0202043 0.0107918 -0.0114547 -0.0186036 0.0110754 -0.00850915 -0.0211758 0.0121131 -0.00671224 -0.0221028 0.0122037 -0.0045083 -0.0226558 0.0122037 -0.0203721 -0.0108897 0.00879633 -0.0118294 -0.0192122 0.00902259 -0.0114547 -0.0186036 0.00992458 -0.0114165 -0.0185416 0.0102082 -0.0114037 -0.0185208 0.0105 -0.0114165 -0.0185416 0.0107918 -0.0118294 -0.0192122 0.0119774 -0.0119655 -0.0194332 0.0121131 -0.0128381 -0.0192033 0.0122037 -0.0150776 -0.0171315 0.0121131 -0.0108943 -0.0203694 0.0122037 -0.00884185 -0.0213406 0.0122037 -0.0149062 -0.0169367 0.00902259 -0.0146197 -0.0166112 0.00941315 -0.0145126 -0.0164896 0.00965706 -0.014434 -0.0164002 0.00992458 -0.0143859 -0.0163455 0.0102082 -0.0143697 -0.0163271 0.0105 -0.0143859 -0.0163455 0.0107918 -0.017756 -0.0143369 0.0121131 -0.019697 -0.0110034 0.0119774 -0.0172167 -0.0139015 0.0115869 -0.0173726 -0.0140274 0.00919966 -0.0175541 -0.0141739 0.00902259 -0.0172167 -0.0139015 0.00941315 -0.0170906 -0.0137997 0.00965706 -0.016998 -0.0137249 0.00992458 -0.0169413 -0.0136792 0.0102082 -0.0169223 -0.0136638 0.0105 -0.0169413 -0.0136792 0.0107918 -0.016998 -0.0137249 0.0110754 -0.0170906 -0.0137997 0.0113429 -0.0175541 -0.0141739 0.0119774 -0.0163388 -0.0163287 0.0122037 -0.0146573 -0.0178541 0.0122037 -0.019697 -0.0110034 0.00902259 -0.019177 -0.0107129 0.00965706 -0.019073 -0.0106548 0.00992458 -0.0190094 -0.0106193 0.0102082 -0.0189881 -0.0106074 0.0105 -0.0190094 -0.0106193 0.0107918 -0.019073 -0.0106548 0.0110754 -0.019177 -0.0107129 0.0113429 -0.0192104 -0.0128277 0.0122037 -0.0178571 -0.0146538 0.0122037 -0.0221042 -0.00670901 0.00879633 -0.0208644 -0.00737186 0.00941315 -0.0207116 -0.00731788 0.00965706 -0.0205993 -0.00727821 0.00992458 -0.0205307 -0.00725395 0.0102082 -0.0205076 -0.00724579 0.0105 -0.0205307 -0.00725395 0.0107918 -0.0205993 -0.00727821 0.0110754 -0.0207116 -0.00731788 0.0113429 -0.0222375 -0.00381301 0.0119774 -0.0212732 -0.00751632 0.0119774 -0.0220077 -0.00377359 0.0118003 -0.0203737 -0.010886 0.0122037 -0.0220077 -0.00377359 0.00919966 -0.0218101 -0.00373972 0.00941315 -0.0216504 -0.00371234 0.00965706 -0.0215331 -0.00369221 0.00992458 -0.0214613 -0.00367991 0.0102082 -0.0214371 -0.00367577 0.0105 -0.0214613 -0.00367991 0.0107918 -0.0215331 -0.00369221 0.0110754 -0.0216504 -0.00371234 0.0113429 -0.0218101 -0.00373972 0.0115869 0.0231 4.38628e-17 0.00879633 0.0230996 -7.04467e-06 0.00820367 0.0229889 0.00226274 0.00820367 0.0226569 0.0044996 0.00820367 0.0229876 0.00227134 0.00879633 0.0221064 0.00670155 0.00820367 0.0226549 0.00451058 0.00879633 0.0221034 0.00671102 0.00879633 0.0213431 0.00883501 0.00820367 0.020375 0.0108836 0.00820367 0.0213385 0.0088459 0.00879633 0.0192075 0.0128327 0.00820367 0.0203706 0.0108925 0.00879633 0.0192021 0.0128398 0.00879633 0.0178607 0.0146486 0.00820367 0.0163358 0.0163325 0.00820367 0.0178557 0.0146555 0.00879633 0.0146593 0.0178519 0.00820367 0.0163284 0.0163392 0.00879633 0.0146525 0.0178578 0.00879633 0.0128376 0.0192041 0.00820367 0.0108928 0.02037 0.00820367 0.012828 0.0192103 0.00879633 0.00884599 0.0213387 0.00820367 0.010884 0.0203745 0.00879633 0.0088355 0.0213433 0.00879633 0.00670586 0.0221052 0.00820367 0.00451356 0.0226542 0.00820367 0.00669832 0.0221068 0.00879633 0.00226731 0.0229884 0.00820367 0.00450411 0.0226566 0.00879633 0.00225634 0.022989 0.00879633 6.14741e-06 0.0230994 0.00820367 -0.00225869 0.0229891 0.00820367 3.8096e-15 0.0231 0.00879633 -0.00450355 0.0226564 0.00820367 -0.00227134 0.0229876 0.00879633 -0.00451058 0.0226549 0.00879633 -0.00669879 0.0221069 0.00820367 -0.0088389 0.0213421 0.00820367 -0.00671102 0.0221034 0.00879633 -0.0108827 0.0203752 0.00820367 -0.0088459 0.0213385 0.00879633 -0.0108925 0.0203706 0.00879633 -0.0128304 0.019209 0.00820367 -0.0146499 0.0178596 0.00820367 -0.0128398 0.0192021 0.00879633 -0.0163297 0.0163382 0.00820367 -0.0146555 0.0178557 0.00879633 -0.0163392 0.0163284 0.00879633 -0.0178554 0.0146556 0.00820367 -0.0192026 0.0128394 0.00820367 -0.0178578 0.0146525 0.00879633 -0.0203714 0.010891 0.00820367 -0.0192103 0.012828 0.00879633 -0.0203745 0.010884 0.00879633 -0.0213385 0.00884604 0.00820367 -0.0221038 0.00670998 0.00820367 -0.0213433 0.0088355 0.00879633 -0.0226548 0.00451095 0.00820367 -0.0221068 0.00669832 0.00879633 -0.0226566 0.00450411 0.00879633 -0.0229878 0.00227065 0.00820367 -0.0231 1.48591e-17 0.00820367 -0.0229876 0.00227134 0.00879633 -0.0231 2.29881e-17 0.00879633 0.0229879 -0.00227003 0.00879633 0.0229882 -0.00226674 0.00820367 0.0226567 -0.00450349 0.00879633 0.0221064 -0.00670039 0.00879633 0.0226548 -0.00451213 0.00820367 0.0213435 -0.00883472 0.00879633 0.022103 -0.00671109 0.00820367 0.0213402 -0.0088431 0.00820367 0.0203728 -0.0108883 0.00879633 0.0192103 -0.0128279 0.00879633 0.0203685 -0.0108953 0.00820367 0.0178582 -0.0146524 0.00879633 0.0192066 -0.0128342 0.00820367 0.0178519 -0.0146595 0.00820367 0.0163378 -0.0163298 0.00879633 0.0146584 -0.017853 0.00879633 0.0163312 -0.0163366 0.00820367 0.0128352 -0.0192057 0.00879633 0.0146504 -0.0178596 0.00820367 0.0128279 -0.0192101 0.00820367 0.0108949 -0.0203689 0.00879633 0.00884195 -0.0213408 0.00879633 0.010887 -0.0203736 0.00820367 0.00671117 -0.0221031 0.00879633 0.00883312 -0.0213439 0.00820367 0.00670501 -0.0221054 0.00820367 0.00451135 -0.022655 0.00879633 0.00226695 -0.0229882 0.00879633 0.00450027 -0.0226571 0.00820367 6.50424e-06 -0.0230996 0.00879633 0.0022593 -0.0229887 0.00820367 -4.41007e-06 -0.0230999 0.00820367 -0.00226259 -0.0229889 0.00879633 -0.00450033 -0.0226568 0.00879633 -0.00227102 -0.0229875 0.00820367 -0.00670123 -0.0221065 0.00879633 -0.0045083 -0.0226558 0.00820367 -0.00671224 -0.0221028 0.00820367 -0.00883657 -0.0213426 0.00879633 -0.0108835 -0.020375 0.00879633 -0.00884185 -0.0213406 0.00820367 -0.0128328 -0.0192075 0.00879633 -0.0108943 -0.0203694 0.00820367 -0.0128381 -0.0192033 0.00820367 -0.0146491 -0.0178602 0.00879633 -0.0163312 -0.016337 0.00879633 -0.0146573 -0.0178541 0.00820367 -0.0178535 -0.0146575 0.00879633 -0.0163388 -0.0163287 0.00820367 -0.0178571 -0.0146538 0.00820367 -0.0192033 -0.0128386 0.00879633 -0.0203721 -0.0108897 0.00879633 -0.0192104 -0.0128277 0.00820367 -0.0213386 -0.00884589 0.00879633 -0.0203737 -0.010886 0.00820367 -0.0213435 -0.00883501 0.00820367 -0.0221042 -0.00670901 0.00879633 -0.0226547 -0.00451117 0.00879633 -0.0221066 -0.00669934 0.00820367 -0.0229879 -0.00227003 0.00879633 -0.0226566 -0.00450376 0.00820367 -0.0229878 -0.00227065 0.00820367 -0.0218473 -2.47554e-17 0.00592458 -0.0216504 0.00371234 0.00565706 -0.0219664 -2.48903e-17 0.00565706 -0.0218101 0.00373972 0.00541315 -0.0221284 -2.50739e-17 0.00541315 -0.0208644 0.00737186 0.00541315 -0.0193184 0.0107919 0.00541315 -0.0194934 0.0108897 0.00519966 -0.0150776 0.0171315 0.00488687 -0.0163392 0.0163284 0.00479633 -0.017756 0.0143369 0.00488687 -0.0220077 0.00377359 0.00519966 -0.0223288 -2.5301e-17 0.00519966 -0.0222375 0.00381301 0.00502259 -0.0215179 0.00760276 0.00488687 -0.0199235 0.0111299 0.00488687 -0.0213433 0.0088355 0.00479633 -0.0178578 0.0146525 0.00479633 -0.0221068 0.00669832 0.00479633 -0.0224933 0.00385686 0.00488687 -0.0225621 -2.55652e-17 0.00502259 -0.0226566 0.00450411 0.00479633 -0.0203745 0.010884 0.00479633 -0.0229876 0.00227134 0.00479633 -0.0228215 -2.58593e-17 0.00488687 -0.0231 2.29881e-17 0.00479633 -0.0207116 0.00731788 0.00565706 -0.0215331 0.00369221 0.00592458 -0.019177 0.0107129 0.00565706 -0.0190094 0.0106193 0.0062082 -0.016998 0.0137249 0.00592458 -0.019073 0.0106548 0.00592458 -0.0217745 -2.46729e-17 0.0062082 -0.0114547 0.0186036 0.00592458 -0.014434 0.0164002 0.00592458 -0.0143859 0.0163455 0.0062082 -0.0205076 0.00724579 0.0065 -0.0205307 0.00725395 0.0062082 -0.0143697 0.0163271 0.0065 -0.0114165 0.0185416 0.0062082 -0.00814591 0.0202719 0.00592458 0.0028107 0.0219492 0.00758685 0.00279012 0.0217885 0.00734294 -0.000939156 0.0221085 0.00758685 -0.0114037 0.0185208 0.0065 -0.00811876 0.0202043 0.0062082 -0.000923096 0.0217304 0.0065 -0.000924136 0.0217549 0.0067918 0.00276264 0.0215738 0.0065 -0.00810963 0.0201816 0.0065 -0.00458744 0.0212858 0.0062082 0.00276575 0.0215981 0.0067918 0.0063689 0.0207966 0.0065 0.00276575 0.0215981 0.0062082 0.00639739 0.0208897 0.00592458 0.002775 0.0216704 0.00592458 0.00983574 0.019508 0.00592458 0.00637607 0.0208201 0.0062082 0.00979193 0.0194211 0.0065 0.0129478 0.0175066 0.0062082 0.00980296 0.019443 0.0062082 0.0157202 0.0150666 0.0062082 0.0129333 0.0174869 0.0065 0.0181007 0.0122339 0.00707542 0.0158588 0.0151994 0.00734294 0.0181994 0.0123006 0.00734294 0.0198192 0.00895885 0.0065 0.0180201 0.0121795 0.0065 0.0180404 0.0121932 0.0067918 0.0157025 0.0150497 0.0065 0.0157202 0.0150666 0.0067918 0.0198415 0.00896894 0.0067918 0.0210482 0.00548052 0.0065 0.0198415 0.00896894 0.0062082 0.0180404 0.0121932 0.0062082 0.0210719 0.0054867 0.0067918 0.0216716 0.00184453 0.0065 0.0217686 0.00185278 0.00592458 0.0211424 0.00550504 0.00592458 0.0210719 0.0054867 0.0062082 0.0216961 -0.00184661 0.0062082 0.0216961 0.00184661 0.0062082 0.0216961 0.00184661 0.0067918 0.0216716 -0.00184453 0.0065 0.0200164 -0.00904798 0.00734294 0.0181994 -0.0123006 0.00734294 0.0181007 -0.0122339 0.00707542 -0.0228215 -4.61288e-17 0.00811313 -0.0229878 -0.00227065 0.00820367 -0.0231 1.48591e-17 0.00820367 0.0198415 -0.00896894 0.0062082 0.0210719 -0.0054867 0.0062082 0.0210482 -0.00548052 0.0065 0.00988935 -0.0196144 0.00734294 0.00643226 -0.0210035 0.00734294 0.00639739 -0.0208897 0.00707542 -0.0224933 -0.00385686 0.00811313 -0.0226566 -0.00450376 0.00820367 -0.0213435 -0.00883501 0.00820367 -0.0215179 -0.00760276 0.00811313 -0.0199235 -0.0111299 0.00811313 0.00980296 -0.019443 0.0067918 0.00637607 -0.0208201 0.0067918 0.0063689 -0.0207966 0.0065 -0.0173726 -0.0140274 0.00780034 -0.0194934 -0.0108897 0.00780034 -0.0193184 -0.0107919 0.00758685 -0.0208644 -0.00737186 0.00758685 -0.0210534 -0.00743862 0.00780034 -0.00841241 -0.0209351 0.00797741 -0.0117072 -0.0190137 0.00780034 -0.00832545 -0.0207187 0.00780034 -0.0146197 -0.0166112 0.00758685 -0.0116021 -0.018843 0.00758685 -0.000927226 -0.0218276 0.00707542 0.00279012 -0.0217885 0.00734294 -0.00093228 -0.0219466 0.00734294 -0.00825072 -0.0205327 0.00758685 -0.00819031 -0.0203824 0.00734294 -0.004662 -0.0216317 0.00758685 0.0181007 -0.0122339 0.00592458 0.0180404 -0.0121932 0.0062082 0.0157728 -0.015117 0.00592458 -0.00460277 -0.021357 0.00707542 0.00983574 -0.019508 0.00592458 0.00639739 -0.0208897 0.00592458 0.00643226 -0.0210035 0.00565706 0.0157202 -0.0150666 0.0062082 0.0129911 -0.0175652 0.00592458 0.0064797 -0.0211585 0.00541315 0.00988935 -0.0196144 0.00565706 0.0129478 -0.0175066 0.0062082 -0.00093228 -0.0219466 0.00565706 -0.00462786 -0.0214734 0.00565706 -0.004662 -0.0216317 0.00541315 0.00279012 -0.0217885 0.00565706 0.0028107 -0.0219492 0.00541315 -0.0115171 -0.018705 0.00565706 -0.0116021 -0.018843 0.00541315 -0.00819031 -0.0203824 0.00565706 -0.00470422 -0.0218277 0.00519966 -0.000939156 -0.0221085 0.00541315 -0.0117072 -0.0190137 0.00519966 -0.00825072 -0.0205327 0.00541315 -0.0147521 -0.0167616 0.00519966 -0.0199235 -0.0111299 0.00488687 -0.0215179 -0.00760276 0.00488687 -0.0213386 -0.00884589 0.00479633 -0.0163312 -0.016337 0.00479633 -0.0150776 -0.0171315 0.00488687 -0.017756 -0.0143369 0.00488687 -0.0193184 -0.0107919 0.00541315 -0.0210534 -0.00743862 0.00519966 -0.0194934 -0.0108897 0.00519966 -0.0192033 -0.0128386 0.00479633 -0.0212732 -0.00751632 0.00502259 -0.0222375 -0.00381301 0.00502259 -0.0224933 -0.00385686 0.00488687 -0.0229879 -0.00227003 0.00479633 -0.0226547 -0.00451117 0.00479633 0.00983574 -0.019508 0.00707542 -0.0145126 -0.0164896 0.00734294 -0.014434 -0.0164002 0.00707542 -0.0115171 -0.018705 0.00734294 -0.00475336 -0.0220557 0.00797741 -0.00470422 -0.0218277 0.00780034 -0.00462786 -0.0214734 0.00734294 -0.000939156 -0.0221085 0.00758685 -0.0147521 -0.0167616 0.00780034 -0.0149062 -0.0169367 0.00797741 -0.0221066 -0.00669934 0.00820367 0.00980296 -0.019443 0.0062082 0.0129333 -0.0174869 0.0065 0.0157025 -0.0150497 0.0065 0.0157202 -0.0150666 0.0067918 0.0180201 -0.0121795 0.0065 0.0180404 -0.0121932 0.0067918 0.00653839 -0.0213501 0.00780034 0.0100525 -0.019938 0.00780034 0.0101575 -0.0201462 0.00797741 0.0198192 -0.00895885 0.0065 0.0199079 -0.00899893 0.00592458 0.0157728 -0.015117 0.00707542 0.0198415 -0.00896894 0.0067918 0.0210719 -0.0054867 0.0067918 0.0216961 -0.00184661 0.0067918 0.0211424 -0.00550504 0.00592458 0.0214144 -0.00557587 0.00758685 0.020164 -0.00911472 0.00758685 0.0199079 -0.00899893 0.00707542 0.0211424 -0.00550504 0.00707542 0.0212576 -0.00553505 0.00734294 0.0217686 -0.00185278 0.00592458 0.0218873 0.00186288 0.00565706 0.0199079 0.00899893 0.00592458 0.0181007 0.0122339 0.00592458 0.0157728 0.015117 0.00592458 0.0199079 0.00899893 0.00707542 0.0129911 0.0175652 0.00592458 0.0129478 0.0175066 0.0067918 0.0161204 0.0154502 0.00780034 0.0162888 0.0156116 0.00797741 0.0184997 0.0125036 0.00780034 0.00980296 0.019443 0.0067918 0.00983574 0.019508 0.00707542 0.00639739 0.0208897 0.00707542 0.00637607 0.0208201 0.0067918 0.00643226 0.0210035 0.00734294 -0.000924136 0.0217549 0.0062082 -0.000927226 0.0218276 0.00592458 -0.00458227 0.0212618 0.0065 -0.00460277 0.021357 0.00592458 -0.00458744 0.0212858 0.0067918 -0.0114165 0.0185416 0.0067918 -0.00811876 0.0202043 0.0067918 -0.0143859 0.0163455 0.0067918 -0.00093228 0.0219466 0.00734294 0.002775 0.0216704 0.00707542 -0.000927226 0.0218276 0.00707542 -0.0169413 0.0136792 0.0062082 -0.0169223 0.0136638 0.0065 -0.00819031 0.0203824 0.00565706 -0.0169413 0.0136792 0.0067918 -0.0189881 0.0106074 0.0065 -0.0190094 0.0106193 0.0067918 -0.014434 0.0164002 0.00707542 -0.016998 0.0137249 0.00707542 -0.0145126 0.0164896 0.00734294 -0.0114547 0.0186036 0.00707542 -0.0205307 0.00725395 0.0067918 -0.0205993 0.00727821 0.00592458 -0.0214613 0.00367991 0.0062082 -0.0214371 0.00367577 0.0065 -0.02175 -4.3963e-17 0.0065 -0.0214613 0.00367991 0.0067918 -0.0173726 0.0140274 0.00780034 -0.0194934 0.0108897 0.00780034 -0.019697 0.0110034 0.00797741 -0.0217745 -4.40125e-17 0.0067918 -0.0218473 -4.41597e-17 0.00707542 -0.0215331 0.00369221 0.00707542 -0.0205993 0.00727821 0.00707542 -0.0207116 0.00731788 0.00734294 -0.019073 0.0106548 0.00707542 -0.0219664 -4.44004e-17 0.00734294 -0.0216504 0.00371234 0.00734294 -0.0221284 -4.47279e-17 0.00758685 -0.0218101 0.00373972 0.00758685 -0.0223288 -4.5133e-17 0.00780034 -0.0225621 -4.56044e-17 0.00797741 -0.0220077 0.00377359 0.00780034 -0.0224933 0.00385686 0.00811313 -0.0226548 0.00451095 0.00820367 -0.0221038 0.00670998 0.00820367 -0.0222375 0.00381301 0.00797741 -0.0229878 0.00227065 0.00820367 -0.0128398 0.0192021 0.00479633 -0.0146555 0.0178557 0.00479633 -0.0212732 0.00751632 0.00502259 -0.0210534 0.00743862 0.00519966 -0.0172167 0.0139015 0.00541315 -0.0173726 0.0140274 0.00519966 -0.0208644 0.00737186 0.00758685 -0.0215179 0.00760276 0.00811313 -0.0199235 0.0111299 0.00811313 -0.0210534 0.00743862 0.00780034 -0.0193184 0.0107919 0.00758685 -0.0212732 0.00751632 0.00797741 -0.0192103 0.012828 0.00479633 -0.019697 0.0110034 0.00502259 -0.0119655 0.0194332 0.00488687 -0.0146197 0.0166112 0.00541315 -0.0147521 0.0167616 0.00519966 -0.0145126 0.0164896 0.00565706 -0.0170906 0.0137997 0.00565706 -0.019177 0.0107129 0.00734294 -0.0172167 0.0139015 0.00758685 -0.0213385 0.00884604 0.00820367 -0.0108925 0.0203706 0.00479633 -0.00850915 0.0211758 0.00488687 -0.0088459 0.0213385 0.00479633 -0.0175541 0.0141739 0.00502259 -0.0115171 0.018705 0.00565706 -0.0116021 0.018843 0.00541315 -0.0170906 0.0137997 0.00734294 -0.0146197 0.0166112 0.00758685 -0.0147521 0.0167616 0.00780034 -0.0175541 0.0141739 0.00797741 -0.017756 0.0143369 0.00811313 -0.0192026 0.0128394 0.00820367 -0.0203714 0.010891 0.00820367 -0.00480802 0.0223093 0.00488687 -0.00227134 0.0229876 0.00479633 -0.00451058 0.0226549 0.00479633 -0.0149062 0.0169367 0.00502259 -0.000968573 0.022801 0.00488687 -0.00825072 0.0205327 0.00541315 -0.00832545 0.0207187 0.00519966 -0.0115171 0.018705 0.00734294 -0.00814591 0.0202719 0.00707542 -0.0150776 0.0171315 0.00811313 -0.0146499 0.0178596 0.00820367 -0.0119655 0.0194332 0.00811313 -0.0116021 0.018843 0.00758685 -0.0117072 0.0190137 0.00780034 -0.0163297 0.0163382 0.00820367 -0.0178554 0.0146556 0.00820367 -0.0149062 0.0169367 0.00797741 3.8096e-15 0.0231 0.00479633 0.00289874 0.0226367 0.00488687 0.00225634 0.022989 0.00479633 -0.0118294 0.0192122 0.00502259 -0.0117072 0.0190137 0.00519966 -0.004662 0.0216317 0.00541315 -0.00470422 0.0218277 0.00519966 -0.00832545 0.0207187 0.00780034 -0.00841241 0.0209351 0.00797741 -0.00470422 0.0218277 0.00780034 -0.00850915 0.0211758 0.00811313 -0.00825072 0.0205327 0.00758685 -0.0118294 0.0192122 0.00797741 -0.00671102 0.0221034 0.00479633 -0.00841241 0.0209351 0.00502259 -0.000939156 0.0221085 0.00541315 0.0028107 0.0219492 0.00541315 0.00283616 0.022148 0.00519966 -0.00093228 0.0219466 0.00565706 -0.00462786 0.0214734 0.00565706 -0.00819031 0.0203824 0.00734294 -0.00460277 0.021357 0.00707542 -0.004662 0.0216317 0.00758685 -0.0108827 0.0203752 0.00820367 -0.0128304 0.019209 0.00820367 0.00450411 0.0226566 0.00479633 0.00668266 0.0218212 0.00488687 0.00669832 0.0221068 0.00479633 -0.00475336 0.0220557 0.00502259 0.00279012 0.0217885 0.00565706 -0.00462786 0.0214734 0.00734294 -0.000947663 0.0223087 0.00780034 -0.00475336 0.0220557 0.00797741 -0.00480802 0.0223093 0.00811313 -0.00669879 0.0221069 0.00820367 -0.0088389 0.0213421 0.00820367 0.0102743 0.0203779 0.00488687 0.012828 0.0192103 0.00479633 0.010884 0.0203745 0.00479633 -0.000957561 0.0225417 0.00502259 -0.000947663 0.0223087 0.00519966 0.0064797 0.0211585 0.00541315 0.00653839 0.0213501 0.00519966 -0.000968573 0.022801 0.00811313 6.14741e-06 0.0230994 0.00820367 0.00289874 0.0226367 0.00811313 0.00283616 0.022148 0.00780034 -0.00225869 0.0229891 0.00820367 -0.00450355 0.0226564 0.00820367 -0.000957561 0.0225417 0.00797741 0.0146525 0.0178578 0.00479633 0.0164761 0.0157911 0.00488687 0.0163284 0.0163392 0.00479633 0.00286578 0.0223793 0.00502259 0.0135704 0.0183484 0.00488687 0.00996229 0.019759 0.00541315 0.0100525 0.019938 0.00519966 0.00643226 0.0210035 0.00565706 0.00988935 0.0196144 0.00565706 0.00996229 0.019759 0.00758685 0.00653839 0.0213501 0.00780034 0.0100525 0.019938 0.00780034 0.0064797 0.0211585 0.00758685 0.00286578 0.0223793 0.00797741 0.0088355 0.0213433 0.00479633 0.00660668 0.0215731 0.00502259 0.0130619 0.0176609 0.00565706 0.0131583 0.0177912 0.00541315 0.00660668 0.0215731 0.00797741 0.00668266 0.0218212 0.00811313 0.00451356 0.0226542 0.00820367 0.00226731 0.0229884 0.00820367 0.0189079 0.0127795 0.00488687 0.0203706 0.0108925 0.00479633 0.0192021 0.0128398 0.00479633 0.0101575 0.0201462 0.00502259 0.0207956 0.00940022 0.00488687 0.0161204 0.0154502 0.00519966 0.0159757 0.0153115 0.00541315 0.0158588 0.0151994 0.00565706 0.0129911 0.0175652 0.00707542 0.0130619 0.0176609 0.00734294 0.0157728 0.015117 0.00707542 0.00988935 0.0196144 0.00734294 0.0101575 0.0201462 0.00797741 0.0102743 0.0203779 0.00811313 0.0134161 0.0181398 0.00797741 0.00884599 0.0213387 0.00820367 0.00670586 0.0221052 0.00820367 0.0221034 0.00671102 0.00479633 0.0213385 0.0088459 0.00479633 0.0134161 0.0181398 0.00502259 0.0132775 0.0179523 0.00519966 0.0183336 0.0123914 0.00541315 0.0184997 0.0125036 0.00519966 0.0131583 0.0177912 0.00758685 0.0135704 0.0183484 0.00811313 0.0164761 0.0157911 0.00811313 0.0132775 0.0179523 0.00780034 0.0159757 0.0153115 0.00758685 0.0108928 0.02037 0.00820367 0.0128376 0.0192041 0.00820367 0.0178557 0.0146555 0.00479633 0.0162888 0.0156116 0.00502259 0.0220851 0.00575052 0.00488687 0.020164 0.00911472 0.00541315 0.0203467 0.00919728 0.00519966 0.0200164 0.00904798 0.00565706 0.0181994 0.0123006 0.00565706 0.0183336 0.0123914 0.00758685 0.0146593 0.0178519 0.00820367 0.0226549 0.00451058 0.00479633 0.0227393 0.0019354 0.00488687 0.0229876 0.00227134 0.00479633 0.0186929 0.0126342 0.00502259 0.0212576 0.00553505 0.00565706 0.0214144 0.00557587 0.00541315 0.0203467 0.00919728 0.00780034 0.0186929 0.0126342 0.00797741 0.020164 0.00911472 0.00758685 0.0189079 0.0127795 0.00811313 0.0178607 0.0146486 0.00820367 0.0163358 0.0163325 0.00820367 0.0227393 -0.0019354 0.00488687 0.0226567 -0.00450349 0.00479633 0.0229879 -0.00227003 0.00479633 0.0205592 0.00929334 0.00502259 0.0220851 -0.00575052 0.00488687 0.0220487 0.00187662 0.00541315 0.0222484 0.00189362 0.00519966 0.0211424 0.00550504 0.00707542 0.0212576 0.00553505 0.00734294 0.0217686 0.00185278 0.00707542 0.0200164 0.00904798 0.00734294 0.0213431 0.00883501 0.00820367 0.0221064 0.00670155 0.00820367 0.0207956 0.00940022 0.00811313 0.0214144 0.00557587 0.00758685 0.0216084 0.00562638 0.00780034 0.020375 0.0108836 0.00820367 0.0192075 0.0128327 0.00820367 0.0205592 0.00929334 0.00797741 0.0221064 -0.00670039 0.00479633 0.0207956 -0.00940022 0.00488687 0.0213435 -0.00883472 0.00479633 0.021834 0.00568514 0.00502259 0.0216084 0.00562638 0.00519966 0.0220487 -0.00187662 0.00541315 0.0222484 -0.00189362 0.00519966 0.0222484 0.00189362 0.00780034 0.0224808 0.0019134 0.00797741 0.0222484 -0.00189362 0.00780034 0.0220851 0.00575052 0.00811313 0.0227393 0.0019354 0.00811313 0.0220487 0.00187662 0.00758685 0.021834 0.00568514 0.00797741 0.0231 4.38628e-17 0.00479633 0.0224808 0.0019134 0.00502259 0.0214144 -0.00557587 0.00541315 0.0216084 -0.00562638 0.00519966 0.0212576 -0.00553505 0.00565706 0.0218873 -0.00186288 0.00565706 0.0218873 0.00186288 0.00734294 0.0217686 -0.00185278 0.00707542 0.0220487 -0.00187662 0.00758685 0.0226569 0.0044996 0.00820367 0.0203728 -0.0108883 0.00479633 0.0189079 -0.0127795 0.00488687 0.0192103 -0.0128279 0.00479633 0.0224808 -0.0019134 0.00502259 0.0200164 -0.00904798 0.00565706 0.020164 -0.00911472 0.00541315 0.0218873 -0.00186288 0.00734294 0.0216084 -0.00562638 0.00780034 0.0224808 -0.0019134 0.00797741 0.0227393 -0.0019354 0.00811313 0.0230996 -7.04467e-06 0.00820367 0.0229889 0.00226274 0.00820367 0.0164761 -0.0157911 0.00488687 0.0146584 -0.017853 0.00479633 0.0163378 -0.0163298 0.00479633 0.021834 -0.00568514 0.00502259 0.0135704 -0.0183484 0.00488687 0.0183336 -0.0123914 0.00541315 0.0184997 -0.0125036 0.00519966 0.0220851 -0.00575052 0.00811313 0.022103 -0.00671109 0.00820367 0.0207956 -0.00940022 0.00811313 0.0203467 -0.00919728 0.00780034 0.0226548 -0.00451213 0.00820367 0.0229882 -0.00226674 0.00820367 0.021834 -0.00568514 0.00797741 0.0128352 -0.0192057 0.00479633 0.0102743 -0.0203779 0.00488687 0.0108949 -0.0203689 0.00479633 0.0205592 -0.00929334 0.00502259 0.0203467 -0.00919728 0.00519966 0.0159757 -0.0153115 0.00541315 0.0161204 -0.0154502 0.00519966 0.0181994 -0.0123006 0.00565706 0.0158588 -0.0151994 0.00565706 0.0159757 -0.0153115 0.00758685 0.0184997 -0.0125036 0.00780034 0.0161204 -0.0154502 0.00780034 0.0183336 -0.0123914 0.00758685 0.0205592 -0.00929334 0.00797741 0.0178582 -0.0146524 0.00479633 0.0186929 -0.0126342 0.00502259 0.0130619 -0.0176609 0.00565706 0.0131583 -0.0177912 0.00541315 0.0186929 -0.0126342 0.00797741 0.0189079 -0.0127795 0.00811313 0.0203685 -0.0108953 0.00820367 0.0213402 -0.0088431 0.00820367 0.00668266 -0.0218212 0.00488687 0.00451135 -0.022655 0.00479633 0.00671117 -0.0221031 0.00479633 0.0162888 -0.0156116 0.00502259 0.00289874 -0.0226367 0.00488687 0.0100525 -0.019938 0.00519966 0.00996229 -0.019759 0.00541315 0.0129911 -0.0175652 0.00707542 0.0130619 -0.0176609 0.00734294 0.0158588 -0.0151994 0.00734294 0.0131583 -0.0177912 0.00758685 0.0132775 -0.0179523 0.00780034 0.0162888 -0.0156116 0.00797741 0.0164761 -0.0157911 0.00811313 0.0178519 -0.0146595 0.00820367 0.0192066 -0.0128342 0.00820367 6.50424e-06 -0.0230996 0.00479633 0.00226695 -0.0229882 0.00479633 0.0134161 -0.0181398 0.00502259 0.0132775 -0.0179523 0.00519966 0.00653839 -0.0213501 0.00519966 0.0129478 -0.0175066 0.0067918 0.0135704 -0.0183484 0.00811313 0.0128279 -0.0192101 0.00820367 0.0102743 -0.0203779 0.00811313 0.00996229 -0.019759 0.00758685 0.0146504 -0.0178596 0.00820367 0.0163312 -0.0163366 0.00820367 0.0134161 -0.0181398 0.00797741 0.00884195 -0.0213408 0.00479633 0.0101575 -0.0201462 0.00502259 -0.000968573 -0.022801 0.00488687 0.00283616 -0.022148 0.00519966 0.00979193 -0.0194211 0.0065 0.0064797 -0.0211585 0.00758685 -0.00480802 -0.0223093 0.00488687 -0.00450033 -0.0226568 0.00479633 -0.00226259 -0.0229889 0.00479633 0.00660668 -0.0215731 0.00502259 -0.00832545 -0.0207187 0.00519966 0.00637607 -0.0208201 0.0062082 0.002775 -0.0216704 0.00707542 0.00276575 -0.0215981 0.0067918 0.00283616 -0.022148 0.00780034 0.00660668 -0.0215731 0.00797741 0.0028107 -0.0219492 0.00758685 0.00668266 -0.0218212 0.00811313 0.00883312 -0.0213439 0.00820367 0.010887 -0.0203736 0.00820367 -0.00850915 -0.0211758 0.00488687 -0.0108835 -0.020375 0.00479633 -0.00883657 -0.0213426 0.00479633 0.00286578 -0.0223793 0.00502259 -0.0119655 -0.0194332 0.00488687 0.002775 -0.0216704 0.00592458 0.00276575 -0.0215981 0.0062082 0.00276264 -0.0215738 0.0065 0.0022593 -0.0229887 0.00820367 -4.41007e-06 -0.0230999 0.00820367 0.00289874 -0.0226367 0.00811313 -0.000947663 -0.0223087 0.00780034 0.00450027 -0.0226571 0.00820367 0.00670501 -0.0221054 0.00820367 0.00286578 -0.0223793 0.00797741 -0.0146491 -0.0178602 0.00479633 -0.0128328 -0.0192075 0.00479633 -0.000957561 -0.0225417 0.00502259 -0.000947663 -0.0223087 0.00519966 -0.000927226 -0.0218276 0.00592458 -0.000924136 -0.0217549 0.0062082 -0.000923096 -0.0217304 0.0065 -0.000924136 -0.0217549 0.0067918 -0.000968573 -0.022801 0.00811313 -0.00480802 -0.0223093 0.00811313 -0.000957561 -0.0225417 0.00797741 -0.00670123 -0.0221065 0.00479633 -0.00475336 -0.0220557 0.00502259 -0.00460277 -0.021357 0.00592458 -0.00458744 -0.0212858 0.0062082 -0.00458227 -0.0212618 0.0065 -0.00458744 -0.0212858 0.0067918 -0.00814591 -0.0202719 0.00707542 -0.00227102 -0.0229875 0.00820367 -0.0178535 -0.0146575 0.00479633 -0.00841241 -0.0209351 0.00502259 -0.00814591 -0.0202719 0.00592458 -0.00811876 -0.0202043 0.0062082 -0.00810963 -0.0201816 0.0065 -0.00811876 -0.0202043 0.0067918 -0.0114547 -0.0186036 0.00707542 -0.00850915 -0.0211758 0.00811313 -0.00671224 -0.0221028 0.00820367 -0.0045083 -0.0226558 0.00820367 -0.0203721 -0.0108897 0.00479633 -0.0118294 -0.0192122 0.00502259 -0.0114547 -0.0186036 0.00592458 -0.0114165 -0.0185416 0.0062082 -0.0114037 -0.0185208 0.0065 -0.0114165 -0.0185416 0.0067918 -0.0118294 -0.0192122 0.00797741 -0.0119655 -0.0194332 0.00811313 -0.0128381 -0.0192033 0.00820367 -0.0150776 -0.0171315 0.00811313 -0.0108943 -0.0203694 0.00820367 -0.00884185 -0.0213406 0.00820367 -0.0149062 -0.0169367 0.00502259 -0.0146197 -0.0166112 0.00541315 -0.0145126 -0.0164896 0.00565706 -0.014434 -0.0164002 0.00592458 -0.0143859 -0.0163455 0.0062082 -0.0143697 -0.0163271 0.0065 -0.0143859 -0.0163455 0.0067918 -0.017756 -0.0143369 0.00811313 -0.019697 -0.0110034 0.00797741 -0.0172167 -0.0139015 0.00758685 -0.0173726 -0.0140274 0.00519966 -0.0175541 -0.0141739 0.00502259 -0.0172167 -0.0139015 0.00541315 -0.0170906 -0.0137997 0.00565706 -0.016998 -0.0137249 0.00592458 -0.0169413 -0.0136792 0.0062082 -0.0169223 -0.0136638 0.0065 -0.0169413 -0.0136792 0.0067918 -0.016998 -0.0137249 0.00707542 -0.0170906 -0.0137997 0.00734294 -0.0175541 -0.0141739 0.00797741 -0.0163388 -0.0163287 0.00820367 -0.0146573 -0.0178541 0.00820367 -0.019697 -0.0110034 0.00502259 -0.019177 -0.0107129 0.00565706 -0.019073 -0.0106548 0.00592458 -0.0190094 -0.0106193 0.0062082 -0.0189881 -0.0106074 0.0065 -0.0190094 -0.0106193 0.0067918 -0.019073 -0.0106548 0.00707542 -0.019177 -0.0107129 0.00734294 -0.0192104 -0.0128277 0.00820367 -0.0178571 -0.0146538 0.00820367 -0.0221042 -0.00670901 0.00479633 -0.0208644 -0.00737186 0.00541315 -0.0207116 -0.00731788 0.00565706 -0.0205993 -0.00727821 0.00592458 -0.0205307 -0.00725395 0.0062082 -0.0205076 -0.00724579 0.0065 -0.0205307 -0.00725395 0.0067918 -0.0205993 -0.00727821 0.00707542 -0.0207116 -0.00731788 0.00734294 -0.0222375 -0.00381301 0.00797741 -0.0212732 -0.00751632 0.00797741 -0.0220077 -0.00377359 0.00780034 -0.0203737 -0.010886 0.00820367 -0.0220077 -0.00377359 0.00519966 -0.0218101 -0.00373972 0.00541315 -0.0216504 -0.00371234 0.00565706 -0.0215331 -0.00369221 0.00592458 -0.0214613 -0.00367991 0.0062082 -0.0214371 -0.00367577 0.0065 -0.0214613 -0.00367991 0.0067918 -0.0215331 -0.00369221 0.00707542 -0.0216504 -0.00371234 0.00734294 -0.0218101 -0.00373972 0.00758685 0.0231 4.38628e-17 0.00479633 0.0230996 -7.04467e-06 0.00420367 0.0229889 0.00226274 0.00420367 0.0226569 0.0044996 0.00420367 0.0229876 0.00227134 0.00479633 0.0221064 0.00670155 0.00420367 0.0226549 0.00451058 0.00479633 0.0221034 0.00671102 0.00479633 0.0213431 0.00883501 0.00420367 0.020375 0.0108836 0.00420367 0.0213385 0.0088459 0.00479633 0.0192075 0.0128327 0.00420367 0.0203706 0.0108925 0.00479633 0.0192021 0.0128398 0.00479633 0.0178607 0.0146486 0.00420367 0.0163358 0.0163325 0.00420367 0.0178557 0.0146555 0.00479633 0.0146593 0.0178519 0.00420367 0.0163284 0.0163392 0.00479633 0.0146525 0.0178578 0.00479633 0.0128376 0.0192041 0.00420367 0.0108928 0.02037 0.00420367 0.012828 0.0192103 0.00479633 0.00884599 0.0213387 0.00420367 0.010884 0.0203745 0.00479633 0.0088355 0.0213433 0.00479633 0.00670586 0.0221052 0.00420367 0.00451356 0.0226542 0.00420367 0.00669832 0.0221068 0.00479633 0.00226731 0.0229884 0.00420367 0.00450411 0.0226566 0.00479633 0.00225634 0.022989 0.00479633 6.14741e-06 0.0230994 0.00420367 -0.00225869 0.0229891 0.00420367 3.8096e-15 0.0231 0.00479633 -0.00450355 0.0226564 0.00420367 -0.00227134 0.0229876 0.00479633 -0.00451058 0.0226549 0.00479633 -0.00669879 0.0221069 0.00420367 -0.0088389 0.0213421 0.00420367 -0.00671102 0.0221034 0.00479633 -0.0108827 0.0203752 0.00420367 -0.0088459 0.0213385 0.00479633 -0.0108925 0.0203706 0.00479633 -0.0128304 0.019209 0.00420367 -0.0146499 0.0178596 0.00420367 -0.0128398 0.0192021 0.00479633 -0.0163297 0.0163382 0.00420367 -0.0146555 0.0178557 0.00479633 -0.0163392 0.0163284 0.00479633 -0.0178554 0.0146556 0.00420367 -0.0192026 0.0128394 0.00420367 -0.0178578 0.0146525 0.00479633 -0.0203714 0.010891 0.00420367 -0.0192103 0.012828 0.00479633 -0.0203745 0.010884 0.00479633 -0.0213385 0.00884604 0.00420367 -0.0221038 0.00670998 0.00420367 -0.0213433 0.0088355 0.00479633 -0.0226548 0.00451095 0.00420367 -0.0221068 0.00669832 0.00479633 -0.0226566 0.00450411 0.00479633 -0.0229878 0.00227065 0.00420367 -0.0231 1.48591e-17 0.00420367 -0.0229876 0.00227134 0.00479633 -0.0231 2.29881e-17 0.00479633 0.0229879 -0.00227003 0.00479633 0.0229882 -0.00226674 0.00420367 0.0226567 -0.00450349 0.00479633 0.0221064 -0.00670039 0.00479633 0.0226548 -0.00451213 0.00420367 0.0213435 -0.00883472 0.00479633 0.022103 -0.00671109 0.00420367 0.0213402 -0.0088431 0.00420367 0.0203728 -0.0108883 0.00479633 0.0192103 -0.0128279 0.00479633 0.0203685 -0.0108953 0.00420367 0.0178582 -0.0146524 0.00479633 0.0192066 -0.0128342 0.00420367 0.0178519 -0.0146595 0.00420367 0.0163378 -0.0163298 0.00479633 0.0146584 -0.017853 0.00479633 0.0163312 -0.0163366 0.00420367 0.0128352 -0.0192057 0.00479633 0.0146504 -0.0178596 0.00420367 0.0128279 -0.0192101 0.00420367 0.0108949 -0.0203689 0.00479633 0.00884195 -0.0213408 0.00479633 0.010887 -0.0203736 0.00420367 0.00671117 -0.0221031 0.00479633 0.00883312 -0.0213439 0.00420367 0.00670501 -0.0221054 0.00420367 0.00451135 -0.022655 0.00479633 0.00226695 -0.0229882 0.00479633 0.00450027 -0.0226571 0.00420367 6.50424e-06 -0.0230996 0.00479633 0.0022593 -0.0229887 0.00420367 -4.41007e-06 -0.0230999 0.00420367 -0.00226259 -0.0229889 0.00479633 -0.00450033 -0.0226568 0.00479633 -0.00227102 -0.0229875 0.00420367 -0.00670123 -0.0221065 0.00479633 -0.0045083 -0.0226558 0.00420367 -0.00671224 -0.0221028 0.00420367 -0.00883657 -0.0213426 0.00479633 -0.0108835 -0.020375 0.00479633 -0.00884185 -0.0213406 0.00420367 -0.0128328 -0.0192075 0.00479633 -0.0108943 -0.0203694 0.00420367 -0.0128381 -0.0192033 0.00420367 -0.0146491 -0.0178602 0.00479633 -0.0163312 -0.016337 0.00479633 -0.0146573 -0.0178541 0.00420367 -0.0178535 -0.0146575 0.00479633 -0.0163388 -0.0163287 0.00420367 -0.0178571 -0.0146538 0.00420367 -0.0192033 -0.0128386 0.00479633 -0.0203721 -0.0108897 0.00479633 -0.0192104 -0.0128277 0.00420367 -0.0213386 -0.00884589 0.00479633 -0.0203737 -0.010886 0.00420367 -0.0213435 -0.00883501 0.00420367 -0.0221042 -0.00670901 0.00479633 -0.0226547 -0.00451117 0.00479633 -0.0221066 -0.00669934 0.00420367 -0.0229879 -0.00227003 0.00479633 -0.0226566 -0.00450376 0.00420367 -0.0229878 -0.00227065 0.00420367 -0.0218101 0.00373972 0.00141315 -0.0221284 -2.50739e-17 0.00141315 -0.0216504 0.00371234 0.00165706 -0.0223288 -2.5301e-17 0.00119966 -0.0220077 0.00377359 0.00119966 -0.017756 0.0143369 0.000886874 -0.0150776 0.0171315 0.000886874 -0.0163378 0.0163298 0.000796327 -0.0193184 0.0107919 0.00141315 -0.0210534 0.00743862 0.00119966 -0.0208644 0.00737186 0.00141315 -0.0225621 -2.55652e-17 0.00102259 -0.0219664 -2.48903e-17 0.00165706 -0.0215331 0.00369221 0.00192458 -0.0178582 0.0146524 0.000796327 -0.0215179 0.00760276 0.000886874 -0.0221064 0.00670039 0.000796327 -0.0224933 0.00385686 0.000886874 -0.0199235 0.0111299 0.000886874 -0.0203728 0.0108883 0.000796327 -0.0213435 0.00883472 0.000796327 -0.0222375 0.00381301 0.00102259 -0.0228215 -2.58593e-17 0.000886874 -0.0226567 0.00450349 0.000796327 -0.0229879 0.00227003 0.000796327 -0.0231 1.48591e-17 0.000796327 -0.0207116 0.00731788 0.00165706 -0.0205993 0.00727821 0.00192458 -0.0218473 -2.47554e-17 0.00192458 -0.019177 0.0107129 0.00165706 -0.019073 0.0106548 0.00192458 -0.0190094 0.0106193 0.0022082 -0.0169223 0.0136638 0.0025 -0.0169413 0.0136792 0.0022082 -0.0170906 0.0137997 0.00165706 -0.014434 0.0164002 0.00192458 -0.0145126 0.0164896 0.00165706 -0.000927226 0.0218276 0.00192458 -0.00093228 0.0219466 0.00165706 -0.00462786 0.0214734 0.00165706 -0.016998 0.0137249 0.00192458 0.002775 0.0216704 0.00192458 0.00279012 0.0217885 0.00165706 -0.00462786 0.0214734 0.00334294 -0.00814591 0.0202719 0.00307542 -0.00819031 0.0203824 0.00334294 -0.00460277 0.021357 0.00192458 -0.00814591 0.0202719 0.00192458 -0.00458744 0.0212858 0.0022082 0.00639739 0.0208897 0.00192458 0.00643226 0.0210035 0.00165706 0.00276575 0.0215981 0.0022082 -0.000924136 0.0217549 0.0022082 0.0063689 0.0207966 0.0025 0.00637607 0.0208201 0.0022082 0.0131583 0.0177912 0.00358685 0.00996229 0.019759 0.00358685 0.0132775 0.0179523 0.00380034 0.0200164 0.00904798 0.00165706 0.0181994 0.0123006 0.00165706 0.0199079 0.00899893 0.00192458 0.00980296 0.019443 0.0022082 0.00979193 0.0194211 0.0025 0.0211424 0.00550504 0.00192458 0.0212576 0.00553505 0.00165706 0.0129911 0.0175652 0.00192458 0.00983574 0.019508 0.00192458 0.0129478 0.0175066 0.0022082 0.0217686 0.00185278 0.00192458 0.0218873 0.00186288 0.00165706 0.0157202 0.0150666 0.0022082 0.0157025 0.0150497 0.0025 0.0211424 -0.00550504 0.00192458 0.0212576 -0.00553505 0.00165706 0.0218873 -0.00186288 0.00165706 0.0157728 0.015117 0.00192458 0.0180404 0.0121932 0.0022082 0.0181007 0.0122339 0.00192458 0.0198415 0.00896894 0.0022082 0.0210482 0.00548052 0.0025 0.0210719 0.0054867 0.0022082 0.0220487 -0.00187662 0.00141315 0.0199079 -0.00899893 0.00192458 0.0200164 -0.00904798 0.00165706 0.0210719 -0.0054867 0.0022082 0.0216961 -0.00184661 0.0022082 0.0210482 -0.00548052 0.0025 0.0217686 -0.00185278 0.00192458 0.0198415 -0.00896894 0.0022082 0.0157202 -0.0150666 0.0027918 0.0157728 -0.015117 0.00307542 0.0129911 -0.0175652 0.00307542 0.00286578 -0.0223793 0.00397741 0.00283616 -0.022148 0.00380034 0.00653839 -0.0213501 0.00380034 -0.0224933 -0.00385686 0.00411313 -0.0221066 -0.00669934 0.00420367 -0.0226566 -0.00450376 0.00420367 0.0130619 -0.0176609 0.00165706 0.00983574 -0.019508 0.00192458 0.00988935 -0.0196144 0.00165706 0.002775 -0.0216704 0.00307542 -0.000927226 -0.0218276 0.00307542 0.00276575 -0.0215981 0.0027918 -0.0215179 -0.00760276 0.00411313 -0.0115171 -0.018705 0.00334294 -0.00819031 -0.0203824 0.00334294 -0.0116021 -0.018843 0.00358685 -0.0175541 -0.0141739 0.00397741 -0.0173726 -0.0140274 0.00380034 -0.0147521 -0.0167616 0.00380034 -0.00093228 -0.0219466 0.00334294 -0.00462786 -0.0214734 0.00334294 -0.00825072 -0.0205327 0.00358685 -0.0117072 -0.0190137 0.00380034 0.00980296 -0.019443 0.0027918 0.00637607 -0.0208201 0.0027918 0.00979193 -0.0194211 0.0025 0.00279012 -0.0217885 0.00334294 0.0157728 -0.015117 0.00192458 0.0129478 -0.0175066 0.0022082 0.0129911 -0.0175652 0.00192458 0.0129333 -0.0174869 0.0025 0.0129478 -0.0175066 0.0027918 0.0131583 -0.0177912 0.00141315 0.00279012 -0.0217885 0.00165706 0.0064797 -0.0211585 0.00141315 0.00643226 -0.0210035 0.00165706 0.00996229 -0.019759 0.00141315 -0.000947663 -0.0223087 0.00119966 -0.000939156 -0.0221085 0.00141315 -0.004662 -0.0216317 0.00141315 -0.00093228 -0.0219466 0.00165706 0.0028107 -0.0219492 0.00141315 -0.0117072 -0.0190137 0.00119966 -0.00832545 -0.0207187 0.00119966 -0.0116021 -0.018843 0.00141315 -0.00825072 -0.0205327 0.00141315 -0.00470422 -0.0218277 0.00119966 -0.0147521 -0.0167616 0.00119966 -0.0146197 -0.0166112 0.00141315 -0.0119655 -0.0194332 0.000886874 -0.0150776 -0.0171315 0.000886874 -0.012828 -0.0192103 0.000796327 -0.017756 -0.0143369 0.000886874 -0.0199235 -0.0111299 0.000886874 -0.0192021 -0.0128398 0.000796327 -0.0163284 -0.0163392 0.000796327 -0.0210534 -0.00743862 0.00119966 -0.0220077 -0.00377359 0.00119966 -0.0212732 -0.00751632 0.00102259 -0.0215179 -0.00760276 0.000886874 -0.0213385 -0.0088459 0.000796327 -0.0224933 -0.00385686 0.000886874 -0.0229876 -0.00227134 0.000796327 -0.0226549 -0.00451058 0.000796327 0.00283616 -0.022148 0.00119966 -0.00811876 -0.0202043 0.0027918 -0.00814591 -0.0202719 0.00307542 -0.0114547 -0.0186036 0.00307542 0.0181007 -0.0122339 0.00192458 0.0157202 -0.0150666 0.0022082 -0.017756 -0.0143369 0.00411313 -0.0199235 -0.0111299 0.00411313 -0.0149062 -0.0169367 0.00397741 -0.0150776 -0.0171315 0.00411313 0.00639739 -0.0208897 0.00307542 -0.0194934 -0.0108897 0.00380034 -0.0212732 -0.00751632 0.00397741 -0.0210534 -0.00743862 0.00380034 -0.0229878 -0.00227065 0.00420367 -0.0231 1.48591e-17 0.00420367 -0.0228215 -4.61288e-17 0.00411313 0.0157025 -0.0150497 0.0025 0.0180404 -0.0121932 0.0022082 0.0180201 -0.0121795 0.0025 0.0132775 -0.0179523 0.00380034 0.0131583 -0.0177912 0.00358685 0.0159757 -0.0153115 0.00358685 0.00639739 -0.0208897 0.00192458 0.002775 -0.0216704 0.00192458 0.0158588 -0.0151994 0.00165706 0.0198192 -0.00895885 0.0025 0.0162888 -0.0156116 0.00397741 0.0161204 -0.0154502 0.00380034 0.0184997 -0.0125036 0.00380034 0.0181994 -0.0123006 0.00165706 0.0216961 0.00184661 0.0022082 0.0216716 -0.00184453 0.0025 0.0216716 0.00184453 0.0025 0.0218873 -0.00186288 0.00334294 0.0217686 0.00185278 0.00307542 0.0218873 0.00186288 0.00334294 0.0216961 0.00184661 0.0027918 0.0217686 -0.00185278 0.00307542 0.0216961 -0.00184661 0.0027918 0.0198192 0.00895885 0.0025 0.0216084 0.00562638 0.00380034 0.0214144 0.00557587 0.00358685 0.020164 0.00911472 0.00358685 0.0180201 0.0121795 0.0025 0.0129333 0.0174869 0.0025 0.0129478 0.0175066 0.0027918 0.0157202 0.0150666 0.0027918 0.0181007 0.0122339 0.00307542 0.0180404 0.0121932 0.0027918 0.00276264 0.0215738 0.0025 0.0130619 0.0176609 0.00165706 0.0158588 0.0151994 0.00165706 -0.000923096 0.0217304 0.0025 0.00988935 0.0196144 0.00165706 -0.00458227 0.0212618 0.0025 -0.00811876 0.0202043 0.0022082 0.0100525 0.019938 0.00380034 0.00653839 0.0213501 0.00380034 0.0101575 0.0201462 0.00397741 -0.0114547 0.0186036 0.00192458 -0.000927226 0.0218276 0.00307542 -0.00458744 0.0212858 0.0027918 -0.00460277 0.021357 0.00307542 -0.0114165 0.0185416 0.0022082 -0.00810963 0.0201816 0.0025 -0.0143859 0.0163455 0.0022082 -0.0143697 0.0163271 0.0025 -0.0114037 0.0185208 0.0025 -0.00832545 0.0207187 0.00380034 -0.00475336 0.0220557 0.00397741 -0.00470422 0.0218277 0.00380034 -0.0116021 0.018843 0.00358685 -0.0146197 0.0166112 0.00358685 -0.0117072 0.0190137 0.00380034 -0.0115171 0.018705 0.00165706 -0.00819031 0.0203824 0.00165706 -0.0189881 0.0106074 0.0025 -0.0205307 0.00725395 0.0022082 -0.0170906 0.0137997 0.00334294 -0.019073 0.0106548 0.00307542 -0.019177 0.0107129 0.00334294 -0.0214613 0.00367991 0.0022082 -0.0205076 0.00724579 0.0025 -0.0217745 -2.46729e-17 0.0022082 -0.0214371 0.00367577 0.0025 -0.0190094 0.0106193 0.0027918 -0.016998 0.0137249 0.00307542 -0.0169413 0.0136792 0.0027918 -0.02175 -4.3963e-17 0.0025 -0.0214613 0.00367991 0.0027918 -0.0215331 0.00369221 0.00307542 -0.0217745 -4.40125e-17 0.0027918 -0.0218473 -4.41597e-17 0.00307542 -0.0210534 0.00743862 0.00380034 -0.0208644 0.00737186 0.00358685 -0.0218101 0.00373972 0.00358685 -0.0216504 0.00371234 0.00334294 -0.0219664 -4.44004e-17 0.00334294 -0.0221284 -4.47279e-17 0.00358685 -0.0205993 0.00727821 0.00307542 -0.0205307 0.00725395 0.0027918 -0.0220077 0.00377359 0.00380034 -0.0223288 -4.5133e-17 0.00380034 -0.0222375 0.00381301 0.00397741 -0.0225621 -4.56044e-17 0.00397741 -0.0224933 0.00385686 0.00411313 -0.0229878 0.00227065 0.00420367 -0.0146584 0.017853 0.000796327 -0.0119655 0.0194332 0.000886874 -0.0128352 0.0192057 0.000796327 -0.0212732 0.00751632 0.00102259 -0.0172167 0.0139015 0.00141315 -0.0194934 0.0108897 0.00119966 -0.0207116 0.00731788 0.00334294 -0.0212732 0.00751632 0.00397741 -0.0199235 0.0111299 0.00411313 -0.0215179 0.00760276 0.00411313 -0.0213385 0.00884604 0.00420367 -0.0194934 0.0108897 0.00380034 -0.0221038 0.00670998 0.00420367 -0.0226548 0.00451095 0.00420367 -0.0192103 0.0128279 0.000796327 -0.019697 0.0110034 0.00102259 -0.0146197 0.0166112 0.00141315 -0.0173726 0.0140274 0.00119966 -0.0172167 0.0139015 0.00358685 -0.0173726 0.0140274 0.00380034 -0.0147521 0.0167616 0.00380034 -0.0193184 0.0107919 0.00358685 -0.019697 0.0110034 0.00397741 -0.0108949 0.0203689 0.000796327 -0.00850915 0.0211758 0.000886874 -0.00884195 0.0213408 0.000796327 -0.0175541 0.0141739 0.00102259 -0.0149062 0.0169367 0.00397741 -0.0143859 0.0163455 0.0027918 -0.014434 0.0164002 0.00307542 -0.0175541 0.0141739 0.00397741 -0.017756 0.0143369 0.00411313 -0.0192026 0.0128394 0.00420367 -0.0203714 0.010891 0.00420367 -0.00480802 0.0223093 0.000886874 -0.00226695 0.0229882 0.000796327 -0.00451135 0.022655 0.000796327 -0.0149062 0.0169367 0.00102259 -0.000968573 0.022801 0.000886874 -0.0147521 0.0167616 0.00119966 -0.00825072 0.0205327 0.00141315 -0.0117072 0.0190137 0.00119966 -0.0116021 0.018843 0.00141315 -0.0145126 0.0164896 0.00334294 -0.0114165 0.0185416 0.0027918 -0.0114547 0.0186036 0.00307542 -0.0150776 0.0171315 0.00411313 -0.0163297 0.0163382 0.00420367 -0.0178554 0.0146556 0.00420367 -6.50424e-06 0.0230996 0.000796327 0.00289874 0.0226367 0.000886874 0.00226259 0.0229889 0.000796327 -0.0118294 0.0192122 0.00102259 -0.004662 0.0216317 0.00141315 -0.00832545 0.0207187 0.00119966 -0.0115171 0.018705 0.00334294 -0.00811876 0.0202043 0.0027918 -0.0118294 0.0192122 0.00397741 -0.0119655 0.0194332 0.00411313 -0.00850915 0.0211758 0.00411313 -0.0146499 0.0178596 0.00420367 -0.0128304 0.019209 0.00420367 -0.00671117 0.0221031 0.000796327 -0.00841241 0.0209351 0.00102259 -0.000939156 0.0221085 0.00141315 -0.00470422 0.0218277 0.00119966 -0.00825072 0.0205327 0.00358685 -0.00841241 0.0209351 0.00397741 -0.0108827 0.0203752 0.00420367 0.00450033 0.0226568 0.000796327 0.00668266 0.0218212 0.000886874 0.00670123 0.0221065 0.000796327 -0.00475336 0.0220557 0.00102259 -0.000957561 0.0225417 0.00397741 -0.000947663 0.0223087 0.00380034 -0.000924136 0.0217549 0.0027918 -0.004662 0.0216317 0.00358685 -0.00480802 0.0223093 0.00411313 -0.00669879 0.0221069 0.00420367 -0.0088389 0.0213421 0.00420367 0.0102743 0.0203779 0.000886874 0.0128328 0.0192075 0.000796327 0.0108835 0.020375 0.000796327 -0.000957561 0.0225417 0.00102259 0.0135704 0.0183484 0.000886874 -0.000947663 0.0223087 0.00119966 0.0064797 0.0211585 0.00141315 0.00283616 0.022148 0.00119966 0.0028107 0.0219492 0.00141315 -0.000939156 0.0221085 0.00358685 0.00283616 0.022148 0.00380034 0.0028107 0.0219492 0.00358685 -0.00093228 0.0219466 0.00334294 0.00276575 0.0215981 0.0027918 0.002775 0.0216704 0.00307542 0.00289874 0.0226367 0.00411313 -0.000968573 0.022801 0.00411313 6.14741e-06 0.0230994 0.00420367 -0.00225869 0.0229891 0.00420367 -0.00450355 0.0226564 0.00420367 0.0146491 0.0178602 0.000796327 0.0164761 0.0157911 0.000886874 0.0163312 0.016337 0.000796327 0.00286578 0.0223793 0.00102259 0.00996229 0.019759 0.00141315 0.00653839 0.0213501 0.00119966 0.00279012 0.0217885 0.00334294 0.00637607 0.0208201 0.0027918 0.00639739 0.0208897 0.00307542 0.00286578 0.0223793 0.00397741 0.00668266 0.0218212 0.00411313 0.00883657 0.0213426 0.000796327 0.00660668 0.0215731 0.00102259 0.0131583 0.0177912 0.00141315 0.0159757 0.0153115 0.00141315 0.0132775 0.0179523 0.00119966 0.00643226 0.0210035 0.00334294 0.00983574 0.019508 0.00307542 0.00980296 0.019443 0.0027918 0.0064797 0.0211585 0.00358685 0.00660668 0.0215731 0.00397741 0.00451356 0.0226542 0.00420367 0.00226731 0.0229884 0.00420367 0.0189079 0.0127795 0.000886874 0.0203721 0.0108897 0.000796327 0.0192033 0.0128386 0.000796327 0.0101575 0.0201462 0.00102259 0.0207956 0.00940022 0.000886874 0.0100525 0.019938 0.00119966 0.00988935 0.0196144 0.00334294 0.0129911 0.0175652 0.00307542 0.0102743 0.0203779 0.00411313 0.00884599 0.0213387 0.00420367 0.00670586 0.0221052 0.00420367 0.0221042 0.00670901 0.000796327 0.0213386 0.00884589 0.000796327 0.0134161 0.0181398 0.00102259 0.0183336 0.0123914 0.00141315 0.0161204 0.0154502 0.00119966 0.0130619 0.0176609 0.00334294 0.0157728 0.015117 0.00307542 0.0134161 0.0181398 0.00397741 0.0164761 0.0157911 0.00411313 0.0135704 0.0183484 0.00411313 0.0146593 0.0178519 0.00420367 0.0161204 0.0154502 0.00380034 0.0128376 0.0192041 0.00420367 0.0108928 0.02037 0.00420367 0.0178535 0.0146575 0.000796327 0.0162888 0.0156116 0.00102259 0.0220851 0.00575052 0.000886874 0.020164 0.00911472 0.00141315 0.0184997 0.0125036 0.00119966 0.0203467 0.00919728 0.00380034 0.0184997 0.0125036 0.00380034 0.0205592 0.00929334 0.00397741 0.0158588 0.0151994 0.00334294 0.0183336 0.0123914 0.00358685 0.0159757 0.0153115 0.00358685 0.0162888 0.0156116 0.00397741 0.0226547 0.00451117 0.000796327 0.0227393 0.0019354 0.000886874 0.0229879 0.00227003 0.000796327 0.0186929 0.0126342 0.00102259 0.0181994 0.0123006 0.00334294 0.0198415 0.00896894 0.0027918 0.0199079 0.00899893 0.00307542 0.0186929 0.0126342 0.00397741 0.0189079 0.0127795 0.00411313 0.0178607 0.0146486 0.00420367 0.0163358 0.0163325 0.00420367 0.0227393 -0.0019354 0.000886874 0.0226566 -0.00450411 0.000796327 0.0229876 -0.00227134 0.000796327 0.0205592 0.00929334 0.00102259 0.0220851 -0.00575052 0.000886874 0.0203467 0.00919728 0.00119966 0.0220487 0.00187662 0.00141315 0.0216084 0.00562638 0.00119966 0.0214144 0.00557587 0.00141315 0.0200164 0.00904798 0.00334294 0.0210719 0.0054867 0.0027918 0.0211424 0.00550504 0.00307542 0.0207956 0.00940022 0.00411313 0.020375 0.0108836 0.00420367 0.0192075 0.0128327 0.00420367 0.0221068 -0.00669832 0.000796327 0.0207956 -0.00940022 0.000886874 0.0213433 -0.0088355 0.000796327 0.021834 0.00568514 0.00102259 0.0222484 0.00189362 0.00119966 0.0212576 0.00553505 0.00334294 0.021834 0.00568514 0.00397741 0.0220851 0.00575052 0.00411313 0.0227393 0.0019354 0.00411313 0.0222484 0.00189362 0.00380034 0.0213431 0.00883501 0.00420367 0.0221064 0.00670155 0.00420367 0.0231 -7.42953e-18 0.000796327 0.0224808 0.0019134 0.00102259 0.0214144 -0.00557587 0.00141315 0.0222484 -0.00189362 0.00119966 0.0220487 -0.00187662 0.00358685 0.0222484 -0.00189362 0.00380034 0.0216084 -0.00562638 0.00380034 0.0220487 0.00187662 0.00358685 0.0224808 0.0019134 0.00397741 0.0226569 0.0044996 0.00420367 0.0203745 -0.010884 0.000796327 0.0189079 -0.0127795 0.000886874 0.0192103 -0.012828 0.000796327 0.0224808 -0.0019134 0.00102259 0.0211424 -0.00550504 0.00307542 0.021834 -0.00568514 0.00397741 0.0210719 -0.0054867 0.0027918 0.0224808 -0.0019134 0.00397741 0.0227393 -0.0019354 0.00411313 0.0230996 -7.04467e-06 0.00420367 0.0229889 0.00226274 0.00420367 0.0164761 -0.0157911 0.000886874 0.0146555 -0.0178557 0.000796327 0.0163392 -0.0163284 0.000796327 0.021834 -0.00568514 0.00102259 0.0135704 -0.0183484 0.000886874 0.0216084 -0.00562638 0.00119966 0.0183336 -0.0123914 0.00141315 0.0203467 -0.00919728 0.00119966 0.020164 -0.00911472 0.00141315 0.0214144 -0.00557587 0.00358685 0.0203467 -0.00919728 0.00380034 0.020164 -0.00911472 0.00358685 0.0212576 -0.00553505 0.00334294 0.0198415 -0.00896894 0.0027918 0.0199079 -0.00899893 0.00307542 0.0207956 -0.00940022 0.00411313 0.0220851 -0.00575052 0.00411313 0.022103 -0.00671109 0.00420367 0.0226548 -0.00451213 0.00420367 0.0229882 -0.00226674 0.00420367 0.0128398 -0.0192021 0.000796327 0.0102743 -0.0203779 0.000886874 0.0108925 -0.0203706 0.000796327 0.0205592 -0.00929334 0.00102259 0.0159757 -0.0153115 0.00141315 0.0184997 -0.0125036 0.00119966 0.0200164 -0.00904798 0.00334294 0.0180404 -0.0121932 0.0027918 0.0181007 -0.0122339 0.00307542 0.0205592 -0.00929334 0.00397741 0.0189079 -0.0127795 0.00411313 0.0178578 -0.0146525 0.000796327 0.0186929 -0.0126342 0.00102259 0.0132775 -0.0179523 0.00119966 0.0181994 -0.0123006 0.00334294 0.0183336 -0.0123914 0.00358685 0.0186929 -0.0126342 0.00397741 0.0203685 -0.0108953 0.00420367 0.0213402 -0.0088431 0.00420367 0.00668266 -0.0218212 0.000886874 0.00451058 -0.0226549 0.000796327 0.00671102 -0.0221034 0.000796327 0.0162888 -0.0156116 0.00102259 0.0088459 -0.0213385 0.000796327 0.0161204 -0.0154502 0.00119966 0.0158588 -0.0151994 0.00334294 0.0164761 -0.0157911 0.00411313 0.0178519 -0.0146595 0.00420367 0.0192066 -0.0128342 0.00420367 2.65093e-15 -0.0231 0.000796327 0.00227134 -0.0229876 0.000796327 0.00289874 -0.0226367 0.000886874 0.0134161 -0.0181398 0.00102259 0.0100525 -0.019938 0.00119966 0.0064797 -0.0211585 0.00358685 0.0130619 -0.0176609 0.00334294 0.00983574 -0.019508 0.00307542 0.0134161 -0.0181398 0.00397741 0.0102743 -0.0203779 0.00411313 0.0135704 -0.0183484 0.00411313 0.0128279 -0.0192101 0.00420367 0.0100525 -0.019938 0.00380034 0.0146504 -0.0178596 0.00420367 0.0163312 -0.0163366 0.00420367 -0.00225634 -0.022989 0.000796327 -0.00480802 -0.0223093 0.000886874 -0.00450411 -0.0226566 0.000796327 0.0101575 -0.0201462 0.00102259 -0.000968573 -0.022801 0.000886874 0.00653839 -0.0213501 0.00119966 0.00980296 -0.019443 0.0022082 -0.000947663 -0.0223087 0.00380034 -0.000939156 -0.0221085 0.00358685 0.0028107 -0.0219492 0.00358685 0.00988935 -0.0196144 0.00334294 0.00996229 -0.019759 0.00358685 0.0101575 -0.0201462 0.00397741 0.00660668 -0.0215731 0.00102259 0.00637607 -0.0208201 0.0022082 0.0063689 -0.0207966 0.0025 0.00643226 -0.0210035 0.00334294 0.00660668 -0.0215731 0.00397741 0.00668266 -0.0218212 0.00411313 0.00883312 -0.0213439 0.00420367 0.010887 -0.0203736 0.00420367 -0.00850915 -0.0211758 0.000886874 -0.010884 -0.0203745 0.000796327 -0.0088355 -0.0213433 0.000796327 0.00286578 -0.0223793 0.00102259 0.00276575 -0.0215981 0.0022082 0.00276264 -0.0215738 0.0025 -0.00458744 -0.0212858 0.0027918 -0.000924136 -0.0217549 0.0027918 0.00289874 -0.0226367 0.00411313 0.00450027 -0.0226571 0.00420367 0.00670501 -0.0221054 0.00420367 -0.0146525 -0.0178578 0.000796327 -0.000957561 -0.0225417 0.00102259 -0.0222375 -0.00381301 0.00102259 -0.000927226 -0.0218276 0.00192458 -0.000924136 -0.0217549 0.0022082 -0.000923096 -0.0217304 0.0025 -0.00832545 -0.0207187 0.00380034 -0.0118294 -0.0192122 0.00397741 -0.00460277 -0.021357 0.00307542 -0.000957561 -0.0225417 0.00397741 -0.00480802 -0.0223093 0.00411313 -0.000968573 -0.022801 0.00411313 -0.00227102 -0.0229875 0.00420367 -0.00470422 -0.0218277 0.00380034 -4.41007e-06 -0.0230999 0.00420367 0.0022593 -0.0229887 0.00420367 -0.00669832 -0.0221068 0.000796327 -0.00475336 -0.0220557 0.00102259 -0.00462786 -0.0214734 0.00165706 -0.00460277 -0.021357 0.00192458 -0.00458744 -0.0212858 0.0022082 -0.00458227 -0.0212618 0.0025 -0.004662 -0.0216317 0.00358685 -0.00475336 -0.0220557 0.00397741 -0.0178557 -0.0146555 0.000796327 -0.00841241 -0.0209351 0.00102259 -0.00819031 -0.0203824 0.00165706 -0.00814591 -0.0202719 0.00192458 -0.00811876 -0.0202043 0.0022082 -0.00810963 -0.0201816 0.0025 -0.00841241 -0.0209351 0.00397741 -0.00850915 -0.0211758 0.00411313 -0.00671224 -0.0221028 0.00420367 -0.0045083 -0.0226558 0.00420367 -0.0203706 -0.0108925 0.000796327 -0.0118294 -0.0192122 0.00102259 -0.0115171 -0.018705 0.00165706 -0.0114547 -0.0186036 0.00192458 -0.0114165 -0.0185416 0.0022082 -0.0114037 -0.0185208 0.0025 -0.0114165 -0.0185416 0.0027918 -0.0146197 -0.0166112 0.00358685 -0.0119655 -0.0194332 0.00411313 -0.0108943 -0.0203694 0.00420367 -0.00884185 -0.0213406 0.00420367 -0.0145126 -0.0164896 0.00165706 -0.0149062 -0.0169367 0.00102259 -0.014434 -0.0164002 0.00192458 -0.0143859 -0.0163455 0.0022082 -0.0143697 -0.0163271 0.0025 -0.0143859 -0.0163455 0.0027918 -0.014434 -0.0164002 0.00307542 -0.0145126 -0.0164896 0.00334294 -0.0213435 -0.00883501 0.00420367 -0.0128381 -0.0192033 0.00420367 -0.0146573 -0.0178541 0.00420367 -0.0172167 -0.0139015 0.00141315 -0.0173726 -0.0140274 0.00119966 -0.0175541 -0.0141739 0.00102259 -0.0170906 -0.0137997 0.00165706 -0.016998 -0.0137249 0.00192458 -0.0169413 -0.0136792 0.0022082 -0.0169223 -0.0136638 0.0025 -0.0169413 -0.0136792 0.0027918 -0.016998 -0.0137249 0.00307542 -0.0170906 -0.0137997 0.00334294 -0.0172167 -0.0139015 0.00358685 -0.0163388 -0.0163287 0.00420367 -0.0193184 -0.0107919 0.00141315 -0.0194934 -0.0108897 0.00119966 -0.019697 -0.0110034 0.00102259 -0.019177 -0.0107129 0.00165706 -0.019073 -0.0106548 0.00192458 -0.0190094 -0.0106193 0.0022082 -0.0189881 -0.0106074 0.0025 -0.0190094 -0.0106193 0.0027918 -0.019073 -0.0106548 0.00307542 -0.019177 -0.0107129 0.00334294 -0.0193184 -0.0107919 0.00358685 -0.019697 -0.0110034 0.00397741 -0.0192104 -0.0128277 0.00420367 -0.0178571 -0.0146538 0.00420367 -0.0221034 -0.00671102 0.000796327 -0.0208644 -0.00737186 0.00141315 -0.0207116 -0.00731788 0.00165706 -0.0205993 -0.00727821 0.00192458 -0.0205307 -0.00725395 0.0022082 -0.0205076 -0.00724579 0.0025 -0.0205307 -0.00725395 0.0027918 -0.0205993 -0.00727821 0.00307542 -0.0207116 -0.00731788 0.00334294 -0.0208644 -0.00737186 0.00358685 -0.0203737 -0.010886 0.00420367 -0.0218101 -0.00373972 0.00141315 -0.0216504 -0.00371234 0.00165706 -0.0215331 -0.00369221 0.00192458 -0.0214613 -0.00367991 0.0022082 -0.0214371 -0.00367577 0.0025 -0.0214613 -0.00367991 0.0027918 -0.0215331 -0.00369221 0.00307542 -0.0216504 -0.00371234 0.00334294 -0.0218101 -0.00373972 0.00358685 -0.0220077 -0.00377359 0.00380034 -0.0222375 -0.00381301 0.00397741 -0.00707912 -0.00247709 0.001 -0.00923231 -0.00223929 0.001 -0.00739403 -0.0012563 0.001 -0.017947 0.00488503 0.001 -0.0173908 0.00659693 0.001 -0.00871628 0.00377841 0.001 0.00559232 0.0049976 0.001 0.00615288 0.00723824 0.001 0.00718048 0.00622019 0.001 0.00232539 0.009211 0.001 0.0012563 0.00739403 0.001 0.0009 0.00945727 0.001 0.00247709 0.00707912 0.001 0.00369686 0.00875118 0.001 0.00362789 0.00656418 0.001 -8.49831e-18 0.0075 0.001 -0.0009 0.00945727 0.001 0.00498263 0.00808847 0.001 -0.00130184 0.00738614 0.001 0.00467617 0.00586374 0.001 -0.0009 0.0185782 0.001 0.0009 0.0185782 0.001 0.00635043 0.00399024 0.001 0.0080416 0.00505793 0.001 0.00871628 0.00377841 0.001 0.0069291 0.00287013 0.001 -0.00374873 0.00649586 0.001 -0.00369686 0.00875118 0.001 -0.00256418 0.00704802 0.001 -0.00481953 0.00574637 0.001 -0.00615288 0.00723824 0.001 -0.00498263 0.00808847 0.001 0.00731196 0.00166891 0.001 0.00947877 0.000634781 0.001 0.0074882 0.000420528 0.001 0.00927252 0.00206651 0.001 0.0173908 0.00659693 0.001 0.017947 0.00488503 0.001 0.00745284 -0.000839734 0.001 0.00923231 -0.00223929 0.001 0.00720688 -0.00207627 0.001 0.00628696 -0.00712209 0.001 0.00483073 -0.0081801 0.001 0.00434003 -0.00611671 0.001 0.00813464 -0.00490689 0.001 0.00611671 -0.00434003 0.001 0.00675727 -0.00325413 0.001 0.00215299 -0.00925282 0.001 0.000723253 -0.00947243 0.001 0.000839734 -0.00745284 0.001 -0.00813464 -0.00490689 0.001 -0.00656418 -0.00362789 0.001 -0.00586374 -0.00467617 0.001 -0.00287013 -0.0069291 0.001 -0.00166891 -0.00731196 0.001 -0.00353281 -0.00881869 0.001 -0.00399024 -0.00635043 0.001 -0.00483073 -0.0081801 0.001 -0.000723253 -0.00947243 0.001 -0.00215299 -0.00925282 0.001 0.0101919 -0.0155591 0.001 0.0116481 -0.0145011 0.001 0.00207627 -0.00720688 0.001 0.00353281 -0.00881869 0.001 -0.000420528 -0.0074882 0.001 -0.0049976 -0.00559232 0.001 -0.00729537 -0.00608503 0.001 -0.00628696 -0.00712209 0.001 0.00325413 -0.00675727 0.001 -0.00878532 -0.003615 0.001 -0.0101919 -0.0155591 0.001 -0.0116481 -0.0145011 0.001 0.0053033 -0.0053033 0.001 0.00729537 -0.00608503 0.001 -0.00946526 -0.000811662 0.001 -0.0075 -7.6309e-18 0.001 0.00946526 -0.000811662 0.001 0.00878532 -0.003615 0.001 -0.0080416 0.00505793 0.001 -0.00718048 0.00622019 0.001 -0.00574405 0.00482225 0.001 -0.00649418 0.00375148 0.001 -0.00704706 0.0025665 0.001 -0.00927252 0.00206651 0.001 -0.00947877 0.000634781 0.001 -0.00738581 0.00130323 0.001 -0.00232539 0.009211 0.001</float_array>
          <technique_common>
            <accessor count="4402" source="#ID14" stride="3">
              <param name="X" type="float"/>
              <param name="Y" type="float"/>
              <param name="Z" type="float"/>
            </accessor>
          </technique_common>
        </source>
        <source id="ID15">
          <float_array count="13206" id="ID16">-0.647671 0.76192 0 -0.647671 0.76192 0 -0.524487 0.851418 0 -0.75584 0.654757 0 -0.75584 0.654757 0 -0.846484 0.532414 0 -0.846484 0.532414 0 -0.917504 0.397727 0 -0.917504 0.397727 0 -0.524487 0.851418 0 -0.389144 0.921177 0 -0.389144 0.921177 0 -0.244778 0.969579 0 -0.244778 0.969579 0 -0.0947368 0.995502 0 -0.0947368 0.995502 0 0.309017 0.951057 0 0.309017 0.951057 0 0.309017 0.951057 0 0.309017 0.951057 0 -0.309017 -0.951057 0 -0.309017 -0.951057 0 -0.309017 -0.951057 0 -0.309017 -0.951057 0 -0.92477 -0.380526 0 -0.92477 -0.380526 0 -0.971822 -0.235714 -0 -0.856278 -0.516515 0 -0.856278 -0.516515 0 -0.767934 -0.640529 0 -0.767934 -0.640529 0 -0.661785 -0.749693 0 -0.661785 -0.749693 0 -0.971822 -0.235714 -0 -0.996343 -0.0854382 -0 -0.996343 -0.0854382 -0 -0.997765 0.0668192 0 -0.997765 0.0668189 0 -0.976054 0.217527 0 -0.976054 0.217527 0 -0.809017 0.587785 0 -0.809017 0.587785 0 -0.809017 0.587785 0 -0.809017 0.587785 0 0.809017 -0.587785 0 0.809017 -0.587785 0 0.809017 -0.587785 0 0.809017 -0.587785 0 0.0761319 -0.997098 0 0.0761319 -0.997098 0 -0.0761318 -0.997098 -0 0.226631 -0.973981 0 0.226631 -0.973981 0 0.371875 -0.928283 0 0.371875 -0.928283 0 0.508498 -0.861063 0 0.508498 -0.861063 0 -0.0761318 -0.997098 -0 -0.226631 -0.973981 -0 -0.226631 -0.973981 -0 -0.371875 -0.928283 -0 -0.371875 -0.928283 -0 -0.508498 -0.861063 -0 -0.508498 -0.861063 -0 -0.809017 -0.587785 -0 -0.809017 -0.587785 -0 -0.809017 -0.587785 -0 -0.809017 -0.587785 -0 0.809017 0.587785 0 0.809017 0.587785 0 0.809017 0.587785 0 0.809017 0.587785 0 0.971822 -0.235714 0 0.971822 -0.235714 0 0.92477 -0.380526 0 0.996343 -0.0854381 0 0.996343 -0.0854381 0 0.997765 0.066819 0 0.997765 0.066819 0 0.976054 0.217527 0 0.976054 0.217527 0 0.92477 -0.380526 0 0.856278 -0.516515 0 0.856278 -0.516515 0 0.767934 -0.640529 0 0.767934 -0.640529 0 0.661785 -0.749693 0 0.661785 -0.749693 0 0.309017 -0.951057 0 0.309017 -0.951057 0 0.309017 -0.951057 0 0.309017 -0.951057 0 -0.309017 0.951057 0 -0.309017 0.951057 0 -0.309017 0.951057 0 -0.309017 0.951057 0 0.524487 0.851418 0 0.524487 0.851418 0 0.647671 0.76192 0 0.389144 0.921177 0 0.389144 0.921177 0 0.244778 0.969579 0 0.244778 0.969579 0 0.0947369 0.995502 0 0.0947369 0.995502 0 0.647671 0.76192 0 0.75584 0.654757 0 0.75584 0.654757 0 0.846484 0.532414 0 0.846484 0.532414 0 0.917504 0.397727 0 0.917504 0.397727 0 1 -1.12437e-17 0 1 -1.12437e-17 0 1 -1.12437e-17 0 1 -1.12437e-17 0 -1 1.12437e-17 0 -1 1.12437e-17 0 -1 1.12437e-17 0 -1 1.12437e-17 0 -0 -0 -1 -0 -0 -1 -0 -0 -1 -0 -0 -1 -0 -0 -1 -0 -0 -1 -0 -0 -1 -0 -0 -1 -0 -0 -1 -0 -0 -1 -0 -0 -1 -0 -0 -1 -0 -0 -1 -0 -0 -1 -0 -0 -1 -0 -0 -1 -0 -0 -1 -0 -0 -1 -0 -0 -1 -0 -0 -1 -0 -0 -1 -0 -0 -1 -0 -0 -1 -0 -0 -1 -0 -0 -1 -0 -0 -1 -0 -0 -1 -0 -0 -1 -0 -0 -1 -0 -0 -1 -0 -0 -1 -0 -0 -1 -0 -0 -1 -0 -0 -1 -0 -0 -1 -0 -0 -1 -0 -0 -1 -0 -0 -1 -0 -0 -1 -0 -0 -1 -0 -0 -1 -0 -0 -1 -0 -0 -1 -0 -0 -1 -0 -0 -1 -0 -0 -1 -0 -0 -1 -0 -0 -1 -0 -0 -1 -0 -0 -1 -0 -0 -1 -0 -0 -1 -0 -0 -1 -0 -0 -1 -0 -0 -1 -0 -0 -1 -0 -0 -1 -0 -0 -1 -0 -0 -1 -0 -0 -1 -0 -0 -1 -0 -0 -1 -0 -0 -1 -0 -0 -1 -0 -0 -1 -0 -0 -1 -0 -0 -1 -0 -0 -1 -0 -0 -1 -0 -0 -1 -0 -0 -1 -0 -0 -1 -0 -0 -1 -0 -0 -1 -0 -0 -1 -0 -0 -1 -0 -0 -1 -0 -0 -1 -0 -0 -1 -0 -0 -1 -0 -0 -1 -0 -0 -1 -0 -0 -1 -0 -0 -1 -0 -0 -1 -0 -0 -1 -0 -0 -1 -0 -0 -1 -0 -0 -1 -0 -0 -1 -0 -0 -1 -0 -0 -1 -0 -0 -1 -0 -0 -1 -0 -0 -1 -0 -0 -1 -0 -0 -1 -0 -0 -1 -0 -0 -1 -0 -0 -1 -0 -0 -1 -0 -0 -1 -0 -0 -1 -0 -0 -1 -0 -0 -1 -0 -0 -1 -0 -0 -1 -0 -0 -1 -0 -0 -1 -0 -0 -1 -0 -0 -1 -0 -0 -1 -0 -0 -1 -0 -0 -1 -0 -0 -1 -0 -0 -1 -0 -0 -1 -0 -0 -1 -0 -0 -1 -0 -0 -1 -0 -0 -1 -0 -0 -1 0.34202 -0.939693 3.83555e-16 0.33314 -0.942877 3.84854e-16 0.487695 -0.873014 3.56338e-16 3.01992e-07 -1 4.0817e-16 0.169001 -0.985616 4.02299e-16 0.173648 -0.984808 4.01969e-16 0.750672 -0.660675 2.69668e-16 0.851529 -0.524307 2.14007e-16 0.766044 -0.642788 2.62367e-16 0.642787 -0.766045 3.12677e-16 0.5 -0.866026 3.53486e-16 0.62822 -0.778036 3.17571e-16 0.984808 -0.173648 7.0878e-17 0.977555 -0.210679 8.5993e-17 0.999099 -0.0424415 1.73234e-17 0.939693 -0.34202 1.39602e-16 0.866025 -0.5 2.04085e-16 0.927889 -0.372856 1.52189e-16 0.892926 0.450204 -1.8376e-16 0.943883 0.330279 -1.3481e-16 0.956167 0.292823 -1.19522e-16 0.9919 0.127018 -5.18449e-17 0.985871 0.167506 -6.83711e-17 1 -1.19249e-08 4.86738e-24 0.691939 0.721956 -2.94681e-16 0.559975 0.82851 -3.38173e-16 0.666346 0.745642 -3.04349e-16 0.875224 0.483719 -1.9744e-16 0.803997 0.594633 -2.42712e-16 0.781832 0.62349 -2.5449e-16 0.532032 0.846724 -3.45608e-16 0.411901 0.911228 -3.71936e-16 0.382683 0.92388 -3.771e-16 -0.111965 0.993712 -4.05604e-16 0.0560703 0.998427 -4.07528e-16 -0.0848059 0.996397 -4.067e-16 0.0848059 0.996397 -4.067e-16 0.222521 0.974928 -3.97937e-16 0.251978 0.967733 -3.95e-16 -0.559975 0.82851 -3.38173e-16 -0.578671 0.815561 -3.32888e-16 -0.433884 0.900969 -3.67749e-16 -0.251978 0.967733 -3.95e-16 -0.411901 0.911229 -3.71936e-16 -0.276836 0.960917 -3.92218e-16 -0.815561 0.578671 -2.36196e-16 -0.892926 0.450204 -1.8376e-16 -0.900969 0.433884 -1.77098e-16 -0.707107 0.707107 -2.8862e-16 -0.691939 0.721956 -2.94681e-16 -0.803997 0.594633 -2.42712e-16 -0.998427 -0.0560704 2.28863e-17 -0.993712 0.111964 -4.57006e-17 -0.999099 -0.0424412 1.73232e-17 -0.9919 0.127018 -5.18449e-17 -0.960917 0.276835 -1.12996e-16 -0.956167 0.292823 -1.19522e-16 -0.977555 -0.210679 8.5993e-17 -0.974928 -0.222521 9.08264e-17 -0.927889 -0.372856 1.52189e-16 -0.92388 -0.382683 1.562e-16 -0.846724 -0.532032 2.1716e-16 -0.851529 -0.524307 2.14007e-16 -0.750672 -0.660675 2.69668e-16 -0.745642 -0.666347 2.71983e-16 -0.62822 -0.778036 3.17571e-16 -0.62349 -0.781831 3.1912e-16 -0.483719 -0.875223 3.5724e-16 -0.487695 -0.873014 3.56338e-16 -0.33314 -0.942877 3.84855e-16 -0.330279 -0.943883 3.85265e-16 -0.169001 -0.985616 4.02299e-16 -0.167506 -0.985871 4.02403e-16 1.68104e-25 -1 4.0817e-16 -1.19249e-08 -1 0 -0.098017 -0.995185 0 -1.19249e-08 -1 0 1 -8.74228e-08 0 1 -8.74228e-08 0 0.995185 0.0980171 0 -0.098017 -0.995185 0 -0.19509 -0.980785 0 -0.290285 -0.95694 0 -0.19509 -0.980785 0 -0.382684 -0.923879 0 -0.290285 -0.95694 0 -0.382684 -0.923879 0 -0.471397 -0.881921 0 -0.55557 -0.83147 0 -0.471397 -0.881921 0 -0.634393 -0.77301 0 -0.55557 -0.831469 0 -0.634393 -0.77301 0 -0.707107 -0.707107 0 -0.773011 -0.634393 0 -0.707107 -0.707107 0 -0.83147 -0.55557 0 -0.773011 -0.634393 0 -0.83147 -0.55557 0 -0.881921 -0.471397 0 -0.92388 -0.382683 0 -0.881921 -0.471397 0 -0.95694 -0.290285 0 -0.92388 -0.382683 0 -0.95694 -0.290285 0 -0.980785 -0.19509 0 -0.995185 -0.0980172 0 -0.980785 -0.19509 0 -1 1.74846e-07 0 -0.995185 -0.0980172 0 -1 -3.01992e-07 0 0.0980169 -0.995185 0 0.19509 -0.980785 0 0.0980169 -0.995185 0 0.290285 -0.95694 0 0.19509 -0.980785 0 0.290285 -0.95694 0 0.382684 -0.92388 0 0.471397 -0.881921 0 0.382684 -0.92388 0 0.55557 -0.83147 0 0.471397 -0.881921 0 0.55557 -0.831469 0 0.634393 -0.77301 0 0.707107 -0.707107 0 0.634393 -0.77301 0 0.77301 -0.634393 0 0.707107 -0.707107 0 0.773011 -0.634393 0 0.83147 -0.55557 0 0.881921 -0.471397 0 0.83147 -0.55557 0 0.92388 -0.382683 0 0.881921 -0.471397 0 0.92388 -0.382683 0 0.95694 -0.290285 0 0.980785 -0.19509 0 0.95694 -0.290285 0 0.995185 -0.0980173 0 0.980785 -0.19509 0 0.995185 -0.098017 0 0.980785 0.19509 0 0.995185 0.0980171 0 0.980785 0.19509 0 0.881921 0.471397 0 0.92388 0.382683 0 0.881921 0.471397 0 0.95694 0.290285 0 0.95694 0.290285 0 0.92388 0.382683 0 0.77301 0.634393 0 0.707107 0.707107 0 0.707107 0.707107 0 0.83147 0.55557 0 0.77301 0.634393 0 0.83147 0.55557 0 0.471397 0.881921 0 0.471397 0.881921 0 0.55557 0.83147 0 0.55557 0.83147 0 0.634393 0.77301 0 0.634393 0.77301 0 0.19509 0.980785 0 0.290285 0.95694 0 0.19509 0.980785 0 0.382683 0.92388 0 0.382684 0.92388 0 0.290285 0.95694 0 4.37114e-08 1 0 -0.0980171 0.995185 0 -0.0980171 0.995185 0 0.0980172 0.995185 0 4.37114e-08 1 0 0.0980171 0.995185 0 -0.382683 0.92388 0 -0.382683 0.92388 0 -0.290285 0.95694 0 -0.290285 0.95694 0 -0.19509 0.980785 0 -0.19509 0.980785 0 -0.634393 0.77301 0 -0.55557 0.83147 0 -0.634393 0.77301 0 -0.471397 0.881921 0 -0.471397 0.881921 0 -0.55557 0.83147 0 -0.77301 0.634393 0 -0.707107 0.707107 0 -0.77301 0.634393 0 -0.707107 0.707107 0 -0.83147 0.55557 0 -0.83147 0.55557 0 -0.881921 0.471397 0 -0.881921 0.471397 0 -0.92388 0.382683 0 -0.92388 0.382683 0 -0.95694 0.290285 0 -0.95694 0.290285 0 -0.980785 0.19509 0 -0.980785 0.19509 0 -0.995185 0.0980171 0 -0.995185 0.0980171 0 0.468408 -0.883512 0 0.544338 -0.838866 0 0.561187 -0.827689 0 0.947653 -0.319302 0 0.907575 -0.419889 0 0.93499 -0.354674 0 0.453029 -0.891496 0 0.370138 -0.928977 0 0.267528 -0.96355 0 0.356689 -0.934223 0 0.161782 -0.986827 0 0.256388 -0.966574 0 0.153239 -0.988189 0 0.0541388 -0.998533 0 0.0483871 -0.998829 0 0.0483871 -0.998829 0 -0.0541389 -0.998533 -0 -0.153238 -0.988189 -0 -0.048387 -0.998829 -0 -0.048387 -0.998829 -0 0.725995 0.6877 0 0.709285 0.704922 0 0.647386 0.762162 0 -0.45303 -0.891496 -0 -0.35669 -0.934223 -0 -0.370138 -0.928977 -0 -0.256388 -0.966574 -0 -0.161782 -0.986827 -0 -0.267528 -0.96355 -0 -0.647386 -0.762162 -0 -0.707869 -0.706344 -0 -0.6296 -0.77692 -0 -0.468408 -0.883512 -0 -0.561187 -0.827689 -0 -0.544337 -0.838866 -0 -0.796093 -0.605174 -0 -0.856857 -0.515554 -0 -0.840038 -0.542527 -0 -0.778276 -0.627923 -0 -0.725995 -0.687699 -0 -0.907575 -0.419889 -0 -0.892471 -0.451106 -0 -0.93499 -0.354674 -0 -0.93499 -0.354674 -0 -0.976621 -0.21497 -0 -0.987177 -0.159629 -0 -0.964895 -0.262636 -0 0.783478 0.62142 0 0.796093 0.605174 0 0.847895 0.530165 0 -0.987856 0.155369 0 -0.998722 0.0505409 0 -0.994138 0.108119 0 -0.998495 -0.0548485 -0 -0.994138 -0.108119 -0 -1 8.74228e-08 0 -0.907575 0.419889 0 -0.890516 0.454951 0 -0.933452 0.358703 0 -0.97662 0.214971 0 -0.947653 0.319301 0 -0.966019 0.258472 0 -0.796093 0.605174 0 -0.725996 0.687699 0 -0.77556 0.631274 0 -0.83769 0.546145 0 -0.856857 0.515554 0 -0.647386 0.762162 0 -0.704816 0.709391 0 -0.626243 0.779628 0 -0.626243 0.779628 0 -0.468409 0.883512 0 -0.456871 0.889533 0 -0.547951 0.836511 0 0.856857 0.515554 0 0.907575 0.419889 0 0.901732 0.432295 0 -0.1575 0.987519 0 -0.260555 0.965459 0 -0.161782 0.986827 0 -0.360716 0.932676 0 -0.370138 0.928977 0 -0.267528 0.96355 0 0.0541389 0.998533 0 0.161782 0.986827 0 0.157499 0.987519 0 -0.0526952 0.998611 0 -0.0541389 0.998533 0 0.0526947 0.998611 0 0.267528 0.96355 0 0.370138 0.928977 0 0.360716 0.932676 0 0.260555 0.965459 0 0.468408 0.883512 0 0.456871 0.889533 0 0.547951 0.83651 0 0.547951 0.83651 0 0.561187 0.827689 0 0.626243 0.779628 0 0.944319 0.329031 0 0.947653 0.319302 0 0.97662 0.214971 0 0.993761 0.111527 0 0.975124 0.221661 0 1 -1.74846e-07 0 0.994138 0.108119 0 1 3.01992e-07 0 0.626243 0.779628 0 -0.54795 0.836511 0 -0.561187 0.827689 0 -0.964895 -0.262636 -0 -0.947653 -0.319302 -0 0.6296 -0.77692 0 0.647386 -0.762162 0 0.707869 -0.706344 0 0.725995 -0.687699 0 0.796093 -0.605174 0 0.778276 -0.627923 0 0.840038 -0.542527 0 0.856857 -0.515554 0 0.89247 -0.451106 0 0.93499 -0.354674 0 0.994138 -0.108119 0 0.991185 -0.132486 0 0.964895 -0.262636 0 0.976621 -0.21497 0 0.964895 -0.262636 0 1 -8.74228e-08 0 1 -8.74228e-08 0 0.995185 0.0980171 0 0.980785 0.19509 0 0.995185 0.0980171 0 0.95694 0.290285 0 0.980785 0.19509 0 0.95694 0.290285 0 0.92388 0.382683 0 0.881921 0.471397 0 0.92388 0.382683 0 0.83147 0.55557 0 0.881921 0.471397 0 0.83147 0.55557 0 0.77301 0.634393 0 0.707107 0.707107 0 0.77301 0.634393 0 0.634393 0.77301 0 0.707107 0.707107 0 0.634393 0.77301 0 0.55557 0.83147 0 0.471397 0.881921 0 0.55557 0.83147 0 0.382684 0.92388 0 0.471397 0.881921 0 0.382683 0.92388 0 0.290285 0.95694 0 0.19509 0.980785 0 0.290285 0.95694 0 0.0980172 0.995185 0 0.19509 0.980785 0 0.0980171 0.995185 0 4.37114e-08 1 0 -0.0980171 0.995185 0 4.37114e-08 1 0 -0.19509 0.980785 0 -0.0980171 0.995185 0 -0.19509 0.980785 0 -0.290285 0.95694 0 -0.382683 0.92388 0 -0.290285 0.95694 0 -0.471397 0.881921 0 -0.382683 0.92388 0 -0.471397 0.881921 0 -0.55557 0.83147 0 -0.634393 0.77301 0 -0.55557 0.83147 0 -0.707107 0.707107 0 -0.634393 0.77301 0 -0.707107 0.707107 0 -0.77301 0.634393 0 -0.83147 0.55557 0 -0.77301 0.634393 0 -0.881921 0.471397 0 -0.83147 0.55557 0 -0.881921 0.471397 0 -0.92388 0.382683 0 -0.95694 0.290285 0 -0.92388 0.382683 0 -0.980785 0.19509 0 -0.95694 0.290285 0 -0.980785 0.19509 0 -0.995185 0.0980171 0 -1 -1.37184e-11 0 -0.995185 0.0980171 0 -1 -4.44089e-16 0 0.995185 -0.098017 0 0.995185 -0.0980173 0 0.980785 -0.19509 0 0.95694 -0.290285 0 0.980785 -0.19509 0 0.92388 -0.382683 0 0.95694 -0.290285 0 0.92388 -0.382683 0 0.881921 -0.471397 0 0.83147 -0.55557 0 0.881921 -0.471397 0 0.773011 -0.634393 0 0.83147 -0.55557 0 0.77301 -0.634393 0 0.707107 -0.707107 0 0.634393 -0.77301 0 0.707107 -0.707107 0 0.55557 -0.831469 0 0.634393 -0.77301 0 0.55557 -0.83147 0 0.471397 -0.881921 0 0.382684 -0.92388 0 0.471397 -0.881921 0 0.290285 -0.95694 0 0.382684 -0.92388 0 0.290285 -0.95694 0 0.19509 -0.980785 0 0.0980169 -0.995185 0 0.19509 -0.980785 0 -1.19249e-08 -1 0 0.0980169 -0.995185 0 -1.19249e-08 -1 0 -0.098017 -0.995185 0 -0.19509 -0.980785 0 -0.098017 -0.995185 0 -0.290285 -0.95694 0 -0.19509 -0.980785 0 -0.290285 -0.95694 0 -0.382684 -0.923879 0 -0.471397 -0.881921 0 -0.382684 -0.923879 0 -0.55557 -0.83147 0 -0.471397 -0.881921 0 -0.55557 -0.831469 0 -0.634393 -0.77301 0 -0.707107 -0.707107 0 -0.634393 -0.77301 0 -0.773011 -0.634393 0 -0.707107 -0.707107 0 -0.773011 -0.634393 0 -0.83147 -0.55557 0 -0.881921 -0.471397 0 -0.83147 -0.55557 0 -0.92388 -0.382683 0 -0.881921 -0.471397 0 -0.92388 -0.382683 0 -0.95694 -0.290285 0 -0.980785 -0.19509 0 -0.95694 -0.290285 0 -0.995185 -0.0980172 0 -0.980785 -0.19509 0 -0.995185 -0.0980172 0 0 0 1 0 0 1 0 0 1 0 0 1 0 0 1 0 0 1 0 0 1 0 0 1 0 0 1 0 0 1 0 0 1 0 0 1 0 0 1 0 0 1 0 0 1 0 0 1 0 0 1 0 0 1 0 0 1 0 0 1 0 0 1 0 0 1 0 0 1 0 0 1 0 0 1 0 0 1 0 0 1 0 0 1 0 0 1 0 0 1 0 0 1 0 0 1 0 0 1 0 0 1 0 0 1 0 0 1 0 0 1 0 0 1 0 0 1 0 0 1 0 0 1 0 0 1 0 0 1 0 0 1 0 0 1 0 0 1 0 0 1 0 0 1 0 0 1 0 0 1 0 0 1 0 0 1 0 0 1 0 0 1 0 0 1 0 0 1 0 0 1 0 0 1 0 0 1 0 0 1 0 0 1 0 0 1 0 0 1 0 0 1 0 0 1 0 0 1 0 0 1 0 0 1 0 0 1 0 0 1 0 0 1 0 0 1 0 0 1 0 0 1 0 0 1 0 0 1 0 0 1 0 0 1 0 0 1 0 0 1 0 0 1 0 0 1 0 0 1 0 0 1 0 0 1 0 0 1 0 0 1 0 0 1 0 0 1 0 0 1 0 0 1 0 0 1 0 0 1 0 0 1 0 0 1 0 0 1 0 0 1 0 0 1 0 0 1 0 0 1 0 0 1 0 0 1 0 0 1 0 0 1 0 0 1 0 0 1 0 0 1 0 0 1 0 0 1 0 0 1 0 0 1 0 0 1 0 0 1 0 0 1 0 0 1 0 0 1 0 0 1 0 0 1 0 0 1 0 0 1 0 0 1 0 0 1 0 0 1 0 0 1 0 0 1 0 0 1 0 0 1 0 0 1 0 0 1 0 0 1 0 0 1 0 0 1 0 0 1 0 0 1 0 0 1 0 0 1 0 0 1 0 0 1 0 0 1 0 0 1 0 0 1 0 0 1 0 0 1 0 0 1 0 0 1 0 0 1 0 0 1 0 0 1 0 0 1 0 0 1 0 0 1 0 0 1 0 0 1 0 0 1 0 0 1 0 0 1 0 0 1 0 0 1 0 0 1 0 0 1 0 0 1 0 0 1 0 0 1 0 0 1 0 0 1 0 0 1 0 0 1 0 0 1 0 0 1 0 0 1 0 0 1 0 0 1 0 0 1 0 0 1 0 0 1 0 0 1 0 0 1 0 0 1 0 0 1 0 0 1 0 0 1 0 0 1 0 0 1 0 0 1 0 0 1 0 0 1 0 0 1 0 0 1 0 0 1 0 0 1 0 0 1 0 0 1 0 0 1 0 0 1 0 0 1 0 0 1 0 0 1 0 0 1 0 0 1 0 0 1 -0.164595 -0.986361 4.02603e-16 -0.169001 -0.985616 4.02299e-16 0 -1 4.0817e-16 -0.62822 -0.778036 3.17571e-16 -0.487695 -0.873014 3.56338e-16 -0.614213 -0.789141 3.22104e-16 -0.33314 -0.942877 3.84855e-16 -0.324699 -0.945817 3.86054e-16 -0.475947 -0.879474 3.58975e-16 -0.915773 -0.401695 1.6396e-16 -0.927889 -0.372856 1.52189e-16 -0.851529 -0.524307 2.14007e-16 -0.735724 -0.677282 2.76446e-16 -0.837166 -0.546948 2.23248e-16 -0.750672 -0.660675 2.69668e-16 -0.999099 -0.0424412 1.73232e-17 -0.996584 0.0825792 -3.37064e-17 -0.9919 0.127018 -5.18449e-17 -0.977555 -0.210679 8.5993e-17 -0.9694 -0.245485 1.002e-16 -0.996584 -0.0825794 3.37064e-17 -0.803997 0.594633 -2.42712e-16 -0.892926 0.450204 -1.8376e-16 -0.837166 0.546948 -2.23248e-16 -0.915773 0.401695 -1.6396e-16 -0.956167 0.292823 -1.19522e-16 -0.9694 0.245485 -1.002e-16 -0.475947 0.879474 -3.58975e-16 -0.411901 0.911229 -3.71936e-16 -0.559975 0.82851 -3.38173e-16 -0.735724 0.677282 -2.76446e-16 -0.614213 0.78914 -3.22104e-16 -0.691939 0.721956 -2.94681e-16 -0.0848059 0.996397 -4.067e-16 8.74228e-08 1 -4.0817e-16 0.0848059 0.996397 -4.067e-16 -0.251978 0.967733 -3.95e-16 -0.324699 0.945817 -3.86054e-16 -0.164595 0.986361 -4.02603e-16 0.559975 0.82851 -3.38173e-16 0.411901 0.911228 -3.71936e-16 0.475947 0.879474 -3.58975e-16 0.324699 0.945817 -3.86054e-16 0.251978 0.967733 -3.95e-16 0.164595 0.986361 -4.02603e-16 0.837167 0.546948 -2.23248e-16 0.892926 0.450204 -1.8376e-16 0.803997 0.594633 -2.42712e-16 0.614213 0.78914 -3.22104e-16 0.735724 0.677282 -2.76446e-16 0.691939 0.721956 -2.94681e-16 0.9919 0.127018 -5.18449e-17 0.996584 0.0825794 -3.37064e-17 0.999099 -0.0424415 1.73234e-17 0.956167 0.292823 -1.19522e-16 0.915773 0.401695 -1.6396e-16 0.9694 0.245486 -1.002e-16 0.996584 -0.0825794 3.37065e-17 0.9694 -0.245485 1.002e-16 0.977555 -0.210679 8.5993e-17 0.915773 -0.401695 1.6396e-16 0.927889 -0.372856 1.52189e-16 0.851529 -0.524307 2.14007e-16 0.837166 -0.546948 2.23248e-16 0.735724 -0.677282 2.76446e-16 0.750672 -0.660675 2.69668e-16 0.614213 -0.789141 3.22104e-16 0.62822 -0.778036 3.17571e-16 0.487695 -0.873014 3.56338e-16 0.475947 -0.879474 3.58975e-16 0.324699 -0.945817 3.86054e-16 0.33314 -0.942877 3.84854e-16 0.164595 -0.986361 4.02603e-16 0.169001 -0.985616 4.02299e-16 3.01992e-07 -1 4.0817e-16 0.704692 0.0583925 0.707107 0.704692 0.0583925 0.707107 0.704692 -0.0583924 0.707107 -1.0677e-07 -0.707107 0.707107 0.116386 -0.697463 0.707107 6.18172e-08 -0.707107 0.707107 0.685469 0.173585 0.707107 0.68547 0.173584 0.707107 0.64755 0.284041 0.707107 0.64755 0.284041 0.707107 0.591966 0.386751 0.707107 0.591966 0.386751 0.707107 0.520235 0.47891 0.707107 0.520235 0.47891 0.707107 0.434314 0.558007 0.707107 0.434314 0.558006 0.707107 0.336545 0.621882 0.707107 0.336546 0.621882 0.707107 0.229597 0.668794 0.707107 0.229597 0.668794 0.707107 0.116386 0.697463 0.707107 0.116386 0.697463 0.707107 -1.23634e-07 0.707107 0.707107 -1.23634e-07 0.707107 0.707107 0.704692 -0.0583924 0.707107 0.685469 -0.173585 0.707107 0.685469 -0.173585 0.707107 0.64755 -0.284041 0.707107 0.64755 -0.284041 0.707107 0.591966 -0.386751 0.707107 0.591966 -0.386751 0.707107 0.520235 -0.47891 0.707107 0.520235 -0.47891 0.707107 0.434314 -0.558007 0.707107 0.434314 -0.558007 0.707107 0.336546 -0.621882 0.707107 0.336546 -0.621882 0.707107 0.229597 -0.668794 0.707107 0.229597 -0.668794 0.707107 0.116386 -0.697463 0.707107 -0.229597 -0.668794 0.707107 -0.229597 -0.668794 0.707107 -0.336546 -0.621882 0.707107 -0.116386 -0.697463 0.707107 -0.116386 -0.697463 0.707107 -0.591966 -0.386751 0.707107 -0.520235 -0.47891 0.707107 -0.520235 -0.47891 0.707107 -0.434314 -0.558007 0.707107 -0.434314 -0.558007 0.707107 -0.336546 -0.621882 0.707107 -0.68547 -0.173584 0.707107 -0.704692 -0.0583925 0.707107 -0.68547 -0.173585 0.707107 -0.591966 -0.386751 0.707107 -0.64755 -0.284042 0.707107 -0.64755 -0.284042 0.707107 -0.68547 0.173584 0.707107 -0.68547 0.173584 0.707107 -0.64755 0.284042 0.707107 -0.704692 0.0583924 0.707107 -0.704692 -0.0583924 0.707107 -0.704692 0.0583924 0.707107 -0.434314 0.558007 0.707107 -0.520235 0.47891 0.707107 -0.520235 0.47891 0.707107 -0.591966 0.386751 0.707107 -0.591966 0.386751 0.707107 -0.64755 0.284042 0.707107 -0.434314 0.558007 0.707107 -0.336546 0.621882 0.707107 -0.229597 0.668794 0.707107 -0.336546 0.621882 0.707107 -0.116386 0.697463 0.707107 -0.229597 0.668794 0.707107 -0.116386 0.697463 0.707107 -0.164595 -0.986361 4.02603e-16 5.41667e-23 -1 4.0817e-16 1.37181e-11 -1 4.0817e-16 -0.614213 -0.789141 3.22104e-16 -0.475947 -0.879474 3.58975e-16 -0.487695 -0.873014 3.56338e-16 -0.324699 -0.945817 3.86054e-16 -0.169001 -0.985616 4.02299e-16 -0.33314 -0.942877 3.84855e-16 -0.851529 -0.524307 2.14007e-16 -0.915773 -0.401695 1.6396e-16 -0.837166 -0.546948 2.23248e-16 -0.62822 -0.778036 3.17571e-16 -0.750672 -0.660675 2.69668e-16 -0.735724 -0.677282 2.76446e-16 -0.996584 -0.0825794 3.37064e-17 -0.999099 -0.0424412 1.73232e-17 -0.996584 0.0825794 -3.37065e-17 -0.9694 -0.245485 1.002e-16 -0.927889 -0.372857 1.52189e-16 -0.977555 -0.210679 8.5993e-17 -0.837166 0.546948 -2.23248e-16 -0.915773 0.401695 -1.6396e-16 -0.892926 0.450204 -1.8376e-16 -0.956167 0.292823 -1.19522e-16 -0.9694 0.245485 -1.002e-16 -0.9919 0.127018 -5.18449e-17 -0.559975 0.82851 -3.38173e-16 -0.475947 0.879474 -3.58975e-16 -0.614213 0.789141 -3.22104e-16 -0.803997 0.594633 -2.42712e-16 -0.691939 0.721956 -2.94681e-16 -0.735724 0.677282 -2.76446e-16 -0.164595 0.986361 -4.02603e-16 -0.0848059 0.996397 -4.067e-16 8.74228e-08 1 -4.0817e-16 -0.3247 0.945817 -3.86054e-16 -0.411901 0.911228 -3.71936e-16 -0.251978 0.967733 -3.95e-16 0.475947 0.879474 -3.58975e-16 0.324699 0.945817 -3.86054e-16 0.411901 0.911228 -3.71936e-16 0.251978 0.967733 -3.95e-16 0.164595 0.986361 -4.02603e-16 0.0848059 0.996397 -4.067e-16 0.803997 0.594633 -2.42712e-16 0.837167 0.546948 -2.23248e-16 0.735724 0.677282 -2.76446e-16 0.559975 0.82851 -3.38173e-16 0.691939 0.721956 -2.94681e-16 0.614213 0.78914 -3.22104e-16 0.9694 0.245486 -1.002e-16 0.9919 0.127018 -5.18449e-17 0.996584 0.0825794 -3.37064e-17 0.915773 0.401695 -1.6396e-16 0.892926 0.450204 -1.8376e-16 0.956167 0.292823 -1.19522e-16 0.999099 -0.042441 1.73232e-17 0.977555 -0.210679 8.5993e-17 0.996584 -0.0825794 3.37065e-17 0.927889 -0.372857 1.52189e-16 0.9694 -0.245486 1.002e-16 0.915773 -0.401695 1.6396e-16 0.851529 -0.524307 2.14007e-16 0.750672 -0.660675 2.69668e-16 0.837166 -0.546948 2.23248e-16 0.62822 -0.778036 3.17571e-16 0.735724 -0.677282 2.76446e-16 0.614213 -0.78914 3.22104e-16 0.487695 -0.873014 3.56338e-16 0.33314 -0.942877 3.84854e-16 0.475948 -0.879474 3.58975e-16 0.169001 -0.985616 4.02299e-16 0.3247 -0.945817 3.86054e-16 0.164595 -0.986361 4.02603e-16 0 -4.0817e-16 -1 0 -4.0817e-16 -1 0 -4.0817e-16 -1 0 -4.0817e-16 -1 0 -4.0817e-16 -1 0 -4.0817e-16 -1 0 -4.0817e-16 -1 0 -4.0817e-16 -1 0 -4.0817e-16 -1 0 -4.0817e-16 -1 0 -4.0817e-16 -1 0 -4.0817e-16 -1 0 -4.0817e-16 -1 0 -4.0817e-16 -1 0 -4.0817e-16 -1 0 -4.0817e-16 -1 0 -4.0817e-16 -1 0 -4.0817e-16 -1 0 -4.0817e-16 -1 0 -4.0817e-16 -1 0 -4.0817e-16 -1 0 -4.0817e-16 -1 0 -4.0817e-16 -1 0 -4.0817e-16 -1 0 -4.0817e-16 -1 0 -4.0817e-16 -1 0 -4.0817e-16 -1 0 -4.0817e-16 -1 0 -4.0817e-16 -1 0 -4.0817e-16 -1 0 -4.0817e-16 -1 0 -4.0817e-16 -1 0 -4.0817e-16 -1 0 -4.0817e-16 -1 0 -4.0817e-16 -1 0 -4.0817e-16 -1 0 -4.0817e-16 -1 0 -4.0817e-16 -1 0 -4.0817e-16 -1 0 -4.0817e-16 -1 0 -4.0817e-16 -1 0 -4.0817e-16 -1 0 -4.0817e-16 -1 0 -4.0817e-16 -1 0 -4.0817e-16 -1 0 -4.0817e-16 -1 0 -4.0817e-16 -1 0 -4.0817e-16 -1 0 -4.0817e-16 -1 0 -4.0817e-16 -1 0 -4.0817e-16 -1 0 -4.0817e-16 -1 0 -4.0817e-16 -1 0 -4.0817e-16 -1 0 -4.0817e-16 -1 0 -4.0817e-16 -1 0 -4.0817e-16 -1 0 -4.0817e-16 -1 0 -4.0817e-16 -1 0 -4.0817e-16 -1 0 -4.0817e-16 -1 0 -4.0817e-16 -1 0 -4.0817e-16 -1 0 -4.0817e-16 -1 0 -4.0817e-16 -1 0 -4.0817e-16 -1 0 -4.0817e-16 -1 0 -4.0817e-16 -1 0 -4.0817e-16 -1 0 -4.0817e-16 -1 0 -4.0817e-16 -1 0 -4.0817e-16 -1 0 -4.0817e-16 -1 0 -4.0817e-16 -1 -0.77249 0.132457 0.621059 -0.783764 3.8747e-10 0.621059 -0.863742 0.148103 0.481679 -0.669236 -3.9933e-10 0.74305 -0.659609 0.113101 0.74305 -0.301643 0.24356 0.921786 -0.256142 0.291034 0.921786 -0.161624 0.161624 0.973527 -0.684237 0.382238 0.621059 -0.631007 0.222949 0.74305 -0.738993 0.261103 0.621059 -0.53597 1.32484e-10 0.844237 -0.876348 7.48383e-10 0.481679 -0.930811 0.159604 0.328813 -0.176688 0.145004 0.973527 -0.365552 0.129158 0.921786 -0.218729 0.0663508 0.973527 -0.382122 0.0655213 0.921786 -0.338466 0.189078 0.921786 -0.201582 0.107748 0.973527 -0.211172 0.0874704 0.973527 -0.528261 0.0905794 0.844237 -0.387698 4.79168e-11 0.921786 -0.224179 0.044592 0.973527 -0.227471 0.0224039 0.973527 -0.228571 2.28389e-16 0.973527 -0.826288 0.291946 0.481679 -0.890449 0.314616 0.328813 -0.944395 -1.12703e-09 0.328813 -0.765064 0.42739 0.481679 -0.82447 0.460577 0.328813 -0.860793 0.480868 0.166741 -0.778036 0.62822 8.74228e-08 -0.767144 0.619425 0.166741 -0.68183 0.550539 0.481679 -0.623938 0.708931 0.328813 -0.578981 0.65785 0.481679 -0.0400813 0.943544 0.328813 -0.0371933 0.875558 0.481679 -0.184628 0.856678 0.481679 -0.734773 0.593288 0.328813 0.119955 0.936746 0.328813 0.111312 0.86925 0.481679 -0.184628 0.856678 -0.481679 -0.352124 0.876294 -0.328813 -0.326752 0.813153 -0.481679 -0.198964 0.923198 0.328813 -0.352124 0.876294 0.328813 -0.20773 0.96387 0.166741 0.27654 0.902999 0.328813 0.256615 0.837934 0.481679 0.12524 0.978015 0.166741 -0.0418471 0.985112 0.166741 0.292823 0.956167 8.74228e-08 0.288723 0.942781 0.166741 0.466052 0.630144 -0.621059 0.352853 0.699843 -0.621059 0.39795 0.538064 -0.74305 0.798553 0.360969 0.481679 0.726063 0.490733 0.481679 0.86056 0.388997 0.328813 0.443901 0.880426 0.166741 0.450204 0.892926 8.74228e-08 0.913922 0.237967 0.328813 0.848071 0.22082 0.481679 0.561569 0.759291 0.328813 0.42517 0.843275 0.328813 0.586309 0.792742 0.166741 0.940993 0.0800903 0.328813 0.873191 0.0743195 0.481679 0.711849 0.682252 0.166741 0.721956 0.691939 8.74228e-08 0.913922 -0.237967 0.328813 0.848071 -0.22082 0.481679 0.873191 -0.0743194 0.481679 0.681812 0.653463 0.328813 0.816911 0.552136 0.166741 0.78244 0.528838 0.328813 0.898472 0.406135 0.166741 0.967733 0.251978 8.74228e-08 0.954185 0.248451 0.166741 0.78094 -0.0664676 0.621059 0.86056 -0.388997 0.328813 0.798553 -0.360969 0.481679 0.954185 -0.248451 0.166741 0.982449 -0.0836187 0.166741 0.967733 -0.251978 8.74228e-08 0.940993 -0.0800905 0.328813 0.898472 -0.406135 0.166741 0.711849 -0.682252 -0.166741 0.681812 -0.653464 -0.328813 0.561569 -0.759291 -0.328813 0.0680777 -0.531629 -0.844237 0.0850048 -0.663815 -0.74305 0.195968 -0.639901 -0.74305 -0.382122 -0.0655213 -0.921786 -0.218729 -0.0663508 -0.973527 -0.22418 -0.0445922 -0.973527 0.521105 -0.704581 0.481679 0.42517 -0.843275 0.328813 0.394535 -0.782514 0.481679 0.119955 -0.936746 -0.328813 -0.0400811 -0.943544 -0.328813 0.12524 -0.978015 -0.166741 -0.365552 -0.129158 -0.921786 -0.459475 -0.746236 -0.481679 -0.326752 -0.813153 -0.481679 -0.410933 -0.667398 -0.621059 -0.417004 -0.336707 -0.844237 -0.52069 -0.420427 -0.74305 -0.442147 -0.502377 -0.74305 -0.0371931 -0.875558 -0.481679 -0.184628 -0.856678 -0.481679 -0.292231 -0.727246 -0.621059 -0.350885 -0.569874 -0.74305 0.443901 -0.880426 -0.166741 0.288724 -0.942781 -0.166741 0.450204 -0.892926 8.74228e-08 0.111312 -0.86925 -0.481679 0.681812 -0.653464 0.328813 0.586309 -0.792742 0.166741 0.561569 -0.759291 0.328813 0.594633 -0.803997 8.74228e-08 0.586309 -0.792742 -0.166741 0.466052 -0.630144 0.621059 0.111312 -0.86925 0.481679 0.229504 -0.749409 0.621059 0.256615 -0.837934 0.481679 0.352853 -0.699843 0.621059 -0.0284031 -0.668633 0.74305 -0.0332637 -0.783058 0.621059 -0.165123 -0.766172 0.621059 -0.0371935 -0.875558 0.481679 0.0995519 -0.777416 0.621059 -0.350885 -0.569874 0.74305 -0.249529 -0.620976 0.74305 -0.410933 -0.667398 0.621059 -0.292231 -0.727246 0.621059 -0.140994 -0.654215 0.74305 -0.442147 -0.502377 0.74305 -0.517813 -0.58835 0.621059 -0.203273 -0.330136 0.921786 -0.256142 -0.291034 0.921786 -0.126987 -0.19005 0.973527 -0.301643 -0.24356 0.921786 -0.338466 -0.189078 0.921786 -0.19005 -0.126987 0.973527 -0.161624 -0.161624 0.973527 -0.631007 -0.222949 0.74305 -0.659609 -0.113101 0.74305 -0.505354 -0.178553 0.844237 -0.365552 -0.129158 0.921786 -0.211172 -0.0874704 0.973527 -0.382122 -0.0655213 0.921786 -0.227471 -0.0224039 0.973527 -0.224179 -0.044592 0.973527 0.0850048 -0.663815 0.74305 -0.367637 -0.914899 -0.166741 -0.352124 -0.876294 -0.328813 -0.495153 -0.80418 -0.328813 0.78244 -0.528837 0.328813 0.711849 -0.682252 0.166741 -0.301643 -0.24356 -0.921786 -0.338466 -0.189078 -0.921786 -0.354102 -0.402338 -0.844237 -0.256142 -0.291034 -0.921786 0.27654 -0.902999 -0.328813 -0.584252 -0.326383 -0.74305 -0.505354 -0.178553 -0.844237 -0.631007 -0.222949 -0.74305 -0.227471 -0.0224039 -0.973527 -0.228571 -6.90267e-08 -0.973527 -0.387698 6.77873e-08 -0.921786 0.721956 -0.691939 8.74228e-08 0.816911 -0.552136 0.166741 0.82851 -0.559975 8.74228e-08 0.39795 -0.538064 -0.74305 0.466052 -0.630144 -0.621059 0.565843 -0.542316 -0.621059 0.27654 -0.902999 0.328813 0.119955 -0.936746 0.328813 0.632685 -0.606379 0.481679 0.911229 -0.411901 8.74228e-08 0.386947 -0.370859 -0.844237 0.483159 -0.46307 -0.74305 0.554468 -0.374755 -0.74305 0.726062 -0.490733 0.481679 0.982449 0.0836187 0.166741 0.996397 -0.0848059 8.74228e-08 0.996397 0.0848059 8.74228e-08 0.873191 -0.0743196 -0.481679 0.940993 0.0800903 -0.328813 0.873191 0.0743195 -0.481679 0.982449 0.0836187 -0.166741 0.940993 -0.0800902 -0.328813 0.982449 -0.0836187 -0.166741 0.911229 0.411901 8.74228e-08 0.647642 0.168633 -0.74305 0.758474 0.197491 -0.621059 0.714188 0.322833 -0.621059 0.82851 0.559975 8.74228e-08 0.594633 0.803997 8.74228e-08 0.586309 0.792742 -0.166741 0.711849 0.682252 -0.166741 0.78244 0.528837 -0.328813 0.816911 0.552135 -0.166741 0.127018 0.9919 8.74228e-08 0.521105 0.704581 0.481679 0.632684 0.606379 0.481679 -0.0424412 0.999099 8.74228e-08 0.394535 0.782513 0.481679 -0.210679 0.977555 8.74228e-08 -0.367637 0.914899 0.166741 0.301293 0.597578 -0.74305 0.195967 0.639901 -0.74305 0.241296 0.478582 -0.844237 -0.495153 0.80418 0.328813 -0.0400813 0.943544 -0.328813 -0.20773 0.96387 -0.166741 -0.198964 0.923198 -0.328813 -0.516967 0.839608 0.166741 -0.372857 0.927889 8.74228e-08 -0.651426 0.740164 0.166741 -0.660675 0.750672 8.74228e-08 -0.524307 0.851529 8.74228e-08 -0.249529 0.620977 -0.74305 -0.112918 0.523941 -0.844237 -0.140994 0.654215 -0.74305 -0.410933 0.667398 -0.621059 -0.517813 0.58835 -0.621059 -0.350885 0.569874 -0.74305 -0.459475 0.746236 0.481679 -0.326752 0.813153 0.481679 -0.873014 0.487695 8.74228e-08 -0.929678 0.328476 0.166741 -0.68183 0.550539 -0.481679 -0.82447 0.460577 -0.328813 -0.765064 0.42739 -0.481679 -0.971818 0.166635 0.166741 -0.942877 0.33314 8.74228e-08 -0.986001 1.08734e-10 0.166741 -0.985616 0.169001 8.74228e-08 -0.860793 0.480868 -0.166741 -0.734773 0.593288 -0.328813 -0.767144 0.619425 -0.166741 -1 9.88742e-10 8.74228e-08 -0.971818 0.166635 -0.166741 -0.930811 0.159604 -0.328813 -0.986001 -1.04381e-09 -0.166741 -0.944395 1.61299e-09 -0.328813 -0.631007 0.222949 -0.74305 -0.738993 0.261103 -0.621059 -0.77249 0.132457 -0.621059 -0.863742 0.148103 -0.481679 -0.876348 -2.97444e-10 -0.481679 -0.783764 -1.87068e-09 -0.621059 -0.890449 0.314616 -0.328813 -0.929678 0.328476 -0.166741 -0.65961 0.113101 -0.74305 -0.669236 -1.00942e-09 -0.74305 -0.528261 0.0905794 -0.844237 -0.53597 1.18212e-10 -0.844237 -0.382122 0.0655213 -0.921786 -0.227471 0.0224039 -0.973527 -0.145004 0.176688 0.973527 -0.203273 0.330136 0.921786 -0.126987 0.19005 0.973527 -0.505354 0.178553 0.844237 -0.609796 0.492376 0.621059 -0.584252 0.326383 0.74305 -0.826288 0.291946 -0.481679 -0.505354 0.178553 -0.844237 -0.338466 0.189079 -0.921786 -0.365552 0.129158 -0.921786 -0.211173 0.0874705 -0.973527 -0.584252 0.326383 -0.74305 -0.218729 0.0663508 -0.973527 -0.22418 0.0445921 -0.973527 -0.19005 0.126987 0.973527 -0.46791 0.26139 0.844237 -0.517813 0.58835 0.621059 -0.520689 0.420427 0.74305 -0.609796 0.492376 -0.621059 -0.520689 0.420427 -0.74305 -0.442147 0.502377 -0.74305 -0.684237 0.382238 -0.621059 -0.46791 0.26139 -0.844237 -0.107748 0.201582 0.973527 -0.144556 0.359741 0.921786 -0.0874704 0.211172 0.973527 -0.417004 0.336707 0.844237 -0.354102 0.402338 -0.844237 -0.651426 0.740164 -0.166741 -0.623938 0.708931 -0.328813 -0.417004 0.336707 -0.844237 -0.301643 0.24356 -0.921786 -0.19005 0.126988 -0.973527 -0.201582 0.107748 -0.973527 -0.08168 0.378996 0.921786 -0.0224039 0.227471 0.973527 -0.0445921 0.224179 0.973527 -0.354102 0.402338 0.844237 -0.0164544 0.387349 0.921786 -0.442147 0.502377 0.74305 -0.292231 0.727246 0.621059 -0.350885 0.569874 0.74305 -0.410933 0.667398 0.621059 -0.578981 0.65785 -0.481679 -0.516967 0.839608 -0.166741 -0.495153 0.80418 -0.328813 -0.256142 0.291034 -0.921786 -0.161624 0.161624 -0.973527 -0.176688 0.145004 -0.973527 9.99117e-09 0.228571 0.973527 0.0492446 0.384558 0.921786 0.0224039 0.227471 0.973527 -0.281013 0.456394 0.844237 -0.165123 0.766172 0.621059 -0.249529 0.620977 0.74305 -0.459475 0.746236 -0.481679 -0.367637 0.914899 -0.166741 -0.281013 0.456394 -0.844237 -0.203273 0.330136 -0.921786 -0.144556 0.359741 -0.921786 -0.145004 0.176688 -0.973527 -0.126988 0.19005 -0.973527 -0.0663507 0.218729 0.973527 -0.19984 0.497321 0.844237 -0.0332639 0.783058 0.621059 -0.140994 0.654215 0.74305 -0.292231 0.727246 -0.621059 -0.19984 0.497321 -0.844237 -0.107748 0.201582 -0.973527 0.044592 0.224179 0.973527 0.113527 0.370704 0.921786 0.0663508 0.218729 0.973527 -0.112918 0.523941 0.844237 -0.0227472 0.535487 -0.844237 -0.0284032 0.668633 -0.74305 -0.0418471 0.985112 -0.166741 -0.165123 0.766172 -0.621059 -0.08168 0.378997 -0.921786 -0.0663508 0.218729 -0.973527 -0.0874705 0.211173 -0.973527 0.174543 0.346186 0.921786 0.126987 0.19005 0.973527 0.107748 0.201582 0.973527 -0.0227472 0.535487 0.844237 0.230538 0.311708 0.921786 -0.0284032 0.668633 0.74305 0.229504 0.749409 0.621059 0.0850048 0.663815 0.74305 0.0995519 0.777416 0.621059 -0.0332639 0.783058 -0.621059 0.0850049 0.663815 -0.74305 0.099552 0.777416 -0.621059 -0.0371933 0.875558 -0.481679 0.12524 0.978015 -0.166741 0.119955 0.936746 -0.328813 0.0492446 0.384558 -0.921786 -0.0164544 0.387349 -0.921786 9.99118e-09 0.228571 -0.973527 -0.0224039 0.227471 -0.973527 -0.0445921 0.22418 -0.973527 0.145004 0.176688 0.973527 0.279901 0.268263 0.921786 0.161624 0.161624 0.973527 0.0680778 0.531629 0.844237 0.352853 0.699843 0.621059 0.195967 0.639901 0.74305 0.111312 0.86925 -0.481679 0.288723 0.942781 -0.166741 0.27654 0.902999 -0.328813 0.0680778 0.531629 -0.844237 0.113527 0.370704 -0.921786 0.0874704 0.211172 0.973527 0.156944 0.512477 0.844237 0.466052 0.630144 0.621059 0.565843 0.542317 0.621059 0.39795 0.538064 0.74305 0.256615 0.837934 -0.481679 0.42517 0.843275 -0.328813 0.443901 0.880426 -0.166741 0.229504 0.749409 -0.621059 0.156944 0.512477 -0.844237 0.0445921 0.22418 -0.973527 0.0224039 0.227471 -0.973527 0.321212 0.217101 0.921786 0.201582 0.107748 0.973527 0.19005 0.126987 0.973527 0.241296 0.478582 0.844237 0.353282 0.159693 0.921786 0.301292 0.597578 0.74305 0.394535 0.782513 -0.481679 0.561569 0.759291 -0.328813 0.174543 0.346186 -0.921786 0.0874705 0.211172 -0.973527 0.0663508 0.218729 -0.973527 0.218729 0.0663508 0.973527 0.211172 0.0874705 0.973527 0.318706 0.430919 0.844237 0.649356 0.438888 0.621059 0.483159 0.46307 0.74305 0.521105 0.704581 -0.481679 0.681812 0.653464 -0.328813 0.318706 0.430918 -0.844237 0.279901 0.268264 -0.921786 0.230538 0.311708 -0.921786 0.145004 0.176688 -0.973527 0.483159 0.46307 -0.74305 0.126987 0.19005 -0.973527 0.107748 0.201582 -0.973527 0.176688 0.145004 0.973527 0.386947 0.370859 0.844237 0.375188 0.0976915 0.921786 0.714188 0.322833 0.621059 0.554468 0.374755 0.74305 0.609827 0.275659 -0.74305 0.554468 0.374755 -0.74305 0.488391 0.220767 -0.844237 0.632685 0.606379 -0.481679 0.649356 0.438888 -0.621059 0.565843 0.542317 -0.621059 0.386947 0.370859 -0.844237 0.224179 0.044592 0.973527 0.386302 0.0328791 0.921786 0.227471 0.0224039 0.973527 0.444057 0.30013 0.844237 0.726062 0.490733 -0.481679 0.898472 0.406135 -0.166741 0.86056 0.388998 -0.328813 0.444057 0.30013 -0.844237 0.321212 0.217101 -0.921786 0.176688 0.145004 -0.973527 0.161624 0.161624 -0.973527 0.386302 -0.0328792 0.921786 0.224179 -0.044592 0.973527 0.227471 -0.0224039 0.973527 0.488391 0.220767 0.844237 0.375188 -0.0976914 0.921786 0.609827 0.275659 0.74305 0.78094 0.0664678 0.621059 0.647641 0.168633 0.74305 0.758474 0.197491 0.621059 0.798553 0.360969 -0.481679 0.954185 0.248451 -0.166741 0.913922 0.237967 -0.328813 0.353282 0.159693 -0.921786 0.201582 0.107748 -0.973527 0.19005 0.126987 -0.973527 0.218729 -0.0663507 0.973527 0.353282 -0.159693 0.921786 0.211172 -0.0874704 0.973527 0.518676 0.135053 0.844237 0.666825 0.0567552 0.74305 0.848071 0.22082 -0.481679 0.518676 0.135053 -0.844237 0.375188 0.0976915 -0.921786 0.386302 0.0328791 -0.921786 0.666825 0.0567552 -0.74305 0.211173 0.0874705 -0.973527 0.218729 0.0663508 -0.973527 0.228571 -1.99823e-08 0.973527 0.534039 0.0454535 0.844237 0.758474 -0.197491 0.621059 0.666825 -0.0567551 0.74305 0.78094 -0.0664678 -0.621059 0.666825 -0.0567553 -0.74305 0.647642 -0.168633 -0.74305 0.78094 0.0664678 -0.621059 0.534039 0.0454535 -0.844237 0.22418 0.0445921 -0.973527 0.201582 -0.107748 0.973527 0.321212 -0.217101 0.921786 0.19005 -0.126987 0.973527 0.534039 -0.0454534 0.844237 0.913922 -0.237967 -0.328813 0.518676 -0.135053 -0.844237 0.954185 -0.248451 -0.166741 0.534039 -0.0454534 -0.844237 0.386302 -0.0328791 -0.921786 0.228571 -1.99824e-08 -0.973527 0.227471 0.0224039 -0.973527 0.279901 -0.268264 0.921786 0.145004 -0.176688 0.973527 0.161624 -0.161624 0.973527 0.518676 -0.135053 0.844237 0.230538 -0.311708 0.921786 0.647642 -0.168633 0.74305 0.649356 -0.438888 0.621059 0.609827 -0.275659 0.74305 0.714188 -0.322833 0.621059 0.758474 -0.197491 -0.621059 0.609827 -0.275659 -0.74305 0.714188 -0.322833 -0.621059 0.84807 -0.220821 -0.481679 0.898472 -0.406135 -0.166741 0.86056 -0.388998 -0.328813 0.353282 -0.159693 -0.921786 0.375188 -0.0976914 -0.921786 0.218729 -0.0663507 -0.973527 0.22418 -0.0445921 -0.973527 0.227471 -0.0224039 -0.973527 0.126987 -0.19005 0.973527 0.174543 -0.346186 0.921786 0.107748 -0.201582 0.973527 0.488391 -0.220767 0.844237 0.565843 -0.542317 0.621059 0.554468 -0.374755 0.74305 0.798553 -0.360969 -0.481679 0.816911 -0.552135 -0.166741 0.78244 -0.528837 -0.328813 0.488391 -0.220767 -0.844237 0.321212 -0.217101 -0.921786 0.176688 -0.145004 0.973527 0.444057 -0.30013 0.844237 0.39795 -0.538064 0.74305 0.726063 -0.490732 -0.481679 0.649356 -0.438888 -0.621059 0.444057 -0.30013 -0.844237 0.201582 -0.107748 -0.973527 0.211173 -0.0874705 -0.973527 0.113527 -0.370704 0.921786 0.0445921 -0.224179 0.973527 0.0663507 -0.218729 0.973527 0.386947 -0.370859 0.844237 0.0874705 -0.211172 0.973527 0.483159 -0.46307 0.74305 0.632684 -0.606379 -0.481679 0.279901 -0.268264 -0.921786 0.176688 -0.145004 -0.973527 0.19005 -0.126987 -0.973527 -2.72569e-09 -0.228571 0.973527 0.0224039 -0.227471 0.973527 0.0492446 -0.384558 0.921786 0.318706 -0.430919 0.844237 0.301292 -0.597578 0.74305 0.229504 -0.749409 -0.621059 0.521105 -0.704581 -0.481679 0.42517 -0.843275 -0.328813 0.318706 -0.430919 -0.844237 0.174543 -0.346186 -0.921786 0.230538 -0.311708 -0.921786 0.126988 -0.19005 -0.973527 0.301293 -0.597578 -0.74305 0.145004 -0.176688 -0.973527 0.161624 -0.161624 -0.973527 -0.0224039 -0.227471 0.973527 -0.08168 -0.378996 0.921786 -0.0445921 -0.224179 0.973527 0.241296 -0.478582 0.844237 -0.0164543 -0.387349 0.921786 0.195968 -0.639901 0.74305 0.443901 -0.880426 0.166741 -0.0284031 -0.668633 -0.74305 -0.0332641 -0.783058 -0.621059 0.0995523 -0.777416 -0.621059 0.394535 -0.782513 -0.481679 0.352853 -0.699843 -0.621059 0.241296 -0.478582 -0.844237 0.156944 -0.512477 0.844237 0.288724 -0.942781 0.166741 0.292823 -0.956167 8.74228e-08 0.256614 -0.837935 -0.481679 0.156944 -0.512477 -0.844237 0.113527 -0.370704 -0.921786 0.0874705 -0.211172 -0.973527 0.107748 -0.201582 -0.973527 -0.144556 -0.359741 0.921786 -0.107748 -0.201582 0.973527 -0.0874705 -0.211172 0.973527 0.068078 -0.531629 0.844237 0.12524 -0.978015 0.166741 0.127018 -0.9919 8.74228e-08 -0.20773 -0.96387 -0.166741 -0.0418469 -0.985112 -0.166741 0.0492446 -0.384558 -0.921786 0.0445921 -0.22418 -0.973527 0.0663509 -0.218729 -0.973527 -0.145004 -0.176688 0.973527 -0.0227474 -0.535487 0.844237 -0.528261 -0.0905794 0.844237 -0.0400811 -0.943544 0.328813 -0.0418474 -0.985112 0.166741 -0.042441 -0.999099 8.74228e-08 -0.249529 -0.620977 -0.74305 -0.281013 -0.456394 -0.844237 -0.198964 -0.923198 -0.328813 -0.0227474 -0.535487 -0.844237 -0.08168 -0.378997 -0.921786 -0.0164543 -0.387349 -0.921786 -0.0224039 -0.227471 -0.973527 -0.140994 -0.654215 -0.74305 -2.72569e-09 -0.228571 -0.973527 0.022404 -0.227471 -0.973527 -0.0663507 -0.218729 0.973527 -0.112918 -0.523941 0.844237 -0.184628 -0.856678 0.481679 -0.198964 -0.923198 0.328813 -0.20773 -0.96387 0.166741 -0.210679 -0.977555 8.74228e-08 -0.165123 -0.766172 -0.621059 -0.112918 -0.523941 -0.844237 -0.176688 -0.145004 0.973527 -0.19984 -0.497321 0.844237 -0.326752 -0.813153 0.481679 -0.352124 -0.876294 0.328813 -0.367637 -0.914899 0.166741 -0.372857 -0.927889 8.74228e-08 -0.19984 -0.497321 -0.844237 -0.144556 -0.359741 -0.921786 -0.0663508 -0.218729 -0.973527 -0.044592 -0.22418 -0.973527 -0.201582 -0.107748 0.973527 -0.281013 -0.456394 0.844237 -0.459475 -0.746236 0.481679 -0.495153 -0.80418 0.328813 -0.516968 -0.839608 0.166741 -0.524307 -0.851529 8.74228e-08 -0.516967 -0.839608 -0.166741 -0.517813 -0.58835 -0.621059 -0.203273 -0.330136 -0.921786 -0.107748 -0.201582 -0.973527 -0.0874704 -0.211173 -0.973527 -0.578981 -0.65785 0.481679 -0.354102 -0.402338 0.844237 -0.623938 -0.708931 0.328813 -0.651426 -0.740163 0.166741 -0.660674 -0.750673 8.74228e-08 -0.651426 -0.740163 -0.166741 -0.623938 -0.708931 -0.328813 -0.578981 -0.65785 -0.481679 -0.211173 -0.0874705 -0.973527 -0.126987 -0.19005 -0.973527 -0.145004 -0.176688 -0.973527 -0.609796 -0.492376 0.621059 -0.520689 -0.420427 0.74305 -0.417004 -0.336707 0.844237 -0.68183 -0.550539 0.481679 -0.734773 -0.593288 0.328813 -0.767144 -0.619426 0.166741 -0.778036 -0.62822 8.74228e-08 -0.767144 -0.619425 -0.166741 -0.734773 -0.593288 -0.328813 -0.68183 -0.550539 -0.481679 -0.609796 -0.492376 -0.621059 -0.161624 -0.161624 -0.973527 -0.684237 -0.382238 0.621059 -0.584252 -0.326383 0.74305 -0.46791 -0.26139 0.844237 -0.765064 -0.42739 0.481679 -0.82447 -0.460577 0.328813 -0.860793 -0.480868 0.166741 -0.873014 -0.487695 8.74228e-08 -0.860792 -0.480868 -0.166741 -0.82447 -0.460577 -0.328813 -0.765064 -0.42739 -0.481679 -0.684237 -0.382238 -0.621059 -0.46791 -0.26139 -0.844237 -0.19005 -0.126988 -0.973527 -0.176688 -0.145004 -0.973527 -0.218729 -0.0663508 0.973527 -0.738993 -0.261103 0.621059 -0.826288 -0.291946 0.481679 -0.890449 -0.314616 0.328813 -0.929678 -0.328476 0.166741 -0.942877 -0.33314 8.74228e-08 -0.929678 -0.328476 -0.166741 -0.890449 -0.314616 -0.328813 -0.826288 -0.291946 -0.481679 -0.738993 -0.261103 -0.621059 -0.201582 -0.107748 -0.973527 -0.77249 -0.132457 0.621059 -0.863742 -0.148103 0.481679 -0.930811 -0.159604 0.328813 -0.971818 -0.166635 0.166741 -0.985616 -0.169001 8.74228e-08 -0.971818 -0.166635 -0.166741 -0.930811 -0.159604 -0.328813 -0.863742 -0.148103 -0.481679 -0.77249 -0.132457 -0.621059 -0.65961 -0.113101 -0.74305 -0.528261 -0.0905794 -0.844237 1 -8.74228e-08 0 1 -8.74228e-08 0 0.995185 0.0980171 0 0.980785 0.19509 0 0.995185 0.0980171 0 0.95694 0.290285 0 0.980785 0.19509 0 0.95694 0.290285 0 0.92388 0.382683 0 0.881921 0.471397 0 0.92388 0.382683 0 0.83147 0.55557 0 0.881921 0.471397 0 0.83147 0.55557 0 0.77301 0.634393 0 0.707107 0.707107 0 0.77301 0.634393 0 0.634393 0.77301 0 0.707107 0.707107 0 0.634393 0.77301 0 0.55557 0.83147 0 0.471397 0.881921 0 0.55557 0.83147 0 0.382684 0.92388 0 0.471397 0.881921 0 0.382683 0.92388 0 0.290285 0.95694 0 0.19509 0.980785 0 0.290285 0.95694 0 0.0980172 0.995185 0 0.19509 0.980785 0 0.0980171 0.995185 0 4.37114e-08 1 0 -0.0980171 0.995185 0 4.37114e-08 1 0 -0.19509 0.980785 0 -0.0980171 0.995185 0 -0.19509 0.980785 0 -0.290285 0.95694 0 -0.382683 0.92388 0 -0.290285 0.95694 0 -0.471397 0.881921 0 -0.382683 0.92388 0 -0.471397 0.881921 0 -0.55557 0.83147 0 -0.634393 0.77301 0 -0.55557 0.83147 0 -0.707107 0.707107 0 -0.634393 0.77301 0 -0.707107 0.707107 0 -0.77301 0.634393 0 -0.83147 0.55557 0 -0.77301 0.634393 0 -0.881921 0.471397 0 -0.83147 0.55557 0 -0.881921 0.471397 0 -0.92388 0.382683 0 -0.95694 0.290285 0 -0.92388 0.382683 0 -0.980785 0.19509 0 -0.95694 0.290285 0 -0.980785 0.19509 0 -0.995185 0.0980171 0 -1 -1.37184e-11 0 -0.995185 0.0980171 0 -1 3.30957e-13 0 0.995185 -0.098017 0 0.995185 -0.0980173 0 0.980785 -0.19509 0 0.95694 -0.290285 0 0.980785 -0.19509 0 0.92388 -0.382683 0 0.95694 -0.290285 0 0.92388 -0.382683 0 0.881921 -0.471397 0 0.83147 -0.55557 0 0.881921 -0.471397 0 0.773011 -0.634393 0 0.83147 -0.55557 0 0.77301 -0.634393 0 0.707107 -0.707107 0 0.634393 -0.77301 0 0.707107 -0.707107 0 0.55557 -0.831469 0 0.634393 -0.77301 0 0.55557 -0.83147 0 0.471397 -0.881921 0 0.382684 -0.92388 0 0.471397 -0.881921 0 0.290285 -0.95694 0 0.382684 -0.92388 0 0.290285 -0.95694 0 0.19509 -0.980785 0 0.0980169 -0.995185 0 0.19509 -0.980785 0 -1.19249e-08 -1 0 0.0980169 -0.995185 0 -1.19249e-08 -1 0 -0.098017 -0.995185 0 -0.19509 -0.980785 0 -0.098017 -0.995185 0 -0.290285 -0.95694 0 -0.19509 -0.980785 0 -0.290285 -0.95694 0 -0.382684 -0.923879 0 -0.471397 -0.881921 0 -0.382684 -0.923879 0 -0.55557 -0.83147 0 -0.471397 -0.881921 0 -0.55557 -0.831469 0 -0.634393 -0.77301 0 -0.707107 -0.707107 0 -0.634393 -0.77301 0 -0.773011 -0.634393 0 -0.707107 -0.707107 0 -0.773011 -0.634393 0 -0.83147 -0.55557 0 -0.881921 -0.471397 0 -0.83147 -0.55557 0 -0.92388 -0.382683 0 -0.881921 -0.471397 0 -0.92388 -0.382683 0 -0.95694 -0.290285 0 -0.980785 -0.19509 0 -0.95694 -0.290285 0 -0.995185 -0.0980172 0 -0.980785 -0.19509 0 -0.995185 -0.0980172 0 -0.944395 1.12703e-09 0.328813 -0.863742 0.148103 0.481679 -0.876348 -7.48382e-10 0.481679 -0.77249 0.132457 0.621059 -0.783764 -3.8747e-10 0.621059 -0.738993 0.261103 0.621059 -0.684237 0.382238 0.621059 -0.584252 0.326383 0.74305 -0.256142 0.291034 0.921786 -0.161624 0.161624 0.973527 -0.301643 0.24356 0.921786 -0.659609 0.113101 0.74305 -0.669236 3.99331e-10 0.74305 -0.528261 0.0905794 0.844237 -0.365552 0.129158 0.921786 -0.338466 0.189078 0.921786 -0.211172 0.0874704 0.973527 -0.176688 0.145004 0.973527 -0.218729 0.0663508 0.973527 -0.382122 0.0655213 0.921786 -0.53597 -1.32484e-10 0.844237 -0.224179 0.044592 0.973527 -0.201582 0.107748 0.973527 -0.227471 0.0224039 0.973527 -0.387698 -4.79165e-11 0.921786 -0.228571 2.28389e-16 0.973527 -0.826288 0.291946 0.481679 -0.930811 0.159604 0.328813 -0.765064 0.42739 0.481679 -0.860793 0.480868 0.166741 -0.734773 0.593288 0.328813 -0.82447 0.460577 0.328813 -0.986001 -1.08734e-10 0.166741 -0.495153 0.80418 0.328813 -0.623938 0.708931 0.328813 -0.651426 0.740164 0.166741 -0.942877 0.33314 8.74228e-08 -0.929678 0.328476 0.166741 -0.660675 0.750672 8.74228e-08 -0.516967 0.839608 0.166741 -0.352124 0.876294 0.328813 0.0995519 0.777416 -0.621059 0.111312 0.86925 -0.481679 -0.0332639 0.783058 -0.621059 -0.524307 0.851529 8.74228e-08 -0.367637 0.914899 0.166741 -0.0424412 0.999099 8.74228e-08 -0.0418471 0.985112 -0.166741 0.127018 0.9919 8.74228e-08 -0.372856 0.927889 8.74228e-08 -0.20773 0.96387 0.166741 0.12524 0.978015 -0.166741 0.292823 0.956167 8.74228e-08 0.12524 0.978015 0.166741 0.27654 0.902999 0.328813 0.119955 0.936746 0.328813 0.42517 0.843275 0.328813 0.288723 0.942781 0.166741 0.450204 0.892926 8.74228e-08 0.586309 0.792742 0.166741 0.443901 0.880426 0.166741 0.711849 0.682252 0.166741 0.594633 0.803997 8.74228e-08 0.78244 0.528837 -0.328813 0.632685 0.606379 -0.481679 0.726062 0.490733 -0.481679 0.911229 0.411901 8.74228e-08 0.82851 0.559975 8.74228e-08 0.816911 0.552136 -0.166741 0.721956 0.691939 8.74228e-08 0.711849 0.682252 -0.166741 0.898472 0.406135 -0.166741 0.967733 0.251978 8.74228e-08 0.898472 0.406135 0.166741 0.816911 0.552135 0.166741 0.954185 0.248451 -0.166741 0.996397 0.0848059 8.74228e-08 0.940993 0.0800903 0.328813 0.913922 0.237967 0.328813 0.954185 0.248451 0.166741 0.982449 -0.0836187 0.166741 0.982449 0.0836187 0.166741 0.982449 0.0836187 -0.166741 0.996397 -0.0848059 8.74228e-08 0.798553 -0.360969 -0.481679 0.726063 -0.490732 -0.481679 0.78244 -0.528837 -0.328813 -0.387698 6.77873e-08 -0.921786 -0.227471 -0.0224038 -0.973527 -0.228571 -6.90267e-08 -0.973527 0.898472 -0.406135 0.166741 0.954185 -0.24845 0.166741 0.967733 -0.251978 8.74228e-08 0.394535 -0.782513 -0.481679 0.256614 -0.837935 -0.481679 0.27654 -0.902999 -0.328813 -0.382122 -0.0655213 -0.921786 -0.22418 -0.0445921 -0.973527 -0.211173 -0.0874705 -0.973527 -0.365552 -0.129158 -0.921786 -0.338466 -0.189078 -0.921786 0.443901 -0.880425 -0.166741 0.288724 -0.942781 -0.166741 0.292823 -0.956167 8.74228e-08 -0.520689 -0.420427 -0.74305 -0.584252 -0.326383 -0.74305 -0.684237 -0.382238 -0.621059 -0.738993 -0.261103 -0.621059 -0.631007 -0.222949 -0.74305 -0.19984 -0.497321 -0.844237 -0.350885 -0.569874 -0.74305 -0.249529 -0.620977 -0.74305 -0.517813 -0.58835 -0.621059 -0.410933 -0.667398 -0.621059 -0.0400815 -0.943544 -0.328813 0.111312 -0.86925 -0.481679 -0.0371931 -0.875558 -0.481679 -0.292232 -0.727246 -0.621059 -0.326752 -0.813153 -0.481679 -0.165123 -0.766172 -0.621059 0.78244 -0.528837 0.328813 0.816911 -0.552136 0.166741 0.681812 -0.653464 0.328813 -0.198964 -0.923198 -0.328813 0.42517 -0.843275 0.328813 0.27654 -0.902999 0.328813 0.256615 -0.837934 0.481679 0.711849 -0.682252 0.166741 0.561569 -0.759291 0.328813 0.229504 -0.749409 0.621059 0.394535 -0.782514 0.481679 0.586309 -0.792742 0.166741 -0.0371935 -0.875558 0.481679 -0.184628 -0.856678 0.481679 -0.165123 -0.766172 0.621059 0.111312 -0.86925 0.481679 0.0995519 -0.777416 0.621059 -0.459475 -0.746236 0.481679 -0.410933 -0.667398 0.621059 -0.326752 -0.813153 0.481679 -0.140994 -0.654215 0.74305 -0.0332637 -0.783058 0.621059 -0.350885 -0.569874 0.74305 -0.292232 -0.727246 0.621059 -0.442147 -0.502377 0.74305 -0.338466 -0.189078 0.921786 -0.365552 -0.129158 0.921786 -0.211172 -0.0874704 0.973527 -0.161624 -0.161624 0.973527 -0.256142 -0.291034 0.921786 -0.301643 -0.24356 0.921786 -0.684237 -0.382238 0.621059 -0.631007 -0.222949 0.74305 -0.584252 -0.326383 0.74305 -0.19005 -0.126987 0.973527 -0.505354 -0.178553 0.844237 -0.528261 -0.0905794 0.844237 -0.382122 -0.0655213 0.921786 -0.227471 -0.0224039 0.973527 -0.224179 -0.044592 0.973527 0.42517 -0.843275 -0.328813 -0.578981 -0.65785 -0.481679 -0.623938 -0.708931 -0.328813 -0.459475 -0.746236 -0.481679 -0.112918 -0.523941 -0.844237 -0.140994 -0.654215 -0.74305 -0.184628 -0.856678 -0.481679 -0.0332637 -0.783058 -0.621059 -0.442147 -0.502377 -0.74305 -0.354102 -0.402338 -0.844237 -0.218729 -0.0663507 -0.973527 0.443901 -0.880426 0.166741 0.594633 -0.803997 8.74228e-08 0.721956 -0.691939 8.74228e-08 0.711849 -0.682252 -0.166741 0.82851 -0.559975 8.74228e-08 0.816911 -0.552136 -0.166741 0.195968 -0.639901 -0.74305 0.301292 -0.597578 -0.74305 0.241296 -0.478582 -0.844237 0.911228 -0.411901 8.74228e-08 0.86056 -0.388997 0.328813 0.681812 -0.653463 -0.328813 0.898472 -0.406135 -0.166741 0.954185 -0.24845 -0.166741 0.982449 -0.0836187 -0.166741 0.913922 -0.237967 0.328813 0.758474 -0.197491 -0.621059 0.714188 -0.322833 -0.621059 0.86056 -0.388998 -0.328813 0.913922 -0.237967 -0.328813 0.84807 -0.220821 -0.481679 0.940993 -0.0800905 0.328813 0.873191 0.0743195 0.481679 0.86056 0.388997 0.328813 0.78244 0.528837 0.328813 0.681812 0.653464 0.328813 0.86056 0.388997 -0.328813 0.561569 0.759291 0.328813 0.586309 0.792742 -0.166741 0.483159 0.46307 -0.74305 0.386947 0.370859 -0.844237 0.554468 0.374755 -0.74305 0.443901 0.880426 -0.166741 0.42517 0.843275 -0.328813 0.27654 0.902999 -0.328813 0.288723 0.942781 -0.166741 0.256615 0.837934 -0.481679 -0.0418471 0.985112 0.166741 -0.0400813 0.943544 0.328813 -0.210679 0.977555 8.74228e-08 -0.198964 0.923198 0.328813 -0.20773 0.96387 -0.166741 -0.516967 0.839608 -0.166741 -0.367637 0.914899 -0.166741 -0.651426 0.740163 -0.166741 -0.0371933 0.875558 -0.481679 0.119955 0.936746 -0.328813 -0.0400813 0.943544 -0.328813 -0.767144 0.619425 0.166741 -0.778036 0.62822 8.74228e-08 -0.326752 0.813153 0.481679 -0.767144 0.619425 -0.166741 -0.873014 0.487695 8.74228e-08 -0.860793 0.480868 -0.166741 -0.623938 0.708931 -0.328813 -0.734773 0.593288 -0.328813 -0.578981 0.65785 -0.481679 -0.495153 0.80418 -0.328813 -0.929678 0.328476 -0.166741 -0.890449 0.314616 0.328813 -0.971818 0.166635 0.166741 -0.985616 0.169001 8.74228e-08 -1 -9.88741e-10 8.74228e-08 -0.971818 0.166635 -0.166741 -0.520689 0.420427 -0.74305 -0.584252 0.326383 -0.74305 -0.46791 0.26139 -0.844237 -0.986001 1.04381e-09 -0.166741 -0.944395 -1.61299e-09 -0.328813 -0.930811 0.159604 -0.328813 -0.890449 0.314616 -0.328813 -0.826288 0.291946 -0.481679 -0.82447 0.460577 -0.328813 -0.876348 2.97445e-10 -0.481679 -0.863742 0.148103 -0.481679 -0.783764 1.87068e-09 -0.621059 -0.77249 0.132457 -0.621059 -0.669236 1.00942e-09 -0.74305 -0.53597 -1.18211e-10 -0.844237 -0.65961 0.113101 -0.74305 -0.382122 0.0655213 -0.921786 -0.22418 0.0445921 -0.973527 -0.218729 0.0663508 -0.973527 -0.528261 0.0905794 -0.844237 -0.227471 0.0224039 -0.973527 -0.126987 0.19005 0.973527 -0.145004 0.176688 0.973527 -0.505354 0.178553 0.844237 -0.631007 0.222949 0.74305 -0.609796 0.492376 0.621059 -0.520689 0.420427 0.74305 -0.738993 0.261103 -0.621059 -0.365552 0.129158 -0.921786 -0.338466 0.189079 -0.921786 -0.631007 0.222949 -0.74305 -0.684237 0.382238 -0.621059 -0.505354 0.178553 -0.844237 -0.19005 0.126987 0.973527 -0.46791 0.26139 0.844237 -0.203273 0.330136 0.921786 -0.517813 0.58835 0.621059 -0.442147 0.502377 0.74305 -0.578981 0.65785 0.481679 -0.68183 0.550539 0.481679 -0.765064 0.42739 -0.481679 -0.609796 0.492376 -0.621059 -0.211173 0.0874705 -0.973527 -0.107748 0.201582 0.973527 -0.144556 0.359741 0.921786 -0.0874704 0.211172 0.973527 -0.417004 0.336707 0.844237 -0.459475 0.746236 0.481679 -0.410933 0.667398 0.621059 -0.68183 0.550539 -0.481679 -0.517813 0.58835 -0.621059 -0.442147 0.502377 -0.74305 -0.417004 0.336707 -0.844237 -0.301643 0.24356 -0.921786 -0.19005 0.126988 -0.973527 -0.201582 0.107748 -0.973527 -0.08168 0.378996 0.921786 -0.0224039 0.227471 0.973527 -0.0445921 0.224179 0.973527 -0.354102 0.402338 0.844237 -0.0164544 0.387349 0.921786 -0.292231 0.727246 0.621059 -0.249529 0.620977 0.74305 -0.459475 0.746236 -0.481679 -0.352124 0.876294 -0.328813 -0.256142 0.291034 -0.921786 -0.145004 0.176688 -0.973527 -0.203273 0.330136 -0.921786 -0.410933 0.667398 -0.621059 -0.350885 0.569874 -0.74305 -0.161624 0.161624 -0.973527 -0.176688 0.145004 -0.973527 -0.354102 0.402338 -0.844237 9.99117e-09 0.228571 0.973527 0.0492446 0.384558 0.921786 0.0224039 0.227471 0.973527 -0.281013 0.456394 0.844237 -0.350885 0.569874 0.74305 -0.165123 0.766172 0.621059 -0.140994 0.654215 0.74305 -0.249529 0.620977 -0.74305 -0.19984 0.497321 -0.844237 -0.140994 0.654215 -0.74305 -0.144556 0.359741 -0.921786 -0.292231 0.727246 -0.621059 -0.281013 0.456394 -0.844237 -0.0663507 0.218729 0.973527 -0.19984 0.497321 0.844237 -0.0332639 0.783058 0.621059 0.099552 0.777416 0.621059 0.0850049 0.663815 0.74305 -0.0371933 0.875558 0.481679 -0.184628 0.856678 0.481679 -0.326752 0.813153 -0.481679 -0.198964 0.923198 -0.328813 -0.165123 0.766172 -0.621059 -0.107748 0.201582 -0.973527 -0.126988 0.19005 -0.973527 0.044592 0.224179 0.973527 0.113527 0.370704 0.921786 0.0663508 0.218729 0.973527 -0.112918 0.523941 0.844237 0.111312 0.86925 0.481679 -0.184628 0.856678 -0.481679 -0.0284031 0.668633 -0.74305 -0.112918 0.523941 -0.844237 -0.08168 0.378997 -0.921786 -0.0663508 0.218729 -0.973527 -0.0874705 0.211173 -0.973527 0.174543 0.346186 0.921786 0.126987 0.19005 0.973527 0.107748 0.201582 0.973527 -0.0227472 0.535487 0.844237 -0.0284032 0.668633 0.74305 0.229504 0.749409 0.621059 0.195967 0.639901 0.74305 -0.0164544 0.387349 -0.921786 -1.72567e-08 0.228571 -0.973527 0.0492446 0.384558 -0.921786 0.0850049 0.663815 -0.74305 -0.0224039 0.227471 -0.973527 -0.0445921 0.22418 -0.973527 -0.0227473 0.535487 -0.844237 0.145004 0.176688 0.973527 0.279901 0.268264 0.921786 0.161624 0.161624 0.973527 0.0680778 0.531629 0.844237 0.230538 0.311708 0.921786 0.352853 0.699843 0.621059 0.301292 0.597578 0.74305 0.256615 0.837934 0.481679 0.394535 0.782513 0.481679 0.352853 0.699843 -0.621059 0.195968 0.639901 -0.74305 0.301293 0.597578 -0.74305 0.229504 0.749409 -0.621059 0.0680778 0.531629 -0.844237 0.0874704 0.211172 0.973527 0.156944 0.512477 0.844237 0.521105 0.704581 0.481679 0.466052 0.630144 0.621059 0.156944 0.512477 -0.844237 0.113527 0.370704 -0.921786 0.0445921 0.22418 -0.973527 0.0224039 0.227471 -0.973527 0.321212 0.217101 0.921786 0.201582 0.107748 0.973527 0.19005 0.126987 0.973527 0.241296 0.478582 0.844237 0.353282 0.159693 0.921786 0.483159 0.46307 0.74305 0.565843 0.542317 0.621059 0.632685 0.606379 0.481679 0.561569 0.759291 -0.328813 0.521105 0.704581 -0.481679 0.681812 0.653463 -0.328813 0.394535 0.782513 -0.481679 0.241296 0.478582 -0.844237 0.174543 0.346186 -0.921786 0.318706 0.430918 -0.844237 0.0874705 0.211173 -0.973527 0.0663508 0.218729 -0.973527 0.218729 0.0663508 0.973527 0.211172 0.0874705 0.973527 0.318706 0.430919 0.844237 0.39795 0.538064 0.74305 0.649356 0.438888 0.621059 0.554468 0.374755 0.74305 0.466052 0.630144 -0.621059 0.230538 0.311708 -0.921786 0.279901 0.268264 -0.921786 0.39795 0.538064 -0.74305 0.565843 0.542317 -0.621059 0.107748 0.201582 -0.973527 0.126987 0.19005 -0.973527 0.176688 0.145004 0.973527 0.386947 0.370859 0.844237 0.375188 0.0976915 0.921786 0.714188 0.322833 0.621059 0.609827 0.275659 0.74305 0.798553 0.360969 0.481679 0.726062 0.490733 0.481679 0.649356 0.438888 -0.621059 0.145004 0.176688 -0.973527 0.224179 0.044592 0.973527 0.386302 0.0328791 0.921786 0.227471 0.0224039 0.973527 0.444057 0.30013 0.844237 0.848071 0.22082 0.481679 0.758474 0.197491 0.621059 0.609827 0.275659 -0.74305 0.444057 0.30013 -0.844237 0.714188 0.322833 -0.621059 0.321212 0.217101 -0.921786 0.176688 0.145004 -0.973527 0.161624 0.161624 -0.973527 0.386302 -0.0328792 0.921786 0.224179 -0.044592 0.973527 0.227471 -0.0224039 0.973527 0.488391 0.220767 0.844237 0.375188 -0.0976915 0.921786 0.78094 0.0664678 0.621059 0.666825 0.0567552 0.74305 0.913922 0.237967 -0.328813 0.848071 0.22082 -0.481679 0.940993 0.0800903 -0.328813 0.798553 0.360969 -0.481679 0.211173 0.0874705 -0.973527 0.218729 0.0663508 -0.973527 0.353282 0.159693 -0.921786 0.758474 0.197491 -0.621059 0.647642 0.168633 -0.74305 0.201582 0.107748 -0.973527 0.19005 0.126987 -0.973527 0.488391 0.220767 -0.844237 0.218729 -0.0663507 0.973527 0.353282 -0.159693 0.921786 0.211172 -0.0874704 0.973527 0.518676 0.135053 0.844237 0.647641 0.168633 0.74305 0.78094 -0.066468 0.621059 0.666825 -0.0567551 0.74305 0.666825 0.0567552 -0.74305 0.534039 0.0454535 -0.844237 0.666825 -0.056755 -0.74305 0.375188 0.0976915 -0.921786 0.386302 0.0328791 -0.921786 0.78094 0.0664678 -0.621059 0.518676 0.135053 -0.844237 0.228571 -1.99823e-08 0.973527 0.534039 0.0454535 0.844237 0.758474 -0.197491 0.621059 0.647641 -0.168633 0.74305 0.848071 -0.22082 0.481679 0.873191 -0.0743194 0.481679 0.873191 0.0743195 -0.481679 0.940993 -0.0800902 -0.328813 0.78094 -0.0664678 -0.621059 0.22418 0.0445921 -0.973527 0.201582 -0.107748 0.973527 0.321212 -0.217101 0.921786 0.19005 -0.126987 0.973527 0.534039 -0.0454534 0.844237 0.798553 -0.360969 0.481679 0.714188 -0.322833 0.621059 0.873191 -0.0743196 -0.481679 0.647642 -0.168633 -0.74305 0.534039 -0.0454534 -0.844237 0.386302 -0.0328791 -0.921786 0.228571 -1.99824e-08 -0.973527 0.227471 0.0224039 -0.973527 0.279901 -0.268264 0.921786 0.145004 -0.176688 0.973527 0.161624 -0.161624 0.973527 0.518676 -0.135053 0.844237 0.230538 -0.311708 0.921786 0.649356 -0.438888 0.621059 0.554468 -0.374755 0.74305 0.375188 -0.0976915 -0.921786 0.218729 -0.0663508 -0.973527 0.353282 -0.159693 -0.921786 0.609827 -0.275659 -0.74305 0.22418 -0.0445921 -0.973527 0.227471 -0.022404 -0.973527 0.518676 -0.135053 -0.844237 0.126987 -0.19005 0.973527 0.174543 -0.346186 0.921786 0.107748 -0.201582 0.973527 0.488391 -0.220767 0.844237 0.609827 -0.275659 0.74305 0.565843 -0.542317 0.621059 0.483159 -0.46307 0.74305 0.726062 -0.490733 0.481679 0.632685 -0.606379 0.481679 0.565843 -0.542317 -0.621059 0.554468 -0.374755 -0.74305 0.483159 -0.46307 -0.74305 0.649356 -0.438888 -0.621059 0.488391 -0.220767 -0.844237 0.176688 -0.145004 0.973527 0.444057 -0.30013 0.844237 0.521105 -0.704581 0.481679 0.466052 -0.630144 0.621059 0.444057 -0.30013 -0.844237 0.321212 -0.217101 -0.921786 0.201582 -0.107748 -0.973527 0.211172 -0.0874706 -0.973527 0.113527 -0.370704 0.921786 0.0445921 -0.224179 0.973527 0.0663507 -0.218729 0.973527 0.386947 -0.370859 0.844237 0.0492446 -0.384558 0.921786 0.301292 -0.597578 0.74305 0.352854 -0.699843 0.621059 0.561569 -0.759291 -0.328813 0.521105 -0.704581 -0.481679 0.632684 -0.606379 -0.481679 0.466052 -0.630144 -0.621059 0.39795 -0.538064 -0.74305 0.386947 -0.370859 -0.844237 0.279901 -0.268263 -0.921786 0.176688 -0.145004 -0.973527 0.19005 -0.126988 -0.973527 -2.72569e-09 -0.228571 0.973527 0.0224039 -0.227471 0.973527 0.318706 -0.430919 0.844237 0.39795 -0.538064 0.74305 0.195968 -0.639901 0.74305 0.586309 -0.792742 -0.166741 0.230538 -0.311708 -0.921786 0.126987 -0.19005 -0.973527 0.174543 -0.346186 -0.921786 0.352853 -0.699843 -0.621059 0.145004 -0.176688 -0.973527 0.161624 -0.161624 -0.973527 0.318706 -0.430919 -0.844237 0.0874705 -0.211172 0.973527 0.241296 -0.478582 0.844237 -0.0164543 -0.387349 0.921786 0.0850048 -0.663815 0.74305 0.450204 -0.892926 8.74228e-08 0.229504 -0.749409 -0.621059 -0.08168 -0.378996 0.921786 -0.0445921 -0.224179 0.973527 -0.0224039 -0.227471 0.973527 0.156944 -0.512477 0.844237 -0.249529 -0.620977 0.74305 0.288724 -0.942781 0.166741 0.119955 -0.936746 -0.328813 0.12524 -0.978015 -0.166741 0.0850048 -0.663815 -0.74305 0.156944 -0.512477 -0.844237 0.0995519 -0.777416 -0.621059 0.113527 -0.370704 -0.921786 0.0874704 -0.211173 -0.973527 0.107748 -0.201582 -0.973527 -0.144556 -0.359741 0.921786 -0.107748 -0.201582 0.973527 -0.0874705 -0.211172 0.973527 0.0680777 -0.531629 0.844237 -0.203273 -0.330136 0.921786 0.119955 -0.936746 0.328813 0.12524 -0.978015 0.166741 0.127018 -0.9919 8.74228e-08 0.0224039 -0.227471 -0.973527 -2.72569e-09 -0.228571 -0.973527 0.0492447 -0.384558 -0.921786 -0.0284031 -0.668633 -0.74305 0.0445921 -0.22418 -0.973527 0.0663508 -0.218729 -0.973527 0.0680777 -0.531629 -0.844237 -0.145004 -0.176688 0.973527 -0.126987 -0.19005 0.973527 -0.0227471 -0.535487 0.844237 -0.0284034 -0.668633 0.74305 -0.0400811 -0.943544 0.328813 -0.0418469 -0.985112 0.166741 -0.042441 -0.999099 8.74228e-08 -0.0418469 -0.985112 -0.166741 -0.0164545 -0.387349 -0.921786 -0.08168 -0.378997 -0.921786 -0.0227471 -0.535487 -0.844237 -0.0663507 -0.218729 0.973527 -0.112918 -0.523941 0.844237 -0.198964 -0.923198 0.328813 -0.20773 -0.96387 0.166741 -0.210679 -0.977555 8.74228e-08 -0.20773 -0.96387 -0.166741 -0.352124 -0.876294 -0.328813 -0.022404 -0.227471 -0.973527 -0.176688 -0.145004 0.973527 -0.19984 -0.497321 0.844237 -0.352124 -0.876294 0.328813 -0.367637 -0.914899 0.166741 -0.372856 -0.927889 8.74228e-08 -0.367637 -0.914899 -0.166741 -0.495153 -0.80418 -0.328813 -0.144556 -0.359741 -0.921786 -0.0663509 -0.218729 -0.973527 -0.0445921 -0.22418 -0.973527 -0.201582 -0.107748 0.973527 -0.281013 -0.456394 0.844237 -0.495153 -0.80418 0.328813 -0.516967 -0.839608 0.166741 -0.524307 -0.851529 8.74228e-08 -0.516967 -0.839608 -0.166741 -0.281013 -0.456394 -0.844237 -0.203273 -0.330136 -0.921786 -0.126988 -0.19005 -0.973527 -0.256143 -0.291034 -0.921786 -0.107748 -0.201582 -0.973527 -0.0874706 -0.211172 -0.973527 -0.354102 -0.402338 0.844237 -0.517813 -0.58835 0.621059 -0.578981 -0.65785 0.481679 -0.623938 -0.708931 0.328813 -0.651426 -0.740163 0.166741 -0.660675 -0.750672 8.74228e-08 -0.651426 -0.740164 -0.166741 -0.301643 -0.24356 -0.921786 -0.46791 -0.26139 -0.844237 -0.609796 -0.492376 -0.621059 -0.520689 -0.420427 0.74305 -0.417004 -0.336707 0.844237 -0.609796 -0.492376 0.621059 -0.68183 -0.550539 0.481679 -0.734773 -0.593288 0.328813 -0.767144 -0.619426 0.166741 -0.778036 -0.62822 8.74228e-08 -0.767144 -0.619425 -0.166741 -0.734773 -0.593288 -0.328813 -0.68183 -0.550539 -0.481679 -0.417004 -0.336707 -0.844237 -0.161624 -0.161624 -0.973527 -0.145004 -0.176688 -0.973527 -0.46791 -0.26139 0.844237 -0.765064 -0.42739 0.481679 -0.82447 -0.460577 0.328813 -0.860793 -0.480868 0.166741 -0.873014 -0.487695 8.74228e-08 -0.860793 -0.480868 -0.166741 -0.82447 -0.460577 -0.328813 -0.765064 -0.42739 -0.481679 -0.19005 -0.126988 -0.973527 -0.176688 -0.145004 -0.973527 -0.218729 -0.0663508 0.973527 -0.738993 -0.261103 0.621059 -0.826289 -0.291946 0.481679 -0.890449 -0.314615 0.328813 -0.929678 -0.328476 0.166741 -0.942878 -0.33314 8.74228e-08 -0.929678 -0.328476 -0.166741 -0.890449 -0.314615 -0.328813 -0.826288 -0.291946 -0.481679 -0.528261 -0.0905794 -0.844237 -0.505354 -0.178553 -0.844237 -0.65961 -0.113101 -0.74305 -0.201582 -0.107748 -0.973527 -0.659609 -0.113101 0.74305 -0.77249 -0.132457 0.621059 -0.863742 -0.148103 0.481679 -0.930811 -0.159604 0.328813 -0.971818 -0.166635 0.166741 -0.985616 -0.169001 8.74228e-08 -0.971818 -0.166635 -0.166741 -0.930811 -0.159604 -0.328813 -0.863742 -0.148103 -0.481679 -0.77249 -0.132457 -0.621059 1 -8.74228e-08 0 1 -8.74228e-08 0 0.995185 0.0980171 0 0.980785 0.19509 0 0.995185 0.0980171 0 0.95694 0.290285 0 0.980785 0.19509 0 0.95694 0.290285 0 0.92388 0.382683 0 0.881921 0.471397 0 0.92388 0.382683 0 0.83147 0.55557 0 0.881921 0.471397 0 0.83147 0.55557 0 0.77301 0.634393 0 0.707107 0.707107 0 0.77301 0.634393 0 0.634393 0.77301 0 0.707107 0.707107 0 0.634393 0.77301 0 0.55557 0.83147 0 0.471397 0.881921 0 0.55557 0.83147 0 0.382684 0.92388 0 0.471397 0.881921 0 0.382683 0.92388 0 0.290285 0.95694 0 0.19509 0.980785 0 0.290285 0.95694 0 0.0980172 0.995185 0 0.19509 0.980785 0 0.0980171 0.995185 0 4.37114e-08 1 0 -0.0980171 0.995185 0 4.37114e-08 1 0 -0.19509 0.980785 0 -0.0980171 0.995185 0 -0.19509 0.980785 0 -0.290285 0.95694 0 -0.382683 0.92388 0 -0.290285 0.95694 0 -0.471397 0.881921 0 -0.382683 0.92388 0 -0.471397 0.881921 0 -0.55557 0.83147 0 -0.634393 0.77301 0 -0.55557 0.83147 0 -0.707107 0.707107 0 -0.634393 0.77301 0 -0.707107 0.707107 0 -0.77301 0.634393 0 -0.83147 0.55557 0 -0.77301 0.634393 0 -0.881921 0.471397 0 -0.83147 0.55557 0 -0.881921 0.471397 0 -0.92388 0.382683 0 -0.95694 0.290285 0 -0.92388 0.382683 0 -0.980785 0.19509 0 -0.95694 0.290285 0 -0.980785 0.19509 0 -0.995185 0.0980171 0 -1 -1.37184e-11 0 -0.995185 0.0980171 0 -1 3.30957e-13 0 0.995185 -0.098017 0 0.995185 -0.0980173 0 0.980785 -0.19509 0 0.95694 -0.290285 0 0.980785 -0.19509 0 0.92388 -0.382683 0 0.95694 -0.290285 0 0.92388 -0.382683 0 0.881921 -0.471397 0 0.83147 -0.55557 0 0.881921 -0.471397 0 0.773011 -0.634393 0 0.83147 -0.55557 0 0.77301 -0.634393 0 0.707107 -0.707107 0 0.634393 -0.77301 0 0.707107 -0.707107 0 0.55557 -0.831469 0 0.634393 -0.77301 0 0.55557 -0.83147 0 0.471397 -0.881921 0 0.382684 -0.92388 0 0.471397 -0.881921 0 0.290285 -0.95694 0 0.382684 -0.92388 0 0.290285 -0.95694 0 0.19509 -0.980785 0 0.0980169 -0.995185 0 0.19509 -0.980785 0 -1.19249e-08 -1 0 0.0980169 -0.995185 0 -1.19249e-08 -1 0 -0.098017 -0.995185 0 -0.19509 -0.980785 0 -0.098017 -0.995185 0 -0.290285 -0.95694 0 -0.19509 -0.980785 0 -0.290285 -0.95694 0 -0.382684 -0.923879 0 -0.471397 -0.881921 0 -0.382684 -0.923879 0 -0.55557 -0.83147 0 -0.471397 -0.881921 0 -0.55557 -0.831469 0 -0.634393 -0.77301 0 -0.707107 -0.707107 0 -0.634393 -0.77301 0 -0.773011 -0.634393 0 -0.707107 -0.707107 0 -0.773011 -0.634393 0 -0.83147 -0.55557 0 -0.881921 -0.471397 0 -0.83147 -0.55557 0 -0.92388 -0.382683 0 -0.881921 -0.471397 0 -0.92388 -0.382683 0 -0.95694 -0.290285 0 -0.980785 -0.19509 0 -0.95694 -0.290285 0 -0.995185 -0.0980172 0 -0.980785 -0.19509 0 -0.995185 -0.0980172 0 -0.944395 1.12703e-09 0.328813 -0.863742 0.148103 0.481679 -0.876348 -7.48383e-10 0.481679 -0.77249 0.132457 0.621059 -0.783764 -3.8747e-10 0.621059 -0.738993 0.261103 0.621059 -0.684237 0.382238 0.621059 -0.584252 0.326383 0.74305 -0.256142 0.291034 0.921786 -0.161624 0.161624 0.973527 -0.301643 0.24356 0.921786 -0.659609 0.113101 0.74305 -0.669236 3.99331e-10 0.74305 -0.528261 0.0905794 0.844237 -0.365552 0.129158 0.921786 -0.338466 0.189078 0.921786 -0.211172 0.0874704 0.973527 -0.176688 0.145004 0.973527 -0.218729 0.0663508 0.973527 -0.382122 0.0655213 0.921786 -0.53597 -1.32484e-10 0.844237 -0.224179 0.044592 0.973527 -0.201582 0.107748 0.973527 -0.227471 0.0224039 0.973527 -0.387698 -4.79165e-11 0.921786 -0.228571 2.28389e-16 0.973527 -0.826288 0.291946 0.481679 -0.930811 0.159604 0.328813 -0.765064 0.42739 0.481679 -0.860793 0.480868 0.166741 -0.734773 0.593288 0.328813 -0.82447 0.460577 0.328813 -0.986001 -1.08734e-10 0.166741 -0.495153 0.80418 0.328813 -0.623938 0.708931 0.328813 -0.651426 0.740164 0.166741 -0.942877 0.33314 8.74228e-08 -0.929678 0.328476 0.166741 -0.660675 0.750672 8.74228e-08 -0.516967 0.839608 0.166741 -0.352124 0.876294 0.328813 0.0995519 0.777416 -0.621059 0.111312 0.86925 -0.481679 -0.0332639 0.783058 -0.621059 -0.524307 0.851529 8.74228e-08 -0.367637 0.914899 0.166741 -0.0424412 0.999099 8.74228e-08 -0.0418471 0.985112 -0.166741 0.127018 0.9919 8.74228e-08 -0.372856 0.927889 8.74228e-08 -0.20773 0.96387 0.166741 0.12524 0.978015 -0.166741 0.292823 0.956167 8.74228e-08 0.12524 0.978015 0.166741 0.27654 0.902999 0.328813 0.119955 0.936746 0.328813 0.42517 0.843275 0.328813 0.288723 0.942781 0.166741 0.450204 0.892926 8.74228e-08 0.586309 0.792742 0.166741 0.443901 0.880426 0.166741 0.711849 0.682252 0.166741 0.594633 0.803997 8.74228e-08 0.78244 0.528837 -0.328813 0.632685 0.606379 -0.481679 0.726062 0.490733 -0.481679 0.911229 0.411901 8.74228e-08 0.82851 0.559975 8.74228e-08 0.816911 0.552136 -0.166741 0.721956 0.691939 8.74228e-08 0.711849 0.682252 -0.166741 0.898472 0.406135 -0.166741 0.967733 0.251978 8.74228e-08 0.898472 0.406135 0.166741 0.816911 0.552135 0.166741 0.954185 0.248451 -0.166741 0.996397 0.0848059 8.74228e-08 0.940993 0.0800903 0.328813 0.913922 0.237967 0.328813 0.954185 0.248451 0.166741 0.982449 -0.0836187 0.166741 0.982449 0.0836187 0.166741 0.982449 0.0836187 -0.166741 0.996397 -0.0848059 8.74228e-08 0.798553 -0.360969 -0.481679 0.726063 -0.490732 -0.481679 0.78244 -0.528837 -0.328813 -0.387698 6.77873e-08 -0.921786 -0.227471 -0.0224038 -0.973527 -0.228571 -6.90267e-08 -0.973527 0.898472 -0.406135 0.166741 0.954185 -0.24845 0.166741 0.967733 -0.251978 8.74228e-08 0.394535 -0.782513 -0.481679 0.256614 -0.837935 -0.481679 0.27654 -0.902999 -0.328813 -0.382122 -0.0655213 -0.921786 -0.22418 -0.0445921 -0.973527 -0.211173 -0.0874705 -0.973527 -0.365552 -0.129158 -0.921786 -0.338466 -0.189078 -0.921786 0.443901 -0.880425 -0.166741 0.288724 -0.942781 -0.166741 0.292823 -0.956167 8.74228e-08 -0.520689 -0.420427 -0.74305 -0.584252 -0.326383 -0.74305 -0.684237 -0.382238 -0.621059 -0.738993 -0.261103 -0.621059 -0.631007 -0.222949 -0.74305 -0.19984 -0.497321 -0.844237 -0.350885 -0.569874 -0.74305 -0.249529 -0.620977 -0.74305 -0.517813 -0.58835 -0.621059 -0.410933 -0.667398 -0.621059 -0.0400815 -0.943544 -0.328813 0.111312 -0.86925 -0.481679 -0.0371931 -0.875558 -0.481679 -0.292232 -0.727246 -0.621059 -0.326752 -0.813153 -0.481679 -0.165123 -0.766172 -0.621059 0.78244 -0.528837 0.328813 0.816911 -0.552136 0.166741 0.681812 -0.653464 0.328813 -0.198964 -0.923198 -0.328813 0.42517 -0.843275 0.328813 0.27654 -0.902999 0.328813 0.256615 -0.837934 0.481679 0.711849 -0.682252 0.166741 0.561569 -0.759291 0.328813 0.229504 -0.749409 0.621059 0.394535 -0.782514 0.481679 0.586309 -0.792742 0.166741 -0.0371935 -0.875558 0.481679 -0.184628 -0.856678 0.481679 -0.165123 -0.766172 0.621059 0.111312 -0.86925 0.481679 0.0995519 -0.777416 0.621059 -0.459475 -0.746236 0.481679 -0.410933 -0.667398 0.621059 -0.326752 -0.813153 0.481679 -0.140994 -0.654215 0.74305 -0.0332637 -0.783058 0.621059 -0.350885 -0.569874 0.74305 -0.292232 -0.727246 0.621059 -0.442147 -0.502377 0.74305 -0.338466 -0.189078 0.921786 -0.365552 -0.129158 0.921786 -0.211172 -0.0874704 0.973527 -0.161624 -0.161624 0.973527 -0.256142 -0.291034 0.921786 -0.301643 -0.24356 0.921786 -0.684237 -0.382238 0.621059 -0.631007 -0.222949 0.74305 -0.584252 -0.326383 0.74305 -0.19005 -0.126987 0.973527 -0.505354 -0.178553 0.844237 -0.528261 -0.0905794 0.844237 -0.382122 -0.0655213 0.921786 -0.227471 -0.0224039 0.973527 -0.224179 -0.044592 0.973527 0.42517 -0.843275 -0.328813 -0.578981 -0.65785 -0.481679 -0.623938 -0.708931 -0.328813 -0.459475 -0.746236 -0.481679 -0.112918 -0.523941 -0.844237 -0.140994 -0.654215 -0.74305 -0.184628 -0.856678 -0.481679 -0.0332637 -0.783058 -0.621059 -0.442147 -0.502377 -0.74305 -0.354102 -0.402338 -0.844237 -0.218729 -0.0663507 -0.973527 0.443901 -0.880426 0.166741 0.594633 -0.803997 8.74228e-08 0.721956 -0.691939 8.74228e-08 0.711849 -0.682252 -0.166741 0.82851 -0.559975 8.74228e-08 0.816911 -0.552136 -0.166741 0.195968 -0.639901 -0.74305 0.301292 -0.597578 -0.74305 0.241296 -0.478582 -0.844237 0.911228 -0.411901 8.74228e-08 0.86056 -0.388997 0.328813 0.681812 -0.653463 -0.328813 0.898472 -0.406135 -0.166741 0.954185 -0.24845 -0.166741 0.982449 -0.0836187 -0.166741 0.913922 -0.237967 0.328813 0.758474 -0.197491 -0.621059 0.714188 -0.322833 -0.621059 0.86056 -0.388998 -0.328813 0.913922 -0.237967 -0.328813 0.84807 -0.220821 -0.481679 0.940993 -0.0800905 0.328813 0.873191 0.0743195 0.481679 0.86056 0.388997 0.328813 0.78244 0.528837 0.328813 0.681812 0.653464 0.328813 0.86056 0.388997 -0.328813 0.561569 0.759291 0.328813 0.586309 0.792742 -0.166741 0.483159 0.46307 -0.74305 0.386947 0.370859 -0.844237 0.554468 0.374755 -0.74305 0.443901 0.880426 -0.166741 0.42517 0.843275 -0.328813 0.27654 0.902999 -0.328813 0.288723 0.942781 -0.166741 0.256615 0.837934 -0.481679 -0.0418471 0.985112 0.166741 -0.0400813 0.943544 0.328813 -0.210679 0.977555 8.74228e-08 -0.198964 0.923198 0.328813 -0.20773 0.96387 -0.166741 -0.516967 0.839608 -0.166741 -0.367637 0.914899 -0.166741 -0.651426 0.740163 -0.166741 -0.0371933 0.875558 -0.481679 0.119955 0.936746 -0.328813 -0.0400813 0.943544 -0.328813 -0.767144 0.619425 0.166741 -0.778036 0.62822 8.74228e-08 -0.326752 0.813153 0.481679 -0.767144 0.619425 -0.166741 -0.873014 0.487695 8.74228e-08 -0.860793 0.480868 -0.166741 -0.623938 0.708931 -0.328813 -0.734773 0.593288 -0.328813 -0.578981 0.65785 -0.481679 -0.495153 0.80418 -0.328813 -0.929678 0.328476 -0.166741 -0.890449 0.314616 0.328813 -0.971818 0.166635 0.166741 -0.985616 0.169001 8.74228e-08 -1 -9.88742e-10 8.74228e-08 -0.971818 0.166635 -0.166741 -0.520689 0.420427 -0.74305 -0.584252 0.326383 -0.74305 -0.46791 0.26139 -0.844237 -0.986001 1.04381e-09 -0.166741 -0.944395 -1.61299e-09 -0.328813 -0.930811 0.159604 -0.328813 -0.890449 0.314616 -0.328813 -0.826288 0.291946 -0.481679 -0.82447 0.460577 -0.328813 -0.876348 2.97445e-10 -0.481679 -0.863742 0.148103 -0.481679 -0.783764 1.87068e-09 -0.621059 -0.77249 0.132457 -0.621059 -0.669236 1.00942e-09 -0.74305 -0.53597 -1.18211e-10 -0.844237 -0.65961 0.113101 -0.74305 -0.382122 0.0655213 -0.921786 -0.22418 0.0445921 -0.973527 -0.218729 0.0663508 -0.973527 -0.528261 0.0905794 -0.844237 -0.227471 0.0224039 -0.973527 -0.126987 0.19005 0.973527 -0.145004 0.176688 0.973527 -0.505354 0.178553 0.844237 -0.631007 0.222949 0.74305 -0.609796 0.492376 0.621059 -0.520689 0.420427 0.74305 -0.738993 0.261103 -0.621059 -0.365552 0.129158 -0.921786 -0.338466 0.189079 -0.921786 -0.631007 0.222949 -0.74305 -0.684237 0.382238 -0.621059 -0.505354 0.178553 -0.844237 -0.19005 0.126987 0.973527 -0.46791 0.26139 0.844237 -0.203273 0.330136 0.921786 -0.517813 0.58835 0.621059 -0.442147 0.502377 0.74305 -0.578981 0.65785 0.481679 -0.68183 0.550539 0.481679 -0.765064 0.42739 -0.481679 -0.609796 0.492376 -0.621059 -0.211173 0.0874705 -0.973527 -0.107748 0.201582 0.973527 -0.144556 0.359741 0.921786 -0.0874704 0.211172 0.973527 -0.417004 0.336707 0.844237 -0.459475 0.746236 0.481679 -0.410933 0.667398 0.621059 -0.68183 0.550539 -0.481679 -0.517813 0.58835 -0.621059 -0.442147 0.502377 -0.74305 -0.417004 0.336707 -0.844237 -0.301643 0.24356 -0.921786 -0.19005 0.126988 -0.973527 -0.201582 0.107748 -0.973527 -0.08168 0.378996 0.921786 -0.0224039 0.227471 0.973527 -0.0445921 0.224179 0.973527 -0.354102 0.402338 0.844237 -0.0164544 0.387349 0.921786 -0.292231 0.727246 0.621059 -0.249529 0.620977 0.74305 -0.459475 0.746236 -0.481679 -0.352124 0.876294 -0.328813 -0.256142 0.291034 -0.921786 -0.145004 0.176688 -0.973527 -0.203273 0.330136 -0.921786 -0.410933 0.667398 -0.621059 -0.350885 0.569874 -0.74305 -0.161624 0.161624 -0.973527 -0.176688 0.145004 -0.973527 -0.354102 0.402338 -0.844237 9.99117e-09 0.228571 0.973527 0.0492446 0.384558 0.921786 0.0224039 0.227471 0.973527 -0.281013 0.456394 0.844237 -0.350885 0.569874 0.74305 -0.165123 0.766172 0.621059 -0.140994 0.654215 0.74305 -0.249529 0.620977 -0.74305 -0.19984 0.497321 -0.844237 -0.140994 0.654215 -0.74305 -0.144556 0.359741 -0.921786 -0.292231 0.727246 -0.621059 -0.281013 0.456394 -0.844237 -0.0663507 0.218729 0.973527 -0.19984 0.497321 0.844237 -0.0332639 0.783058 0.621059 0.099552 0.777416 0.621059 0.0850049 0.663815 0.74305 -0.0371933 0.875558 0.481679 -0.184628 0.856678 0.481679 -0.326752 0.813153 -0.481679 -0.198964 0.923198 -0.328813 -0.165123 0.766172 -0.621059 -0.107748 0.201582 -0.973527 -0.126988 0.19005 -0.973527 0.044592 0.224179 0.973527 0.113527 0.370704 0.921786 0.0663508 0.218729 0.973527 -0.112918 0.523941 0.844237 0.111312 0.86925 0.481679 -0.184628 0.856678 -0.481679 -0.0284031 0.668633 -0.74305 -0.112918 0.523941 -0.844237 -0.08168 0.378997 -0.921786 -0.0663508 0.218729 -0.973527 -0.0874705 0.211173 -0.973527 0.174543 0.346186 0.921786 0.126987 0.19005 0.973527 0.107748 0.201582 0.973527 -0.0227472 0.535487 0.844237 -0.0284032 0.668633 0.74305 0.229504 0.749409 0.621059 0.195967 0.639901 0.74305 -0.0164544 0.387349 -0.921786 -1.72567e-08 0.228571 -0.973527 0.0492446 0.384558 -0.921786 0.0850049 0.663815 -0.74305 -0.0224039 0.227471 -0.973527 -0.0445921 0.22418 -0.973527 -0.0227473 0.535487 -0.844237 0.145004 0.176688 0.973527 0.279901 0.268264 0.921786 0.161624 0.161624 0.973527 0.0680778 0.531629 0.844237 0.230538 0.311708 0.921786 0.352853 0.699843 0.621059 0.301292 0.597578 0.74305 0.256615 0.837934 0.481679 0.394535 0.782513 0.481679 0.352853 0.699843 -0.621059 0.195968 0.639901 -0.74305 0.301293 0.597578 -0.74305 0.229504 0.749409 -0.621059 0.0680778 0.531629 -0.844237 0.0874704 0.211172 0.973527 0.156944 0.512477 0.844237 0.521105 0.704581 0.481679 0.466052 0.630144 0.621059 0.156944 0.512477 -0.844237 0.113527 0.370704 -0.921786 0.0445921 0.22418 -0.973527 0.0224039 0.227471 -0.973527 0.321212 0.217101 0.921786 0.201582 0.107748 0.973527 0.19005 0.126987 0.973527 0.241296 0.478582 0.844237 0.353282 0.159693 0.921786 0.483159 0.46307 0.74305 0.565843 0.542317 0.621059 0.632685 0.606379 0.481679 0.561569 0.759291 -0.328813 0.521105 0.704581 -0.481679 0.681812 0.653463 -0.328813 0.394535 0.782513 -0.481679 0.241296 0.478582 -0.844237 0.174543 0.346186 -0.921786 0.318706 0.430918 -0.844237 0.0874705 0.211173 -0.973527 0.0663508 0.218729 -0.973527 0.218729 0.0663508 0.973527 0.211172 0.0874705 0.973527 0.318706 0.430919 0.844237 0.39795 0.538064 0.74305 0.649356 0.438888 0.621059 0.554468 0.374755 0.74305 0.466052 0.630144 -0.621059 0.230538 0.311708 -0.921786 0.279901 0.268264 -0.921786 0.39795 0.538064 -0.74305 0.565843 0.542317 -0.621059 0.107748 0.201582 -0.973527 0.126987 0.19005 -0.973527 0.176688 0.145004 0.973527 0.386947 0.370859 0.844237 0.375188 0.0976915 0.921786 0.714188 0.322833 0.621059 0.609827 0.275659 0.74305 0.798553 0.360969 0.481679 0.726062 0.490733 0.481679 0.649356 0.438888 -0.621059 0.145004 0.176688 -0.973527 0.224179 0.044592 0.973527 0.386302 0.0328791 0.921786 0.227471 0.0224039 0.973527 0.444057 0.30013 0.844237 0.848071 0.22082 0.481679 0.758474 0.197491 0.621059 0.609827 0.275659 -0.74305 0.444057 0.30013 -0.844237 0.714188 0.322833 -0.621059 0.321212 0.217101 -0.921786 0.176688 0.145004 -0.973527 0.161624 0.161624 -0.973527 0.386302 -0.0328792 0.921786 0.224179 -0.044592 0.973527 0.227471 -0.0224039 0.973527 0.488391 0.220767 0.844237 0.375188 -0.0976915 0.921786 0.78094 0.0664678 0.621059 0.666825 0.0567552 0.74305 0.913922 0.237967 -0.328813 0.848071 0.22082 -0.481679 0.940993 0.0800903 -0.328813 0.798553 0.360969 -0.481679 0.211173 0.0874705 -0.973527 0.218729 0.0663508 -0.973527 0.353282 0.159693 -0.921786 0.758474 0.197491 -0.621059 0.647642 0.168633 -0.74305 0.201582 0.107748 -0.973527 0.19005 0.126987 -0.973527 0.488391 0.220767 -0.844237 0.218729 -0.0663507 0.973527 0.353282 -0.159693 0.921786 0.211172 -0.0874704 0.973527 0.518676 0.135053 0.844237 0.647641 0.168633 0.74305 0.78094 -0.066468 0.621059 0.666825 -0.0567551 0.74305 0.666825 0.0567552 -0.74305 0.534039 0.0454535 -0.844237 0.666825 -0.056755 -0.74305 0.375188 0.0976915 -0.921786 0.386302 0.0328791 -0.921786 0.78094 0.0664678 -0.621059 0.518676 0.135053 -0.844237 0.228571 -1.99823e-08 0.973527 0.534039 0.0454535 0.844237 0.758474 -0.197491 0.621059 0.647641 -0.168633 0.74305 0.848071 -0.22082 0.481679 0.873191 -0.0743194 0.481679 0.873191 0.0743195 -0.481679 0.940993 -0.0800902 -0.328813 0.78094 -0.0664678 -0.621059 0.22418 0.0445921 -0.973527 0.201582 -0.107748 0.973527 0.321212 -0.217101 0.921786 0.19005 -0.126987 0.973527 0.534039 -0.0454534 0.844237 0.798553 -0.360969 0.481679 0.714188 -0.322833 0.621059 0.873191 -0.0743196 -0.481679 0.647642 -0.168633 -0.74305 0.534039 -0.0454534 -0.844237 0.386302 -0.0328791 -0.921786 0.228571 -1.99824e-08 -0.973527 0.227471 0.0224039 -0.973527 0.279901 -0.268264 0.921786 0.145004 -0.176688 0.973527 0.161624 -0.161624 0.973527 0.518676 -0.135053 0.844237 0.230538 -0.311708 0.921786 0.649356 -0.438888 0.621059 0.554468 -0.374755 0.74305 0.375188 -0.0976915 -0.921786 0.218729 -0.0663508 -0.973527 0.353282 -0.159693 -0.921786 0.609827 -0.275659 -0.74305 0.22418 -0.0445921 -0.973527 0.227471 -0.022404 -0.973527 0.518676 -0.135053 -0.844237 0.126987 -0.19005 0.973527 0.174543 -0.346186 0.921786 0.107748 -0.201582 0.973527 0.488391 -0.220767 0.844237 0.609827 -0.275659 0.74305 0.565843 -0.542317 0.621059 0.483159 -0.46307 0.74305 0.726062 -0.490733 0.481679 0.632685 -0.606379 0.481679 0.565843 -0.542317 -0.621059 0.554468 -0.374755 -0.74305 0.483159 -0.46307 -0.74305 0.649356 -0.438888 -0.621059 0.488391 -0.220767 -0.844237 0.176688 -0.145004 0.973527 0.444057 -0.30013 0.844237 0.521105 -0.704581 0.481679 0.466052 -0.630144 0.621059 0.444057 -0.30013 -0.844237 0.321212 -0.217101 -0.921786 0.201582 -0.107748 -0.973527 0.211172 -0.0874706 -0.973527 0.113527 -0.370704 0.921786 0.0445921 -0.224179 0.973527 0.0663507 -0.218729 0.973527 0.386947 -0.370859 0.844237 0.0492446 -0.384558 0.921786 0.301292 -0.597578 0.74305 0.352854 -0.699843 0.621059 0.561569 -0.759291 -0.328813 0.521105 -0.704581 -0.481679 0.632684 -0.606379 -0.481679 0.466052 -0.630144 -0.621059 0.39795 -0.538064 -0.74305 0.386947 -0.370859 -0.844237 0.279901 -0.268263 -0.921786 0.176688 -0.145004 -0.973527 0.19005 -0.126988 -0.973527 -2.72569e-09 -0.228571 0.973527 0.0224039 -0.227471 0.973527 0.318706 -0.430919 0.844237 0.39795 -0.538064 0.74305 0.195968 -0.639901 0.74305 0.586309 -0.792742 -0.166741 0.230538 -0.311708 -0.921786 0.126987 -0.19005 -0.973527 0.174543 -0.346186 -0.921786 0.352853 -0.699843 -0.621059 0.145004 -0.176688 -0.973527 0.161624 -0.161624 -0.973527 0.318706 -0.430919 -0.844237 0.0874705 -0.211172 0.973527 0.241296 -0.478582 0.844237 -0.0164543 -0.387349 0.921786 0.0850048 -0.663815 0.74305 0.450204 -0.892926 8.74228e-08 0.229504 -0.749409 -0.621059 -0.08168 -0.378996 0.921786 -0.0445921 -0.224179 0.973527 -0.0224039 -0.227471 0.973527 0.156944 -0.512477 0.844237 -0.249529 -0.620977 0.74305 0.288724 -0.942781 0.166741 0.119955 -0.936746 -0.328813 0.12524 -0.978015 -0.166741 0.0850048 -0.663815 -0.74305 0.156944 -0.512477 -0.844237 0.0995519 -0.777416 -0.621059 0.113527 -0.370704 -0.921786 0.0874704 -0.211173 -0.973527 0.107748 -0.201582 -0.973527 -0.144556 -0.359741 0.921786 -0.107748 -0.201582 0.973527 -0.0874705 -0.211172 0.973527 0.0680777 -0.531629 0.844237 -0.203273 -0.330136 0.921786 0.119955 -0.936746 0.328813 0.12524 -0.978015 0.166741 0.127018 -0.9919 8.74228e-08 0.0224039 -0.227471 -0.973527 -2.72569e-09 -0.228571 -0.973527 0.0492447 -0.384558 -0.921786 -0.0284031 -0.668633 -0.74305 0.0445921 -0.22418 -0.973527 0.0663508 -0.218729 -0.973527 0.0680777 -0.531629 -0.844237 -0.145004 -0.176688 0.973527 -0.126987 -0.19005 0.973527 -0.0227471 -0.535487 0.844237 -0.0284034 -0.668633 0.74305 -0.0400811 -0.943544 0.328813 -0.0418469 -0.985112 0.166741 -0.042441 -0.999099 8.74228e-08 -0.0418469 -0.985112 -0.166741 -0.0164545 -0.387349 -0.921786 -0.08168 -0.378997 -0.921786 -0.0227471 -0.535487 -0.844237 -0.0663507 -0.218729 0.973527 -0.112918 -0.523941 0.844237 -0.198964 -0.923198 0.328813 -0.20773 -0.96387 0.166741 -0.210679 -0.977555 8.74228e-08 -0.20773 -0.96387 -0.166741 -0.352124 -0.876294 -0.328813 -0.022404 -0.227471 -0.973527 -0.176688 -0.145004 0.973527 -0.19984 -0.497321 0.844237 -0.352124 -0.876294 0.328813 -0.367637 -0.914899 0.166741 -0.372856 -0.927889 8.74228e-08 -0.367637 -0.914899 -0.166741 -0.495153 -0.80418 -0.328813 -0.144556 -0.359741 -0.921786 -0.0663509 -0.218729 -0.973527 -0.0445921 -0.22418 -0.973527 -0.201582 -0.107748 0.973527 -0.281013 -0.456394 0.844237 -0.495153 -0.80418 0.328813 -0.516967 -0.839608 0.166741 -0.524307 -0.851529 8.74228e-08 -0.516967 -0.839608 -0.166741 -0.281013 -0.456394 -0.844237 -0.203273 -0.330136 -0.921786 -0.126988 -0.19005 -0.973527 -0.256143 -0.291034 -0.921786 -0.107748 -0.201582 -0.973527 -0.0874706 -0.211172 -0.973527 -0.354102 -0.402338 0.844237 -0.517813 -0.58835 0.621059 -0.578981 -0.65785 0.481679 -0.623938 -0.708931 0.328813 -0.651426 -0.740163 0.166741 -0.660675 -0.750672 8.74228e-08 -0.651426 -0.740164 -0.166741 -0.301643 -0.24356 -0.921786 -0.46791 -0.26139 -0.844237 -0.609796 -0.492376 -0.621059 -0.520689 -0.420427 0.74305 -0.417004 -0.336707 0.844237 -0.609796 -0.492376 0.621059 -0.68183 -0.550539 0.481679 -0.734773 -0.593288 0.328813 -0.767144 -0.619426 0.166741 -0.778036 -0.62822 8.74228e-08 -0.767144 -0.619425 -0.166741 -0.734773 -0.593288 -0.328813 -0.68183 -0.550539 -0.481679 -0.417004 -0.336707 -0.844237 -0.161624 -0.161624 -0.973527 -0.145004 -0.176688 -0.973527 -0.46791 -0.26139 0.844237 -0.765064 -0.42739 0.481679 -0.82447 -0.460577 0.328813 -0.860793 -0.480868 0.166741 -0.873014 -0.487695 8.74228e-08 -0.860793 -0.480868 -0.166741 -0.82447 -0.460577 -0.328813 -0.765064 -0.42739 -0.481679 -0.19005 -0.126988 -0.973527 -0.176688 -0.145004 -0.973527 -0.218729 -0.0663508 0.973527 -0.738993 -0.261103 0.621059 -0.826289 -0.291946 0.481679 -0.890449 -0.314615 0.328813 -0.929678 -0.328476 0.166741 -0.942878 -0.33314 8.74228e-08 -0.929678 -0.328476 -0.166741 -0.890449 -0.314615 -0.328813 -0.826288 -0.291946 -0.481679 -0.528261 -0.0905794 -0.844237 -0.505354 -0.178553 -0.844237 -0.65961 -0.113101 -0.74305 -0.201582 -0.107748 -0.973527 -0.659609 -0.113101 0.74305 -0.77249 -0.132457 0.621059 -0.863742 -0.148103 0.481679 -0.930811 -0.159604 0.328813 -0.971818 -0.166635 0.166741 -0.985616 -0.169001 8.74228e-08 -0.971818 -0.166635 -0.166741 -0.930811 -0.159604 -0.328813 -0.863742 -0.148103 -0.481679 -0.77249 -0.132457 -0.621059 1 -8.74228e-08 0 1 -8.74228e-08 0 0.995185 0.0980171 0 0.980785 0.19509 0 0.995185 0.0980171 0 0.95694 0.290285 0 0.980785 0.19509 0 0.95694 0.290285 0 0.92388 0.382683 0 0.881921 0.471397 0 0.92388 0.382683 0 0.83147 0.55557 0 0.881921 0.471397 0 0.83147 0.55557 0 0.77301 0.634393 0 0.707107 0.707107 0 0.77301 0.634393 0 0.634393 0.77301 0 0.707107 0.707107 0 0.634393 0.77301 0 0.55557 0.83147 0 0.471397 0.881921 0 0.55557 0.83147 0 0.382684 0.92388 0 0.471397 0.881921 0 0.382683 0.92388 0 0.290285 0.95694 0 0.19509 0.980785 0 0.290285 0.95694 0 0.0980172 0.995185 0 0.19509 0.980785 0 0.0980171 0.995185 0 4.37114e-08 1 0 -0.0980171 0.995185 0 4.37114e-08 1 0 -0.19509 0.980785 0 -0.0980171 0.995185 0 -0.19509 0.980785 0 -0.290285 0.95694 0 -0.382683 0.92388 0 -0.290285 0.95694 0 -0.471397 0.881921 0 -0.382683 0.92388 0 -0.471397 0.881921 0 -0.55557 0.83147 0 -0.634393 0.77301 0 -0.55557 0.83147 0 -0.707107 0.707107 0 -0.634393 0.77301 0 -0.707107 0.707107 0 -0.77301 0.634393 0 -0.83147 0.55557 0 -0.77301 0.634393 0 -0.881921 0.471397 0 -0.83147 0.55557 0 -0.881921 0.471397 0 -0.92388 0.382683 0 -0.95694 0.290285 0 -0.92388 0.382683 0 -0.980785 0.19509 0 -0.95694 0.290285 0 -0.980785 0.19509 0 -0.995185 0.0980171 0 -1 -1.37184e-11 0 -0.995185 0.0980171 0 -1 3.30957e-13 0 0.995185 -0.098017 0 0.995185 -0.0980173 0 0.980785 -0.19509 0 0.95694 -0.290285 0 0.980785 -0.19509 0 0.92388 -0.382683 0 0.95694 -0.290285 0 0.92388 -0.382683 0 0.881921 -0.471397 0 0.83147 -0.55557 0 0.881921 -0.471397 0 0.773011 -0.634393 0 0.83147 -0.55557 0 0.77301 -0.634393 0 0.707107 -0.707107 0 0.634393 -0.77301 0 0.707107 -0.707107 0 0.55557 -0.831469 0 0.634393 -0.77301 0 0.55557 -0.83147 0 0.471397 -0.881921 0 0.382684 -0.92388 0 0.471397 -0.881921 0 0.290285 -0.95694 0 0.382684 -0.92388 0 0.290285 -0.95694 0 0.19509 -0.980785 0 0.0980169 -0.995185 0 0.19509 -0.980785 0 -1.19249e-08 -1 0 0.0980169 -0.995185 0 -1.19249e-08 -1 0 -0.098017 -0.995185 0 -0.19509 -0.980785 0 -0.098017 -0.995185 0 -0.290285 -0.95694 0 -0.19509 -0.980785 0 -0.290285 -0.95694 0 -0.382684 -0.923879 0 -0.471397 -0.881921 0 -0.382684 -0.923879 0 -0.55557 -0.83147 0 -0.471397 -0.881921 0 -0.55557 -0.831469 0 -0.634393 -0.77301 0 -0.707107 -0.707107 0 -0.634393 -0.77301 0 -0.773011 -0.634393 0 -0.707107 -0.707107 0 -0.773011 -0.634393 0 -0.83147 -0.55557 0 -0.881921 -0.471397 0 -0.83147 -0.55557 0 -0.92388 -0.382683 0 -0.881921 -0.471397 0 -0.92388 -0.382683 0 -0.95694 -0.290285 0 -0.980785 -0.19509 0 -0.95694 -0.290285 0 -0.995185 -0.0980172 0 -0.980785 -0.19509 0 -0.995185 -0.0980172 0 -0.77249 0.132457 0.621059 -0.783764 3.87294e-10 0.621059 -0.863742 0.148103 0.481679 -0.669236 -3.99481e-10 0.74305 -0.659609 0.113101 0.74305 -0.301643 0.24356 0.921786 -0.256142 0.291034 0.921786 -0.161624 0.161624 0.973527 -0.684237 0.382238 0.621059 -0.631007 0.222949 0.74305 -0.738993 0.261103 0.621059 -0.53597 1.32363e-10 0.844237 -0.876348 7.48186e-10 0.481679 -0.930811 0.159604 0.328813 -0.176688 0.145004 0.973527 -0.365552 0.129158 0.921786 -0.218729 0.0663508 0.973527 -0.382122 0.0655213 0.921786 -0.338466 0.189078 0.921786 -0.201582 0.107748 0.973527 -0.211172 0.0874704 0.973527 -0.528261 0.0905794 0.844237 -0.387698 4.78293e-11 0.921786 -0.224179 0.044592 0.973527 -0.227471 0.0224039 0.973527 -0.228571 -5.15397e-14 0.973527 -0.826288 0.291946 0.481679 -0.890449 0.314616 0.328813 -0.944395 -1.12725e-09 0.328813 -0.765064 0.42739 0.481679 -0.82447 0.460577 0.328813 -0.860793 0.480868 0.166741 -0.778036 0.62822 8.74228e-08 -0.767144 0.619425 0.166741 -0.68183 0.550539 0.481679 -0.623938 0.708931 0.328813 -0.578981 0.65785 0.481679 -0.0400813 0.943544 0.328813 -0.0371933 0.875558 0.481679 -0.184628 0.856678 0.481679 -0.734773 0.593288 0.328813 0.119955 0.936746 0.328813 0.111312 0.86925 0.481679 -0.184628 0.856678 -0.481679 -0.352124 0.876294 -0.328813 -0.326752 0.813153 -0.481679 -0.198964 0.923198 0.328813 -0.352124 0.876294 0.328813 -0.20773 0.96387 0.166741 0.27654 0.902999 0.328813 0.256615 0.837934 0.481679 0.12524 0.978015 0.166741 -0.0418471 0.985112 0.166741 0.292823 0.956167 8.74228e-08 0.288723 0.942781 0.166741 0.466052 0.630144 -0.621059 0.352853 0.699843 -0.621059 0.39795 0.538064 -0.74305 0.798553 0.360969 0.481679 0.726063 0.490733 0.481679 0.86056 0.388997 0.328813 0.443901 0.880426 0.166741 0.450204 0.892926 8.74228e-08 0.913922 0.237967 0.328813 0.848071 0.22082 0.481679 0.561569 0.759291 0.328813 0.42517 0.843275 0.328813 0.586309 0.792742 0.166741 0.940993 0.0800903 0.328813 0.873191 0.0743195 0.481679 0.711849 0.682252 0.166741 0.721956 0.691939 8.74228e-08 0.913922 -0.237967 0.328813 0.848071 -0.22082 0.481679 0.873191 -0.0743194 0.481679 0.681812 0.653463 0.328813 0.816911 0.552136 0.166741 0.78244 0.528838 0.328813 0.898472 0.406135 0.166741 0.967733 0.251978 8.74228e-08 0.954185 0.248451 0.166741 0.78094 -0.0664676 0.621059 0.86056 -0.388997 0.328813 0.798553 -0.360969 0.481679 0.954185 -0.248451 0.166741 0.982449 -0.0836187 0.166741 0.967733 -0.251978 8.74228e-08 0.940993 -0.0800905 0.328813 0.898472 -0.406135 0.166741 0.711849 -0.682252 -0.166741 0.681812 -0.653464 -0.328813 0.561569 -0.759291 -0.328813 0.0680777 -0.531629 -0.844237 0.0850048 -0.663815 -0.74305 0.195968 -0.639901 -0.74305 -0.382122 -0.0655213 -0.921786 -0.218729 -0.0663508 -0.973527 -0.22418 -0.0445922 -0.973527 0.521105 -0.704581 0.481679 0.42517 -0.843275 0.328813 0.394535 -0.782514 0.481679 0.119955 -0.936746 -0.328813 -0.0400811 -0.943544 -0.328813 0.12524 -0.978015 -0.166741 -0.365552 -0.129158 -0.921786 -0.459475 -0.746236 -0.481679 -0.326752 -0.813153 -0.481679 -0.410933 -0.667398 -0.621059 -0.417004 -0.336707 -0.844237 -0.52069 -0.420427 -0.74305 -0.442147 -0.502377 -0.74305 -0.0371931 -0.875558 -0.481679 -0.184628 -0.856678 -0.481679 -0.292231 -0.727246 -0.621059 -0.350885 -0.569874 -0.74305 0.443901 -0.880426 -0.166741 0.288724 -0.942781 -0.166741 0.450204 -0.892926 8.74228e-08 0.111312 -0.86925 -0.481679 0.681812 -0.653464 0.328813 0.586309 -0.792742 0.166741 0.561569 -0.759291 0.328813 0.594633 -0.803997 8.74228e-08 0.586309 -0.792742 -0.166741 0.466052 -0.630144 0.621059 0.111312 -0.86925 0.481679 0.229504 -0.749409 0.621059 0.256615 -0.837934 0.481679 0.352853 -0.699843 0.621059 -0.0284031 -0.668633 0.74305 -0.0332637 -0.783058 0.621059 -0.165123 -0.766172 0.621059 -0.0371935 -0.875558 0.481679 0.0995519 -0.777416 0.621059 -0.350885 -0.569874 0.74305 -0.249529 -0.620976 0.74305 -0.410933 -0.667398 0.621059 -0.292231 -0.727246 0.621059 -0.140994 -0.654215 0.74305 -0.442147 -0.502377 0.74305 -0.517813 -0.58835 0.621059 -0.203273 -0.330136 0.921786 -0.256142 -0.291034 0.921786 -0.126987 -0.19005 0.973527 -0.301643 -0.24356 0.921786 -0.338466 -0.189078 0.921786 -0.19005 -0.126987 0.973527 -0.161624 -0.161624 0.973527 -0.631007 -0.222949 0.74305 -0.659609 -0.113101 0.74305 -0.505354 -0.178553 0.844237 -0.365552 -0.129158 0.921786 -0.211172 -0.0874704 0.973527 -0.382122 -0.0655213 0.921786 -0.227471 -0.0224039 0.973527 -0.224179 -0.044592 0.973527 0.0850048 -0.663815 0.74305 -0.367637 -0.914899 -0.166741 -0.352124 -0.876294 -0.328813 -0.495153 -0.80418 -0.328813 0.78244 -0.528837 0.328813 0.711849 -0.682252 0.166741 -0.301643 -0.24356 -0.921786 -0.338466 -0.189078 -0.921786 -0.354102 -0.402338 -0.844237 -0.256142 -0.291034 -0.921786 0.27654 -0.902999 -0.328813 -0.584252 -0.326383 -0.74305 -0.505354 -0.178553 -0.844237 -0.631007 -0.222949 -0.74305 -0.227471 -0.0224039 -0.973527 -0.228571 -6.90267e-08 -0.973527 -0.387698 6.77873e-08 -0.921786 0.721956 -0.691939 8.74228e-08 0.816911 -0.552136 0.166741 0.82851 -0.559975 8.74228e-08 0.39795 -0.538064 -0.74305 0.466052 -0.630144 -0.621059 0.565843 -0.542316 -0.621059 0.27654 -0.902999 0.328813 0.119955 -0.936746 0.328813 0.632685 -0.606379 0.481679 0.911229 -0.411901 8.74228e-08 0.386947 -0.370859 -0.844237 0.483159 -0.46307 -0.74305 0.554468 -0.374755 -0.74305 0.726062 -0.490733 0.481679 0.982449 0.0836187 0.166741 0.996397 -0.0848059 8.74228e-08 0.996397 0.0848059 8.74228e-08 0.873191 -0.0743196 -0.481679 0.940993 0.0800903 -0.328813 0.873191 0.0743195 -0.481679 0.982449 0.0836187 -0.166741 0.940993 -0.0800902 -0.328813 0.982449 -0.0836187 -0.166741 0.911229 0.411901 8.74228e-08 0.647642 0.168633 -0.74305 0.758474 0.197491 -0.621059 0.714188 0.322833 -0.621059 0.82851 0.559975 8.74228e-08 0.594633 0.803997 8.74228e-08 0.586309 0.792742 -0.166741 0.711849 0.682252 -0.166741 0.78244 0.528837 -0.328813 0.816911 0.552135 -0.166741 0.127018 0.9919 8.74228e-08 0.521105 0.704581 0.481679 0.632684 0.606379 0.481679 -0.0424412 0.999099 8.74228e-08 0.394535 0.782513 0.481679 -0.210679 0.977555 8.74228e-08 -0.367637 0.914899 0.166741 0.301293 0.597578 -0.74305 0.195967 0.639901 -0.74305 0.241296 0.478582 -0.844237 -0.495153 0.80418 0.328813 -0.0400813 0.943544 -0.328813 -0.20773 0.96387 -0.166741 -0.198964 0.923198 -0.328813 -0.516967 0.839608 0.166741 -0.372857 0.927889 8.74228e-08 -0.651426 0.740164 0.166741 -0.660675 0.750672 8.74228e-08 -0.524307 0.851529 8.74228e-08 -0.249529 0.620977 -0.74305 -0.112918 0.523941 -0.844237 -0.140994 0.654215 -0.74305 -0.410933 0.667398 -0.621059 -0.517813 0.58835 -0.621059 -0.350885 0.569874 -0.74305 -0.459475 0.746236 0.481679 -0.326752 0.813153 0.481679 -0.873014 0.487695 8.74228e-08 -0.929678 0.328476 0.166741 -0.68183 0.550539 -0.481679 -0.82447 0.460577 -0.328813 -0.765064 0.42739 -0.481679 -0.971818 0.166635 0.166741 -0.942877 0.33314 8.74228e-08 -0.986001 1.08512e-10 0.166741 -0.985616 0.169001 8.74228e-08 -0.860793 0.480868 -0.166741 -0.734773 0.593288 -0.328813 -0.767144 0.619425 -0.166741 -1 9.88517e-10 8.74228e-08 -0.971818 0.166635 -0.166741 -0.930811 0.159604 -0.328813 -0.986001 -1.04403e-09 -0.166741 -0.944395 1.61278e-09 -0.328813 -0.631007 0.222949 -0.74305 -0.738993 0.261103 -0.621059 -0.77249 0.132457 -0.621059 -0.863742 0.148103 -0.481679 -0.876348 -2.97641e-10 -0.481679 -0.783764 -1.87085e-09 -0.621059 -0.890449 0.314616 -0.328813 -0.929678 0.328476 -0.166741 -0.65961 0.113101 -0.74305 -0.669236 -1.00957e-09 -0.74305 -0.528261 0.0905794 -0.844237 -0.53597 1.18091e-10 -0.844237 -0.382122 0.0655213 -0.921786 -0.227471 0.0224039 -0.973527 -0.145004 0.176688 0.973527 -0.203273 0.330136 0.921786 -0.126987 0.19005 0.973527 -0.505354 0.178553 0.844237 -0.609796 0.492376 0.621059 -0.584252 0.326383 0.74305 -0.826288 0.291946 -0.481679 -0.505354 0.178553 -0.844237 -0.338466 0.189079 -0.921786 -0.365552 0.129158 -0.921786 -0.211173 0.0874705 -0.973527 -0.584252 0.326383 -0.74305 -0.218729 0.0663508 -0.973527 -0.22418 0.0445921 -0.973527 -0.19005 0.126987 0.973527 -0.46791 0.26139 0.844237 -0.517813 0.58835 0.621059 -0.520689 0.420427 0.74305 -0.609796 0.492376 -0.621059 -0.520689 0.420427 -0.74305 -0.442147 0.502377 -0.74305 -0.684237 0.382238 -0.621059 -0.46791 0.26139 -0.844237 -0.107748 0.201582 0.973527 -0.144556 0.359741 0.921786 -0.0874704 0.211172 0.973527 -0.417004 0.336707 0.844237 -0.354102 0.402338 -0.844237 -0.651426 0.740164 -0.166741 -0.623938 0.708931 -0.328813 -0.417004 0.336707 -0.844237 -0.301643 0.24356 -0.921786 -0.19005 0.126988 -0.973527 -0.201582 0.107748 -0.973527 -0.08168 0.378996 0.921786 -0.0224039 0.227471 0.973527 -0.0445921 0.224179 0.973527 -0.354102 0.402338 0.844237 -0.0164544 0.387349 0.921786 -0.442147 0.502377 0.74305 -0.292231 0.727246 0.621059 -0.350885 0.569874 0.74305 -0.410933 0.667398 0.621059 -0.578981 0.65785 -0.481679 -0.516967 0.839608 -0.166741 -0.495153 0.80418 -0.328813 -0.256142 0.291034 -0.921786 -0.161624 0.161624 -0.973527 -0.176688 0.145004 -0.973527 9.99117e-09 0.228571 0.973527 0.0492446 0.384558 0.921786 0.0224039 0.227471 0.973527 -0.281013 0.456394 0.844237 -0.165123 0.766172 0.621059 -0.249529 0.620977 0.74305 -0.459475 0.746236 -0.481679 -0.367637 0.914899 -0.166741 -0.281013 0.456394 -0.844237 -0.203273 0.330136 -0.921786 -0.144556 0.359741 -0.921786 -0.145004 0.176688 -0.973527 -0.126988 0.19005 -0.973527 -0.0663507 0.218729 0.973527 -0.19984 0.497321 0.844237 -0.0332639 0.783058 0.621059 -0.140994 0.654215 0.74305 -0.292231 0.727246 -0.621059 -0.19984 0.497321 -0.844237 -0.107748 0.201582 -0.973527 0.044592 0.224179 0.973527 0.113527 0.370704 0.921786 0.0663508 0.218729 0.973527 -0.112918 0.523941 0.844237 -0.0227472 0.535487 -0.844237 -0.0284032 0.668633 -0.74305 -0.0418471 0.985112 -0.166741 -0.165123 0.766172 -0.621059 -0.08168 0.378997 -0.921786 -0.0663508 0.218729 -0.973527 -0.0874705 0.211173 -0.973527 0.174543 0.346186 0.921786 0.126987 0.19005 0.973527 0.107748 0.201582 0.973527 -0.0227472 0.535487 0.844237 0.230538 0.311708 0.921786 -0.0284032 0.668633 0.74305 0.229504 0.749409 0.621059 0.0850048 0.663815 0.74305 0.0995519 0.777416 0.621059 -0.0332639 0.783058 -0.621059 0.0850049 0.663815 -0.74305 0.099552 0.777416 -0.621059 -0.0371933 0.875558 -0.481679 0.12524 0.978015 -0.166741 0.119955 0.936746 -0.328813 0.0492446 0.384558 -0.921786 -0.0164544 0.387349 -0.921786 9.99118e-09 0.228571 -0.973527 -0.0224039 0.227471 -0.973527 -0.0445921 0.22418 -0.973527 0.145004 0.176688 0.973527 0.279901 0.268263 0.921786 0.161624 0.161624 0.973527 0.0680778 0.531629 0.844237 0.352853 0.699843 0.621059 0.195967 0.639901 0.74305 0.111312 0.86925 -0.481679 0.288723 0.942781 -0.166741 0.27654 0.902999 -0.328813 0.0680778 0.531629 -0.844237 0.113527 0.370704 -0.921786 0.0874704 0.211172 0.973527 0.156944 0.512477 0.844237 0.466052 0.630144 0.621059 0.565843 0.542317 0.621059 0.39795 0.538064 0.74305 0.256615 0.837934 -0.481679 0.42517 0.843275 -0.328813 0.443901 0.880426 -0.166741 0.229504 0.749409 -0.621059 0.156944 0.512477 -0.844237 0.0445921 0.22418 -0.973527 0.0224039 0.227471 -0.973527 0.321212 0.217101 0.921786 0.201582 0.107748 0.973527 0.19005 0.126987 0.973527 0.241296 0.478582 0.844237 0.353282 0.159693 0.921786 0.301292 0.597578 0.74305 0.394535 0.782513 -0.481679 0.561569 0.759291 -0.328813 0.174543 0.346186 -0.921786 0.0874705 0.211172 -0.973527 0.0663508 0.218729 -0.973527 0.218729 0.0663508 0.973527 0.211172 0.0874705 0.973527 0.318706 0.430919 0.844237 0.649356 0.438888 0.621059 0.483159 0.46307 0.74305 0.521105 0.704581 -0.481679 0.681812 0.653464 -0.328813 0.318706 0.430918 -0.844237 0.279901 0.268264 -0.921786 0.230538 0.311708 -0.921786 0.145004 0.176688 -0.973527 0.483159 0.46307 -0.74305 0.126987 0.19005 -0.973527 0.107748 0.201582 -0.973527 0.176688 0.145004 0.973527 0.386947 0.370859 0.844237 0.375188 0.0976915 0.921786 0.714188 0.322833 0.621059 0.554468 0.374755 0.74305 0.609827 0.275659 -0.74305 0.554468 0.374755 -0.74305 0.488391 0.220767 -0.844237 0.632685 0.606379 -0.481679 0.649356 0.438888 -0.621059 0.565843 0.542317 -0.621059 0.386947 0.370859 -0.844237 0.224179 0.044592 0.973527 0.386302 0.0328791 0.921786 0.227471 0.0224039 0.973527 0.444057 0.30013 0.844237 0.726062 0.490733 -0.481679 0.898472 0.406135 -0.166741 0.86056 0.388998 -0.328813 0.444057 0.30013 -0.844237 0.321212 0.217101 -0.921786 0.176688 0.145004 -0.973527 0.161624 0.161624 -0.973527 0.386302 -0.0328792 0.921786 0.224179 -0.044592 0.973527 0.227471 -0.0224039 0.973527 0.488391 0.220767 0.844237 0.375188 -0.0976914 0.921786 0.609827 0.275659 0.74305 0.78094 0.0664678 0.621059 0.647641 0.168633 0.74305 0.758474 0.197491 0.621059 0.798553 0.360969 -0.481679 0.954185 0.248451 -0.166741 0.913922 0.237967 -0.328813 0.353282 0.159693 -0.921786 0.201582 0.107748 -0.973527 0.19005 0.126987 -0.973527 0.218729 -0.0663507 0.973527 0.353282 -0.159693 0.921786 0.211172 -0.0874704 0.973527 0.518676 0.135053 0.844237 0.666825 0.0567552 0.74305 0.848071 0.22082 -0.481679 0.518676 0.135053 -0.844237 0.375188 0.0976915 -0.921786 0.386302 0.0328791 -0.921786 0.666825 0.0567552 -0.74305 0.211173 0.0874705 -0.973527 0.218729 0.0663508 -0.973527 0.228571 -1.99823e-08 0.973527 0.534039 0.0454535 0.844237 0.758474 -0.197491 0.621059 0.666825 -0.0567551 0.74305 0.78094 -0.0664678 -0.621059 0.666825 -0.0567553 -0.74305 0.647642 -0.168633 -0.74305 0.78094 0.0664678 -0.621059 0.534039 0.0454535 -0.844237 0.22418 0.0445921 -0.973527 0.201582 -0.107748 0.973527 0.321212 -0.217101 0.921786 0.19005 -0.126987 0.973527 0.534039 -0.0454534 0.844237 0.913922 -0.237967 -0.328813 0.518676 -0.135053 -0.844237 0.954185 -0.248451 -0.166741 0.534039 -0.0454534 -0.844237 0.386302 -0.0328791 -0.921786 0.228571 -1.99824e-08 -0.973527 0.227471 0.0224039 -0.973527 0.279901 -0.268264 0.921786 0.145004 -0.176688 0.973527 0.161624 -0.161624 0.973527 0.518676 -0.135053 0.844237 0.230538 -0.311708 0.921786 0.647642 -0.168633 0.74305 0.649356 -0.438888 0.621059 0.609827 -0.275659 0.74305 0.714188 -0.322833 0.621059 0.758474 -0.197491 -0.621059 0.609827 -0.275659 -0.74305 0.714188 -0.322833 -0.621059 0.84807 -0.220821 -0.481679 0.898472 -0.406135 -0.166741 0.86056 -0.388998 -0.328813 0.353282 -0.159693 -0.921786 0.375188 -0.0976914 -0.921786 0.218729 -0.0663507 -0.973527 0.22418 -0.0445921 -0.973527 0.227471 -0.0224039 -0.973527 0.126987 -0.19005 0.973527 0.174543 -0.346186 0.921786 0.107748 -0.201582 0.973527 0.488391 -0.220767 0.844237 0.565843 -0.542317 0.621059 0.554468 -0.374755 0.74305 0.798553 -0.360969 -0.481679 0.816911 -0.552135 -0.166741 0.78244 -0.528837 -0.328813 0.488391 -0.220767 -0.844237 0.321212 -0.217101 -0.921786 0.176688 -0.145004 0.973527 0.444057 -0.30013 0.844237 0.39795 -0.538064 0.74305 0.726063 -0.490732 -0.481679 0.649356 -0.438888 -0.621059 0.444057 -0.30013 -0.844237 0.201582 -0.107748 -0.973527 0.211173 -0.0874705 -0.973527 0.113527 -0.370704 0.921786 0.0445921 -0.224179 0.973527 0.0663507 -0.218729 0.973527 0.386947 -0.370859 0.844237 0.0874705 -0.211172 0.973527 0.483159 -0.46307 0.74305 0.632684 -0.606379 -0.481679 0.279901 -0.268264 -0.921786 0.176688 -0.145004 -0.973527 0.19005 -0.126987 -0.973527 -2.72569e-09 -0.228571 0.973527 0.0224039 -0.227471 0.973527 0.0492446 -0.384558 0.921786 0.318706 -0.430919 0.844237 0.301292 -0.597578 0.74305 0.229504 -0.749409 -0.621059 0.521105 -0.704581 -0.481679 0.42517 -0.843275 -0.328813 0.318706 -0.430919 -0.844237 0.174543 -0.346186 -0.921786 0.230538 -0.311708 -0.921786 0.126988 -0.19005 -0.973527 0.301293 -0.597578 -0.74305 0.145004 -0.176688 -0.973527 0.161624 -0.161624 -0.973527 -0.0224039 -0.227471 0.973527 -0.08168 -0.378996 0.921786 -0.0445921 -0.224179 0.973527 0.241296 -0.478582 0.844237 -0.0164543 -0.387349 0.921786 0.195968 -0.639901 0.74305 0.443901 -0.880426 0.166741 -0.0284031 -0.668633 -0.74305 -0.0332641 -0.783058 -0.621059 0.0995523 -0.777416 -0.621059 0.394535 -0.782513 -0.481679 0.352853 -0.699843 -0.621059 0.241296 -0.478582 -0.844237 0.156944 -0.512477 0.844237 0.288724 -0.942781 0.166741 0.292823 -0.956167 8.74228e-08 0.256614 -0.837935 -0.481679 0.156944 -0.512477 -0.844237 0.113527 -0.370704 -0.921786 0.0874705 -0.211172 -0.973527 0.107748 -0.201582 -0.973527 -0.144556 -0.359741 0.921786 -0.107748 -0.201582 0.973527 -0.0874705 -0.211172 0.973527 0.068078 -0.531629 0.844237 0.12524 -0.978015 0.166741 0.127018 -0.9919 8.74228e-08 -0.20773 -0.96387 -0.166741 -0.0418469 -0.985112 -0.166741 0.0492446 -0.384558 -0.921786 0.0445921 -0.22418 -0.973527 0.0663509 -0.218729 -0.973527 -0.145004 -0.176688 0.973527 -0.0227474 -0.535487 0.844237 -0.528261 -0.0905794 0.844237 -0.0400811 -0.943544 0.328813 -0.0418474 -0.985112 0.166741 -0.042441 -0.999099 8.74228e-08 -0.249529 -0.620977 -0.74305 -0.281013 -0.456394 -0.844237 -0.198964 -0.923198 -0.328813 -0.0227474 -0.535487 -0.844237 -0.08168 -0.378997 -0.921786 -0.0164543 -0.387349 -0.921786 -0.0224039 -0.227471 -0.973527 -0.140994 -0.654215 -0.74305 -2.72569e-09 -0.228571 -0.973527 0.022404 -0.227471 -0.973527 -0.0663507 -0.218729 0.973527 -0.112918 -0.523941 0.844237 -0.184628 -0.856678 0.481679 -0.198964 -0.923198 0.328813 -0.20773 -0.96387 0.166741 -0.210679 -0.977555 8.74228e-08 -0.165123 -0.766172 -0.621059 -0.112918 -0.523941 -0.844237 -0.176688 -0.145004 0.973527 -0.19984 -0.497321 0.844237 -0.326752 -0.813153 0.481679 -0.352124 -0.876294 0.328813 -0.367637 -0.914899 0.166741 -0.372857 -0.927889 8.74228e-08 -0.19984 -0.497321 -0.844237 -0.144556 -0.359741 -0.921786 -0.0663508 -0.218729 -0.973527 -0.044592 -0.22418 -0.973527 -0.201582 -0.107748 0.973527 -0.281013 -0.456394 0.844237 -0.459475 -0.746236 0.481679 -0.495153 -0.80418 0.328813 -0.516968 -0.839608 0.166741 -0.524307 -0.851529 8.74228e-08 -0.516967 -0.839608 -0.166741 -0.517813 -0.58835 -0.621059 -0.203273 -0.330136 -0.921786 -0.107748 -0.201582 -0.973527 -0.0874704 -0.211173 -0.973527 -0.578981 -0.65785 0.481679 -0.354102 -0.402338 0.844237 -0.623938 -0.708931 0.328813 -0.651426 -0.740163 0.166741 -0.660674 -0.750673 8.74228e-08 -0.651426 -0.740163 -0.166741 -0.623938 -0.708931 -0.328813 -0.578981 -0.65785 -0.481679 -0.211173 -0.0874705 -0.973527 -0.126987 -0.19005 -0.973527 -0.145004 -0.176688 -0.973527 -0.609796 -0.492376 0.621059 -0.520689 -0.420427 0.74305 -0.417004 -0.336707 0.844237 -0.68183 -0.550539 0.481679 -0.734773 -0.593288 0.328813 -0.767144 -0.619426 0.166741 -0.778036 -0.62822 8.74228e-08 -0.767144 -0.619425 -0.166741 -0.734773 -0.593288 -0.328813 -0.68183 -0.550539 -0.481679 -0.609796 -0.492376 -0.621059 -0.161624 -0.161624 -0.973527 -0.684237 -0.382238 0.621059 -0.584252 -0.326383 0.74305 -0.46791 -0.26139 0.844237 -0.765064 -0.42739 0.481679 -0.82447 -0.460577 0.328813 -0.860793 -0.480868 0.166741 -0.873014 -0.487695 8.74228e-08 -0.860792 -0.480868 -0.166741 -0.82447 -0.460577 -0.328813 -0.765064 -0.42739 -0.481679 -0.684237 -0.382238 -0.621059 -0.46791 -0.26139 -0.844237 -0.19005 -0.126988 -0.973527 -0.176688 -0.145004 -0.973527 -0.218729 -0.0663508 0.973527 -0.738993 -0.261103 0.621059 -0.826288 -0.291946 0.481679 -0.890449 -0.314616 0.328813 -0.929678 -0.328476 0.166741 -0.942877 -0.33314 8.74228e-08 -0.929678 -0.328476 -0.166741 -0.890449 -0.314616 -0.328813 -0.826288 -0.291946 -0.481679 -0.738993 -0.261103 -0.621059 -0.201582 -0.107748 -0.973527 -0.77249 -0.132457 0.621059 -0.863742 -0.148103 0.481679 -0.930811 -0.159604 0.328813 -0.971818 -0.166635 0.166741 -0.985616 -0.169001 8.74228e-08 -0.971818 -0.166635 -0.166741 -0.930811 -0.159604 -0.328813 -0.863742 -0.148103 -0.481679 -0.77249 -0.132457 -0.621059 -0.65961 -0.113101 -0.74305 -0.528261 -0.0905794 -0.844237 0 0 -1 0 0 -1 0 0 -1 0 0 -1 0 0 -1 0 0 -1 0 0 -1 0 0 -1 0 0 -1 0 0 -1 0 0 -1 0 0 -1 0 0 -1 0 0 -1 0 0 -1 0 0 -1 0 0 -1 0 0 -1 0 0 -1 0 0 -1 0 0 -1 0 0 -1 0 0 -1 0 0 -1 0 0 -1 0 0 -1 0 0 -1 0 0 -1 0 0 -1 0 0 -1 0 0 -1 0 0 -1 0 0 -1 0 0 -1 0 0 -1 0 0 -1 0 0 -1 0 0 -1 0 0 -1 0 0 -1 0 0 -1 0 0 -1 0 0 -1 0 0 -1 0 0 -1 0 0 -1 0 0 -1 0 0 -1 0 0 -1 0 0 -1 0 0 -1 0 0 -1 0 0 -1 0 0 -1 0 0 -1 0 0 -1 0 0 -1 0 0 -1 0 0 -1 0 0 -1 0 0 -1 0 0 -1 0 0 -1 0 0 -1 0 0 -1 0 0 -1 0 0 -1 0 0 -1 0 0 -1 0 0 -1 0 0 -1 0 0 -1 0 0 -1 0 0 -1 0 0 -1 0 0 -1 0 0 -1 0 0 -1 0 0 -1 0 0 -1 0 0 -1 0 0 -1 0 0 -1 0 0 -1 0 0 -1 0 0 -1 0 0 -1</float_array>
          <technique_common>
            <accessor count="4402" source="#ID16" stride="3">
              <param name="X" type="float"/>
              <param name="Y" type="float"/>
              <param name="Z" type="float"/>
            </accessor>
          </technique_common>
        </source>
        <vertices id="ID17">
          <input semantic="POSITION" source="#ID13"/>
          <input semantic="NORMAL" source="#ID15"/>
        </vertices>
        <triangles count="6602" material="ID18">
          <input offset="0" semantic="VERTEX" source="#ID17"/>
          <p>0 1 2 1 3 4 3 1 0 5 4 6 3 6 4 7 8 5 5 6 7 0 2 9 10 11 9 9 2 10 11 12 13 12 11 10 12 14 13 13 14 15 16 17 18 16 19 17 20 21 22 21 20 23 24 25 26 25 27 28 27 25 24 29 28 30 27 30 28 31 32 29 29 30 31 24 26 33 34 35 33 33 26 34 35 36 37 36 35 34 36 38 37 37 38 39 40 41 42 40 43 41 44 45 46 45 44 47 48 49 50 49 51 52 51 49 48 53 52 54 51 54 52 55 56 53 53 54 55 48 50 57 58 59 57 57 50 58 59 60 61 60 59 58 60 62 61 61 62 63 64 65 66 64 67 65 68 69 70 69 68 71 72 73 74 73 75 76 75 73 72 77 76 78 75 78 76 79 80 77 77 78 79 72 74 81 82 83 81 81 74 82 83 84 85 84 83 82 84 86 85 85 86 87 88 89 90 88 91 89 92 93 94 93 92 95 96 97 98 97 99 100 99 97 96 101 100 102 99 102 100 103 104 101 101 102 103 96 98 105 106 107 105 105 98 106 107 108 109 108 107 106 108 110 109 109 110 111 112 113 114 112 115 113 116 117 118 117 116 119 120 121 122 123 124 125 125 126 127 128 129 123 130 131 132 133 132 127 128 134 135 136 137 138 139 134 140 137 141 142 143 139 140 144 145 146 143 147 148 149 150 151 152 153 148 154 155 156 157 158 153 159 160 161 157 121 162 163 164 165 166 167 168 169 170 171 172 173 164 131 136 138 174 175 176 177 178 179 180 181 182 174 183 184 185 186 187 181 188 189 190 191 192 193 194 195 194 196 197 191 197 198 199 195 200 201 202 203 203 204 200 205 206 186 205 201 206 207 208 192 185 209 189 207 210 211 212 213 214 210 212 214 182 184 215 216 213 217 218 219 220 216 221 219 222 223 175 218 224 178 177 225 226 222 227 228 229 230 231 170 232 226 171 173 172 230 229 233 234 233 235 234 230 233 236 168 163 237 234 235 238 239 240 122 167 241 237 235 239 239 238 237 228 227 231 231 227 229 223 222 228 176 175 223 183 174 176 215 184 183 180 182 215 188 181 180 209 181 189 187 209 185 206 187 186 202 201 205 204 203 202 199 200 204 193 195 199 196 194 193 198 197 196 190 197 191 208 190 192 211 208 207 214 211 210 217 213 212 221 216 217 220 219 221 224 218 220 179 178 224 225 177 179 232 177 226 169 232 170 172 169 171 165 164 173 236 163 165 166 168 236 241 167 166 120 122 241 162 121 120 158 157 162 152 157 153 147 152 148 140 147 143 135 134 139 129 128 135 124 123 129 126 125 124 133 127 126 130 132 133 138 132 131 141 137 136 146 142 141 149 145 144 145 142 146 151 150 156 149 144 150 155 154 159 151 156 155 160 240 161 154 160 159 239 161 240 242 243 244 245 246 247 248 249 250 251 252 253 254 255 256 257 258 259 260 261 262 263 264 265 266 267 268 269 270 271 272 273 274 275 276 277 278 279 280 281 282 283 284 285 286 287 288 289 290 291 292 293 294 295 296 297 298 293 299 300 299 293 295 301 302 300 300 299 301 303 302 304 301 304 302 303 305 306 305 303 304 307 308 306 306 305 307 309 308 310 307 310 308 309 311 312 311 309 310 313 314 312 312 311 313 245 314 315 313 315 314 296 294 297 294 296 295 288 298 289 289 298 297 292 287 290 292 288 287 291 282 281 291 290 282 283 286 285 281 283 285 275 277 284 286 275 284 279 278 276 276 278 277 273 280 274 274 280 279 267 272 268 267 273 272 266 271 270 266 268 271 269 261 260 270 269 260 264 263 262 261 264 262 254 256 265 265 256 263 259 255 257 257 255 254 249 258 250 249 259 258 248 251 253 248 250 251 252 242 244 253 252 244 247 246 243 242 247 243 245 315 246 316 317 318 319 320 321 322 317 323 317 322 318 324 325 323 322 323 325 324 326 327 327 325 324 328 326 329 326 328 327 330 331 329 328 329 331 330 332 333 333 331 330 334 332 335 332 334 333 336 337 335 334 335 337 336 338 339 339 337 336 340 338 341 338 340 339 342 343 341 340 341 343 342 344 345 345 343 342 346 344 347 344 346 345 348 349 347 346 347 349 348 350 351 351 349 348 350 352 351 353 316 318 354 355 353 316 353 355 354 356 357 357 355 354 358 356 359 356 358 357 360 361 359 358 359 361 360 362 363 363 361 360 364 362 365 362 364 363 366 367 365 364 365 367 366 368 369 369 367 366 370 368 371 368 370 369 372 373 371 370 371 373 372 374 375 375 373 372 376 374 377 374 376 375 378 379 377 376 377 379 378 380 381 381 379 378 382 380 320 380 382 381 383 384 385 382 320 319 386 387 388 389 390 391 392 393 394 395 396 397 398 399 400 401 402 403 404 405 406 407 408 409 410 411 412 413 414 415 416 417 418 419 420 421 422 423 424 425 426 427 428 429 430 431 430 429 432 433 428 428 430 432 433 434 435 434 433 432 436 435 437 434 437 435 438 439 436 436 437 438 439 440 441 440 439 438 442 441 443 440 443 441 352 350 442 442 443 352 422 424 431 422 431 429 423 425 427 423 427 424 426 417 416 425 417 426 419 418 420 416 418 419 411 421 412 421 420 412 415 414 410 414 411 410 404 406 413 404 413 415 405 407 409 405 409 406 408 399 398 407 399 408 401 400 402 398 400 401 393 403 394 403 402 394 397 396 392 396 393 392 386 388 395 386 395 397 387 389 391 387 391 388 390 383 385 389 383 390 321 384 319 385 384 321 444 445 446 447 448 449 450 444 451 444 450 445 451 452 453 453 450 451 454 455 452 453 452 455 456 454 457 454 456 455 458 456 457 458 457 459 460 461 462 457 463 459 464 465 466 467 468 469 470 471 472 473 474 475 476 477 478 479 480 481 482 483 479 484 485 480 481 480 485 486 484 487 484 486 485 482 479 481 488 489 490 465 464 491 491 492 493 494 495 496 497 498 499 500 501 502 503 504 505 506 507 508 509 510 506 511 512 507 508 507 512 513 511 514 511 513 512 509 506 508 515 516 517 518 493 492 519 520 518 521 522 523 524 525 526 527 528 529 530 531 532 533 534 535 533 535 536 537 538 534 535 534 538 539 537 540 537 539 538 540 537 541 466 465 542 519 543 520 544 543 519 520 493 518 491 464 492 545 546 547 543 544 547 548 546 549 545 549 546 550 548 549 545 547 544 542 551 466 540 541 551 466 551 541 528 536 529 528 533 536 527 532 531 529 532 527 521 523 531 521 531 530 524 526 522 526 523 522 515 525 516 525 524 516 515 552 553 517 552 515 514 511 553 553 552 514 500 510 501 501 510 509 504 502 505 500 502 504 503 494 496 505 494 503 495 497 499 495 499 496 489 488 498 489 498 497 488 490 554 555 554 487 554 555 488 474 483 482 484 555 487 473 475 477 483 474 473 478 467 476 475 478 477 468 472 469 467 469 476 461 471 470 470 472 468 460 462 463 460 471 461 460 463 457 446 556 557 556 446 445 558 559 557 557 556 558 560 559 561 558 561 559 560 562 563 562 560 561 564 448 563 563 562 564 564 565 448 566 567 548 447 568 569 550 566 548 566 569 567 569 570 567 569 568 570 568 447 449 565 449 448 571 572 573 574 575 573 571 573 575 574 576 577 577 575 574 578 576 579 576 578 577 580 581 579 578 579 581 580 582 583 583 581 580 584 582 585 582 584 583 586 587 585 584 585 587 586 588 589 589 587 586 590 588 591 588 590 589 592 593 591 590 591 593 592 594 595 595 593 592 596 594 597 594 596 595 598 599 597 596 597 599 598 600 601 601 599 598 602 600 603 600 602 601 604 605 603 602 603 605 604 606 607 607 605 604 608 606 609 606 608 607 610 611 609 608 609 611 610 612 613 613 611 610 614 612 615 612 614 613 616 617 615 614 615 617 616 618 619 619 617 616 620 618 621 618 620 619 622 623 621 620 621 623 622 624 625 625 623 622 626 624 627 624 626 625 628 629 627 626 627 629 628 630 631 631 629 628 632 630 633 630 632 631 634 635 633 632 633 635 636 635 634 637 572 571 638 637 639 637 638 572 640 641 639 638 639 641 640 642 643 643 641 640 644 642 645 642 644 643 646 647 645 644 645 647 646 648 649 649 647 646 650 648 651 648 650 649 652 653 651 650 651 653 652 654 655 655 653 652 656 654 657 654 656 655 658 659 657 656 657 659 658 660 661 661 659 658 662 660 663 660 662 661 664 665 663 662 663 665 664 666 667 667 665 664 668 666 669 666 668 667 670 671 669 668 669 671 670 672 673 673 671 670 674 672 675 672 674 673 676 677 675 674 675 677 676 678 679 679 677 676 680 678 681 678 680 679 682 683 681 680 681 683 682 684 685 685 683 682 686 684 687 684 686 685 688 689 687 686 687 689 688 690 691 691 689 688 692 690 693 690 692 691 694 695 693 692 693 695 694 696 697 697 695 694 698 696 636 696 698 697 698 636 634 699 700 701 702 703 704 705 706 707 708 709 710 711 712 713 714 715 716 717 712 718 719 720 721 712 717 713 722 713 723 724 725 726 727 728 722 729 730 731 728 732 733 734 735 724 733 736 700 737 738 739 740 741 742 743 744 745 737 746 738 747 748 749 750 751 749 727 732 728 752 753 754 755 756 757 758 759 760 761 762 763 764 759 765 766 767 768 769 740 731 770 755 771 765 772 773 774 763 775 765 759 776 777 778 779 780 781 782 783 784 785 738 786 739 787 788 789 790 750 791 792 699 701 793 794 795 760 791 796 757 748 797 743 798 744 746 745 744 782 781 773 752 799 800 799 756 770 786 801 802 754 742 741 735 803 761 699 792 801 774 804 780 739 786 805 793 806 807 808 809 810 701 700 736 811 812 813 814 808 815 810 815 808 786 802 805 816 817 814 779 778 817 818 778 777 746 737 745 819 789 818 819 787 789 743 795 798 801 792 802 733 732 736 722 723 727 713 717 723 707 718 712 798 794 734 795 794 798 734 726 798 789 788 764 820 821 822 823 824 825 826 827 828 764 783 785 767 829 768 779 817 816 830 823 825 766 831 767 832 831 833 777 819 818 834 835 832 834 836 835 836 837 835 788 783 764 814 815 816 809 812 810 811 813 806 809 813 812 793 807 794 806 813 807 830 829 823 764 785 759 837 836 838 839 840 841 842 843 844 771 837 838 845 846 847 848 843 849 850 847 851 831 766 833 852 853 850 854 855 853 856 855 857 857 858 856 859 856 858 860 771 838 860 861 841 832 833 834 829 830 768 824 827 825 828 821 826 824 828 827 820 822 784 826 821 820 785 784 822 849 845 848 755 837 771 862 863 864 865 866 867 868 869 870 871 872 729 846 845 849 851 847 846 859 873 874 875 871 874 853 852 854 876 877 878 879 869 880 881 882 702 883 876 878 858 884 859 873 884 865 855 854 857 850 851 852 844 840 842 848 844 843 839 841 861 842 840 839 860 841 771 884 873 859 877 879 880 871 859 874 885 883 886 887 888 889 711 890 891 892 705 885 888 711 891 891 889 888 883 878 886 886 892 885 893 894 704 894 887 889 890 711 710 713 710 711 705 892 706 707 706 718 877 876 879 869 863 870 869 868 880 862 864 866 870 863 862 865 867 873 866 864 867 874 881 895 896 897 898 719 721 725 894 893 887 704 703 893 702 882 703 702 895 881 895 875 874 875 872 871 872 730 729 730 769 731 769 741 740 754 753 742 752 800 753 799 770 800 756 755 770 757 797 755 748 747 797 749 751 747 750 790 751 750 796 791 796 758 760 758 776 759 776 772 765 772 782 773 780 804 781 774 775 804 763 762 775 761 803 762 735 734 803 724 726 734 725 721 726 719 714 720 715 896 716 719 715 714 898 897 708 716 896 898 710 709 890 708 897 709 899 900 901 902 903 904 905 906 907 908 909 910 911 912 913 914 915 916 917 918 919 920 921 922 923 924 925 926 927 928 929 930 931 932 933 934 935 936 937 938 939 940 941 942 943 944 945 946 947 948 949 950 951 952 953 954 955 956 957 958 958 952 956 959 960 957 958 957 960 961 959 962 959 961 960 962 963 964 964 961 962 965 966 963 964 963 966 967 965 968 965 967 966 968 969 970 970 967 968 971 972 969 970 969 972 901 971 973 971 901 972 951 950 955 952 951 956 945 954 953 953 955 950 948 944 946 944 954 945 947 949 938 948 946 949 940 939 941 947 938 940 942 934 943 939 942 941 932 937 933 934 933 943 927 936 935 935 937 932 930 926 928 926 936 927 928 931 930 929 920 922 929 931 920 921 924 923 922 921 923 916 915 925 924 916 925 917 919 914 914 919 915 908 918 909 909 918 917 912 910 913 912 908 910 911 902 904 911 913 902 903 905 907 904 903 907 900 899 906 905 900 906 901 973 899 974 975 976 977 978 979 980 975 981 974 981 975 980 982 983 982 980 981 984 985 983 983 982 984 986 985 987 984 987 985 986 988 989 988 986 987 990 991 989 989 988 990 992 991 993 990 993 991 992 994 995 994 992 993 995 994 996 996 997 995 998 974 976 998 999 1000 999 998 976 1001 1002 1000 1000 999 1001 1003 1002 1004 1001 1004 1002 1003 1005 1006 1005 1003 1004 1007 1008 1006 1006 1005 1007 1009 1008 1010 1007 1010 1008 1009 1011 1012 1011 1009 1010 1013 978 1012 1012 1011 1013 1013 979 978 1014 1015 1016 977 1017 1018 1019 1020 1021 1022 1023 1024 1025 1026 1027 1028 1029 1030 1031 1032 1033 1034 1035 1036 1037 1038 1039 1040 1041 1042 1043 1037 1044 1037 1043 1038 1044 1045 1046 1046 1043 1044 1047 1048 1045 1046 1045 1048 1049 1047 997 1047 1049 1048 996 1049 997 1039 1041 1040 1039 1038 1041 1042 1031 1033 1040 1042 1033 1034 1036 1032 1031 1034 1032 1027 1026 1035 1035 1026 1036 1029 1025 1030 1030 1025 1027 1019 1028 1020 1019 1029 1028 1021 1023 1022 1021 1020 1023 1024 1014 1016 1022 1024 1016 1018 1017 1015 1014 1018 1015 977 979 1017 1050 1051 1052 1053 1054 1055 1056 1057 1058 1059 1060 1061 1062 1063 1064 1065 1066 1067 1068 1069 1070 1071 1072 1073 1074 1075 1076 1077 1078 1079 1080 1081 1082 1083 1084 1085 1086 1087 1088 1089 1090 1091 1092 1093 1094 1095 1096 1097 1098 1099 1100 1101 1102 1103 1104 1105 1106 1107 1108 1109 1109 1103 1107 1110 1111 1108 1109 1108 1111 1112 1110 1113 1110 1112 1111 1113 1114 1115 1115 1112 1113 1116 1117 1114 1115 1114 1117 1118 1116 1119 1116 1118 1117 1119 1120 1121 1121 1118 1119 1122 1123 1120 1121 1120 1123 1124 1122 1052 1122 1124 1123 1051 1124 1052 1106 1102 1101 1103 1102 1107 1096 1105 1104 1104 1106 1101 1099 1095 1097 1095 1105 1096 1098 1100 1089 1099 1097 1100 1091 1090 1092 1098 1089 1091 1093 1085 1094 1090 1093 1092 1083 1088 1084 1085 1084 1094 1078 1087 1086 1086 1088 1083 1081 1077 1079 1077 1087 1078 1080 1082 1071 1081 1079 1082 1073 1072 1074 1080 1071 1073 1075 1067 1076 1072 1075 1074 1065 1070 1066 1067 1066 1076 1060 1069 1068 1068 1070 1065 1063 1059 1061 1059 1069 1060 1062 1064 1053 1063 1061 1064 1055 1054 1058 1062 1053 1055 1056 1050 1057 1054 1056 1058 1052 1057 1050 1125 1126 1127 1128 1129 1130 1130 1131 1132 1129 1133 1134 1135 1131 1136 1137 1138 1139 1140 1136 1141 1142 1143 1144 1145 1141 1146 1147 1148 1149 1150 1146 1151 1152 1153 1154 1155 1156 1157 1158 1159 1160 1161 1162 1163 1164 1165 1166 1167 1168 1169 1168 1170 1171 1172 1162 1173 1172 1174 1169 1175 1176 1166 1177 1171 1176 1163 1178 1179 1180 1181 1164 1182 1178 1159 1183 1160 1184 1153 1185 1180 1154 1186 1187 1188 1155 1184 1139 1138 1133 1189 1186 1125 1190 1126 1191 1147 1149 1192 1193 1194 1151 1190 1195 1193 1147 1196 1148 1196 1197 1198 1192 1157 1156 1149 1157 1192 1156 1155 1188 1188 1184 1160 1183 1158 1160 1158 1182 1159 1182 1179 1178 1179 1161 1163 1161 1173 1162 1173 1174 1172 1174 1167 1169 1167 1170 1168 1170 1176 1171 1177 1176 1175 1175 1166 1165 1165 1164 1181 1181 1180 1185 1185 1153 1152 1152 1154 1187 1187 1186 1189 1189 1125 1127 1127 1126 1190 1191 1195 1190 1195 1194 1193 1194 1150 1151 1150 1145 1146 1145 1140 1141 1140 1135 1136 1135 1132 1131 1132 1128 1130 1128 1133 1129 1134 1133 1138 1139 1142 1137 1144 1143 1197 1137 1142 1144 1196 1198 1148 1197 1143 1198 1199 1200 1201 1202 1199 1203 1204 1205 1206 1207 1208 1209 1199 1202 1200 1210 1202 1203 1201 1211 1212 1204 1206 1213 1214 1215 1216 1217 1218 1219 1210 1220 1221 1222 1216 1215 1216 1222 1223 1221 1216 1223 1223 1224 1221 1214 1217 1219 1225 1201 1226 1211 1201 1200 1227 1212 1211 1228 1225 1229 1230 1231 1232 1233 1234 1235 1236 1237 1238 1229 1232 1239 1237 1240 1241 1242 1243 1244 1245 1246 1247 1241 1248 1249 1236 1250 1240 1245 1251 1236 1250 1252 1253 1254 1255 1256 1257 1258 1259 1260 1253 1261 1262 1263 1257 1264 1265 1266 1267 1268 1263 1269 1266 1270 1271 1272 1273 1274 1275 1276 1277 1259 1276 1278 1279 1277 1272 1280 1273 1281 1282 1272 1283 1284 1285 1267 1284 1286 1271 1287 1281 1288 1289 1290 1291 1292 1293 1294 1295 1296 1297 1298 1299 1300 1301 1302 1295 1294 1303 1304 1305 1306 1307 1308 1309 1310 1311 1301 1312 1313 1306 1314 1315 1316 1300 1317 1310 1318 1319 1320 1314 1321 1322 1297 1299 1323 1320 1298 1297 1324 1325 1326 1326 1327 1299 1328 1329 1330 1324 1331 1332 1333 1334 1335 1336 1337 1330 1338 1333 1339 1340 1341 1342 1343 1344 1345 1346 1341 1343 1347 1348 1349 1344 1350 1351 1221 1352 1210 1353 1354 1352 1353 1221 1224 1221 1353 1352 1329 1355 1332 1356 1357 1358 1359 1360 1318 1361 1362 1307 1363 1364 1361 1315 1365 1300 1366 1367 1368 1369 1294 1296 1316 1319 1321 1369 1370 1371 1372 1360 1373 1374 1373 1287 1281 1373 1359 1375 1376 1377 1326 1378 1379 1297 1380 1320 1283 1381 1287 1382 1383 1384 1286 1283 1271 1385 1282 1359 1284 1386 1387 1386 1279 1388 1267 1262 1386 1259 1279 1262 1389 1390 1391 1392 1393 1394 1275 1395 1277 1396 1397 1398 1275 1269 1399 1400 1401 1402 1264 1269 1274 1248 1260 1265 1400 1266 1260 1240 1253 1248 1402 1403 1404 1405 1250 1251 1406 1274 1407 1251 1247 1408 1406 1409 1264 1410 1247 1411 1412 1413 1414 1415 1411 1246 1416 1417 1418 1234 1419 1415 1420 1411 1419 1421 1232 1422 1423 1419 1421 1424 1425 1426 1421 1234 1239 1427 1428 1429 1430 1246 1431 1432 1230 1433 1226 1230 1229 1434 1435 1436 1235 1415 1430 1437 1438 1433 1226 1212 1433 1437 1439 1440 1437 1212 1227 1441 1442 1443 1227 1439 1437 1440 1444 1445 1225 1199 1201 1446 1447 1448 1445 1444 1447 1449 1450 1451 1445 1447 1446 1452 1448 1453 1448 1452 1446 1453 1454 1451 1455 1456 1445 1457 1458 1459 1451 1454 1457 1457 1449 1451 1454 1458 1457 1459 1460 1461 1460 1371 1461 1370 1462 1371 1461 1371 1462 1220 1216 1221 1219 1215 1214 1463 1464 1465 1220 1210 1203 1220 1466 1216 1209 1203 1199 1203 1208 1220 1467 1468 1207 1203 1209 1208 1228 1209 1225 1199 1225 1209 1445 1456 1440 1445 1446 1455 1440 1439 1444 1226 1201 1212 1452 1469 1446 1212 1437 1433 1441 1456 1435 1440 1456 1438 1470 1449 1457 1471 1472 1473 1452 1453 1451 1455 1446 1469 1474 1450 1449 1452 1451 1450 1475 1472 1461 1461 1476 1475 1458 1460 1459 1470 1459 1472 1462 1476 1461 1466 1214 1216 1477 1218 1217 1204 1477 1217 1466 1220 1208 1478 1214 1466 1464 1463 1205 1466 1208 1468 1479 1480 1467 1207 1468 1208 1233 1207 1228 1207 1209 1228 1456 1441 1438 1456 1455 1435 1438 1437 1440 1226 1229 1225 1469 1436 1455 1226 1433 1230 1481 1482 1483 1438 1441 1432 1484 1450 1474 1485 1474 1449 1469 1452 1450 1435 1455 1436 1484 1474 1482 1450 1484 1469 1470 1472 1471 1459 1461 1472 1457 1459 1470 1485 1470 1471 1475 1473 1472 1217 1214 1478 1213 1477 1204 1486 1487 1488 1478 1466 1468 1478 1489 1217 1487 1486 1464 1478 1468 1480 1239 1233 1228 1467 1480 1468 1235 1467 1233 1207 1233 1467 1441 1443 1432 1441 1435 1442 1432 1433 1438 1229 1239 1228 1490 1483 1482 1229 1230 1232 1491 1443 1492 1443 1231 1432 1481 1484 1482 1482 1474 1493 1436 1469 1484 1434 1442 1435 1494 1485 1471 1436 1484 1481 1495 1494 1471 1496 1471 1473 1449 1470 1485 1493 1485 1494 1495 1471 1496 1204 1217 1489 1463 1206 1205 1497 1498 1499 1489 1478 1480 1489 1500 1204 1501 1498 1497 1480 1502 1489 1503 1504 1505 1479 1502 1480 1430 1479 1235 1479 1467 1235 1443 1491 1231 1442 1492 1443 1231 1230 1432 1234 1233 1239 1442 1434 1506 1239 1232 1421 1507 1491 1508 1491 1422 1231 1428 1481 1483 1483 1429 1428 1434 1436 1481 1506 1492 1442 1493 1494 1509 1434 1481 1428 1510 1509 1494 1510 1494 1511 1474 1485 1493 1490 1493 1509 1495 1511 1494 1500 1205 1204 1486 1465 1464 1512 1513 1514 1500 1489 1502 1500 1515 1205 1505 1502 1479 1502 1504 1500 1516 1517 1503 1505 1504 1502 1431 1505 1430 1479 1430 1505 1491 1507 1422 1491 1492 1508 1422 1232 1231 1415 1235 1234 1506 1518 1492 1234 1421 1419 1519 1507 1243 1422 1507 1423 1520 1521 1522 1520 1429 1483 1506 1434 1428 1508 1492 1518 1424 1427 1429 1506 1428 1427 1490 1509 1521 1509 1523 1524 1482 1493 1490 1520 1490 1521 1510 1523 1509 1515 1464 1205 1525 1488 1487 1497 1525 1487 1515 1500 1504 1526 1464 1515 1513 1512 1501 1515 1504 1517 1527 1528 1516 1503 1517 1504 1238 1503 1431 1503 1505 1431 1507 1519 1423 1507 1508 1243 1423 1421 1422 1246 1430 1415 1518 1244 1508 1415 1419 1411 1418 1417 1519 1423 1519 1420 1529 1427 1424 1530 1424 1429 1518 1506 1427 1243 1508 1244 1529 1424 1426 1518 1427 1529 1531 1522 1521 1521 1509 1524 1483 1490 1520 1530 1520 1522 1531 1521 1524 1487 1464 1526 1499 1525 1497 1532 1533 1534 1526 1515 1517 1526 1535 1487 1533 1532 1513 1526 1517 1528 1245 1238 1431 1517 1516 1528 1238 1237 1516 1503 1238 1516 1519 1417 1420 1519 1243 1418 1420 1419 1423 1246 1245 1431 1536 1537 1426 1246 1411 1247 1538 1417 1416 1417 1410 1420 1539 1529 1426 1426 1537 1539 1244 1518 1529 1242 1418 1243 1540 1530 1522 1244 1529 1539 1541 1540 1522 1542 1522 1531 1429 1520 1530 1425 1530 1540 1541 1522 1542 1497 1487 1535 1512 1498 1501 1543 1544 1545 1535 1526 1528 1535 1546 1497 1547 1544 1543 1528 1548 1535 1549 1550 1551 1527 1548 1528 1241 1527 1237 1516 1237 1527 1417 1538 1410 1552 1553 1554 1410 1411 1420 1236 1238 1245 1418 1242 1555 1245 1247 1251 1556 1538 1557 1538 1408 1410 1552 1539 1537 1558 1559 1560 1242 1244 1539 1555 1416 1418 1553 1552 1537 1242 1539 1552 1561 1559 1540 1561 1540 1562 1424 1530 1425 1536 1425 1559 1541 1562 1540 1546 1501 1497 1532 1514 1513 1563 1564 1565 1546 1535 1548 1546 1566 1501 1551 1548 1527 1548 1550 1546 1567 1568 1549 1551 1550 1548 1551 1241 1249 1527 1241 1551 1538 1556 1408 1538 1416 1557 1408 1247 1410 1240 1237 1236 1555 1569 1416 1236 1251 1250 1570 1556 1571 1408 1556 1405 1572 1558 1573 1572 1553 1537 1555 1242 1552 1557 1416 1569 1413 1554 1553 1555 1552 1554 1536 1559 1558 1425 1540 1559 1426 1425 1536 1572 1536 1558 1561 1560 1559 1566 1513 1501 1574 1534 1533 1543 1574 1533 1566 1546 1550 1575 1513 1566 1564 1563 1547 1566 1550 1568 1576 1577 1578 1549 1568 1550 1409 1549 1249 1549 1551 1249 1556 1570 1405 1556 1557 1571 1405 1251 1408 1248 1241 1240 1569 1579 1557 1240 1250 1253 1580 1581 1570 1405 1570 1252 1582 1554 1413 1583 1413 1553 1569 1555 1554 1571 1557 1579 1582 1413 1412 1569 1554 1582 1584 1573 1558 1585 1558 1560 1537 1536 1572 1583 1572 1573 1584 1558 1585 1533 1513 1575 1545 1574 1543 1586 1587 1588 1575 1566 1568 1575 1589 1533 1587 1586 1590 1575 1568 1591 1265 1409 1249 1567 1591 1568 1409 1406 1567 1549 1409 1567 1570 1581 1252 1570 1571 1580 1252 1250 1405 1248 1265 1249 1571 1579 1592 1248 1253 1260 1401 1581 1593 1581 1261 1252 1255 1582 1412 1412 1256 1255 1579 1569 1582 1592 1580 1571 1594 1583 1573 1579 1582 1255 1595 1594 1573 1596 1573 1584 1553 1572 1583 1414 1583 1594 1595 1573 1596 1543 1533 1589 1563 1544 1547 1590 1597 1598 1589 1575 1591 1589 1599 1543 1591 1567 1576 1591 1578 1589 1600 1601 1577 1576 1578 1591 1407 1576 1406 1567 1406 1576 1581 1401 1261 1581 1580 1593 1261 1253 1252 1264 1409 1265 1580 1592 1602 1265 1260 1266 1402 1401 1603 1261 1401 1400 1604 1256 1412 1605 1606 1607 1592 1579 1255 1602 1593 1580 1608 1254 1256 1592 1255 1254 1609 1606 1594 1609 1594 1610 1413 1583 1414 1604 1414 1606 1595 1610 1594 1599 1547 1543 1611 1565 1564 1586 1611 1564 1599 1589 1578 1612 1547 1599 1597 1590 1613 1599 1578 1601 1614 1615 1600 1577 1601 1578 1258 1577 1407 1577 1576 1407 1616 1617 1618 1401 1593 1603 1400 1260 1261 1264 1274 1406 1602 1619 1593 1264 1266 1269 1616 1620 1617 1400 1402 1270 1621 1254 1608 1622 1608 1256 1602 1592 1254 1603 1593 1619 1621 1608 1617 1254 1621 1602 1604 1606 1605 1414 1594 1606 1412 1414 1604 1622 1604 1605 1609 1607 1606 1564 1547 1612 1588 1611 1586 1623 1624 1625 1612 1599 1601 1612 1626 1564 1624 1623 1613 1612 1601 1615 1276 1258 1407 1600 1615 1601 1257 1600 1258 1577 1258 1600 1402 1404 1270 1402 1603 1403 1270 1266 1400 1276 1407 1274 1619 1627 1603 1274 1269 1275 1628 1404 1629 1404 1399 1270 1620 1621 1617 1617 1608 1630 1619 1602 1621 1627 1403 1603 1631 1622 1605 1619 1621 1620 1632 1631 1605 1633 1605 1607 1256 1604 1622 1630 1622 1631 1632 1605 1633 1586 1564 1626 1598 1587 1590 1634 1635 1636 1626 1612 1615 1626 1637 1586 1638 1635 1634 1615 1639 1626 1640 1641 1642 1614 1639 1615 1263 1614 1257 1614 1600 1257 1404 1628 1399 1403 1629 1404 1399 1269 1270 1259 1258 1276 1403 1627 1643 1276 1275 1277 1644 1628 1645 1628 1395 1399 1398 1620 1616 1616 1396 1398 1627 1619 1620 1643 1629 1403 1630 1631 1646 1627 1620 1398 1647 1646 1631 1647 1631 1648 1608 1622 1630 1618 1630 1646 1632 1648 1631 1637 1590 1586 1623 1597 1613 1649 1650 1651 1637 1626 1639 1637 1652 1590 1642 1639 1614 1639 1641 1637 1280 1653 1640 1639 1642 1641 1268 1642 1263 1614 1263 1642 1628 1644 1395 1628 1629 1645 1395 1275 1399 1262 1257 1259 1643 1654 1629 1259 1277 1279 1392 1644 1390 1395 1644 1278 1655 1656 1657 1655 1396 1616 1643 1627 1398 1645 1629 1654 1658 1397 1396 1643 1398 1397 1618 1646 1656 1646 1659 1660 1617 1630 1618 1655 1618 1656 1647 1659 1646 1652 1613 1590 1661 1625 1624 1634 1661 1624 1652 1637 1641 1662 1613 1652 1650 1649 1638 1652 1641 1653 1663 1664 1280 1640 1653 1641 1273 1640 1268 1640 1642 1268 1644 1392 1278 1644 1645 1390 1278 1277 1395 1267 1263 1262 1654 1391 1645 1262 1279 1386 1665 1666 1667 1278 1392 1388 1668 1397 1658 1669 1658 1396 1654 1643 1397 1390 1645 1391 1668 1658 1666 1654 1397 1668 1670 1657 1656 1656 1646 1660 1616 1618 1655 1669 1655 1657 1670 1656 1660 1624 1613 1662 1636 1661 1634 1671 1672 1673 1662 1652 1653 1662 1674 1624 1672 1671 1650 1662 1653 1664 1286 1273 1268 1280 1664 1653 1393 1675 1394 1640 1273 1280 1392 1394 1388 1392 1390 1393 1388 1279 1278 1267 1286 1268 1676 1667 1666 1267 1386 1284 1677 1394 1675 1394 1387 1388 1665 1668 1666 1666 1658 1678 1391 1654 1668 1389 1393 1390 1679 1669 1657 1391 1668 1665 1680 1679 1657 1681 1657 1670 1396 1655 1669 1678 1669 1679 1680 1657 1681 1634 1624 1674 1649 1635 1638 1682 1683 1684 1674 1662 1664 1674 1685 1634 1686 1683 1682 1664 1687 1674 1688 1689 1690 1663 1687 1664 1282 1663 1272 1663 1280 1272 1394 1677 1387 1691 1692 1693 1387 1386 1388 1271 1273 1286 1393 1389 1694 1286 1284 1283 1695 1677 1696 1677 1285 1387 1691 1665 1667 1697 1698 1699 1389 1391 1665 1694 1675 1393 1692 1691 1667 1389 1665 1691 1700 1698 1679 1700 1679 1701 1658 1669 1678 1676 1678 1698 1680 1701 1679 1685 1638 1634 1671 1651 1650 1702 1703 1704 1685 1674 1687 1685 1705 1638 1690 1687 1663 1687 1689 1685 1706 1707 1688 1690 1689 1687 1385 1690 1282 1663 1282 1690 1677 1695 1285 1677 1675 1696 1285 1284 1387 1281 1272 1271 1694 1708 1675 1271 1283 1287 1709 1695 1710 1285 1695 1381 1711 1697 1712 1711 1692 1667 1694 1389 1691 1696 1675 1708 1384 1693 1692 1694 1691 1693 1676 1698 1697 1678 1679 1698 1666 1678 1676 1711 1676 1697 1700 1699 1698 1705 1650 1638 1713 1673 1672 1682 1713 1672 1705 1685 1689 1714 1650 1705 1703 1702 1686 1705 1689 1707 1323 1327 1715 1688 1707 1689 1380 1688 1385 1688 1690 1385 1695 1709 1381 1695 1696 1710 1381 1283 1285 1359 1282 1281 1708 1716 1696 1281 1287 1373 1289 1288 1709 1381 1709 1374 1717 1693 1384 1718 1384 1692 1708 1694 1693 1710 1696 1716 1717 1384 1383 1708 1693 1717 1719 1712 1697 1720 1697 1699 1667 1676 1711 1718 1711 1712 1719 1697 1720 1672 1650 1714 1684 1713 1682 1721 1722 1723 1714 1705 1707 1714 1724 1672 1721 1725 1703 1714 1707 1726 1318 1380 1385 1707 1706 1726 1380 1297 1706 1688 1380 1706 1709 1288 1374 1709 1710 1289 1374 1287 1381 1318 1385 1359 1710 1716 1727 1359 1373 1360 1322 1288 1290 1288 1372 1374 1377 1717 1383 1383 1375 1377 1716 1708 1717 1727 1289 1710 1728 1718 1712 1716 1717 1377 1729 1728 1712 1730 1712 1719 1692 1711 1718 1382 1718 1728 1729 1712 1730 1682 1672 1724 1702 1683 1686 1731 1732 1733 1724 1714 1726 1724 1734 1682 1726 1706 1323 1726 1715 1724 1325 1735 1327 1715 1726 1323 1360 1321 1319 1706 1297 1323 1288 1322 1372 1292 1736 1293 1372 1373 1374 1380 1318 1320 1289 1727 1737 1318 1360 1319 1314 1322 1738 1372 1322 1321 1739 1375 1383 1740 1741 1742 1727 1716 1377 1737 1290 1289 1743 1376 1375 1727 1377 1376 1744 1741 1728 1744 1728 1745 1384 1718 1382 1739 1382 1741 1729 1745 1728 1734 1686 1682 1725 1704 1703 1746 1747 1748 1734 1724 1715 1749 1686 1734 1731 1733 1750 1715 1735 1734 1325 1332 1751 1327 1735 1715 1752 1320 1319 1327 1323 1299 1753 1754 1755 1322 1290 1738 1321 1360 1372 1752 1298 1320 1737 1756 1290 1319 1316 1752 1315 1314 1365 1321 1314 1316 1757 1376 1743 1758 1743 1375 1737 1727 1376 1738 1290 1756 1293 1757 1743 1737 1376 1757 1739 1741 1740 1382 1728 1741 1383 1382 1739 1758 1739 1740 1744 1742 1741 1703 1686 1749 1723 1725 1721 1733 1722 1721 1749 1734 1735 1759 1703 1749 1747 1746 1750 1751 1749 1735 1298 1378 1299 1325 1751 1735 1752 1760 1298 1325 1327 1326 1316 1761 1752 1326 1299 1378 1314 1738 1365 1378 1298 1760 1756 1762 1738 1752 1761 1760 1302 1315 1300 1316 1315 1761 1736 1757 1293 1763 1293 1743 1756 1737 1757 1762 1365 1738 1764 1758 1740 1756 1757 1736 1765 1764 1740 1766 1740 1742 1375 1739 1758 1763 1758 1764 1765 1740 1766 1721 1703 1759 1732 1722 1733 1767 1768 1769 1759 1749 1751 1759 1770 1721 1340 1768 1767 1355 1759 1751 1378 1760 1771 1355 1751 1332 1760 1761 1772 1325 1324 1332 1761 1315 1302 1326 1379 1324 1356 1773 1357 1379 1378 1771 1365 1762 1317 1771 1760 1772 1774 1302 1301 1761 1302 1772 1755 1736 1292 1292 1753 1755 1762 1756 1736 1317 1300 1365 1775 1763 1764 1762 1736 1755 1776 1775 1764 1776 1764 1777 1743 1758 1763 1291 1763 1775 1765 1777 1764 1770 1733 1721 1746 1731 1750 1342 1341 1778 1770 1759 1355 1770 1779 1733 1780 1352 1350 1770 1355 1328 1781 1324 1379 1328 1355 1329 1782 1379 1771 1331 1329 1332 1783 1771 1772 1781 1331 1324 1774 1772 1302 1782 1781 1379 1313 1784 1785 1782 1771 1783 1774 1786 1773 1774 1783 1772 1787 1753 1292 1788 1789 1790 1317 1762 1755 1301 1300 1310 1791 1754 1753 1317 1755 1754 1792 1789 1775 1775 1793 1792 1293 1763 1291 1787 1291 1789 1776 1793 1775 1779 1750 1733 1794 1748 1747 1767 1794 1747 1779 1770 1328 1779 1795 1750 1796 1329 1331 1779 1328 1337 1797 1331 1781 1330 1337 1328 1798 1781 1782 1796 1330 1329 1799 1782 1783 1797 1796 1331 1773 1783 1774 1798 1797 1781 1786 1774 1301 1798 1782 1799 1312 1784 1313 1799 1783 1773 1800 1754 1791 1801 1791 1753 1310 1317 1754 1786 1301 1311 1800 1791 1784 1754 1800 1310 1787 1789 1788 1291 1775 1789 1292 1291 1787 1801 1787 1788 1792 1790 1789 1747 1750 1795 1769 1794 1767 1346 1343 1802 1795 1779 1337 1747 1795 1803 1804 1330 1796 1795 1337 1334 1805 1796 1797 1336 1334 1337 1806 1797 1798 1804 1336 1330 1807 1798 1799 1805 1804 1796 1356 1799 1773 1806 1805 1797 1357 1773 1786 1807 1806 1798 1305 1786 1311 1807 1799 1356 1312 1800 1784 1784 1791 1808 1311 1310 1800 1305 1357 1786 1809 1801 1788 1311 1800 1312 1810 1809 1788 1811 1788 1790 1753 1787 1801 1808 1801 1809 1810 1788 1811 1767 1747 1803 1342 1768 1340 1344 1351 1812 1803 1795 1334 1767 1803 1813 1336 1814 1335 1333 1803 1334 1804 1815 1814 1335 1334 1336 1805 1816 1815 1814 1336 1804 1806 1817 1816 1815 1804 1805 1807 1818 1817 1816 1805 1806 1356 1358 1818 1817 1806 1807 1357 1304 1358 1818 1807 1356 1819 1306 1309 1313 1309 1306 1305 1311 1312 1357 1305 1304 1808 1809 1820 1305 1312 1306 1821 1820 1809 1821 1809 1822 1791 1801 1808 1785 1808 1820 1810 1822 1809 1813 1340 1767 1346 1778 1341 1823 1339 1335 1813 1803 1333 1340 1813 1824 1825 1823 1814 1338 1813 1333 1826 1825 1815 1339 1333 1335 1827 1826 1816 1823 1335 1814 1828 1827 1817 1825 1814 1815 1829 1828 1818 1826 1815 1816 1830 1829 1358 1827 1816 1817 1819 1830 1304 1828 1817 1818 1303 1362 1831 1358 1829 1818 1363 1309 1313 1358 1304 1830 1308 1819 1309 1304 1306 1819 1785 1820 1364 1820 1832 1833 1784 1808 1785 1363 1785 1364 1821 1832 1820 1824 1341 1340 1345 1802 1343 1338 1834 1835 1824 1813 1338 1341 1824 1836 1339 1837 1834 1824 1338 1835 1823 1838 1837 1338 1339 1834 1825 1839 1838 1339 1823 1837 1826 1840 1839 1823 1825 1838 1827 1841 1840 1825 1826 1839 1828 1842 1841 1826 1827 1840 1829 1843 1842 1827 1828 1841 1830 1844 1843 1828 1829 1842 1819 1308 1844 1843 1829 1830 1844 1308 1366 1830 1819 1844 1845 1361 1364 1364 1820 1833 1313 1785 1363 1307 1363 1361 1845 1364 1833 1343 1341 1836 1812 1345 1344 1835 1846 1847 1836 1824 1835 1343 1836 1848 1834 1849 1846 1836 1835 1847 1837 1850 1849 1835 1834 1846 1838 1851 1850 1834 1837 1849 1839 1852 1851 1837 1838 1850 1840 1853 1852 1838 1839 1851 1841 1854 1853 1839 1840 1852 1842 1855 1854 1840 1841 1853 1843 1856 1855 1841 1842 1854 1844 1366 1856 1842 1843 1855 1308 1857 1366 1844 1856 1843 1858 1362 1361 1859 1361 1845 1309 1363 1307 1857 1307 1362 1858 1361 1859 1344 1343 1848 1350 1860 1351 1347 1848 1847 1848 1836 1847 1848 1347 1349 1861 1847 1846 1847 1861 1347 1862 1846 1849 1846 1862 1861 1863 1849 1850 1849 1863 1862 1864 1850 1851 1850 1864 1863 1865 1851 1852 1851 1865 1864 1866 1852 1853 1852 1866 1865 1867 1853 1854 1853 1867 1866 1868 1854 1855 1854 1868 1867 1869 1855 1856 1855 1869 1868 1368 1856 1366 1856 1368 1869 1367 1366 1857 1831 1362 1870 1308 1307 1857 1367 1857 1303 1858 1870 1362 1350 1344 1349 1352 1354 1860 1861 1871 1347 1344 1848 1349 1349 1348 1780 1862 1872 1861 1347 1871 1348 1863 1873 1862 1861 1872 1871 1864 1874 1863 1862 1873 1872 1865 1875 1864 1863 1874 1873 1866 1876 1865 1864 1875 1874 1867 1877 1866 1865 1876 1875 1868 1878 1867 1866 1877 1876 1869 1879 1868 1867 1878 1877 1368 1880 1869 1868 1879 1878 1367 1881 1368 1869 1880 1879 1294 1367 1303 1881 1880 1368 1857 1362 1303 1881 1367 1294 1831 1295 1303 1860 1350 1352 1350 1349 1780 1210 1780 1202 1352 1780 1210 1202 1348 1200 1780 1348 1202 1200 1871 1211 1348 1871 1200 1211 1872 1227 1871 1872 1211 1227 1873 1439 1872 1873 1227 1439 1874 1444 1873 1874 1439 1444 1875 1447 1874 1875 1444 1447 1876 1448 1875 1876 1447 1448 1877 1453 1876 1877 1448 1453 1878 1454 1877 1878 1453 1454 1879 1458 1878 1879 1454 1458 1880 1460 1879 1880 1458 1460 1881 1371 1880 1881 1460 1369 1371 1294 1881 1294 1371 1882 1883 1884 1885 1886 1884 1882 1884 1886 1885 1887 1888 1888 1886 1885 1889 1887 1890 1887 1889 1888 1891 1892 1890 1889 1890 1892 1891 1893 1894 1894 1892 1891 1895 1893 1896 1893 1895 1894 1897 1898 1896 1895 1896 1898 1897 1899 1900 1900 1898 1897 1901 1899 1902 1899 1901 1900 1903 1904 1902 1901 1902 1904 1903 1905 1906 1906 1904 1903 1907 1905 1908 1905 1907 1906 1909 1910 1908 1907 1908 1910 1909 1911 1912 1912 1910 1909 1913 1911 1914 1911 1913 1912 1915 1916 1914 1913 1914 1916 1915 1917 1918 1918 1916 1915 1919 1917 1920 1917 1919 1918 1921 1922 1920 1919 1920 1922 1921 1923 1924 1924 1922 1921 1925 1923 1926 1923 1925 1924 1927 1928 1926 1925 1926 1928 1927 1929 1930 1930 1928 1927 1931 1929 1932 1929 1931 1930 1933 1934 1932 1931 1932 1934 1933 1935 1936 1936 1934 1933 1937 1935 1938 1935 1937 1936 1939 1940 1938 1937 1938 1940 1939 1941 1942 1942 1940 1939 1943 1941 1944 1941 1943 1942 1945 1946 1944 1943 1944 1946 1947 1946 1945 1948 1883 1882 1949 1948 1950 1948 1949 1883 1951 1952 1950 1949 1950 1952 1951 1953 1954 1954 1952 1951 1955 1953 1956 1953 1955 1954 1957 1958 1956 1955 1956 1958 1957 1959 1960 1960 1958 1957 1961 1959 1962 1959 1961 1960 1963 1964 1962 1961 1962 1964 1963 1965 1966 1966 1964 1963 1967 1965 1968 1965 1967 1966 1969 1970 1968 1967 1968 1970 1969 1971 1972 1972 1970 1969 1973 1971 1974 1971 1973 1972 1975 1976 1974 1973 1974 1976 1975 1977 1978 1978 1976 1975 1979 1977 1980 1977 1979 1978 1981 1982 1980 1979 1980 1982 1981 1983 1984 1984 1982 1981 1985 1983 1986 1983 1985 1984 1987 1988 1986 1985 1986 1988 1987 1989 1990 1990 1988 1987 1991 1989 1992 1989 1991 1990 1993 1994 1992 1991 1992 1994 1993 1995 1996 1996 1994 1993 1997 1995 1998 1995 1997 1996 1999 2000 1998 1997 1998 2000 1999 2001 2002 2002 2000 1999 2003 2001 2004 2001 2003 2002 2005 2006 2004 2003 2004 2006 2005 2007 2008 2008 2006 2005 2009 2007 1947 2007 2009 2008 2009 1947 1945 2010 2011 2012 2012 2013 2014 2015 2016 2017 2011 2013 2012 2018 2019 2020 2014 2013 2021 2022 2021 2023 2024 2025 2026 2019 2027 2020 2024 2028 2029 2030 2023 2029 2028 2031 2029 2025 2032 2026 2029 2033 2034 2034 2033 2035 2033 2029 2031 2021 2022 2014 2036 2015 2011 2037 2011 2010 2038 2016 2036 2039 2040 2041 2042 2037 2010 2043 2044 2045 2046 2039 2047 2048 2049 2045 2050 2043 2049 2051 2052 2053 2049 2054 2055 2056 2057 2058 2055 2059 2060 2058 2061 2062 2063 2064 2065 2066 2064 2067 2067 2063 2058 2068 2069 2070 2067 2062 2070 2071 2069 2072 2073 2074 2075 2076 2077 2078 2079 2080 2077 2081 2082 2076 2077 2083 2084 2082 2085 2086 2087 2088 2089 2090 2091 2086 2086 2092 2093 2094 2095 2096 2097 2098 2099 2100 2101 2102 2103 2104 2105 2106 2107 2098 2108 2109 2110 2111 2112 2113 2114 2115 2116 2117 2115 2118 2119 2120 2121 2120 2122 2123 2124 2125 2126 2127 2128 2129 2130 2131 2132 2133 2124 2126 2134 2135 2136 2132 2137 2138 2136 2139 2140 2141 2134 2138 2142 2143 2144 2136 2145 2146 2147 2148 2149 2144 2150 2151 2152 2153 2148 2152 2148 2154 2155 2156 2157 2158 2159 2160 2161 2162 2163 2155 2164 2160 2165 2166 2167 2168 2169 2167 2168 2034 2035 2034 2168 2167 2170 2105 2112 2142 2151 2145 2171 2172 2173 2174 2121 2175 2129 2176 2177 2178 2179 2114 2107 2106 2180 2109 2180 2106 2134 2181 2135 2182 2183 2184 2185 2186 2183 2187 2188 2189 2137 2131 2185 2100 2190 2131 2130 2191 2100 2192 2184 2096 2190 2193 2185 2090 2093 2101 2194 2190 2102 2093 2195 2102 2101 2191 2196 2091 2089 2082 2197 2198 2094 2199 2200 2201 2087 2091 2202 2203 2088 2087 2089 2083 2076 2071 2079 2084 2088 2204 2083 2205 2206 2071 2073 2207 2081 2069 2206 2208 2072 2209 2079 2210 2211 2212 2068 2213 2072 2214 2213 2215 2068 2062 2216 2217 2215 2052 2056 2063 2218 2218 2065 2219 2218 2060 2220 2050 2055 2221 2222 2056 2220 2059 2054 2223 2224 2220 2059 2048 2225 2054 2226 2227 2228 2045 2229 2230 2050 2231 2043 2048 2230 2232 2233 2229 2039 2233 2234 2230 2235 2225 2236 2237 2238 2235 2239 2233 2046 2041 2240 2047 2241 2242 2047 2042 2243 2241 2046 2242 2244 2245 2246 2247 2042 2241 2037 2241 2243 2242 2243 2248 2242 2244 2249 2250 2037 2240 2036 2251 2252 2253 2248 2249 2244 2250 2254 2255 2254 2250 2249 2254 2256 2255 2256 2257 2255 2258 2259 2260 2255 2251 2250 2261 2262 2263 2258 2260 2257 2260 2259 2264 2259 2097 2264 2099 2265 2097 2261 2097 2265 2029 2034 2030 2026 2028 2024 2018 2266 2267 2030 2022 2023 2268 2024 2023 2269 2013 2015 2269 2268 2021 2270 2271 2016 2269 2021 2013 2241 2240 2037 2011 2015 2013 2038 2240 2041 2011 2037 2036 2251 2239 2250 2252 2251 2255 2242 2248 2244 2241 2047 2240 2272 2252 2257 2242 2046 2047 2273 2274 2247 2239 2244 2250 2260 2264 2275 2276 2275 2246 2256 2258 2257 2255 2257 2252 2261 2273 2277 2260 2275 2272 2277 2264 2261 2265 2262 2261 2097 2261 2264 2024 2029 2023 2278 2032 2025 2020 2278 2025 2023 2021 2268 2025 2268 2279 2266 2018 2280 2269 2017 2279 2281 2282 2270 2269 2015 2017 2283 2281 2284 2036 2016 2015 2040 2284 2041 2036 2240 2038 2253 2234 2251 2285 2253 2252 2046 2244 2239 2047 2039 2041 2276 2285 2272 2046 2233 2039 2253 2285 2236 2234 2239 2251 2275 2277 2246 2246 2245 2286 2257 2260 2272 2252 2272 2285 2287 2274 2273 2273 2261 2263 2264 2277 2275 2277 2273 2247 2287 2273 2263 2024 2268 2025 2027 2278 2020 2288 2289 2290 2268 2269 2279 2291 2020 2279 2289 2288 2280 2017 2271 2291 2270 2038 2284 2017 2016 2271 2292 2293 2283 2038 2270 2016 2283 2040 2044 2038 2041 2284 2236 2232 2253 2285 2294 2236 2233 2239 2234 2039 2229 2040 2286 2294 2276 2230 2229 2233 2236 2294 2235 2253 2232 2234 2295 2245 2296 2297 2274 2298 2272 2275 2276 2285 2276 2294 2299 2298 2274 2300 2274 2287 2277 2247 2246 2247 2274 2297 2299 2274 2300 2025 2279 2020 2267 2019 2018 2301 2302 2303 2279 2017 2291 2304 2018 2291 2305 2302 2301 2282 2304 2271 2306 2307 2293 2271 2270 2282 2229 2044 2040 2284 2281 2270 2292 2044 2043 2283 2284 2040 2238 2308 2309 2294 2237 2235 2230 2234 2232 2229 2045 2044 2295 2237 2286 2230 2048 2045 2296 2245 2297 2225 2232 2236 2310 2311 2312 2313 2296 2314 2276 2246 2286 2294 2286 2237 2315 2310 2298 2315 2298 2316 2247 2297 2245 2297 2298 2317 2299 2316 2298 2018 2020 2291 2288 2266 2280 2318 2319 2320 2291 2271 2304 2321 2280 2304 2322 2281 2293 2322 2321 2282 2323 2324 2306 2282 2281 2322 2292 2231 2306 2281 2283 2293 2325 2326 2327 2283 2044 2292 2238 2223 2235 2308 2238 2237 2048 2232 2225 2045 2049 2043 2313 2308 2295 2048 2054 2049 2312 2328 2326 2223 2225 2235 2296 2317 2314 2329 2314 2325 2286 2245 2295 2237 2295 2308 2310 2312 2330 2298 2310 2317 2297 2317 2296 2317 2310 2330 2315 2311 2310 2280 2018 2304 2331 2290 2289 2301 2331 2289 2304 2282 2321 2289 2321 2332 2319 2318 2305 2322 2307 2332 2333 2334 2335 2322 2293 2307 2336 2333 2337 2292 2306 2293 2221 2337 2050 2043 2231 2292 2309 2224 2238 2338 2309 2308 2054 2225 2223 2049 2055 2050 2329 2338 2313 2054 2059 2055 2309 2338 2339 2224 2223 2238 2314 2330 2325 2325 2327 2340 2295 2296 2313 2308 2313 2338 2341 2328 2312 2342 2312 2311 2317 2330 2314 2330 2312 2326 2341 2312 2342 2280 2321 2289 2303 2331 2301 2343 2344 2345 2321 2322 2332 2346 2301 2332 2344 2343 2319 2307 2324 2346 2323 2231 2337 2307 2306 2324 2336 2347 2334 2231 2323 2306 2336 2221 2219 2231 2050 2337 2339 2222 2309 2338 2348 2339 2059 2223 2224 2055 2060 2221 2340 2348 2329 2220 2060 2059 2339 2348 2228 2309 2222 2224 2053 2327 2349 2350 2328 2351 2313 2314 2329 2338 2329 2348 2352 2351 2328 2353 2328 2341 2330 2326 2325 2326 2328 2350 2352 2328 2353 2289 2332 2301 2318 2302 2305 2354 2355 2356 2332 2307 2346 2357 2305 2346 2323 2333 2358 2358 2357 2324 2359 2360 2334 2324 2323 2358 2060 2219 2221 2337 2333 2323 2347 2219 2065 2337 2221 2336 2228 2057 2339 2348 2226 2228 2220 2224 2222 2060 2218 2219 2053 2226 2340 2220 2056 2218 2349 2327 2350 2057 2222 2339 2361 2362 2363 2051 2349 2364 2329 2325 2340 2348 2340 2226 2365 2361 2351 2365 2351 2366 2326 2350 2327 2350 2351 2367 2352 2366 2351 2305 2301 2346 2343 2320 2319 2368 2369 2370 2346 2324 2357 2319 2357 2371 2355 2354 2372 2335 2371 2358 2373 2374 2359 2358 2333 2335 2373 2375 2376 2333 2336 2334 2064 2375 2065 2336 2219 2347 2227 2061 2228 2052 2227 2226 2056 2222 2057 2065 2218 2063 2377 2378 2379 2056 2058 2063 2227 2052 2215 2061 2057 2228 2349 2367 2364 2380 2364 2378 2340 2327 2053 2226 2053 2052 2361 2363 2381 2351 2361 2367 2350 2367 2349 2367 2361 2381 2365 2362 2361 2319 2305 2357 2382 2345 2344 2354 2382 2344 2357 2358 2371 2344 2371 2383 2369 2368 2372 2335 2360 2383 2359 2347 2375 2335 2334 2360 2384 2385 2376 2347 2359 2334 2376 2064 2066 2065 2375 2347 2215 2216 2227 2379 2378 2386 2058 2057 2061 2063 2067 2064 2380 2217 2051 2058 2062 2067 2215 2217 2214 2216 2061 2227 2364 2381 2378 2387 2386 2363 2053 2349 2051 2052 2051 2217 2388 2387 2363 2389 2363 2362 2367 2381 2364 2381 2363 2386 2388 2363 2389 2319 2371 2344 2356 2382 2354 2390 2391 2392 2371 2335 2383 2393 2354 2383 2391 2390 2394 2374 2393 2360 2395 2385 2396 2360 2359 2374 2384 2397 2396 2373 2359 2375 2384 2066 2208 2376 2375 2064 2398 2399 2400 2217 2401 2214 2062 2061 2216 2067 2070 2066 2377 2401 2380 2068 2070 2062 2214 2401 2398 2215 2213 2216 2402 2386 2387 2402 2403 2404 2051 2364 2380 2217 2380 2401 2405 2403 2387 2406 2387 2388 2381 2386 2378 2379 2386 2402 2405 2387 2406 2344 2383 2354 2368 2355 2372 2394 2407 2408 2383 2360 2393 2409 2372 2393 2373 2385 2410 2410 2409 2374 2411 2412 2396 2374 2373 2410 2070 2208 2066 2376 2385 2373 2397 2208 2206 2376 2066 2384 2398 2209 2214 2401 2399 2398 2068 2216 2213 2070 2069 2208 2413 2399 2377 2068 2072 2069 2414 2415 2211 2209 2213 2214 2379 2402 2416 2417 2416 2210 2380 2378 2377 2401 2377 2399 2403 2414 2404 2416 2413 2379 2403 2418 2419 2405 2418 2403 2387 2403 2402 2372 2354 2393 2420 2370 2369 2390 2420 2369 2393 2374 2409 2369 2409 2421 2407 2394 2422 2410 2395 2421 2423 2424 2411 2410 2385 2395 2425 2423 2426 2384 2396 2385 2205 2426 2206 2384 2208 2397 2400 2080 2398 2074 2400 2399 2072 2213 2209 2069 2071 2206 2413 2417 2074 2072 2079 2071 2400 2074 2073 2080 2209 2398 2416 2404 2210 2210 2212 2427 2377 2379 2413 2399 2413 2074 2428 2415 2414 2414 2403 2419 2402 2404 2416 2404 2414 2211 2428 2414 2419 2372 2409 2369 2392 2420 2390 2429 2430 2431 2409 2410 2421 2432 2390 2421 2430 2429 2422 2395 2412 2432 2411 2397 2426 2395 2396 2412 2433 2434 2425 2397 2411 2396 2425 2205 2204 2397 2206 2426 2073 2078 2400 2435 2212 2436 2079 2209 2080 2071 2084 2205 2427 2075 2417 2077 2084 2079 2073 2075 2207 2400 2078 2080 2437 2212 2435 2436 2415 2438 2413 2416 2417 2074 2417 2075 2439 2438 2415 2440 2415 2428 2404 2211 2210 2211 2415 2436 2439 2415 2440 2369 2421 2390 2408 2391 2394 2441 2442 2443 2421 2395 2432 2444 2394 2432 2445 2442 2441 2424 2444 2412 2446 2447 2434 2412 2411 2424 2084 2204 2205 2426 2423 2411 2433 2204 2088 2425 2426 2205 2448 2449 2450 2075 2451 2207 2077 2080 2078 2084 2083 2204 2437 2451 2427 2076 2083 2077 2451 2448 2207 2081 2078 2073 2452 2453 2454 2455 2435 2456 2417 2210 2427 2075 2427 2451 2457 2454 2438 2457 2438 2458 2211 2436 2212 2436 2438 2459 2439 2458 2438 2394 2390 2432 2429 2407 2422 2460 2461 2462 2432 2412 2444 2463 2422 2444 2464 2423 2434 2464 2463 2424 2465 2466 2446 2424 2423 2464 2433 2203 2446 2423 2425 2434 2467 2468 2469 2425 2204 2433 2448 2085 2207 2449 2448 2451 2076 2078 2081 2083 2089 2088 2455 2449 2437 2076 2082 2089 2470 2471 2468 2085 2081 2207 2435 2459 2456 2472 2456 2467 2427 2212 2437 2451 2437 2449 2454 2470 2473 2438 2454 2459 2436 2459 2435 2459 2454 2473 2457 2452 2454 2422 2394 2444 2474 2431 2430 2441 2474 2430 2444 2424 2463 2430 2463 2475 2461 2460 2445 2464 2447 2475 2476 2477 2465 2464 2434 2447 2478 2476 2479 2433 2446 2434 2202 2479 2087 2088 2203 2433 2450 2092 2448 2480 2450 2449 2082 2081 2085 2089 2091 2087 2472 2480 2455 2082 2086 2091 2450 2480 2481 2092 2085 2448 2456 2473 2467 2467 2469 2482 2437 2435 2455 2449 2455 2480 2483 2471 2470 2470 2454 2453 2459 2473 2456 2473 2470 2468 2483 2470 2453 2422 2463 2430 2443 2474 2441 2484 2485 2486 2463 2464 2475 2487 2441 2475 2485 2484 2461 2447 2466 2487 2465 2203 2479 2447 2446 2466 2488 2489 2478 2203 2465 2446 2478 2202 2196 2203 2087 2479 2481 2195 2450 2480 2490 2481 2086 2085 2092 2091 2090 2202 2482 2490 2472 2093 2090 2086 2481 2490 2200 2450 2195 2092 2197 2469 2491 2492 2471 2493 2455 2456 2472 2480 2472 2490 2494 2493 2471 2495 2471 2483 2473 2468 2467 2468 2471 2492 2494 2471 2495 2430 2475 2441 2460 2442 2445 2496 2497 2498 2475 2447 2487 2499 2445 2487 2500 2497 2496 2477 2499 2466 2501 2502 2489 2466 2465 2477 2090 2196 2202 2479 2476 2465 2488 2196 2191 2479 2202 2478 2200 2194 2481 2490 2201 2200 2093 2092 2195 2090 2101 2196 2197 2201 2482 2093 2102 2101 2491 2469 2492 2194 2195 2481 2503 2504 2505 2198 2491 2506 2472 2467 2482 2490 2482 2201 2507 2503 2493 2507 2493 2508 2468 2492 2469 2492 2493 2509 2494 2508 2493 2445 2441 2487 2484 2462 2461 2510 2511 2512 2487 2466 2499 2513 2461 2499 2514 2476 2489 2514 2513 2477 2515 2516 2501 2477 2476 2514 2515 2517 2518 2476 2478 2489 2130 2517 2191 2478 2196 2488 2199 2193 2200 2094 2199 2201 2102 2195 2194 2191 2101 2100 2519 2520 2521 2102 2190 2100 2199 2094 2096 2193 2194 2200 2491 2509 2506 2522 2506 2520 2482 2469 2197 2201 2197 2094 2503 2505 2523 2493 2503 2509 2492 2509 2491 2509 2503 2523 2507 2504 2503 2461 2445 2499 2524 2486 2485 2496 2524 2485 2499 2477 2513 2485 2513 2525 2511 2510 2500 2514 2502 2525 2501 2488 2517 2514 2489 2502 2526 2527 2518 2488 2501 2489 2132 2518 2130 2191 2517 2488 2096 2186 2199 2521 2520 2528 2190 2194 2193 2100 2131 2130 2522 2095 2198 2190 2185 2131 2096 2095 2192 2186 2193 2199 2506 2523 2520 2529 2528 2505 2197 2491 2198 2094 2198 2095 2530 2529 2505 2531 2505 2504 2509 2523 2506 2523 2505 2528 2530 2505 2531 2461 2513 2485 2498 2524 2496 2532 2533 2534 2513 2514 2525 2535 2496 2525 2533 2532 2536 2516 2535 2502 2537 2527 2538 2502 2501 2516 2140 2538 2526 2517 2515 2501 2132 2138 2526 2518 2517 2130 2539 2540 2170 2095 2541 2192 2185 2193 2186 2132 2131 2137 2519 2541 2522 2183 2137 2185 2192 2541 2539 2096 2184 2186 2542 2521 2543 2544 2529 2545 2198 2506 2522 2095 2522 2541 2546 2545 2529 2547 2529 2530 2523 2528 2520 2528 2529 2544 2546 2529 2547 2485 2525 2496 2510 2497 2500 2548 2549 2536 2525 2502 2535 2550 2500 2535 2515 2527 2551 2551 2550 2516 2139 2552 2538 2516 2515 2551 2183 2141 2137 2518 2527 2515 2134 2140 2138 2518 2132 2526 2539 2553 2192 2541 2540 2539 2183 2186 2184 2138 2137 2141 2542 2540 2519 2183 2182 2141 2543 2521 2544 2553 2184 2192 2554 2555 2556 2557 2543 2188 2522 2520 2519 2541 2519 2540 2558 2554 2545 2558 2545 2559 2528 2544 2521 2544 2545 2560 2546 2559 2545 2500 2496 2535 2561 2512 2511 2532 2561 2511 2535 2516 2550 2511 2550 2562 2548 2536 2563 2537 2562 2551 2146 2564 2139 2551 2527 2537 2182 2181 2141 2538 2527 2526 2553 2565 2182 2138 2140 2526 2170 2111 2539 2103 2170 2540 2182 2184 2553 2141 2181 2134 2542 2557 2103 2181 2182 2565 2170 2103 2105 2111 2553 2539 2543 2560 2188 2566 2188 2187 2519 2521 2542 2540 2542 2103 2554 2556 2189 2545 2554 2560 2544 2560 2543 2560 2554 2189 2558 2555 2554 2500 2550 2511 2534 2561 2532 2567 2568 2569 2550 2551 2562 2532 2562 2570 2567 2569 2563 2537 2552 2570 2571 2144 2153 2537 2538 2552 2135 2181 2572 2538 2140 2139 2572 2565 2113 2134 2136 2140 2573 2574 2105 2575 2187 2576 2565 2553 2111 2565 2572 2181 2566 2104 2557 2111 2113 2565 2105 2104 2573 2170 2112 2111 2577 2187 2575 2576 2556 2578 2542 2543 2557 2103 2557 2104 2579 2578 2556 2580 2556 2555 2560 2189 2188 2189 2556 2576 2579 2556 2580 2511 2562 2532 2549 2533 2536 2581 2582 2583 2562 2537 2570 2584 2536 2570 2585 2582 2581 2552 2564 2584 2586 2145 2135 2139 2564 2552 2587 2586 2572 2146 2139 2136 2588 2587 2113 2135 2145 2136 2574 2588 2112 2135 2572 2586 2104 2125 2573 2587 2572 2113 2577 2125 2566 2588 2113 2112 2125 2124 2573 2105 2574 2112 2589 2590 2591 2592 2177 2575 2557 2188 2566 2104 2566 2125 2593 2591 2578 2593 2578 2594 2189 2576 2187 2576 2578 2595 2579 2594 2578 2536 2532 2570 2569 2548 2563 2585 2596 2597 2570 2552 2584 2598 2563 2584 2599 2146 2151 2564 2599 2598 2600 2142 2586 2564 2146 2599 2601 2600 2587 2145 2151 2146 2602 2601 2588 2586 2142 2145 2603 2602 2574 2587 2600 2586 2603 2573 2124 2601 2587 2588 2177 2126 2577 2574 2602 2588 2604 2605 2174 2573 2603 2574 2575 2595 2592 2129 2592 2175 2566 2187 2577 2125 2577 2126 2591 2604 2606 2578 2591 2595 2576 2595 2575 2595 2591 2606 2593 2589 2591 2563 2536 2584 2607 2568 2567 2581 2607 2567 2584 2564 2598 2567 2598 2608 2585 2159 2596 2599 2150 2608 2609 2143 2600 2599 2151 2150 2610 2609 2601 2142 2144 2151 2611 2610 2602 2600 2143 2142 2612 2611 2603 2601 2609 2600 2133 2612 2124 2602 2610 2601 2176 2133 2126 2611 2602 2603 2613 2133 2176 2612 2603 2124 2592 2606 2175 2175 2121 2127 2577 2575 2177 2126 2177 2176 2614 2605 2604 2604 2591 2590 2595 2606 2592 2606 2604 2174 2614 2604 2590 2563 2598 2567 2583 2607 2581 2158 2160 2615 2598 2599 2608 2581 2608 2616 2149 2153 2143 2150 2571 2616 2617 2149 2609 2144 2571 2150 2618 2617 2610 2143 2153 2144 2619 2618 2611 2609 2149 2143 2620 2619 2612 2610 2617 2609 2613 2620 2133 2611 2618 2610 2176 2128 2613 2612 2619 2611 2613 2128 2621 2133 2620 2612 2123 2121 2120 2119 2605 2622 2177 2592 2129 2176 2129 2128 2623 2622 2605 2624 2605 2614 2606 2174 2175 2174 2605 2119 2623 2605 2624 2567 2608 2581 2597 2582 2585 2155 2157 2625 2608 2150 2616 2616 2626 2585 2617 2627 2147 2571 2152 2626 2618 2628 2627 2153 2152 2571 2619 2629 2628 2149 2148 2153 2620 2630 2629 2617 2147 2149 2613 2621 2630 2618 2627 2617 2128 2173 2621 2619 2628 2618 2127 2123 2173 2620 2629 2619 2631 2178 2120 2620 2613 2630 2632 2633 2634 2122 2120 2178 2129 2175 2127 2173 2128 2127 2635 2632 2622 2635 2622 2636 2174 2119 2121 2119 2622 2631 2623 2636 2622 2585 2581 2616 2158 2596 2159 2034 2166 2030 2616 2571 2626 2637 2159 2626 2147 2638 2148 2637 2152 2154 2627 2639 2147 2154 2148 2638 2628 2640 2627 2638 2147 2639 2629 2641 2628 2639 2627 2640 2630 2642 2629 2640 2628 2641 2621 2643 2630 2641 2629 2642 2173 2172 2621 2642 2630 2643 2123 2171 2173 2643 2621 2172 2644 2110 2645 2114 2646 2178 2127 2121 2123 2171 2123 2122 2632 2634 2179 2622 2632 2631 2119 2631 2120 2631 2632 2179 2635 2633 2632 2159 2585 2626 2164 2615 2160 2154 2638 2647 2626 2152 2637 2160 2637 2648 2638 2639 2649 2648 2154 2647 2639 2640 2650 2647 2638 2649 2640 2641 2651 2649 2639 2650 2641 2642 2652 2650 2640 2651 2642 2643 2653 2651 2641 2652 2643 2172 2654 2652 2642 2653 2172 2171 2655 2653 2643 2654 2171 2122 2656 2654 2172 2655 2122 2178 2646 2171 2656 2655 2644 2657 2634 2122 2646 2656 2658 2644 2634 2659 2634 2633 2631 2179 2178 2179 2634 2657 2658 2634 2659 2159 2637 2160 2625 2164 2155 2647 2649 2163 2637 2154 2648 2155 2648 2660 2649 2650 2161 2660 2647 2163 2650 2651 2661 2163 2649 2161 2651 2652 2662 2161 2650 2661 2652 2653 2663 2661 2651 2662 2653 2654 2664 2662 2652 2663 2654 2655 2665 2663 2653 2664 2655 2656 2666 2664 2654 2665 2656 2646 2667 2665 2655 2666 2646 2114 2116 2666 2656 2667 2115 2114 2657 2646 2116 2667 2668 2110 2644 2669 2644 2658 2179 2657 2114 2657 2644 2645 2668 2644 2669 2160 2648 2155 2670 2157 2156 2671 2161 2661 2648 2647 2660 2156 2660 2165 2672 2661 2662 2165 2163 2162 2673 2662 2663 2162 2161 2671 2674 2663 2664 2671 2661 2672 2675 2664 2665 2672 2662 2673 2676 2665 2666 2673 2663 2674 2677 2666 2667 2674 2664 2675 2678 2667 2116 2675 2665 2676 2117 2116 2115 2676 2666 2677 2118 2115 2645 2677 2667 2678 2106 2679 2109 2678 2116 2117 2118 2680 2681 2108 2110 2682 2657 2645 2115 2645 2110 2680 2668 2682 2110 2155 2660 2156 2167 2169 2670 2166 2162 2683 2660 2163 2165 2166 2165 2162 2683 2671 2684 2683 2162 2671 2684 2672 2685 2684 2671 2672 2685 2673 2686 2685 2672 2673 2686 2674 2687 2686 2673 2674 2687 2675 2688 2687 2674 2675 2688 2676 2689 2688 2675 2676 2689 2677 2690 2689 2676 2677 2690 2678 2691 2690 2677 2678 2691 2117 2692 2691 2678 2117 2692 2118 2681 2692 2117 2118 2681 2680 2679 2110 2109 2680 2645 2680 2118 2680 2109 2679 2108 2180 2109 2670 2156 2167 2165 2167 2156 2683 2022 2030 2034 2167 2166 2684 2014 2022 2030 2166 2683 2685 2012 2014 2022 2683 2684 2686 2010 2012 2014 2684 2685 2687 2042 2010 2012 2685 2686 2688 2243 2042 2010 2686 2687 2689 2248 2243 2042 2687 2688 2690 2249 2248 2243 2688 2689 2691 2254 2249 2248 2689 2690 2692 2256 2254 2249 2690 2691 2681 2258 2256 2254 2691 2692 2679 2259 2258 2256 2692 2681 2106 2097 2259 2258 2681 2679 2098 2097 2106 2259 2679 2106 2693 2694 2695 2696 2697 2695 2693 2695 2697 2696 2698 2699 2699 2697 2696 2700 2698 2701 2698 2700 2699 2702 2703 2701 2700 2701 2703 2702 2704 2705 2705 2703 2702 2706 2704 2707 2704 2706 2705 2708 2709 2707 2706 2707 2709 2708 2710 2711 2711 2709 2708 2712 2710 2713 2710 2712 2711 2714 2715 2713 2712 2713 2715 2714 2716 2717 2717 2715 2714 2718 2716 2719 2716 2718 2717 2720 2721 2719 2718 2719 2721 2720 2722 2723 2723 2721 2720 2724 2722 2725 2722 2724 2723 2726 2727 2725 2724 2725 2727 2726 2728 2729 2729 2727 2726 2730 2728 2731 2728 2730 2729 2732 2733 2731 2730 2731 2733 2732 2734 2735 2735 2733 2732 2736 2734 2737 2734 2736 2735 2738 2739 2737 2736 2737 2739 2738 2740 2741 2741 2739 2738 2742 2740 2743 2740 2742 2741 2744 2745 2743 2742 2743 2745 2744 2746 2747 2747 2745 2744 2748 2746 2749 2746 2748 2747 2750 2751 2749 2748 2749 2751 2750 2752 2753 2753 2751 2750 2754 2752 2755 2752 2754 2753 2756 2757 2755 2754 2755 2757 2758 2757 2756 2759 2694 2693 2760 2759 2761 2759 2760 2694 2762 2763 2761 2760 2761 2763 2762 2764 2765 2765 2763 2762 2766 2764 2767 2764 2766 2765 2768 2769 2767 2766 2767 2769 2768 2770 2771 2771 2769 2768 2772 2770 2773 2770 2772 2771 2774 2775 2773 2772 2773 2775 2774 2776 2777 2777 2775 2774 2778 2776 2779 2776 2778 2777 2780 2781 2779 2778 2779 2781 2780 2782 2783 2783 2781 2780 2784 2782 2785 2782 2784 2783 2786 2787 2785 2784 2785 2787 2786 2788 2789 2789 2787 2786 2790 2788 2791 2788 2790 2789 2792 2793 2791 2790 2791 2793 2792 2794 2795 2795 2793 2792 2796 2794 2797 2794 2796 2795 2798 2799 2797 2796 2797 2799 2798 2800 2801 2801 2799 2798 2802 2800 2803 2800 2802 2801 2804 2805 2803 2802 2803 2805 2804 2806 2807 2807 2805 2804 2808 2806 2809 2806 2808 2807 2810 2811 2809 2808 2809 2811 2810 2812 2813 2813 2811 2810 2814 2812 2815 2812 2814 2813 2816 2817 2815 2814 2815 2817 2816 2818 2819 2819 2817 2816 2820 2818 2758 2818 2820 2819 2820 2758 2756 2821 2822 2823 2823 2824 2825 2826 2827 2828 2822 2824 2823 2829 2830 2831 2825 2824 2832 2833 2832 2834 2835 2836 2837 2830 2838 2831 2835 2839 2840 2841 2834 2840 2839 2842 2840 2836 2843 2837 2840 2844 2845 2845 2844 2846 2844 2840 2842 2832 2833 2825 2847 2826 2822 2848 2822 2821 2849 2827 2847 2850 2851 2852 2853 2848 2821 2854 2855 2856 2857 2850 2858 2859 2860 2856 2861 2854 2860 2862 2863 2864 2860 2865 2866 2867 2868 2869 2866 2870 2871 2869 2872 2873 2874 2875 2876 2877 2875 2878 2878 2874 2869 2879 2880 2881 2878 2873 2881 2882 2880 2883 2884 2885 2886 2887 2888 2889 2890 2891 2888 2892 2893 2887 2888 2894 2895 2893 2896 2897 2898 2899 2900 2901 2902 2897 2897 2903 2904 2905 2906 2907 2908 2909 2910 2911 2912 2913 2914 2915 2916 2917 2918 2909 2919 2920 2921 2922 2923 2924 2925 2926 2927 2928 2926 2929 2930 2931 2932 2931 2933 2934 2935 2936 2937 2938 2939 2940 2941 2942 2943 2944 2935 2937 2945 2946 2947 2943 2948 2949 2947 2950 2951 2952 2945 2949 2953 2954 2955 2947 2956 2957 2958 2959 2960 2955 2961 2962 2963 2964 2959 2963 2959 2965 2966 2967 2968 2969 2970 2971 2972 2973 2974 2966 2975 2971 2976 2977 2978 2979 2980 2978 2979 2845 2846 2845 2979 2978 2981 2916 2923 2953 2962 2956 2982 2983 2984 2985 2932 2986 2940 2987 2988 2989 2990 2925 2918 2917 2991 2920 2991 2917 2945 2992 2946 2993 2994 2995 2996 2997 2994 2998 2999 3000 2948 2942 2996 2911 3001 2942 2941 3002 2911 3003 2995 2907 3001 3004 2996 2901 2904 2912 3005 3001 2913 2904 3006 2913 2912 3002 3007 2902 2900 2893 3008 3009 2905 3010 3011 3012 2898 2902 3013 3014 2899 2898 2900 2894 2887 2882 2890 2895 2899 3015 2894 3016 3017 2882 2884 3018 2892 2880 3017 3019 2883 3020 2890 3021 3022 3023 2879 3024 2883 3025 3024 3026 2879 2873 3027 3028 3026 2863 2867 2874 3029 3029 2876 3030 3029 2871 3031 2861 2866 3032 3033 2867 3031 2870 2865 3034 3035 3031 2870 2859 3036 2865 3037 3038 3039 2856 3040 3041 2861 3042 2854 2859 3041 3043 3044 3040 2850 3044 3045 3041 3046 3036 3047 3048 3049 3046 3050 3044 2857 2852 3051 2858 3052 3053 2858 2853 3054 3052 2857 3053 3055 3056 3057 3058 2853 3052 2848 3052 3054 3053 3054 3059 3053 3055 3060 3061 2848 3051 2847 3062 3063 3064 3059 3060 3055 3061 3065 3066 3065 3061 3060 3065 3067 3066 3067 3068 3066 3069 3070 3071 3066 3062 3061 3072 3073 3074 3069 3071 3068 3071 3070 3075 3070 2908 3075 2910 3076 2908 3072 2908 3076 2840 2845 2841 2837 2839 2835 2829 3077 3078 2841 2833 2834 3079 2835 2834 3080 2824 2826 3080 3079 2832 3081 3082 2827 3080 2832 2824 3052 3051 2848 2822 2826 2824 2849 3051 2852 2822 2848 2847 3062 3050 3061 3063 3062 3066 3053 3059 3055 3052 2858 3051 3083 3063 3068 3053 2857 2858 3084 3085 3058 3050 3055 3061 3071 3075 3086 3087 3086 3057 3067 3069 3068 3066 3068 3063 3072 3084 3088 3071 3086 3083 3088 3075 3072 3076 3073 3072 2908 3072 3075 2835 2840 2834 3089 2843 2836 2831 3089 2836 2834 2832 3079 2836 3079 3090 3077 2829 3091 3080 2828 3090 3092 3093 3081 3080 2826 2828 3094 3092 3095 2847 2827 2826 2851 3095 2852 2847 3051 2849 3064 3045 3062 3096 3064 3063 2857 3055 3050 2858 2850 2852 3087 3096 3083 2857 3044 2850 3064 3096 3047 3045 3050 3062 3086 3088 3057 3057 3056 3097 3068 3071 3083 3063 3083 3096 3098 3085 3084 3084 3072 3074 3075 3088 3086 3088 3084 3058 3098 3084 3074 2835 3079 2836 2838 3089 2831 3099 3100 3101 3079 3080 3090 3102 2831 3090 3100 3099 3091 2828 3082 3102 3081 2849 3095 2828 2827 3082 3103 3104 3094 2849 3081 2827 3094 2851 2855 2849 2852 3095 3047 3043 3064 3096 3105 3047 3044 3050 3045 2850 3040 2851 3097 3105 3087 3041 3040 3044 3047 3105 3046 3064 3043 3045 3106 3056 3107 3108 3085 3109 3083 3086 3087 3096 3087 3105 3110 3109 3085 3111 3085 3098 3088 3058 3057 3058 3085 3108 3110 3085 3111 2836 3090 2831 3078 2830 2829 3112 3113 3114 3090 2828 3102 3115 2829 3102 3116 3113 3112 3093 3115 3082 3117 3118 3104 3082 3081 3093 3040 2855 2851 3095 3092 3081 3103 2855 2854 3094 3095 2851 3049 3119 3120 3105 3048 3046 3041 3045 3043 3040 2856 2855 3106 3048 3097 3041 2859 2856 3107 3056 3108 3036 3043 3047 3121 3122 3123 3124 3107 3125 3087 3057 3097 3105 3097 3048 3126 3121 3109 3126 3109 3127 3058 3108 3056 3108 3109 3128 3110 3127 3109 2829 2831 3102 3099 3077 3091 3129 3130 3131 3102 3082 3115 3132 3091 3115 3133 3092 3104 3133 3132 3093 3134 3135 3117 3093 3092 3133 3103 3042 3117 3092 3094 3104 3136 3137 3138 3094 2855 3103 3049 3034 3046 3119 3049 3048 2859 3043 3036 2856 2860 2854 3124 3119 3106 2859 2865 2860 3123 3139 3137 3034 3036 3046 3107 3128 3125 3140 3125 3136 3097 3056 3106 3048 3106 3119 3121 3123 3141 3109 3121 3128 3108 3128 3107 3128 3121 3141 3126 3122 3121 3091 2829 3115 3142 3101 3100 3112 3142 3100 3115 3093 3132 3100 3132 3143 3130 3129 3116 3133 3118 3143 3144 3145 3146 3133 3104 3118 3147 3144 3148 3103 3117 3104 3032 3148 2861 2854 3042 3103 3120 3035 3049 3149 3120 3119 2865 3036 3034 2860 2866 2861 3140 3149 3124 2865 2870 2866 3120 3149 3150 3035 3034 3049 3125 3141 3136 3136 3138 3151 3106 3107 3124 3119 3124 3149 3152 3139 3123 3153 3123 3122 3128 3141 3125 3141 3123 3137 3152 3123 3153 3091 3132 3100 3114 3142 3112 3154 3155 3156 3132 3133 3143 3157 3112 3143 3155 3154 3130 3118 3135 3157 3134 3042 3148 3118 3117 3135 3147 3158 3145 3042 3134 3117 3147 3032 3030 3042 2861 3148 3150 3033 3120 3149 3159 3150 2870 3034 3035 2866 2871 3032 3151 3159 3140 3031 2871 2870 3150 3159 3039 3120 3033 3035 2864 3138 3160 3161 3139 3162 3124 3125 3140 3149 3140 3159 3163 3162 3139 3164 3139 3152 3141 3137 3136 3137 3139 3161 3163 3139 3164 3100 3143 3112 3129 3113 3116 3165 3166 3167 3143 3118 3157 3168 3116 3157 3134 3144 3169 3169 3168 3135 3170 3171 3145 3135 3134 3169 2871 3030 3032 3148 3144 3134 3158 3030 2876 3148 3032 3147 3039 2868 3150 3159 3037 3039 3031 3035 3033 2871 3029 3030 2864 3037 3151 3031 2867 3029 3160 3138 3161 2868 3033 3150 3172 3173 3174 2862 3160 3175 3140 3136 3151 3159 3151 3037 3176 3172 3162 3176 3162 3177 3137 3161 3138 3161 3162 3178 3163 3177 3162 3116 3112 3157 3154 3131 3130 3179 3180 3181 3157 3135 3168 3130 3168 3182 3166 3165 3183 3146 3182 3169 3184 3185 3170 3169 3144 3146 3184 3186 3187 3144 3147 3145 2875 3186 2876 3147 3030 3158 3038 2872 3039 2863 3038 3037 2867 3033 2868 2876 3029 2874 3188 3189 3190 2867 2869 2874 3038 2863 3026 2872 2868 3039 3160 3178 3175 3191 3175 3189 3151 3138 2864 3037 2864 2863 3172 3174 3192 3162 3172 3178 3161 3178 3160 3178 3172 3192 3176 3173 3172 3130 3116 3168 3193 3156 3155 3165 3193 3155 3168 3169 3182 3155 3182 3194 3180 3179 3183 3146 3171 3194 3170 3158 3186 3146 3145 3171 3195 3196 3187 3158 3170 3145 3187 2875 2877 2876 3186 3158 3026 3027 3038 3190 3189 3197 2869 2868 2872 2874 2878 2875 3191 3028 2862 2869 2873 2878 3026 3028 3025 3027 2872 3038 3175 3192 3189 3198 3197 3174 2864 3160 2862 2863 2862 3028 3199 3198 3174 3200 3174 3173 3178 3192 3175 3192 3174 3197 3199 3174 3200 3130 3182 3155 3167 3193 3165 3201 3202 3203 3182 3146 3194 3204 3165 3194 3202 3201 3205 3185 3204 3171 3206 3196 3207 3171 3170 3185 3195 3208 3207 3184 3170 3186 3195 2877 3019 3187 3186 2875 3209 3210 3211 3028 3212 3025 2873 2872 3027 2878 2881 2877 3188 3212 3191 2879 2881 2873 3025 3212 3209 3026 3024 3027 3213 3197 3198 3213 3214 3215 2862 3175 3191 3028 3191 3212 3216 3214 3198 3217 3198 3199 3192 3197 3189 3190 3197 3213 3216 3198 3217 3155 3194 3165 3179 3166 3183 3205 3218 3219 3194 3171 3204 3220 3183 3204 3184 3196 3221 3221 3220 3185 3222 3223 3207 3185 3184 3221 2881 3019 2877 3187 3196 3184 3208 3019 3017 3187 2877 3195 3209 3020 3025 3212 3210 3209 2879 3027 3024 2881 2880 3019 3224 3210 3188 2879 2883 2880 3225 3226 3022 3020 3024 3025 3190 3213 3227 3228 3227 3021 3191 3189 3188 3212 3188 3210 3214 3225 3215 3227 3224 3190 3214 3229 3230 3216 3229 3214 3198 3214 3213 3183 3165 3204 3231 3181 3180 3201 3231 3180 3204 3185 3220 3180 3220 3232 3218 3205 3233 3221 3206 3232 3234 3235 3222 3221 3196 3206 3236 3234 3237 3195 3207 3196 3016 3237 3017 3195 3019 3208 3211 2891 3209 2885 3211 3210 2883 3024 3020 2880 2882 3017 3224 3228 2885 2883 2890 2882 3211 2885 2884 2891 3020 3209 3227 3215 3021 3021 3023 3238 3188 3190 3224 3210 3224 2885 3239 3226 3225 3225 3214 3230 3213 3215 3227 3215 3225 3022 3239 3225 3230 3183 3220 3180 3203 3231 3201 3240 3241 3242 3220 3221 3232 3243 3201 3232 3241 3240 3233 3206 3223 3243 3222 3208 3237 3206 3207 3223 3244 3245 3236 3208 3222 3207 3236 3016 3015 3208 3017 3237 2884 2889 3211 3246 3023 3247 2890 3020 2891 2882 2895 3016 3238 2886 3228 2888 2895 2890 2884 2886 3018 3211 2889 2891 3248 3023 3246 3247 3226 3249 3224 3227 3228 2885 3228 2886 3250 3249 3226 3251 3226 3239 3215 3022 3021 3022 3226 3247 3250 3226 3251 3180 3232 3201 3219 3202 3205 3252 3253 3254 3232 3206 3243 3255 3205 3243 3256 3253 3252 3235 3255 3223 3257 3258 3245 3223 3222 3235 2895 3015 3016 3237 3234 3222 3244 3015 2899 3236 3237 3016 3259 3260 3261 2886 3262 3018 2888 2891 2889 2895 2894 3015 3248 3262 3238 2887 2894 2888 3262 3259 3018 2892 2889 2884 3263 3264 3265 3266 3246 3267 3228 3021 3238 2886 3238 3262 3268 3265 3249 3268 3249 3269 3022 3247 3023 3247 3249 3270 3250 3269 3249 3205 3201 3243 3240 3218 3233 3271 3272 3273 3243 3223 3255 3274 3233 3255 3275 3234 3245 3275 3274 3235 3276 3277 3257 3235 3234 3275 3244 3014 3257 3234 3236 3245 3278 3279 3280 3236 3015 3244 3259 2896 3018 3260 3259 3262 2887 2889 2892 2894 2900 2899 3266 3260 3248 2887 2893 2900 3281 3282 3279 2896 2892 3018 3246 3270 3267 3283 3267 3278 3238 3023 3248 3262 3248 3260 3265 3281 3284 3249 3265 3270 3247 3270 3246 3270 3265 3284 3268 3263 3265 3233 3205 3255 3285 3242 3241 3252 3285 3241 3255 3235 3274 3241 3274 3286 3272 3271 3256 3275 3258 3286 3287 3288 3276 3275 3245 3258 3289 3287 3290 3244 3257 3245 3013 3290 2898 2899 3014 3244 3261 2903 3259 3291 3261 3260 2893 2892 2896 2900 2902 2898 3283 3291 3266 2893 2897 2902 3261 3291 3292 2903 2896 3259 3267 3284 3278 3278 3280 3293 3248 3246 3266 3260 3266 3291 3294 3282 3281 3281 3265 3264 3270 3284 3267 3284 3281 3279 3294 3281 3264 3233 3274 3241 3254 3285 3252 3295 3296 3297 3274 3275 3286 3298 3252 3286 3296 3295 3272 3258 3277 3298 3276 3014 3290 3258 3257 3277 3299 3300 3289 3014 3276 3257 3289 3013 3007 3014 2898 3290 3292 3006 3261 3291 3301 3292 2897 2896 2903 2902 2901 3013 3293 3301 3283 2904 2901 2897 3292 3301 3011 3261 3006 2903 3008 3280 3302 3303 3282 3304 3266 3267 3283 3291 3283 3301 3305 3304 3282 3306 3282 3294 3284 3279 3278 3279 3282 3303 3305 3282 3306 3241 3286 3252 3271 3253 3256 3307 3308 3309 3286 3258 3298 3310 3256 3298 3311 3308 3307 3288 3310 3277 3312 3313 3300 3277 3276 3288 2901 3007 3013 3290 3287 3276 3299 3007 3002 3290 3013 3289 3011 3005 3292 3301 3012 3011 2904 2903 3006 2901 2912 3007 3008 3012 3293 2904 2913 2912 3302 3280 3303 3005 3006 3292 3314 3315 3316 3009 3302 3317 3283 3278 3293 3301 3293 3012 3318 3314 3304 3318 3304 3319 3279 3303 3280 3303 3304 3320 3305 3319 3304 3256 3252 3298 3295 3273 3272 3321 3322 3323 3298 3277 3310 3324 3272 3310 3325 3287 3300 3325 3324 3288 3326 3327 3312 3288 3287 3325 3326 3328 3329 3287 3289 3300 2941 3328 3002 3289 3007 3299 3010 3004 3011 2905 3010 3012 2913 3006 3005 3002 2912 2911 3330 3331 3332 2913 3001 2911 3010 2905 2907 3004 3005 3011 3302 3320 3317 3333 3317 3331 3293 3280 3008 3012 3008 2905 3314 3316 3334 3304 3314 3320 3303 3320 3302 3320 3314 3334 3318 3315 3314 3272 3256 3310 3335 3297 3296 3307 3335 3296 3310 3288 3324 3296 3324 3336 3322 3321 3311 3325 3313 3336 3312 3299 3328 3325 3300 3313 3337 3338 3329 3299 3312 3300 2943 3329 2941 3002 3328 3299 2907 2997 3010 3332 3331 3339 3001 3005 3004 2911 2942 2941 3333 2906 3009 3001 2996 2942 2907 2906 3003 2997 3004 3010 3317 3334 3331 3340 3339 3316 3008 3302 3009 2905 3009 2906 3341 3340 3316 3342 3316 3315 3320 3334 3317 3334 3316 3339 3341 3316 3342 3272 3324 3296 3309 3335 3307 3343 3344 3345 3324 3325 3336 3346 3307 3336 3344 3343 3347 3327 3346 3313 3348 3338 3349 3313 3312 3327 2951 3349 3337 3328 3326 3312 2943 2949 3337 3329 3328 2941 3350 3351 2981 2906 3352 3003 2996 3004 2997 2943 2942 2948 3330 3352 3333 2994 2948 2996 3003 3352 3350 2907 2995 2997 3353 3332 3354 3355 3340 3356 3009 3317 3333 2906 3333 3352 3357 3356 3340 3358 3340 3341 3334 3339 3331 3339 3340 3355 3357 3340 3358 3296 3336 3307 3321 3308 3311 3359 3360 3347 3336 3313 3346 3361 3311 3346 3326 3338 3362 3362 3361 3327 2950 3363 3349 3327 3326 3362 2994 2952 2948 3329 3338 3326 2945 2951 2949 3329 2943 3337 3350 3364 3003 3352 3351 3350 2994 2997 2995 2949 2948 2952 3353 3351 3330 2994 2993 2952 3354 3332 3355 3364 2995 3003 3365 3366 3367 3368 3354 2999 3333 3331 3330 3352 3330 3351 3369 3365 3356 3369 3356 3370 3339 3355 3332 3355 3356 3371 3357 3370 3356 3311 3307 3346 3372 3323 3322 3343 3372 3322 3346 3327 3361 3322 3361 3373 3359 3347 3374 3348 3373 3362 2957 3375 2950 3362 3338 3348 2993 2992 2952 3349 3338 3337 3364 3376 2993 2949 2951 3337 2981 2922 3350 2914 2981 3351 2993 2995 3364 2952 2992 2945 3353 3368 2914 2992 2993 3376 2981 2914 2916 2922 3364 3350 3354 3371 2999 3377 2999 2998 3330 3332 3353 3351 3353 2914 3365 3367 3000 3356 3365 3371 3355 3371 3354 3371 3365 3000 3369 3366 3365 3311 3361 3322 3345 3372 3343 3378 3379 3380 3361 3362 3373 3343 3373 3381 3378 3380 3374 3348 3363 3381 3382 2955 2964 3348 3349 3363 2946 2992 3383 3349 2951 2950 3383 3376 2924 2945 2947 2951 3384 3385 2916 3386 2998 3387 3376 3364 2922 3376 3383 2992 3377 2915 3368 2922 2924 3376 2916 2915 3384 2981 2923 2922 3388 2998 3386 3387 3367 3389 3353 3354 3368 2914 3368 2915 3390 3389 3367 3391 3367 3366 3371 3000 2999 3000 3367 3387 3390 3367 3391 3322 3373 3343 3360 3344 3347 3392 3393 3394 3373 3348 3381 3395 3347 3381 3396 3393 3392 3363 3375 3395 3397 2956 2946 2950 3375 3363 3398 3397 3383 2957 2950 2947 3399 3398 2924 2946 2956 2947 3385 3399 2923 2946 3383 3397 2915 2936 3384 3398 3383 2924 3388 2936 3377 3399 2924 2923 2936 2935 3384 2916 3385 2923 3400 3401 3402 3403 2988 3386 3368 2999 3377 2915 3377 2936 3404 3402 3389 3404 3389 3405 3000 3387 2998 3387 3389 3406 3390 3405 3389 3347 3343 3381 3380 3359 3374 3396 3407 3408 3381 3363 3395 3409 3374 3395 3410 2957 2962 3375 3410 3409 3411 2953 3397 3375 2957 3410 3412 3411 3398 2956 2962 2957 3413 3412 3399 3397 2953 2956 3414 3413 3385 3398 3411 3397 3414 3384 2935 3412 3398 3399 2988 2937 3388 3385 3413 3399 3415 3416 2985 3384 3414 3385 3386 3406 3403 2940 3403 2986 3377 2998 3388 2936 3388 2937 3402 3415 3417 3389 3402 3406 3387 3406 3386 3406 3402 3417 3404 3400 3402 3374 3347 3395 3418 3379 3378 3392 3418 3378 3395 3375 3409 3378 3409 3419 3396 2970 3407 3410 2961 3419 3420 2954 3411 3410 2962 2961 3421 3420 3412 2953 2955 2962 3422 3421 3413 3411 2954 2953 3423 3422 3414 3412 3420 3411 2944 3423 2935 3413 3421 3412 2987 2944 2937 3422 3413 3414 3424 2944 2987 3423 3414 2935 3403 3417 2986 2986 2932 2938 3388 3386 2988 2937 2988 2987 3425 3416 3415 3415 3402 3401 3406 3417 3403 3417 3415 2985 3425 3415 3401 3374 3409 3378 3394 3418 3392 2969 2971 3426 3409 3410 3419 3392 3419 3427 2960 2964 2954 2961 3382 3427 3428 2960 3420 2955 3382 2961 3429 3428 3421 2954 2964 2955 3430 3429 3422 3420 2960 2954 3431 3430 3423 3421 3428 3420 3424 3431 2944 3422 3429 3421 2987 2939 3424 3423 3430 3422 3424 2939 3432 2944 3431 3423 2934 2932 2931 2930 3416 3433 2988 3403 2940 2987 2940 2939 3434 3433 3416 3435 3416 3425 3417 2985 2986 2985 3416 2930 3434 3416 3435 3378 3419 3392 3408 3393 3396 2966 2968 3436 3419 2961 3427 3427 3437 3396 3428 3438 2958 3382 2963 3437 3429 3439 3438 2964 2963 3382 3430 3440 3439 2960 2959 2964 3431 3441 3440 3428 2958 2960 3424 3432 3441 3429 3438 3428 2939 2984 3432 3430 3439 3429 2938 2934 2984 3431 3440 3430 3442 2989 2931 3431 3424 3441 3443 3444 3445 2933 2931 2989 2940 2986 2938 2984 2939 2938 3446 3443 3433 3446 3433 3447 2985 2930 2932 2930 3433 3442 3434 3447 3433 3396 3392 3427 2969 3407 2970 2845 2977 2841 3427 3382 3437 3448 2970 3437 2958 3449 2959 3448 2963 2965 3438 3450 2958 2965 2959 3449 3439 3451 3438 3449 2958 3450 3440 3452 3439 3450 3438 3451 3441 3453 3440 3451 3439 3452 3432 3454 3441 3452 3440 3453 2984 2983 3432 3453 3441 3454 2934 2982 2984 3454 3432 2983 3455 2921 3456 2925 3457 2989 2938 2932 2934 2982 2934 2933 3443 3445 2990 3433 3443 3442 2930 3442 2931 3442 3443 2990 3446 3444 3443 2970 3396 3437 2975 3426 2971 2965 3449 3458 3437 2963 3448 2971 3448 3459 3449 3450 3460 3459 2965 3458 3450 3451 3461 3458 3449 3460 3451 3452 3462 3460 3450 3461 3452 3453 3463 3461 3451 3462 3453 3454 3464 3462 3452 3463 3454 2983 3465 3463 3453 3464 2983 2982 3466 3464 3454 3465 2982 2933 3467 3465 2983 3466 2933 2989 3457 2982 3467 3466 3455 3468 3445 2933 3457 3467 3469 3455 3445 3470 3445 3444 3442 2990 2989 2990 3445 3468 3469 3445 3470 2970 3448 2971 3436 2975 2966 3458 3460 2974 3448 2965 3459 2966 3459 3471 3460 3461 2972 3471 3458 2974 3461 3462 3472 2974 3460 2972 3462 3463 3473 2972 3461 3472 3463 3464 3474 3472 3462 3473 3464 3465 3475 3473 3463 3474 3465 3466 3476 3474 3464 3475 3466 3467 3477 3475 3465 3476 3467 3457 3478 3476 3466 3477 3457 2925 2927 3477 3467 3478 2926 2925 3468 3457 2927 3478 3479 2921 3455 3480 3455 3469 2990 3468 2925 3468 3455 3456 3479 3455 3480 2971 3459 2966 3481 2968 2967 3482 2972 3472 3459 3458 3471 2967 3471 2976 3483 3472 3473 2976 2974 2973 3484 3473 3474 2973 2972 3482 3485 3474 3475 3482 3472 3483 3486 3475 3476 3483 3473 3484 3487 3476 3477 3484 3474 3485 3488 3477 3478 3485 3475 3486 3489 3478 2927 3486 3476 3487 2928 2927 2926 3487 3477 3488 2929 2926 3456 3488 3478 3489 2917 3490 2920 3489 2927 2928 2929 3491 3492 2919 2921 3493 3468 3456 2926 3456 2921 3491 3479 3493 2921 2966 3471 2967 2978 2980 3481 2977 2973 3494 3471 2974 2976 2977 2976 2973 3494 3482 3495 3494 2973 3482 3495 3483 3496 3495 3482 3483 3496 3484 3497 3496 3483 3484 3497 3485 3498 3497 3484 3485 3498 3486 3499 3498 3485 3486 3499 3487 3500 3499 3486 3487 3500 3488 3501 3500 3487 3488 3501 3489 3502 3501 3488 3489 3502 2928 3503 3502 3489 2928 3503 2929 3492 3503 2928 2929 3492 3491 3490 2921 2920 3491 3456 3491 2929 3491 2920 3490 2919 2991 2920 3481 2967 2978 2976 2978 2967 3494 2833 2841 2845 2978 2977 3495 2825 2833 2841 2977 3494 3496 2823 2825 2833 3494 3495 3497 2821 2823 2825 3495 3496 3498 2853 2821 2823 3496 3497 3499 3054 2853 2821 3497 3498 3500 3059 3054 2853 3498 3499 3501 3060 3059 3054 3499 3500 3502 3065 3060 3059 3500 3501 3503 3067 3065 3060 3501 3502 3492 3069 3067 3065 3502 3503 3490 3070 3069 3067 3503 3492 2917 2908 3070 3069 3492 3490 2909 2908 2917 3070 3490 2917 3504 3505 3506 3507 3508 3506 3504 3506 3508 3507 3509 3510 3510 3508 3507 3511 3509 3512 3509 3511 3510 3513 3514 3512 3511 3512 3514 3513 3515 3516 3516 3514 3513 3517 3515 3518 3515 3517 3516 3519 3520 3518 3517 3518 3520 3519 3521 3522 3522 3520 3519 3523 3521 3524 3521 3523 3522 3525 3526 3524 3523 3524 3526 3525 3527 3528 3528 3526 3525 3529 3527 3530 3527 3529 3528 3531 3532 3530 3529 3530 3532 3531 3533 3534 3534 3532 3531 3535 3533 3536 3533 3535 3534 3537 3538 3536 3535 3536 3538 3537 3539 3540 3540 3538 3537 3541 3539 3542 3539 3541 3540 3543 3544 3542 3541 3542 3544 3543 3545 3546 3546 3544 3543 3547 3545 3548 3545 3547 3546 3549 3550 3548 3547 3548 3550 3549 3551 3552 3552 3550 3549 3553 3551 3554 3551 3553 3552 3555 3556 3554 3553 3554 3556 3555 3557 3558 3558 3556 3555 3559 3557 3560 3557 3559 3558 3561 3562 3560 3559 3560 3562 3561 3563 3564 3564 3562 3561 3565 3563 3566 3563 3565 3564 3567 3568 3566 3565 3566 3568 3569 3568 3567 3570 3505 3504 3571 3570 3572 3570 3571 3505 3573 3574 3572 3571 3572 3574 3573 3575 3576 3576 3574 3573 3577 3575 3578 3575 3577 3576 3579 3580 3578 3577 3578 3580 3579 3581 3582 3582 3580 3579 3583 3581 3584 3581 3583 3582 3585 3586 3584 3583 3584 3586 3585 3587 3588 3588 3586 3585 3589 3587 3590 3587 3589 3588 3591 3592 3590 3589 3590 3592 3591 3593 3594 3594 3592 3591 3595 3593 3596 3593 3595 3594 3597 3598 3596 3595 3596 3598 3597 3599 3600 3600 3598 3597 3601 3599 3602 3599 3601 3600 3603 3604 3602 3601 3602 3604 3603 3605 3606 3606 3604 3603 3607 3605 3608 3605 3607 3606 3609 3610 3608 3607 3608 3610 3609 3611 3612 3612 3610 3609 3613 3611 3614 3611 3613 3612 3615 3616 3614 3613 3614 3616 3615 3617 3618 3618 3616 3615 3619 3617 3620 3617 3619 3618 3621 3622 3620 3619 3620 3622 3621 3623 3624 3624 3622 3621 3625 3623 3626 3623 3625 3624 3627 3628 3626 3625 3626 3628 3627 3629 3630 3630 3628 3627 3631 3629 3569 3629 3631 3630 3631 3569 3567 3632 3633 3634 3635 3632 3636 3637 3638 3639 3640 3641 3642 3632 3635 3633 3643 3635 3636 3634 3644 3645 3637 3639 3646 3647 3648 3649 3650 3651 3652 3643 3653 3654 3655 3649 3648 3649 3655 3656 3654 3649 3656 3656 3657 3654 3647 3650 3652 3658 3634 3659 3644 3634 3633 3660 3645 3644 3661 3658 3662 3663 3664 3665 3666 3667 3668 3669 3670 3671 3662 3665 3672 3670 3673 3674 3675 3676 3677 3678 3679 3680 3674 3681 3682 3669 3683 3673 3678 3684 3669 3683 3685 3686 3687 3688 3689 3690 3691 3692 3693 3686 3694 3695 3696 3690 3697 3698 3699 3700 3701 3696 3702 3699 3703 3704 3705 3706 3707 3708 3709 3710 3692 3709 3711 3712 3710 3705 3713 3706 3714 3715 3705 3716 3717 3718 3700 3717 3719 3704 3720 3714 3721 3722 3723 3724 3725 3726 3727 3728 3729 3730 3731 3732 3733 3734 3735 3728 3727 3736 3737 3738 3739 3740 3741 3742 3743 3744 3734 3745 3746 3739 3747 3748 3749 3733 3750 3743 3751 3752 3753 3747 3754 3755 3730 3732 3756 3753 3731 3730 3757 3758 3759 3759 3760 3732 3761 3762 3763 3757 3764 3765 3766 3767 3768 3769 3770 3763 3771 3766 3772 3773 3774 3775 3776 3777 3778 3779 3774 3776 3780 3781 3782 3777 3783 3784 3654 3785 3643 3786 3787 3785 3786 3654 3657 3654 3786 3785 3762 3788 3765 3789 3790 3791 3792 3793 3751 3794 3795 3740 3796 3797 3794 3748 3798 3733 3799 3800 3801 3802 3727 3729 3749 3752 3754 3802 3803 3804 3805 3793 3806 3807 3806 3720 3714 3806 3792 3808 3809 3810 3759 3811 3812 3730 3813 3753 3716 3814 3720 3815 3816 3817 3719 3716 3704 3818 3715 3792 3717 3819 3820 3819 3712 3821 3700 3695 3819 3692 3712 3695 3822 3823 3824 3825 3826 3827 3708 3828 3710 3829 3830 3831 3708 3702 3832 3833 3834 3835 3697 3702 3707 3681 3693 3698 3833 3699 3693 3673 3686 3681 3835 3836 3837 3838 3683 3684 3839 3707 3840 3684 3680 3841 3839 3842 3697 3843 3680 3844 3845 3846 3847 3848 3844 3679 3849 3850 3851 3667 3852 3848 3853 3844 3852 3854 3665 3855 3856 3852 3854 3857 3858 3859 3854 3667 3672 3860 3861 3862 3863 3679 3864 3865 3663 3866 3659 3663 3662 3867 3868 3869 3668 3848 3863 3870 3871 3866 3659 3645 3866 3870 3872 3873 3870 3645 3660 3874 3875 3876 3660 3872 3870 3873 3877 3878 3658 3632 3634 3879 3880 3881 3878 3877 3880 3882 3883 3884 3878 3880 3879 3885 3881 3886 3881 3885 3879 3886 3887 3884 3888 3889 3878 3890 3891 3892 3884 3887 3890 3890 3882 3884 3887 3891 3890 3892 3893 3894 3893 3804 3894 3803 3895 3804 3894 3804 3895 3653 3649 3654 3652 3648 3647 3896 3897 3898 3653 3643 3636 3653 3899 3649 3642 3636 3632 3636 3641 3653 3900 3901 3640 3636 3642 3641 3661 3642 3658 3632 3658 3642 3878 3889 3873 3878 3879 3888 3873 3872 3877 3659 3634 3645 3885 3902 3879 3645 3870 3866 3874 3889 3868 3873 3889 3871 3903 3882 3890 3904 3905 3906 3885 3886 3884 3888 3879 3902 3907 3883 3882 3885 3884 3883 3908 3905 3894 3894 3909 3908 3891 3893 3892 3903 3892 3905 3895 3909 3894 3899 3647 3649 3910 3651 3650 3637 3910 3650 3899 3653 3641 3911 3647 3899 3897 3896 3638 3899 3641 3901 3912 3913 3900 3640 3901 3641 3666 3640 3661 3640 3642 3661 3889 3874 3871 3889 3888 3868 3871 3870 3873 3659 3662 3658 3902 3869 3888 3659 3866 3663 3914 3915 3916 3871 3874 3865 3917 3883 3907 3918 3907 3882 3902 3885 3883 3868 3888 3869 3917 3907 3915 3883 3917 3902 3903 3905 3904 3892 3894 3905 3890 3892 3903 3918 3903 3904 3908 3906 3905 3650 3647 3911 3646 3910 3637 3919 3920 3921 3911 3899 3901 3911 3922 3650 3920 3919 3897 3911 3901 3913 3672 3666 3661 3900 3913 3901 3668 3900 3666 3640 3666 3900 3874 3876 3865 3874 3868 3875 3865 3866 3871 3662 3672 3661 3923 3916 3915 3662 3663 3665 3924 3876 3925 3876 3664 3865 3914 3917 3915 3915 3907 3926 3869 3902 3917 3867 3875 3868 3927 3918 3904 3869 3917 3914 3928 3927 3904 3929 3904 3906 3882 3903 3918 3926 3918 3927 3928 3904 3929 3637 3650 3922 3896 3639 3638 3930 3931 3932 3922 3911 3913 3922 3933 3637 3934 3931 3930 3913 3935 3922 3936 3937 3938 3912 3935 3913 3863 3912 3668 3912 3900 3668 3876 3924 3664 3875 3925 3876 3664 3663 3865 3667 3666 3672 3875 3867 3939 3672 3665 3854 3940 3924 3941 3924 3855 3664 3861 3914 3916 3916 3862 3861 3867 3869 3914 3939 3925 3875 3926 3927 3942 3867 3914 3861 3943 3942 3927 3943 3927 3944 3907 3918 3926 3923 3926 3942 3928 3944 3927 3933 3638 3637 3919 3898 3897 3945 3946 3947 3933 3922 3935 3933 3948 3638 3938 3935 3912 3935 3937 3933 3949 3950 3936 3938 3937 3935 3864 3938 3863 3912 3863 3938 3924 3940 3855 3924 3925 3941 3855 3665 3664 3848 3668 3667 3939 3951 3925 3667 3854 3852 3952 3940 3676 3855 3940 3856 3953 3954 3955 3953 3862 3916 3939 3867 3861 3941 3925 3951 3857 3860 3862 3939 3861 3860 3923 3942 3954 3942 3956 3957 3915 3926 3923 3953 3923 3954 3943 3956 3942 3948 3897 3638 3958 3921 3920 3930 3958 3920 3948 3933 3937 3959 3897 3948 3946 3945 3934 3948 3937 3950 3960 3961 3949 3936 3950 3937 3671 3936 3864 3936 3938 3864 3940 3952 3856 3940 3941 3676 3856 3854 3855 3679 3863 3848 3951 3677 3941 3848 3852 3844 3851 3850 3952 3856 3952 3853 3962 3860 3857 3963 3857 3862 3951 3939 3860 3676 3941 3677 3962 3857 3859 3951 3860 3962 3964 3955 3954 3954 3942 3957 3916 3923 3953 3963 3953 3955 3964 3954 3957 3920 3897 3959 3932 3958 3930 3965 3966 3967 3959 3948 3950 3959 3968 3920 3966 3965 3946 3959 3950 3961 3678 3671 3864 3950 3949 3961 3671 3670 3949 3936 3671 3949 3952 3850 3853 3952 3676 3851 3853 3852 3856 3679 3678 3864 3969 3970 3859 3679 3844 3680 3971 3850 3849 3850 3843 3853 3972 3962 3859 3859 3970 3972 3677 3951 3962 3675 3851 3676 3973 3963 3955 3677 3962 3972 3974 3973 3955 3975 3955 3964 3862 3953 3963 3858 3963 3973 3974 3955 3975 3930 3920 3968 3945 3931 3934 3976 3977 3978 3968 3959 3961 3968 3979 3930 3980 3977 3976 3961 3981 3968 3982 3983 3984 3960 3981 3961 3674 3960 3670 3949 3670 3960 3850 3971 3843 3985 3986 3987 3843 3844 3853 3669 3671 3678 3851 3675 3988 3678 3680 3684 3989 3971 3990 3971 3841 3843 3985 3972 3970 3991 3992 3993 3675 3677 3972 3988 3849 3851 3986 3985 3970 3675 3972 3985 3994 3992 3973 3994 3973 3995 3857 3963 3858 3969 3858 3992 3974 3995 3973 3979 3934 3930 3965 3947 3946 3996 3997 3998 3979 3968 3981 3979 3999 3934 3984 3981 3960 3981 3983 3979 4000 4001 3982 3984 3983 3981 3984 3674 3682 3960 3674 3984 3971 3989 3841 3971 3849 3990 3841 3680 3843 3673 3670 3669 3988 4002 3849 3669 3684 3683 4003 3989 4004 3841 3989 3838 4005 3991 4006 4005 3986 3970 3988 3675 3985 3990 3849 4002 3846 3987 3986 3988 3985 3987 3969 3992 3991 3858 3973 3992 3859 3858 3969 4005 3969 3991 3994 3993 3992 3999 3946 3934 4007 3967 3966 3976 4007 3966 3999 3979 3983 4008 3946 3999 3997 3996 3980 3999 3983 4001 4009 4010 4011 3982 4001 3983 3842 3982 3682 3982 3984 3682 3989 4003 3838 3989 3990 4004 3838 3684 3841 3681 3674 3673 4002 4012 3990 3673 3683 3686 4013 4014 4003 3838 4003 3685 4015 3987 3846 4016 3846 3986 4002 3988 3987 4004 3990 4012 4015 3846 3845 4002 3987 4015 4017 4006 3991 4018 3991 3993 3970 3969 4005 4016 4005 4006 4017 3991 4018 3966 3946 4008 3978 4007 3976 4019 4020 4021 4008 3999 4001 4008 4022 3966 4020 4019 4023 4008 4001 4024 3698 3842 3682 4000 4024 4001 3842 3839 4000 3982 3842 4000 4003 4014 3685 4003 4004 4013 3685 3683 3838 3681 3698 3682 4004 4012 4025 3681 3686 3693 3834 4014 4026 4014 3694 3685 3688 4015 3845 3845 3689 3688 4012 4002 4015 4025 4013 4004 4027 4016 4006 4012 4015 3688 4028 4027 4006 4029 4006 4017 3986 4005 4016 3847 4016 4027 4028 4006 4029 3976 3966 4022 3996 3977 3980 4023 4030 4031 4022 4008 4024 4022 4032 3976 4024 4000 4009 4024 4011 4022 4033 4034 4010 4009 4011 4024 3840 4009 3839 4000 3839 4009 4014 3834 3694 4014 4013 4026 3694 3686 3685 3697 3842 3698 4013 4025 4035 3698 3693 3699 3835 3834 4036 3694 3834 3833 4037 3689 3845 4038 4039 4040 4025 4012 3688 4035 4026 4013 4041 3687 3689 4025 3688 3687 4042 4039 4027 4042 4027 4043 3846 4016 3847 4037 3847 4039 4028 4043 4027 4032 3980 3976 4044 3998 3997 4019 4044 3997 4032 4022 4011 4045 3980 4032 4030 4023 4046 4032 4011 4034 4047 4048 4033 4010 4034 4011 3691 4010 3840 4010 4009 3840 4049 4050 4051 3834 4026 4036 3833 3693 3694 3697 3707 3839 4035 4052 4026 3697 3699 3702 4049 4053 4050 3833 3835 3703 4054 3687 4041 4055 4041 3689 4035 4025 3687 4036 4026 4052 4054 4041 4050 3687 4054 4035 4037 4039 4038 3847 4027 4039 3845 3847 4037 4055 4037 4038 4042 4040 4039 3997 3980 4045 4021 4044 4019 4056 4057 4058 4045 4032 4034 4045 4059 3997 4057 4056 4046 4045 4034 4048 3709 3691 3840 4033 4048 4034 3690 4033 3691 4010 3691 4033 3835 3837 3703 3835 4036 3836 3703 3699 3833 3709 3840 3707 4052 4060 4036 3707 3702 3708 4061 3837 4062 3837 3832 3703 4053 4054 4050 4050 4041 4063 4052 4035 4054 4060 3836 4036 4064 4055 4038 4052 4054 4053 4065 4064 4038 4066 4038 4040 3689 4037 4055 4063 4055 4064 4065 4038 4066 4019 3997 4059 4031 4020 4023 4067 4068 4069 4059 4045 4048 4059 4070 4019 4071 4068 4067 4048 4072 4059 4073 4074 4075 4047 4072 4048 3696 4047 3690 4047 4033 3690 3837 4061 3832 3836 4062 3837 3832 3702 3703 3692 3691 3709 3836 4060 4076 3709 3708 3710 4077 4061 4078 4061 3828 3832 3831 4053 4049 4049 3829 3831 4060 4052 4053 4076 4062 3836 4063 4064 4079 4060 4053 3831 4080 4079 4064 4080 4064 4081 4041 4055 4063 4051 4063 4079 4065 4081 4064 4070 4023 4019 4056 4030 4046 4082 4083 4084 4070 4059 4072 4070 4085 4023 4075 4072 4047 4072 4074 4070 3713 4086 4073 4072 4075 4074 3701 4075 3696 4047 3696 4075 4061 4077 3828 4061 4062 4078 3828 3708 3832 3695 3690 3692 4076 4087 4062 3692 3710 3712 3825 4077 3823 3828 4077 3711 4088 4089 4090 4088 3829 4049 4076 4060 3831 4078 4062 4087 4091 3830 3829 4076 3831 3830 4051 4079 4089 4079 4092 4093 4050 4063 4051 4088 4051 4089 4080 4092 4079 4085 4046 4023 4094 4058 4057 4067 4094 4057 4085 4070 4074 4095 4046 4085 4083 4082 4071 4085 4074 4086 4096 4097 3713 4073 4086 4074 3706 4073 3701 4073 4075 3701 4077 3825 3711 4077 4078 3823 3711 3710 3828 3700 3696 3695 4087 3824 4078 3695 3712 3819 4098 4099 4100 3711 3825 3821 4101 3830 4091 4102 4091 3829 4087 4076 3830 3823 4078 3824 4101 4091 4099 4087 3830 4101 4103 4090 4089 4089 4079 4093 4049 4051 4088 4102 4088 4090 4103 4089 4093 4057 4046 4095 4069 4094 4067 4104 4105 4106 4095 4085 4086 4095 4107 4057 4105 4104 4083 4095 4086 4097 3719 3706 3701 3713 4097 4086 3826 4108 3827 4073 3706 3713 3825 3827 3821 3825 3823 3826 3821 3712 3711 3700 3719 3701 4109 4100 4099 3700 3819 3717 4110 3827 4108 3827 3820 3821 4098 4101 4099 4099 4091 4111 3824 4087 4101 3822 3826 3823 4112 4102 4090 3824 4101 4098 4113 4112 4090 4114 4090 4103 3829 4088 4102 4111 4102 4112 4113 4090 4114 4067 4057 4107 4082 4068 4071 4115 4116 4117 4107 4095 4097 4107 4118 4067 4119 4116 4115 4097 4120 4107 4121 4122 4123 4096 4120 4097 3715 4096 3705 4096 3713 3705 3827 4110 3820 4124 4125 4126 3820 3819 3821 3704 3706 3719 3826 3822 4127 3719 3717 3716 4128 4110 4129 4110 3718 3820 4124 4098 4100 4130 4131 4132 3822 3824 4098 4127 4108 3826 4125 4124 4100 3822 4098 4124 4133 4131 4112 4133 4112 4134 4091 4102 4111 4109 4111 4131 4113 4134 4112 4118 4071 4067 4104 4084 4083 4135 4136 4137 4118 4107 4120 4118 4138 4071 4123 4120 4096 4120 4122 4118 4139 4140 4121 4123 4122 4120 3818 4123 3715 4096 3715 4123 4110 4128 3718 4110 4108 4129 3718 3717 3820 3714 3705 3704 4127 4141 4108 3704 3716 3720 4142 4128 4143 3718 4128 3814 4144 4130 4145 4144 4125 4100 4127 3822 4124 4129 4108 4141 3817 4126 4125 4127 4124 4126 4109 4131 4130 4111 4112 4131 4099 4111 4109 4144 4109 4130 4133 4132 4131 4138 4083 4071 4146 4106 4105 4115 4146 4105 4138 4118 4122 4147 4083 4138 4136 4135 4119 4138 4122 4140 3756 3760 4148 4121 4140 4122 3813 4121 3818 4121 4123 3818 4128 4142 3814 4128 4129 4143 3814 3716 3718 3792 3715 3714 4141 4149 4129 3714 3720 3806 3722 3721 4142 3814 4142 3807 4150 4126 3817 4151 3817 4125 4141 4127 4126 4143 4129 4149 4150 3817 3816 4141 4126 4150 4152 4145 4130 4153 4130 4132 4100 4109 4144 4151 4144 4145 4152 4130 4153 4105 4083 4147 4117 4146 4115 4154 4155 4156 4147 4138 4140 4147 4157 4105 4154 4158 4136 4147 4140 4159 3751 3813 3818 4140 4139 4159 3813 3730 4139 4121 3813 4139 4142 3721 3807 4142 4143 3722 3807 3720 3814 3751 3818 3792 4143 4149 4160 3792 3806 3793 3755 3721 3723 3721 3805 3807 3810 4150 3816 3816 3808 3810 4149 4141 4150 4160 3722 4143 4161 4151 4145 4149 4150 3810 4162 4161 4145 4163 4145 4152 4125 4144 4151 3815 4151 4161 4162 4145 4163 4115 4105 4157 4135 4116 4119 4164 4165 4166 4157 4147 4159 4157 4167 4115 4159 4139 3756 4159 4148 4157 3758 4168 3760 4148 4159 3756 3793 3754 3752 4139 3730 3756 3721 3755 3805 3725 4169 3726 3805 3806 3807 3813 3751 3753 3722 4160 4170 3751 3793 3752 3747 3755 4171 3805 3755 3754 4172 3808 3816 4173 4174 4175 4160 4149 3810 4170 3723 3722 4176 3809 3808 4160 3810 3809 4177 4174 4161 4177 4161 4178 3817 4151 3815 4172 3815 4174 4162 4178 4161 4167 4119 4115 4158 4137 4136 4179 4180 4181 4167 4157 4148 4182 4119 4167 4164 4166 4183 4148 4168 4167 3758 3765 4184 3760 4168 4148 4185 3753 3752 3760 3756 3732 4186 4187 4188 3755 3723 4171 3754 3793 3805 4185 3731 3753 4170 4189 3723 3752 3749 4185 3748 3747 3798 3754 3747 3749 4190 3809 4176 4191 4176 3808 4170 4160 3809 4171 3723 4189 3726 4190 4176 4170 3809 4190 4172 4174 4173 3815 4161 4174 3816 3815 4172 4191 4172 4173 4177 4175 4174 4136 4119 4182 4156 4158 4154 4166 4155 4154 4182 4167 4168 4192 4136 4182 4180 4179 4183 4184 4182 4168 3731 3811 3732 3758 4184 4168 4185 4193 3731 3758 3760 3759 3749 4194 4185 3759 3732 3811 3747 4171 3798 3811 3731 4193 4189 4195 4171 4185 4194 4193 3735 3748 3733 3749 3748 4194 4169 4190 3726 4196 3726 4176 4189 4170 4190 4195 3798 4171 4197 4191 4173 4189 4190 4169 4198 4197 4173 4199 4173 4175 3808 4172 4191 4196 4191 4197 4198 4173 4199 4154 4136 4192 4165 4155 4166 4200 4201 4202 4192 4182 4184 4192 4203 4154 3773 4201 4200 3788 4192 4184 3811 4193 4204 3788 4184 3765 4193 4194 4205 3758 3757 3765 4194 3748 3735 3759 3812 3757 3789 4206 3790 3812 3811 4204 3798 4195 3750 4204 4193 4205 4207 3735 3734 4194 3735 4205 4188 4169 3725 3725 4186 4188 4195 4189 4169 3750 3733 3798 4208 4196 4197 4195 4169 4188 4209 4208 4197 4209 4197 4210 4176 4191 4196 3724 4196 4208 4198 4210 4197 4203 4166 4154 4179 4164 4183 3775 3774 4211 4203 4192 3788 4203 4212 4166 4213 3785 3783 4203 3788 3761 4214 3757 3812 3761 3788 3762 4215 3812 4204 3764 3762 3765 4216 4204 4205 4214 3764 3757 4207 4205 3735 4215 4214 3812 3746 4217 4218 4215 4204 4216 4207 4219 4206 4207 4216 4205 4220 4186 3725 4221 4222 4223 3750 4195 4188 3734 3733 3743 4224 4187 4186 3750 4188 4187 4225 4222 4208 4208 4226 4225 3726 4196 3724 4220 3724 4222 4209 4226 4208 4212 4183 4166 4227 4181 4180 4200 4227 4180 4212 4203 3761 4212 4228 4183 4229 3762 3764 4212 3761 3770 4230 3764 4214 3763 3770 3761 4231 4214 4215 4229 3763 3762 4232 4215 4216 4230 4229 3764 4206 4216 4207 4231 4230 4214 4219 4207 3734 4231 4215 4232 3745 4217 3746 4232 4216 4206 4233 4187 4224 4234 4224 4186 3743 3750 4187 4219 3734 3744 4233 4224 4217 4187 4233 3743 4220 4222 4221 3724 4208 4222 3725 3724 4220 4234 4220 4221 4225 4223 4222 4180 4183 4228 4202 4227 4200 3779 3776 4235 4228 4212 3770 4180 4228 4236 4237 3763 4229 4228 3770 3767 4238 4229 4230 3769 3767 3770 4239 4230 4231 4237 3769 3763 4240 4231 4232 4238 4237 4229 3789 4232 4206 4239 4238 4230 3790 4206 4219 4240 4239 4231 3738 4219 3744 4240 4232 3789 3745 4233 4217 4217 4224 4241 3744 3743 4233 3738 3790 4219 4242 4234 4221 3744 4233 3745 4243 4242 4221 4244 4221 4223 4186 4220 4234 4241 4234 4242 4243 4221 4244 4200 4180 4236 3775 4201 3773 3777 3784 4245 4236 4228 3767 4200 4236 4246 3769 4247 3768 3766 4236 3767 4237 4248 4247 3768 3767 3769 4238 4249 4248 4247 3769 4237 4239 4250 4249 4248 4237 4238 4240 4251 4250 4249 4238 4239 3789 3791 4251 4250 4239 4240 3790 3737 3791 4251 4240 3789 4252 3739 3742 3746 3742 3739 3738 3744 3745 3790 3738 3737 4241 4242 4253 3738 3745 3739 4254 4253 4242 4254 4242 4255 4224 4234 4241 4218 4241 4253 4243 4255 4242 4246 3773 4200 3779 4211 3774 4256 3772 3768 4246 4236 3766 3773 4246 4257 4258 4256 4247 3771 4246 3766 4259 4258 4248 3772 3766 3768 4260 4259 4249 4256 3768 4247 4261 4260 4250 4258 4247 4248 4262 4261 4251 4259 4248 4249 4263 4262 3791 4260 4249 4250 4252 4263 3737 4261 4250 4251 3736 3795 4264 3791 4262 4251 3796 3742 3746 3791 3737 4263 3741 4252 3742 3737 3739 4252 4218 4253 3797 4253 4265 4266 4217 4241 4218 3796 4218 3797 4254 4265 4253 4257 3774 3773 3778 4235 3776 3771 4267 4268 4257 4246 3771 3774 4257 4269 3772 4270 4267 4257 3771 4268 4256 4271 4270 3771 3772 4267 4258 4272 4271 3772 4256 4270 4259 4273 4272 4256 4258 4271 4260 4274 4273 4258 4259 4272 4261 4275 4274 4259 4260 4273 4262 4276 4275 4260 4261 4274 4263 4277 4276 4261 4262 4275 4252 3741 4277 4276 4262 4263 4277 3741 3799 4263 4252 4277 4278 3794 3797 3797 4253 4266 3746 4218 3796 3740 3796 3794 4278 3797 4266 3776 3774 4269 4245 3778 3777 4268 4279 4280 4269 4257 4268 3776 4269 4281 4267 4282 4279 4269 4268 4280 4270 4283 4282 4268 4267 4279 4271 4284 4283 4267 4270 4282 4272 4285 4284 4270 4271 4283 4273 4286 4285 4271 4272 4284 4274 4287 4286 4272 4273 4285 4275 4288 4287 4273 4274 4286 4276 4289 4288 4274 4275 4287 4277 3799 4289 4275 4276 4288 3741 4290 3799 4277 4289 4276 4291 3795 3794 4292 3794 4278 3742 3796 3740 4290 3740 3795 4291 3794 4292 3777 3776 4281 3783 4293 3784 3780 4281 4280 4281 4269 4280 4281 3780 3782 4294 4280 4279 4280 4294 3780 4295 4279 4282 4279 4295 4294 4296 4282 4283 4282 4296 4295 4297 4283 4284 4283 4297 4296 4298 4284 4285 4284 4298 4297 4299 4285 4286 4285 4299 4298 4300 4286 4287 4286 4300 4299 4301 4287 4288 4287 4301 4300 4302 4288 4289 4288 4302 4301 3801 4289 3799 4289 3801 4302 3800 3799 4290 4264 3795 4303 3741 3740 4290 3800 4290 3736 4291 4303 3795 3783 3777 3782 3785 3787 4293 4294 4304 3780 3777 4281 3782 3782 3781 4213 4295 4305 4294 3780 4304 3781 4296 4306 4295 4294 4305 4304 4297 4307 4296 4295 4306 4305 4298 4308 4297 4296 4307 4306 4299 4309 4298 4297 4308 4307 4300 4310 4299 4298 4309 4308 4301 4311 4300 4299 4310 4309 4302 4312 4301 4300 4311 4310 3801 4313 4302 4301 4312 4311 3800 4314 3801 4302 4313 4312 3727 3800 3736 4314 4313 3801 4290 3795 3736 4314 3800 3727 4264 3728 3736 4293 3783 3785 3783 3782 4213 3643 4213 3635 3785 4213 3643 3635 3781 3633 4213 3781 3635 3633 4304 3644 3781 4304 3633 3644 4305 3660 4304 4305 3644 3660 4306 3872 4305 4306 3660 3872 4307 3877 4306 4307 3872 3877 4308 3880 4307 4308 3877 3880 4309 3881 4308 4309 3880 3881 4310 3886 4309 4310 3881 3886 4311 3887 4310 4311 3886 3887 4312 3891 4311 4312 3887 3891 4313 3893 4312 4313 3891 3893 4314 3804 4313 4314 3893 3802 3804 3727 4314 3727 3804 4315 4316 4317 4318 4319 4320 4321 4322 4323 4324 4325 4326 4327 4328 4329 4330 4331 4326 4332 4329 4328 4330 4333 4331 4334 4332 4322 4331 4335 4336 4337 4321 4338 4331 4336 4326 4337 4339 4340 4341 4342 4343 4344 4345 4346 4347 4348 4349 4340 4350 4347 4339 4351 4352 4353 4354 4355 4356 4357 4358 4339 4352 4350 4359 4360 4361 4362 4363 4364 4365 4366 4367 4368 4369 4370 4371 4368 4372 4373 4374 4369 4375 4357 4376 4377 4378 4362 4379 4363 4373 4376 4357 4356 4380 4381 4367 4382 4380 4371 4346 4341 4344 4378 4383 4357 4316 4315 4384 4372 4385 4386 4356 4358 4387 4372 4386 4382 4360 4388 4387 4317 4389 4390 4316 4389 4317 4349 4391 4353 4361 4355 4392 4393 4394 4395 4320 4396 4397 4318 4320 4398 4389 4399 4390 4399 4398 4400 4366 4365 4384 4366 4384 4315 4367 4381 4365 4380 4382 4381 4371 4372 4382 4368 4370 4372 4369 4374 4370 4369 4379 4373 4379 4364 4363 4364 4377 4362 4377 4383 4378 4383 4358 4357 4387 4388 4356 4360 4359 4388 4361 4392 4359 4355 4354 4392 4353 4391 4354 4349 4348 4391 4347 4350 4348 4340 4339 4350 4337 4338 4339 4321 4323 4338 4321 4334 4322 4334 4329 4332 4327 4325 4324 4327 4324 4328 4325 4330 4326 4333 4401 4331 4343 4342 4401 4343 4401 4333 4341 4346 4342 4344 4394 4345 4395 4396 4393 4344 4395 4394 4320 4397 4398 4393 4396 4320 4399 4400 4390 4398 4397 4400</p>
        </triangles>
      </mesh>
    </geometry>
    <geometry id="ID20">
      <mesh>
        <source id="ID21">
          <float_array count="4416" id="ID22">0.0240663 0.00412658 0.00799018 0.0238051 0.00408179 0.00812381 0.0241525 -5.91566e-18 0.00812381 0.0243015 0.00416692 0.00781368 0.0244175 -5.98057e-18 0.00799018 -0.00114043 0.0252238 0.0065 0.00107057 0.0252021 0.00679575 -6.71957e-06 0.0252494 0.0065 0.0232478 0.00821395 0.00781368 0.0234414 0.00828238 0.00759938 0.00338153 0.025022 0.0065 0.00225811 0.0251486 0.0065 -0.003204 0.0250205 0.00679575 -0.0022677 0.0251478 0.0065 0.024504 0.00420162 0.00759938 0.0246562 -6.03902e-18 0.00781368 0.00531435 0.0246587 0.00679575 0.00450279 0.0248447 0.0065 0.0235981 0.00833775 0.00735347 0.007795 0.024016 0.0065 0.00671146 0.0243414 0.0065 0.0109493 0.0227521 0.0065 0.0132256 0.0214797 0.00679575 0.0119581 0.0222381 0.0065 0.0248616 -6.08933e-18 0.00759938 0.0246678 0.00422971 0.00735347 0.0196258 0.0158467 0.00679575 0.0182449 0.0174546 0.0065 0.0166654 0.0189356 0.00679575 0.0174458 0.0182537 0.0065 0.0148354 0.0204317 0.0065 0.013907 0.0210749 0.0065 0.0237839 0.00840339 0.00679575 0.0227464 0.0109612 0.0065 0.0220216 0.012302 0.00679575 0.0157371 0.0197452 0.0065 0.024862 0.00426302 0.00679575 0.0243378 0.00672413 0.0065 0.0250278 -6.13004e-18 0.00735347 0.0247883 0.00425038 0.00708299 0.0190104 0.0166174 0.0065 0.0222341 0.0119668 0.0065 0.0216726 0.012955 0.0065 0.0210682 0.0139164 0.0065 0.0204242 0.014846 0.0065 0.0232144 0.00993083 0.0065 0.02515 -6.15998e-18 0.00708299 0.0252248 -6.1783e-18 0.00679575 0.0251472 0.00227085 0.0065 0.0246146 0.00562582 0.0065 0.0240132 0.00780553 0.0065 0.0250208 0.00339342 0.0065 0.0248436 0.00451062 0.0065 0.02525 0 0.0065 0.0252236 0.00113971 0.0065 0.0236381 0.00887571 0.0065 -0.00451571 0.0248423 0.0065 -0.00562557 0.0246149 0.0065 0.0191834 0.0154895 0.00781368 0.0215252 0.0120247 0.00781368 0.0193432 0.0156185 0.00759938 0.0230227 0.00813445 0.00799018 0.0238687 -5.84614e-18 0.00821072 -0.00887927 0.0236366 0.0065 -0.00992981 0.0232152 0.0065 -0.0073864 0.0241191 0.00679575 0.0235254 0.00403383 0.00821072 0.0164254 0.0186629 0.00759938 0.0162897 0.0185087 0.00781368 0.0210855 0.0117791 0.00812381 0.0213169 0.0119083 0.00799018 0.0189977 0.0153396 0.00799018 0.0227728 0.00804616 0.00812381 0.0235743 -5.77403e-18 0.00824842 -0.0149995 0.0202807 0.00679575 -0.0157475 0.0197369 0.0065 -0.0166185 0.0190095 0.0065 0.016132 0.0183296 0.00799018 0.0187915 0.0151731 0.00812381 0.0232352 0.00398407 0.00824842 0.0208377 0.0116406 0.00821072 0.0225052 0.00795161 0.00821072 0.0229429 0.00393395 0.00823583 0.0232777 -2.63762e-17 0.00823583 0.0159569 0.0181306 0.00812381 0.0185707 0.0149948 0.00821072 0.0222277 0.00785353 0.00824842 0.0229876 -2.60474e-17 0.00817329 0.021948 0.00775473 0.00823583 0.0226569 0.00388492 0.00817329 0.0205807 0.0114971 0.00824842 0.0157694 0.0179176 0.00821072 0.0183416 0.0148098 0.00824842 0.0203218 0.0113524 0.00823583 0.0216745 0.00765807 0.00817329 0.0227121 -2.57353e-17 0.00806262 0.0223855 0.00383837 0.00806262 0.0181109 0.0146235 0.00823583 0.0224594 -2.54489e-17 0.00790699 0.0200685 0.0112109 0.00817329 0.0214148 0.00756632 0.00806262 0.0123602 0.0200742 0.00824842 0.0125145 0.0203249 0.00821072 0.0088996 0.0221475 0.00821072 0.019828 0.0110766 0.00806262 0.0221363 0.00379566 0.00790699 0.0178851 0.0144412 0.00817329 0.015379 0.0174739 0.00823583 0.0151873 0.0172561 0.00817329 0.0222366 -2.51964e-17 0.00771089 0.0176709 0.0142682 0.00806262 0.0211765 0.00748212 0.00790699 0.0220501 -2.49851e-17 0.00747996 0.0219167 0.003758 0.00771089 0.0150053 0.0170494 0.00806262 0.0196074 0.0109533 0.00790699 0.0217329 0.00372649 0.00747996 0.0209664 0.00740789 0.00771089 0.0219053 -2.48211e-17 0.00722083 0.0174742 0.0141094 0.00790699 0.0215903 0.00370202 0.00722083 0.0207906 0.00734577 0.00747996 0.0194128 0.0108447 0.00771089 0.0173009 0.0139695 0.00771089 0.0192501 0.0107537 0.00747996 0.0146911 0.0166924 0.00771089 0.0171558 0.0138523 0.00747996 0.0119081 0.0193401 0.00806262 0.0117756 0.0191248 0.00790699 0.0148384 0.0168596 0.00790699 0.0191237 0.0106831 0.00722083 0.00837413 0.0208398 0.00790699 0.00846837 0.0210743 0.00806262 0.0116588 0.0189351 0.00771089 0.0145679 0.0165524 0.00747996 0.0144723 0.0164437 0.00722083 0.011561 0.0187763 0.00747996 0.00478498 0.0222024 0.00806262 0.00473173 0.0219553 0.00790699 -0.00681625 0.0222574 0.00823583 -0.00673128 0.0219799 0.00817329 -0.00291983 0.0228014 0.00817329 -0.0104797 0.0207853 0.00823583 -0.014018 0.0189536 0.00824842 -0.0138417 0.0187152 0.00823583 0.00829105 0.0206331 0.00771089 0.00468479 0.0217375 0.00771089 -0.00288485 0.0225282 0.00806262 0.000963931 0.0226917 0.00806262 0.000953204 0.0224392 0.00790699 -0.00285274 0.0222775 0.00790699 -0.0103491 0.0205262 0.00817329 -0.00665063 0.0217166 0.00806262 -0.00657662 0.0214749 0.00790699 -0.0102251 0.0202803 0.00806262 -0.0101113 0.0200546 0.00790699 -0.0217498 0.00983154 0.00821072 -0.0195315 0.013201 0.00824842 -0.0197754 0.0133659 0.00821072 -0.0136692 0.0184819 0.00817329 -0.0135054 0.0182605 0.00806262 -0.0233732 0.0060859 0.00812381 -0.0240655 0.00204827 0.00812381 -0.0230985 0.00601439 0.00821072 -0.016596 0.015906 0.00817329 -0.0168055 0.0161068 0.00823583 -0.0192858 0.0130349 0.00823583 -0.0212113 0.00958812 0.00823583 -0.0209469 0.0094686 0.00817329 -0.0190454 0.0128725 0.00817329 -0.0214815 0.00971027 0.00824842 -0.0240655 -0.00204827 0.00812381 -0.0237827 0.00202421 0.00821072 -0.0234893 0.00199924 0.00824842 -0.0225266 0.00586547 0.00823583 -0.0228136 0.0059402 0.00824842 -0.017949 -0.0172027 0.00759938 -0.0178007 -0.0170606 0.00781368 -0.0204279 -0.0138068 0.00781368 -0.0237827 -0.00202421 0.00821072 -0.0233732 -0.0060859 0.00812381 -0.0220084 -0.00994844 0.00812381 -0.02225 -0.0100576 0.00799018 -0.0202302 -0.0136732 0.00799018 -0.0230985 -0.00601439 0.00821072 -0.0234893 -0.00199924 0.00824842 -0.0228136 -0.0059402 0.00824842 -0.0217498 -0.00983154 0.00821072 -0.0200106 -0.0135248 0.00812381 0.0148476 -0.0204226 0.0065 0.0132256 -0.0214797 0.00679575 0.0139145 -0.0210694 0.0065 -0.0195315 -0.013201 0.00824842 -0.0197754 -0.0133659 0.00821072 -0.0172321 -0.0165157 0.00821072 -0.0176284 -0.0168954 0.00799018 0.0166654 -0.0189356 0.00679575 0.0157472 -0.0197377 0.0065 -0.0146614 -0.0198235 0.00781368 -0.0111928 -0.0221995 0.00759938 -0.0111003 -0.0220161 0.00781368 -0.017437 -0.0167121 0.00812381 -0.0145195 -0.0196316 0.00799018 -0.0109929 -0.0218031 0.00799018 -0.0143619 -0.0194185 0.00812381 0.0182555 -0.0174435 0.0065 0.0174537 -0.0182455 0.0065 0.0190179 -0.0166095 0.0065 0.0196258 -0.0158467 0.00679575 -0.00721989 -0.0235754 0.00781368 -0.00715001 -0.0233472 0.00799018 0.00105515 -0.0248392 0.00759938 -0.00315786 -0.0246602 0.00759938 0.00106221 -0.0250052 0.00735347 -0.00728003 -0.0237718 0.00759938 0.00097562 0.0229668 0.00817329 -0.00313177 -0.0244565 0.00781368 0.00523782 -0.0243035 0.00759938 0.00519455 -0.0241028 0.00781368 0.00104644 -0.024634 0.00781368 0.00926979 -0.0230688 0.00759938 0.00933177 -0.023223 0.00735347 0.0210766 -0.0139039 0.0065 0.0204314 -0.0148353 0.0065 0.00527283 -0.024466 0.00735347 0.0170431 0.0137614 0.00722083 0.00919322 -0.0228782 0.00781368 0.0130351 -0.0211703 0.00759938 0.0129274 -0.0209955 0.00781368 0.0190374 0.0106349 0.00694096 0.0222363 -0.0119621 0.0065 0.0227522 -0.0109483 0.0065 0.0220216 -0.012302 0.00679575 0.0131222 -0.0213119 0.00735347 0.0165352 -0.0187877 0.00735347 0.0232204 -0.00991763 0.0065 0.0236407 -0.00887003 0.0065 0.0237839 -0.00840339 0.00679575 0.0205608 0.0072646 0.00694096 0.0206541 0.00729754 0.00722083 0.0240152 -0.00779793 0.0065 0.0243416 -0.00670966 0.0065 0.0247883 -0.00425038 0.00708299 0.0217045 -0.0121249 0.00759938 0.0218496 -0.0122059 0.00735347 0.0235981 -0.00833775 0.00735347 0.0214928 0.00368531 0.00694096 0.0248444 -0.00450741 0.0065 0.024862 -0.00426302 0.00679575 0.024618 -0.00561282 0.0065 0.0250208 -0.00339342 0.0065 0.0237134 -0.00837848 0.00708299 0.0251472 -0.00227085 0.0065 0.0252236 -0.00113971 0.0065 0.004615 0.0214137 0.00577917 0.000925493 0.0217868 0.00605904 0.000929689 0.0218856 0.00577917 -0.014018 0.0189536 0.00475158 -0.0107458 0.021313 0.00478928 -0.0106132 0.0210501 0.00475158 -0.0162147 0.0155405 0.00509301 -0.0133551 0.0180573 0.00509301 -0.0160538 0.0153864 0.00528911 -0.0163972 0.0157154 0.00493738 -0.0135054 0.0182605 0.00493738 -0.0234893 0.00199924 0.00475158 -0.0234893 -0.00199924 0.00475158 -0.0237827 0.00202421 0.00478928 -0.0219707 0.00186998 0.00552004 -0.0213386 0.00555614 0.00552004 -0.0218264 0.0018577 0.00577917 -0.0202302 -0.0136732 0.00500982 -0.017437 -0.0167121 0.00487619 -0.0176284 -0.0168954 0.00500982 -0.0168055 -0.0161068 0.00476417 -0.0192858 -0.0130349 0.00476417 -0.016596 -0.015906 0.00482671 -0.0143619 -0.0194185 0.00487619 -0.0145195 -0.0196316 0.00500982 -0.0172321 -0.0165157 0.00478928 -0.0200106 -0.0135248 0.00487619 -0.0197754 -0.0133659 0.00478928 0.00103631 -0.0243955 0.00500982 -0.00313177 -0.0244565 0.00518632 -0.00310146 -0.0242198 0.00500982 -0.00681625 -0.0222574 0.00476417 -0.0106132 -0.0210501 0.00475158 -0.0104797 -0.0207853 0.00476417 -0.00721989 -0.0235754 0.00518632 0.00104644 -0.024634 0.00518632 0.00105515 -0.0248392 0.00540062 -0.00315786 -0.0246602 0.00540062 0.00933177 -0.023223 0.00564653 0.0130351 -0.0211703 0.00540062 0.0131222 -0.0213119 0.00564653 0.0132256 -0.0214797 0.00620425 0.0129521 -0.021675 0.0065 0.0119705 -0.0222318 0.0065 0.00514427 -0.0238695 0.00500982 0.00519455 -0.0241028 0.00518632 0.00910424 -0.0226568 0.00500982 0.0128023 -0.0207922 0.00500982 0.00919322 -0.0228782 0.00518632 0.00926979 -0.0230688 0.00540062 0.00523782 -0.0243035 0.00540062 0.0166654 -0.0189356 0.00620425 0.0166133 -0.0190148 0.0065 0.0196258 -0.0158467 0.00620425 0.0195676 -0.0157998 0.00591701 0.0164254 -0.0186629 0.00540062 0.0220216 -0.012302 0.00620425 0.0194725 -0.0157229 0.00564653 0.016616 -0.0188794 0.00591701 0.0165352 -0.0187877 0.00564653 0.0218496 -0.0122059 0.00564653 0.0234414 -0.00828238 0.00540062 0.0235981 -0.00833775 0.00564653 0.0237839 -0.00840339 0.00620425 0.0237134 -0.00837848 0.00591701 0.024862 -0.00426302 0.00620425 0.0217045 -0.0121249 0.00540062 0.0252248 -5.09866e-17 0.00620425 0.0129274 -0.0209955 0.00518632 0.016132 -0.0183296 0.00500982 0.0162897 -0.0185087 0.00518632 -0.00715001 -0.0233472 0.00500982 -0.0030678 -0.0239569 0.00487619 0.0109624 -0.0227455 0.0065 -0.0109929 -0.0218031 0.00500982 -0.0070724 -0.0230938 0.00487619 -0.0108735 -0.0215664 0.00487619 -0.0069893 -0.0228224 0.00478928 -0.0141931 -0.0191904 0.00478928 -0.00728003 -0.0237718 0.00540062 -0.0146614 -0.0198235 0.00518632 -0.0111003 -0.0220161 0.00518632 -0.0138417 -0.0187152 0.00476417 -0.0103491 -0.0205262 0.00482671 -0.0225266 -0.00586547 0.00476417 -0.0212113 -0.00958812 0.00476417 -0.0228136 -0.0059402 0.00475158 -0.0217498 -0.00983154 0.00478928 -0.0214815 -0.00971027 0.00475158 -0.0195315 -0.013201 0.00475158 -0.0230985 -0.00601439 0.00478928 -0.0220084 -0.00994844 0.00487619 -0.02225 -0.0100576 0.00500982 -0.0231939 0.00197409 0.00476417 -0.0229047 0.00194948 0.00482671 -0.0229047 -0.00194948 0.00482671 -0.0219793 0.00572296 0.00493738 -0.0226303 0.00192612 0.00493738 -0.0222458 0.00579236 0.00482671 -0.0231939 -0.00197409 0.00476417 -0.0225266 0.00586547 0.00476417 -0.0228136 0.0059402 0.00475158 -0.0204279 -0.0138068 0.00518632 -0.0224674 -0.0101559 0.00518632 -0.0230985 0.00601439 0.00478928 -0.020696 0.00935516 0.00493738 -0.0188172 0.0127182 0.00493738 -0.0204656 0.00925105 0.00509301 -0.0186078 0.0125767 0.00509301 -0.0200927 0.00908247 0.00552004 -0.0199608 0.00902284 0.00577917 -0.0211985 0.00551967 0.00577917 -0.0132226 0.0178781 0.00528911 -0.010011 0.0198556 0.00528911 -0.0131117 0.0177282 0.00552004 -0.0212113 0.00958812 0.00476417 -0.0214815 0.00971027 0.00475158 -0.0217498 0.00983154 0.00478928 -0.0220084 0.00994844 0.00487619 -0.0101113 0.0200546 0.00509301 -0.00645677 0.0210836 0.00552004 -0.00280076 0.0218715 0.00552004 -0.00641439 0.0209452 0.00577917 -0.0181488 0.0122664 0.00577917 -0.0159192 0.0152573 0.00552004 -0.0158147 0.0151572 0.00577917 -0.00651138 0.0212619 0.00528911 -0.00282444 0.0220565 0.00528911 -0.0136692 0.0184819 0.00482671 -0.016596 0.015906 0.00482671 -0.0138417 0.0187152 0.00476417 -0.0168055 0.0161068 0.00476417 -0.00657662 0.0214749 0.00509301 -0.0104797 0.0207853 0.00476417 -0.0103491 0.0205262 0.00482671 0.000935833 0.0220302 0.00552004 0.0046455 0.0215552 0.00552004 0.00459417 0.021317 0.00605904 0.00813068 0.020234 0.00605904 0.0045836 0.021268 0.00635159 -0.00288485 0.0225282 0.00493738 0.000963931 0.0226917 0.00493738 -0.00285274 0.0222775 0.00509301 0.00816755 0.0203257 0.00722083 0.00822152 0.0204601 0.00747996 0.0046455 0.0215552 0.00747996 0.0114851 0.018653 0.00577917 0.00816755 0.0203257 0.00577917 0.011407 0.0185261 0.00635159 0.014407 0.0163695 0.00605904 0.0143738 0.0163319 0.00635159 0.0169272 0.0136677 0.00635159 0.0169662 0.0136993 0.00605904 0.0189936 0.0106104 0.00635159 0.0189936 0.0106104 0.00664841 0.0169272 0.0136677 0.00664841 0.000987934 0.0232567 0.00476417 0.00097562 0.0229668 0.00482671 -0.00291983 0.0228014 0.00482671 0.0190374 0.0106349 0.00605904 0.0116588 0.0189351 0.00528911 0.00822152 0.0204601 0.00552004 0.00829105 0.0206331 0.00528911 0.0205135 0.00724789 0.00664841 0.0205135 0.00724789 0.00635159 0.00490413 0.0227553 0.00476417 0.004843 0.0224716 0.00482671 0.00496661 0.0230452 0.00475158 0.0214434 0.00367683 0.00664841 0.0117756 0.0191248 0.00509301 0.0148384 0.0168596 0.00509301 0.0218065 -2.47091e-17 0.00694096 0.0214434 0.00367683 0.00635159 0.00867925 0.0215991 0.00476417 0.00878982 0.0218743 0.00475158 0.0217563 -2.46522e-17 0.00664841 0.0217563 -2.46522e-17 0.00635159 0.0214928 0.00368531 0.00605904 0.0088996 0.0221475 0.00478928 0.0207906 0.00734577 0.00552004 0.0191237 0.0106831 0.00577917 0.0192501 0.0107537 0.00552004 0.0218065 -2.47091e-17 0.00605904 0.0145679 0.0165524 0.00552004 0.0144723 0.0164437 0.00577917 0.0215903 0.00370202 0.00577917 0.0205608 0.0072646 0.00605904 0.0206541 0.00729754 0.00577917 0.0219053 -2.48211e-17 0.00577917 0.0181109 0.0146235 0.00476417 0.0178851 0.0144412 0.00482671 0.0151873 0.0172561 0.00482671 0.0217329 0.00372649 0.00552004 0.0209664 0.00740789 0.00528911 0.0219167 0.003758 0.00528911 0.015379 0.0174739 0.00476417 0.0183416 0.0148098 0.00475158 0.0220501 -2.49851e-17 0.00552004 0.0200685 0.0112109 0.00482671 0.0203218 0.0113524 0.00476417 0.0222366 -2.51964e-17 0.00528911 0.0211765 0.00748212 0.00509301 0.0221363 0.00379566 0.00509301 0.0205807 0.0114971 0.00475158 0.0224594 -2.54489e-17 0.00509301 0.0223855 0.00383837 0.00493738 0.0214148 0.00756632 0.00493738 0.0208377 0.0116406 0.00478928 0.0227121 -2.57353e-17 0.00493738 0.0185707 0.0149948 0.00478928 0.0210855 0.0117791 0.00487619 0.0225052 0.00795161 0.00478928 0.0222277 0.00785353 0.00475158 0.0229429 0.00393395 0.00476417 0.0226569 0.00388492 0.00482671 0.0216745 0.00765807 0.00482671 0.0229876 -2.60474e-17 0.00482671 0.0227728 0.00804616 0.00487619 0.021948 0.00775473 0.00476417 0.0232352 0.00398407 0.00475158 0.0235254 0.00403383 0.00478928 0.0232777 -2.63762e-17 0.00476417 0.0238051 0.00408179 0.00487619 0.0235743 -4.76504e-17 0.00475158 0.0230227 0.00813445 0.00500982 0.0213169 0.0119083 0.00500982 0.0238687 -4.82455e-17 0.00478928 0.0215252 0.0120247 0.00518632 0.0232478 0.00821395 0.00518632 0.0217045 0.0121249 0.00540062 0.0234414 0.00828238 0.00540062 0.0241525 -4.88191e-17 0.00487619 0.0243015 0.00416692 0.00518632 0.0189977 0.0153396 0.00500982 0.0244175 -4.93548e-17 0.00500982 0.024504 0.00420162 0.00540062 0.0240663 0.00412658 0.00500982 0.0246562 -4.98372e-17 0.00518632 0.0196258 0.0158467 0.00620425 0.0248616 -5.02523e-17 0.00540062 0.0220216 0.012302 0.00620425 0.0218496 0.0122059 0.00564653 0.0235981 0.00833775 0.00564653 0.0246678 0.00422971 0.00564653 0.0250278 -5.05883e-17 0.00564653 0.0237839 0.00840339 0.00620425 0.024862 0.00426302 0.00620425 0.0237134 0.00837848 0.00591701 0.02515 -5.08354e-17 0.00591701 0.0247883 0.00425038 0.00591701 0.0197408 0.0157437 0.0065 0.0237134 0.00837848 0.00708299 0.0218496 0.0122059 0.00735347 0.0217045 0.0121249 0.00759938 0.00919322 0.0228782 0.00781368 0.00523782 0.0243035 0.00759938 0.00519455 0.0241028 0.00781368 0.00910424 0.0226568 0.00799018 0.00514427 0.0238695 0.00799018 0.00900542 0.0224108 0.00812381 0.00508843 0.0236104 0.00812381 0.0122047 0.0198217 0.00823583 0.0120525 0.0195746 0.00817329 0.00502864 0.023333 0.00478928 0.00900542 0.0224108 0.00487619 0.0194128 0.0108447 0.00528911 0.0196074 0.0109533 0.00509301 0.019828 0.0110766 0.00493738 0.0170431 0.0137614 0.00577917 0.0187915 0.0151731 0.00487619 0.0191834 0.0154895 0.00518632 0.0193432 0.0156185 0.00540062 0.0194725 0.0157229 0.00564653 0.0219563 0.0122655 0.00591701 0.0166122 0.0190155 0.0065 0.0219563 0.0122655 0.00708299 0.00940524 0.0234058 0.00679575 0.00886786 0.023641 0.0065 0.0194725 0.0157229 0.00735347 -0.0129572 0.0216713 0.0065 -0.0139149 0.0210696 0.0065 -0.0190192 0.0166073 0.0065 -0.0197456 0.015737 0.0065 -0.0182112 0.017454 0.00679575 0.00105515 0.0248392 0.00759938 0.00104644 0.024634 0.00781368 0.00103631 0.0243955 0.00799018 0.00878982 0.0218743 0.00824842 0.00867925 0.0215991 0.00823583 0.00857106 0.0213299 0.00817329 0.0171558 0.0138523 0.00552004 0.0173009 0.0139695 0.00528911 0.0174742 0.0141094 0.00509301 0.0176709 0.0142682 0.00493738 0.0155749 0.0176966 0.00475158 0.0157694 0.0179176 0.00478928 0.0120525 0.0195746 0.00482671 0.0122047 0.0198217 0.00476417 0.016132 0.0183296 0.00500982 0.0159569 0.0181306 0.00487619 0.0162897 0.0185087 0.00518632 0.0164254 0.0186629 0.00540062 0.00926979 0.0230688 0.00540062 0.00933177 0.023223 0.00564653 0.0131222 0.0213119 0.00564653 0.0166654 0.0189356 0.00620425 0.0132256 0.0214797 0.00620425 0.0129481 0.021677 0.0065 0.0195676 0.0157998 0.00708299 0.0165352 0.0187877 0.00735347 -0.0174528 0.018247 0.0065 -0.020899 0.0141253 0.00679575 -0.0216792 0.0129439 0.0065 -0.022238 0.0119589 0.0065 -0.0246176 0.0056132 0.0065 -0.0248451 0.0045007 0.0065 -0.0244109 0.0063561 0.00679575 0.0155749 0.0176966 0.00824842 0.00502864 0.023333 0.00821072 0.00496661 0.0230452 0.00824842 0.00490413 0.0227553 0.00823583 0.004843 0.0224716 0.00817329 0.0169662 0.0136993 0.00694096 -0.00278237 0.0217279 0.00577917 0.0146911 0.0166924 0.00528911 0.0150053 0.0170494 0.00493738 0.00514427 0.0238695 0.00500982 0.00910424 0.0226568 0.00500982 0.00508843 0.0236104 0.00487619 0.00519455 0.0241028 0.00518632 0.00919322 0.0228782 0.00518632 0.00106221 0.0250052 0.00564653 0.00529859 0.0245855 0.00591701 0.00527283 0.024466 0.00564653 0.0128023 0.0207922 0.00500982 0.0126633 0.0205666 0.00487619 0.0129274 0.0209955 0.00518632 0.0130351 0.0211703 0.00540062 0.00940524 0.0234058 0.00620425 0.0131863 0.021416 0.00591701 0.016616 0.0188794 0.00591701 0.0165352 0.0187877 0.00564653 0.0195676 0.0157998 0.00591701 0.00992147 0.0232191 0.0065 0.016616 0.0188794 0.00708299 0.0131222 0.0213119 0.00735347 0.0130351 0.0211703 0.00759938 0.0129274 0.0209955 0.00781368 0.0128023 0.0207922 0.00799018 0.0126633 0.0205666 0.00812381 0.00102506 0.0241307 0.00812381 0.00101302 0.0238472 0.00821072 0.00100052 0.023553 0.00824842 0.000987934 0.0232567 0.00823583 0.014407 0.0163695 0.00694096 0.0143738 0.0163319 0.00664841 0.0114333 0.0185688 0.00605904 0.011561 0.0187763 0.00552004 0.00100052 0.023553 0.00475158 0.0119081 0.0193401 0.00493738 0.0123602 0.0200742 0.00475158 0.0125145 0.0203249 0.00478928 0.00857106 0.0213299 0.00482671 0.00531435 0.0246587 0.00620425 0.00561723 0.0246172 0.0065 0.0131863 0.021416 0.00708299 0.00933177 0.023223 0.00735347 0.00926979 0.0230688 0.00759938 -0.00310146 0.0242198 0.00799018 -0.0030678 0.0239569 0.00812381 -0.00303175 0.0236754 0.00821072 -0.00295669 0.0230892 0.00823583 0.0114851 0.018653 0.00722083 0.0114333 0.0185688 0.00694096 0.011407 0.0185261 0.00664841 -0.00295669 0.0230892 0.00476417 0.00837413 0.0208398 0.00509301 0.00846837 0.0210743 0.00493738 0.00103631 0.0243955 0.00500982 0.00107057 0.0252021 0.00620425 0.00113254 0.0252246 0.0065 0.00937735 0.0233364 0.00708299 -0.00780588 0.0240127 0.0065 0.00527283 0.024466 0.00735347 -0.0204299 0.0148383 0.0065 -0.0240159 0.00779659 0.0065 -0.0229856 0.0103901 0.00679575 -0.0236421 0.00886465 0.0065 -0.0252495 -7.70034e-06 0.0065 -0.025134 0.00213921 0.00679575 -0.0252242 0.00112631 0.0065 -0.0111003 0.0220161 0.00781368 -0.0147835 0.0199886 0.00759938 -0.0146614 0.0198235 0.00781368 -0.0109929 0.0218031 0.00799018 -0.0145195 0.0196316 0.00799018 -0.0108735 0.0215664 0.00812381 -0.0107458 0.021313 0.00821072 -0.0143619 0.0194185 0.00812381 -0.00690308 0.0225409 0.00824842 0.00813068 0.020234 0.00694096 0.00811198 0.0201874 0.00664841 0.00811198 0.0201874 0.00635159 0.00468479 0.0217375 0.00528911 0.00473173 0.0219553 0.00509301 0.00478498 0.0222024 0.00493738 0.00101302 0.0238472 0.00478928 0.00102506 0.0241307 0.00487619 0.00104644 0.024634 0.00518632 0.00523782 0.0243035 0.00540062 0.00105515 0.0248392 0.00540062 -0.0073287 0.0239307 0.00564653 -0.00317897 0.0248251 0.00564653 -0.00728003 0.0237718 0.00540062 0.00937735 0.0233364 0.00591701 -0.00339099 0.0250211 0.0065 0.00529859 0.0245855 0.00708299 -0.0113563 0.0225239 0.00679575 -0.0119693 0.0222322 0.0065 0.00106221 0.0250052 0.00735347 -0.025022 0.00338391 0.0065 -0.0248425 -0.00451568 0.0065 -0.025134 -0.00213921 0.00679575 -0.0250199 -0.00339648 0.0065 -0.017949 0.0172027 0.00759938 -0.0178007 0.0170606 0.00781368 -0.0176284 0.0168954 0.00799018 -0.0069893 0.0228224 0.00821072 -0.0106132 0.0210501 0.00824842 0.004615 0.0214137 0.00722083 0.00459417 0.021317 0.00694096 0.0045836 0.021268 0.00664841 0.000943747 0.0222165 0.00528911 0.000953204 0.0224392 0.00509301 -0.0109929 0.0218031 0.00500982 -0.00715001 0.0233472 0.00500982 -0.0108735 0.0215664 0.00487619 -0.0176284 0.0168954 0.00500982 -0.0146614 0.0198235 0.00518632 -0.0145195 0.0196316 0.00500982 -0.00673128 0.0219799 0.00482671 -0.00681625 0.0222574 0.00476417 -0.00310146 0.0242198 0.00500982 -0.0030678 0.0239569 0.00487619 -0.00313177 0.0244565 0.00518632 -0.00315786 0.0246602 0.00540062 -0.0111928 0.0221995 0.00540062 -0.0112676 0.0223479 0.00564653 -0.0073864 0.0241191 0.00620425 -0.003204 0.0250205 0.00620425 -0.00672058 0.0243391 0.0065 0.0010674 0.0251274 0.00708299 -0.00317897 0.0248251 0.00735347 -0.00315786 0.0246602 0.00759938 -0.00313177 0.0244565 0.00781368 -0.0252242 -0.00113741 0.0065 -0.0244109 -0.0063561 0.00679575 -0.0240112 -0.0078098 0.0065 -0.0236372 -0.00887842 0.0065 -0.0204237 -0.014846 0.0065 -0.0197359 -0.0157489 0.0065 -0.020899 -0.0141253 0.00679575 -0.00299435 0.0233833 0.00824842 -0.0141931 0.0191904 0.00821072 0.000943747 0.0222165 0.00771089 0.000935833 0.0220302 0.00747996 0.000929689 0.0218856 0.00722083 0.000925493 0.0217868 0.00694096 0.000923364 0.0217367 0.00664841 0.000923364 0.0217367 0.00635159 -0.0141931 0.0191904 0.00478928 -0.0143619 0.0194185 0.00487619 -0.0111003 0.0220161 0.00518632 -0.00299435 0.0233833 0.00475158 -0.00303175 0.0236754 0.00478928 -0.00721989 0.0235754 0.00518632 -0.0113563 0.0225239 0.00620425 -0.0073645 0.0240476 0.00591701 -0.0031945 0.0249463 0.00591701 0.0010674 0.0251274 0.00591701 -0.0109575 0.0227485 0.0065 -0.0031945 0.0249463 0.00708299 -0.0073287 0.0239307 0.00735347 -0.00728003 0.0237718 0.00759938 -0.00721989 0.0235754 0.00781368 -0.00715001 0.0233472 0.00799018 -0.0070724 0.0230938 0.00812381 -0.017437 0.0167121 0.00812381 -0.0172321 0.0165157 0.00821072 -0.00282444 0.0220565 0.00771089 -0.00280076 0.0218715 0.00747996 -0.00278237 0.0217279 0.00722083 -0.00276981 0.0216298 0.00694096 -0.00276344 0.0215801 0.00664841 -0.00276344 0.0215801 0.00635159 -0.00276981 0.0216298 0.00605904 -0.00665063 0.0217166 0.00493738 -0.00986187 0.0195599 0.00577917 -0.00690308 0.0225409 0.00475158 -0.0069893 0.0228224 0.00478928 -0.0149995 0.0202807 0.00620425 -0.0148424 0.0204271 0.0065 -0.0073645 0.0240476 0.00708299 -0.0112676 0.0223479 0.00735347 -0.0111928 0.0221995 0.00759938 -0.0224674 0.0101559 0.00781368 -0.0240594 0.00626457 0.00759938 -0.0238606 0.00621282 0.00781368 -0.0200106 0.0135248 0.00812381 -0.0220084 0.00994844 0.00812381 -0.00651138 0.0212619 0.00771089 -0.00645677 0.0210836 0.00747996 -0.00641439 0.0209452 0.00722083 -0.00638543 0.0208506 0.00694096 -0.00637074 0.0208027 0.00664841 -0.00637074 0.0208027 0.00635159 -0.00638543 0.0208506 0.00605904 -0.00992704 0.0196891 0.00552004 -0.0102251 0.0202803 0.00493738 -0.0130256 0.0176118 0.00577917 -0.0070724 0.0230938 0.00487619 -0.0147835 0.0199886 0.00540062 -0.0148823 0.0201223 0.00564653 -0.0113226 0.0224571 0.00591701 -0.0182507 0.0174491 0.0065 -0.0113226 0.0224571 0.00708299 -0.0232193 0.00991993 0.0065 -0.0148823 0.0201223 0.00735347 -0.0222308 -0.0119718 0.0065 -0.0216725 -0.0129558 0.0065 -0.0166069 -0.0190197 0.0065 -0.0182112 -0.017454 0.00679575 -0.017444 -0.0182548 0.0065 -0.024772 0.00210841 0.00759938 -0.0245674 0.00209099 0.00781368 -0.0236297 0.00615268 0.00799018 -0.0243296 0.00207075 0.00799018 -0.010011 0.0198556 0.00771089 -0.00992704 0.0196891 0.00747996 -0.00986187 0.0195599 0.00722083 -0.00981735 0.0194716 0.00694096 -0.00979477 0.0194268 0.00664841 -0.00979477 0.0194268 0.00635159 -0.00981735 0.0194716 0.00605904 -0.0170196 0.016312 0.00475158 -0.0172321 0.0165157 0.00478928 -0.0190454 0.0128725 0.00482671 -0.0192858 0.0130349 0.00476417 -0.017437 0.0167121 0.00487619 -0.0178007 0.0170606 0.00518632 -0.017949 0.0172027 0.00540062 -0.0226546 0.0102405 0.00540062 -0.022806 0.010309 0.00564653 -0.0207358 0.0140149 0.00564653 -0.0182112 0.017454 0.00620425 -0.021074 0.013908 0.0065 -0.014955 0.0202206 0.00708299 -0.018069 0.0173177 0.00735347 -0.0190115 -0.0166167 0.0065 -0.0129444 -0.0216792 0.0065 -0.0149995 -0.0202807 0.00679575 -0.0139036 -0.0210765 0.0065 -0.022806 -0.010309 0.00735347 -0.0226546 -0.0102405 0.00759938 -0.0240594 -0.00626457 0.00759938 -0.0170196 0.016312 0.00824842 -0.0133551 0.0180573 0.00790699 -0.0132226 0.0178781 0.00771089 -0.0131117 0.0177282 0.00747996 -0.0130256 0.0176118 0.00722083 -0.0129668 0.0175323 0.00694096 -0.012937 0.017492 0.00664841 -0.012937 0.017492 0.00635159 -0.0129668 0.0175323 0.00605904 -0.0209469 0.0094686 0.00482671 -0.0236297 0.00615268 0.00500982 -0.02225 0.0100576 0.00500982 -0.0233732 0.0060859 0.00487619 -0.0238606 0.00621282 0.00518632 -0.0224674 0.0101559 0.00518632 -0.0202302 0.0136732 0.00500982 -0.0200106 0.0135248 0.00487619 -0.0204279 0.0138068 0.00518632 -0.020598 0.0139218 0.00540062 -0.0240594 0.00626457 0.00540062 -0.0242202 0.00630645 0.00564653 -0.0229856 0.0103901 0.00620425 -0.020899 0.0141253 0.00620425 -0.020837 0.0140834 0.00591701 -0.0181572 0.0174023 0.00591701 -0.018069 0.0173177 0.00564653 -0.014955 0.0202206 0.00591701 -0.0227507 0.0109529 0.0065 -0.0181572 0.0174023 0.00708299 -0.0207358 0.0140149 0.00735347 -0.020598 0.0139218 0.00759938 -0.0204279 0.0138068 0.00781368 -0.0202302 0.0136732 0.00799018 -0.0113563 -0.0225239 0.00679575 -0.00991647 -0.0232206 0.0065 -0.00886603 -0.0236419 0.0065 -0.0163972 0.0157154 0.00806262 -0.0162147 0.0155405 0.00790699 -0.0160538 0.0153864 0.00771089 -0.0159192 0.0152573 0.00747996 -0.0158147 0.0151572 0.00722083 -0.0157433 0.0150887 0.00694096 -0.0157071 0.015054 0.00664841 -0.0157071 0.015054 0.00635159 -0.0157433 0.0150887 0.00605904 -0.0182687 0.0123475 0.00552004 -0.0195315 0.013201 0.00475158 -0.0197754 0.0133659 0.00478928 -0.0244109 0.0063561 0.00620425 -0.0243405 0.00671574 0.0065 -0.020837 0.0140834 0.00708299 -0.022806 0.010309 0.00735347 -0.0226546 0.0102405 0.00759938 -0.02225 0.0100576 0.00799018 -0.0243296 -0.00207075 0.00799018 -0.0188172 0.0127182 0.00806262 -0.0186078 0.0125767 0.00790699 -0.0184232 0.0124519 0.00771089 -0.0182687 0.0123475 0.00747996 -0.0181488 0.0122664 0.00722083 -0.0180669 0.0122111 0.00694096 -0.0180253 0.012183 0.00664841 -0.0180253 0.012183 0.00635159 -0.0180669 0.0122111 0.00605904 -0.0184232 0.0124519 0.00528911 -0.0243296 0.00207075 0.00500982 -0.025134 0.00213921 0.00620425 -0.0251484 0.00226281 0.0065 -0.0229174 0.0103593 0.00708299 -0.0243389 -0.00672029 0.0065 -0.0242202 0.00630645 0.00735347 -0.0157398 -0.0197438 0.0065 -0.00112506 -0.0252244 0.0065 -0.003204 -0.0250205 0.00679575 -0.00225709 -0.0251483 0.0065 -0.020598 -0.0139218 0.00759938 -0.0224674 -0.0101559 0.00781368 -0.020696 0.00935516 0.00806262 -0.0204656 0.00925105 0.00790699 -0.0202626 0.00915927 0.00771089 -0.0200927 0.00908247 0.00747996 -0.0199608 0.00902284 0.00722083 -0.0198707 0.00898211 0.00694096 -0.019825 0.00896145 0.00664841 -0.019825 0.00896145 0.00635159 -0.0198707 0.00898211 0.00605904 -0.0202626 0.00915927 0.00528911 -0.0240655 0.00204827 0.00487619 -0.0245674 0.00209099 0.00518632 -0.024772 0.00210841 0.00540062 -0.0249376 0.0021225 0.00564653 -0.0243385 0.00633726 0.00591701 -0.0229174 0.0103593 0.00591701 -0.0251481 -0.00226449 0.0065 -0.0243385 0.00633726 0.00708299 -0.0229856 -0.0103901 0.00679575 -0.022747 -0.0109595 0.0065 -0.0249376 0.0021225 0.00735347 -0.00561083 -0.0246181 0.0065 -0.00450289 -0.024845 0.0065 0.00227039 -0.0251471 0.0065 0.00339669 -0.0250201 0.0065 0.00107057 -0.0252021 0.00679575 -0.0222458 0.00579236 0.00817329 -0.0219793 0.00572296 0.00806262 -0.0217347 0.00565927 0.00790699 -0.0215191 0.00560313 0.00771089 -0.0213386 0.00555614 0.00747996 -0.0211985 0.00551967 0.00722083 -0.0211028 0.00549475 0.00694096 -0.0210543 0.00548211 0.00664841 -0.0210543 0.00548211 0.00635159 -0.0211028 0.00549475 0.00605904 -0.0215191 0.00560313 0.00528911 -0.0217347 0.00565927 0.00509301 -0.0222458 -0.00579236 0.00482671 -0.0243296 -0.00207075 0.00500982 -0.0240655 -0.00204827 0.00487619 -0.0245674 -0.00209099 0.00518632 -0.024772 -0.00210841 0.00540062 -0.0226546 -0.0102405 0.00540062 -0.022806 -0.010309 0.00564653 -0.0242202 -0.00630645 0.00564653 -0.0244109 -0.0063561 0.00620425 -0.025134 -0.00213921 0.00620425 -0.0246161 -0.0056221 0.0065 -0.0250594 0.00213287 0.00708299 -0.0249376 -0.0021225 0.00735347 -0.024772 -0.00210841 0.00759938 -0.0245674 -0.00209099 0.00781368 4.82053e-06 -0.0252498 0.0065 0.00531435 -0.0246587 0.00679575 0.00672459 -0.0243374 0.0065 0.00780914 -0.0240117 0.0065 -0.0231939 0.00197409 0.00823583 -0.0229047 0.00194948 0.00817329 -0.0226303 0.00192612 0.00806262 -0.0223785 0.00190469 0.00790699 -0.0221565 0.00188579 0.00771089 -0.0219707 0.00186998 0.00747996 -0.0218264 0.0018577 0.00722083 -0.0217279 0.00184932 0.00694096 -0.0216779 0.00184506 0.00664841 -0.0216779 0.00184506 0.00635159 -0.0217279 0.00184932 0.00605904 -0.0221565 0.00188579 0.00528911 -0.0223785 0.00190469 0.00509301 -0.020598 -0.0139218 0.00540062 -0.0237827 -0.00202421 0.00478928 -0.0236297 -0.00615268 0.00500982 -0.0238606 -0.00621282 0.00518632 -0.0240594 -0.00626457 0.00540062 -0.0229856 -0.0103901 0.00620425 -0.0243385 -0.00633726 0.00591701 -0.0250594 -0.00213287 0.00591701 -0.0249376 -0.0021225 0.00564653 -0.0250594 0.00213287 0.00591701 -0.0232171 -0.00992613 0.0065 -0.0250594 -0.00213287 0.00708299 -0.0242202 -0.00630645 0.00735347 -0.0238606 -0.00621282 0.00781368 -0.0236297 -0.00615268 0.00799018 -0.0231939 -0.00197409 0.00823583 -0.0229047 -0.00194948 0.00817329 -0.0226303 -0.00192612 0.00806262 -0.0223785 -0.00190469 0.00790699 -0.0221565 -0.00188579 0.00771089 -0.0219707 -0.00186998 0.00747996 -0.0218264 -0.0018577 0.00722083 -0.0217279 -0.00184932 0.00694096 -0.0216779 -0.00184506 0.00664841 -0.0216779 -0.00184506 0.00635159 -0.0217279 -0.00184932 0.00605904 -0.0218264 -0.0018577 0.00577917 -0.0219707 -0.00186998 0.00552004 -0.0221565 -0.00188579 0.00528911 -0.0223785 -0.00190469 0.00509301 -0.0226303 -0.00192612 0.00493738 -0.0209469 -0.0094686 0.00482671 -0.020899 -0.0141253 0.00620425 -0.0210722 -0.0139112 0.0065 -0.0243385 -0.00633726 0.00708299 -0.0225266 -0.00586547 0.00823583 -0.0222458 -0.00579236 0.00817329 -0.0219793 -0.00572296 0.00806262 -0.0217347 -0.00565927 0.00790699 -0.0215191 -0.00560313 0.00771089 -0.0213386 -0.00555614 0.00747996 -0.0211985 -0.00551967 0.00722083 -0.0211028 -0.00549475 0.00694096 -0.0210543 -0.00548211 0.00664841 -0.0210543 -0.00548211 0.00635159 -0.0211028 -0.00549475 0.00605904 -0.0211985 -0.00551967 0.00577917 -0.0213386 -0.00555614 0.00552004 -0.0215191 -0.00560313 0.00528911 -0.0217347 -0.00565927 0.00509301 -0.0219793 -0.00572296 0.00493738 -0.0233732 -0.0060859 0.00487619 -0.0190454 -0.0128725 0.00482671 -0.0182112 -0.017454 0.00620425 -0.0182505 -0.0174494 0.0065 -0.0229174 -0.0103593 0.00708299 -0.010952 -0.0227507 0.0065 -0.0207358 -0.0140149 0.00735347 0.0045123 -0.0248434 0.0065 -0.0214815 -0.00971027 0.00824842 -0.0212113 -0.00958812 0.00823583 -0.0209469 -0.0094686 0.00817329 -0.020696 -0.00935516 0.00806262 -0.0204656 -0.00925105 0.00790699 -0.0202626 -0.00915927 0.00771089 -0.0200927 -0.00908247 0.00747996 -0.0199608 -0.00902284 0.00722083 -0.0198707 -0.00898211 0.00694096 -0.019825 -0.00896145 0.00664841 -0.019825 -0.00896145 0.00635159 -0.0198707 -0.00898211 0.00605904 -0.0199608 -0.00902284 0.00577917 -0.0200927 -0.00908247 0.00552004 -0.0202626 -0.00915927 0.00528911 -0.0204656 -0.00925105 0.00509301 -0.020696 -0.00935516 0.00493738 -0.0136692 -0.0184819 0.00482671 -0.0178007 -0.0170606 0.00518632 -0.017949 -0.0172027 0.00540062 -0.0112676 -0.0223479 0.00564653 -0.0148823 -0.0201223 0.00564653 -0.0111928 -0.0221995 0.00540062 -0.0207358 -0.0140149 0.00564653 -0.0229174 -0.0103593 0.00591701 -0.0148399 -0.0204286 0.0065 -0.020837 -0.0140834 0.00708299 -0.0073864 -0.0241191 0.00679575 -0.00671231 -0.0243409 0.0065 -0.018069 -0.0173177 0.00735347 -0.0192858 -0.0130349 0.00823583 -0.0190454 -0.0128725 0.00817329 -0.0188172 -0.0127182 0.00806262 -0.0186078 -0.0125767 0.00790699 -0.0184232 -0.0124519 0.00771089 -0.0182687 -0.0123475 0.00747996 -0.0181488 -0.0122664 0.00722083 -0.0180669 -0.0122111 0.00694096 -0.0180253 -0.012183 0.00664841 -0.0180253 -0.012183 0.00635159 -0.0180669 -0.0122111 0.00605904 -0.0181488 -0.0122664 0.00577917 -0.0182687 -0.0123475 0.00552004 -0.0184232 -0.0124519 0.00528911 -0.0186078 -0.0125767 0.00509301 -0.0188172 -0.0127182 0.00493738 -0.0147835 -0.0199886 0.00540062 -0.0073287 -0.0239307 0.00564653 -0.0113563 -0.0225239 0.00620425 -0.0149995 -0.0202807 0.00620425 -0.014955 -0.0202206 0.00591701 -0.018069 -0.0173177 0.00564653 -0.020837 -0.0140834 0.00591701 -0.0119624 -0.0222365 0.0065 -0.0181572 -0.0174023 0.00708299 -0.0148823 -0.0201223 0.00735347 -0.0147835 -0.0199886 0.00759938 -0.0170196 -0.016312 0.00824842 -0.0168055 -0.0161068 0.00823583 -0.016596 -0.015906 0.00817329 -0.0163972 -0.0157154 0.00806262 -0.0162147 -0.0155405 0.00790699 -0.0160538 -0.0153864 0.00771089 -0.0159192 -0.0152573 0.00747996 -0.0158147 -0.0151572 0.00722083 -0.0157433 -0.0150887 0.00694096 -0.0157071 -0.015054 0.00664841 -0.0157071 -0.015054 0.00635159 -0.0157433 -0.0150887 0.00605904 -0.0158147 -0.0151572 0.00577917 -0.0159192 -0.0152573 0.00552004 -0.0160538 -0.0153864 0.00528911 -0.0162147 -0.0155405 0.00509301 -0.0163972 -0.0157154 0.00493738 0.00527283 -0.024466 0.00564653 -0.0170196 -0.016312 0.00475158 -0.0073864 -0.0241191 0.00620425 -0.0113226 -0.0224571 0.00591701 -0.0181572 -0.0174023 0.00591701 -0.00780073 -0.0240148 0.0065 -0.014955 -0.0202206 0.00708299 -0.0112676 -0.0223479 0.00735347 -0.0141931 -0.0191904 0.00821072 -0.014018 -0.0189536 0.00824842 -0.0138417 -0.0187152 0.00823583 -0.0136692 -0.0184819 0.00817329 -0.0135054 -0.0182605 0.00806262 -0.0133551 -0.0180573 0.00790699 -0.0132226 -0.0178781 0.00771089 -0.0131117 -0.0177282 0.00747996 -0.0130256 -0.0176118 0.00722083 -0.0129668 -0.0175323 0.00694096 -0.012937 -0.017492 0.00664841 -0.012937 -0.017492 0.00635159 -0.0129668 -0.0175323 0.00605904 -0.0130256 -0.0176118 0.00577917 -0.0131117 -0.0177282 0.00552004 -0.0132226 -0.0178781 0.00528911 -0.0133551 -0.0180573 0.00509301 -0.0135054 -0.0182605 0.00493738 -0.014018 -0.0189536 0.00475158 -0.003204 -0.0250205 0.00620425 -0.00338852 -0.0250216 0.0065 -0.0113226 -0.0224571 0.00708299 -0.0073287 -0.0239307 0.00735347 -0.0108735 -0.0215664 0.00812381 -0.0107458 -0.021313 0.00821072 -0.0106132 -0.0210501 0.00824842 -0.0104797 -0.0207853 0.00823583 -0.0103491 -0.0205262 0.00817329 -0.0102251 -0.0202803 0.00806262 -0.0101113 -0.0200546 0.00790699 -0.010011 -0.0198556 0.00771089 -0.00992704 -0.0196891 0.00747996 -0.00986187 -0.0195599 0.00722083 -0.00981735 -0.0194716 0.00694096 -0.00979477 -0.0194268 0.00664841 -0.00979477 -0.0194268 0.00635159 -0.00981735 -0.0194716 0.00605904 -0.00986187 -0.0195599 0.00577917 -0.00992704 -0.0196891 0.00552004 -0.010011 -0.0198556 0.00528911 -0.0101113 -0.0200546 0.00509301 -0.0102251 -0.0202803 0.00493738 -0.0107458 -0.021313 0.00478928 -0.00317897 -0.0248251 0.00564653 -0.0073645 -0.0240476 0.00591701 0.0011334 -0.0252245 0.0065 -0.0073645 -0.0240476 0.00708299 0.00940524 -0.0234058 0.00679575 0.00992764 -0.023216 0.0065 -0.00317897 -0.0248251 0.00735347 -0.0070724 -0.0230938 0.00812381 -0.0069893 -0.0228224 0.00821072 -0.00690308 -0.0225409 0.00824842 -0.00681625 -0.0222574 0.00823583 -0.00673128 -0.0219799 0.00817329 -0.00665063 -0.0217166 0.00806262 -0.00657662 -0.0214749 0.00790699 -0.00651138 -0.0212619 0.00771089 -0.00645677 -0.0210836 0.00747996 -0.00641439 -0.0209452 0.00722083 -0.00638543 -0.0208506 0.00694096 -0.00637074 -0.0208027 0.00664841 -0.00637074 -0.0208027 0.00635159 -0.00638543 -0.0208506 0.00605904 -0.00641439 -0.0209452 0.00577917 -0.00645677 -0.0210836 0.00552004 -0.00651138 -0.0212619 0.00528911 -0.00657662 -0.0214749 0.00509301 -0.00665063 -0.0217166 0.00493738 -0.00673128 -0.0219799 0.00482671 -0.00690308 -0.0225409 0.00475158 0.00107057 -0.0252021 0.00620425 0.00562113 -0.024616 0.0065 -0.0031945 -0.0249463 0.00708299 -0.00310146 -0.0242198 0.00799018 -0.0030678 -0.0239569 0.00812381 -0.00303175 -0.0236754 0.00821072 -0.00299435 -0.0233833 0.00824842 -0.00295669 -0.0230892 0.00823583 -0.00291983 -0.0228014 0.00817329 -0.00288485 -0.0225282 0.00806262 -0.00285274 -0.0222775 0.00790699 -0.00282444 -0.0220565 0.00771089 -0.00280076 -0.0218715 0.00747996 -0.00278237 -0.0217279 0.00722083 -0.00276981 -0.0216298 0.00694096 -0.00276344 -0.0215801 0.00664841 -0.00276344 -0.0215801 0.00635159 -0.00276981 -0.0216298 0.00605904 -0.00278237 -0.0217279 0.00577917 -0.00280076 -0.0218715 0.00552004 -0.00282444 -0.0220565 0.00528911 -0.00285274 -0.0222775 0.00509301 -0.00288485 -0.0225282 0.00493738 -0.00291983 -0.0228014 0.00482671 -0.00295669 -0.0230892 0.00476417 -0.00299435 -0.0233833 0.00475158 -0.00303175 -0.0236754 0.00478928 0.00940524 -0.0234058 0.00620425 0.00531435 -0.0246587 0.00620425 0.00529859 -0.0245855 0.00591701 0.0010674 -0.0251274 0.00591701 0.00106221 -0.0250052 0.00564653 -0.0031945 -0.0249463 0.00591701 0.00887476 -0.0236389 0.0065 0.0010674 -0.0251274 0.00708299 0.00103631 -0.0243955 0.00799018 0.00102506 -0.0241307 0.00812381 0.00101302 -0.0238472 0.00821072 0.00100052 -0.023553 0.00824842 0.000987934 -0.0232567 0.00823583 0.00097562 -0.0229668 0.00817329 0.000963931 -0.0226917 0.00806262 0.000953204 -0.0224392 0.00790699 0.000943747 -0.0222165 0.00771089 0.000935833 -0.0220302 0.00747996 0.000929689 -0.0218856 0.00722083 0.000925493 -0.0217868 0.00694096 0.000923364 -0.0217367 0.00664841 0.000923364 -0.0217367 0.00635159 0.000925493 -0.0217868 0.00605904 0.000929689 -0.0218856 0.00577917 0.000935833 -0.0220302 0.00552004 0.000943747 -0.0222165 0.00528911 0.000953204 -0.0224392 0.00509301 0.000963931 -0.0226917 0.00493738 0.00097562 -0.0229668 0.00482671 0.000987934 -0.0232567 0.00476417 0.00100052 -0.023553 0.00475158 0.00101302 -0.0238472 0.00478928 0.00102506 -0.0241307 0.00487619 0.00529859 -0.0245855 0.00708299 0.00514427 -0.0238695 0.00799018 0.00508843 -0.0236104 0.00812381 0.00502864 -0.023333 0.00821072 0.00496661 -0.0230452 0.00824842 0.00490413 -0.0227553 0.00823583 0.004843 -0.0224716 0.00817329 0.00478498 -0.0222024 0.00806262 0.00473173 -0.0219553 0.00790699 0.00468479 -0.0217375 0.00771089 0.0046455 -0.0215552 0.00747996 0.004615 -0.0214137 0.00722083 0.00459417 -0.021317 0.00694096 0.0045836 -0.021268 0.00664841 0.0045836 -0.021268 0.00635159 0.00459417 -0.021317 0.00605904 0.004615 -0.0214137 0.00577917 0.0046455 -0.0215552 0.00552004 0.00468479 -0.0217375 0.00528911 0.00473173 -0.0219553 0.00509301 0.00478498 -0.0222024 0.00493738 0.004843 -0.0224716 0.00482671 0.00490413 -0.0227553 0.00476417 0.00496661 -0.0230452 0.00475158 0.00502864 -0.023333 0.00478928 0.00508843 -0.0236104 0.00487619 0.00937735 -0.0233364 0.00708299 0.00910424 -0.0226568 0.00799018 0.00900542 -0.0224108 0.00812381 0.0088996 -0.0221475 0.00821072 0.00878982 -0.0218743 0.00824842 0.00867925 -0.0215991 0.00823583 0.00857106 -0.0213299 0.00817329 0.00846837 -0.0210743 0.00806262 0.00837413 -0.0208398 0.00790699 0.00829105 -0.0206331 0.00771089 0.00822152 -0.0204601 0.00747996 0.00816755 -0.0203257 0.00722083 0.00813068 -0.020234 0.00694096 0.00811198 -0.0201874 0.00664841 0.00811198 -0.0201874 0.00635159 0.00813068 -0.020234 0.00605904 0.00816755 -0.0203257 0.00577917 0.00822152 -0.0204601 0.00552004 0.00829105 -0.0206331 0.00528911 0.00837413 -0.0208398 0.00509301 0.00846837 -0.0210743 0.00493738 0.00857106 -0.0213299 0.00482671 0.00867925 -0.0215991 0.00476417 0.00878982 -0.0218743 0.00475158 0.0088996 -0.0221475 0.00478928 0.00900542 -0.0224108 0.00487619 0.00937735 -0.0233364 0.00591701 0.019742 -0.0157419 0.0065 0.0131863 -0.021416 0.00708299 0.0128023 -0.0207922 0.00799018 0.0126633 -0.0205666 0.00812381 0.0125145 -0.0203249 0.00821072 0.0123602 -0.0200742 0.00824842 0.0122047 -0.0198217 0.00823583 0.0120525 -0.0195746 0.00817329 0.0119081 -0.0193401 0.00806262 0.0117756 -0.0191248 0.00790699 0.0116588 -0.0189351 0.00771089 0.011561 -0.0187763 0.00747996 0.0114851 -0.018653 0.00722083 0.0114333 -0.0185688 0.00694096 0.011407 -0.0185261 0.00664841 0.011407 -0.0185261 0.00635159 0.0114333 -0.0185688 0.00605904 0.0114851 -0.018653 0.00577917 0.011561 -0.0187763 0.00552004 0.0116588 -0.0189351 0.00528911 0.0117756 -0.0191248 0.00509301 0.0119081 -0.0193401 0.00493738 0.0120525 -0.0195746 0.00482671 0.0122047 -0.0198217 0.00476417 0.0123602 -0.0200742 0.00475158 0.0125145 -0.0203249 0.00478928 0.0126633 -0.0205666 0.00487619 0.0131863 -0.021416 0.00591701 0.0216775 -0.0129477 0.0065 0.016616 -0.0188794 0.00708299 0.0164254 -0.0186629 0.00759938 0.0162897 -0.0185087 0.00781368 0.016132 -0.0183296 0.00799018 0.0159569 -0.0181306 0.00812381 0.0157694 -0.0179176 0.00821072 0.0155749 -0.0176966 0.00824842 0.015379 -0.0174739 0.00823583 0.0151873 -0.0172561 0.00817329 0.0150053 -0.0170494 0.00806262 0.0148384 -0.0168596 0.00790699 0.0146911 -0.0166924 0.00771089 0.0145679 -0.0165524 0.00747996 0.0144723 -0.0164437 0.00722083 0.014407 -0.0163695 0.00694096 0.0143738 -0.0163319 0.00664841 0.0143738 -0.0163319 0.00635159 0.014407 -0.0163695 0.00605904 0.0144723 -0.0164437 0.00577917 0.0145679 -0.0165524 0.00552004 0.0146911 -0.0166924 0.00528911 0.0148384 -0.0168596 0.00509301 0.0150053 -0.0170494 0.00493738 0.0151873 -0.0172561 0.00482671 0.015379 -0.0174739 0.00476417 0.0155749 -0.0176966 0.00475158 0.0157694 -0.0179176 0.00478928 0.0159569 -0.0181306 0.00487619 0.0219563 -0.0122655 0.00591701 0.0193432 -0.0156185 0.00540062 0.0194725 -0.0157229 0.00735347 0.0195676 -0.0157998 0.00708299 0.0193432 -0.0156185 0.00759938 0.0191834 -0.0154895 0.00781368 0.0189977 -0.0153396 0.00799018 0.0187915 -0.0151731 0.00812381 0.0185707 -0.0149948 0.00821072 0.0183416 -0.0148098 0.00824842 0.0181109 -0.0146235 0.00823583 0.0178851 -0.0144412 0.00817329 0.0176709 -0.0142682 0.00806262 0.0174742 -0.0141094 0.00790699 0.0173009 -0.0139695 0.00771089 0.0171558 -0.0138523 0.00747996 0.0170431 -0.0137614 0.00722083 0.0169662 -0.0136993 0.00694096 0.0169272 -0.0136677 0.00664841 0.0169272 -0.0136677 0.00635159 0.0169662 -0.0136993 0.00605904 0.0170431 -0.0137614 0.00577917 0.0171558 -0.0138523 0.00552004 0.0173009 -0.0139695 0.00528911 0.0174742 -0.0141094 0.00509301 0.0176709 -0.0142682 0.00493738 0.0178851 -0.0144412 0.00482671 0.0181109 -0.0146235 0.00476417 0.0183416 -0.0148098 0.00475158 0.0185707 -0.0149948 0.00478928 0.0187915 -0.0151731 0.00487619 0.0189977 -0.0153396 0.00500982 0.0191834 -0.0154895 0.00518632 0.0219563 -0.0122655 0.00708299 0.0215252 -0.0120247 0.00781368 0.0213169 -0.0119083 0.00799018 0.0210855 -0.0117791 0.00812381 0.0208377 -0.0116406 0.00821072 0.0205807 -0.0114971 0.00824842 0.0203218 -0.0113524 0.00823583 0.0200685 -0.0112109 0.00817329 0.019828 -0.0110766 0.00806262 0.0196074 -0.0109533 0.00790699 0.0194128 -0.0108447 0.00771089 0.0192501 -0.0107537 0.00747996 0.0191237 -0.0106831 0.00722083 0.0190374 -0.0106349 0.00694096 0.0189936 -0.0106104 0.00664841 0.0189936 -0.0106104 0.00635159 0.0190374 -0.0106349 0.00605904 0.0191237 -0.0106831 0.00577917 0.0192501 -0.0107537 0.00552004 0.0194128 -0.0108447 0.00528911 0.0196074 -0.0109533 0.00509301 0.019828 -0.0110766 0.00493738 0.0200685 -0.0112109 0.00482671 0.0203218 -0.0113524 0.00476417 0.0205807 -0.0114971 0.00475158 0.0208377 -0.0116406 0.00478928 0.0210855 -0.0117791 0.00487619 0.0213169 -0.0119083 0.00500982 0.0215252 -0.0120247 0.00518632 0.0234414 -0.00828238 0.00759938 0.0232478 -0.00821395 0.00781368 0.0230227 -0.00813445 0.00799018 0.0227728 -0.00804616 0.00812381 0.0225052 -0.00795161 0.00821072 0.0222277 -0.00785353 0.00824842 0.021948 -0.00775473 0.00823583 0.0216745 -0.00765807 0.00817329 0.0214148 -0.00756632 0.00806262 0.0211765 -0.00748212 0.00790699 0.0209664 -0.00740789 0.00771089 0.0207906 -0.00734577 0.00747996 0.0206541 -0.00729754 0.00722083 0.0205608 -0.0072646 0.00694096 0.0205135 -0.00724789 0.00664841 0.0205135 -0.00724789 0.00635159 0.0205608 -0.0072646 0.00605904 0.0206541 -0.00729754 0.00577917 0.0207906 -0.00734577 0.00552004 0.0209664 -0.00740789 0.00528911 0.0211765 -0.00748212 0.00509301 0.0214148 -0.00756632 0.00493738 0.0216745 -0.00765807 0.00482671 0.021948 -0.00775473 0.00476417 0.0222277 -0.00785353 0.00475158 0.0225052 -0.00795161 0.00478928 0.0227728 -0.00804616 0.00487619 0.0230227 -0.00813445 0.00500982 0.0232478 -0.00821395 0.00518632 0.0247883 -0.00425038 0.00591701 0.0246678 -0.00422971 0.00564653 0.0246678 -0.00422971 0.00735347 0.024504 -0.00420162 0.00759938 0.0243015 -0.00416692 0.00781368 0.0240663 -0.00412658 0.00799018 0.0238051 -0.00408179 0.00812381 0.0235254 -0.00403383 0.00821072 0.0232352 -0.00398407 0.00824842 0.0229429 -0.00393395 0.00823583 0.0226569 -0.00388492 0.00817329 0.0223855 -0.00383837 0.00806262 0.0221363 -0.00379566 0.00790699 0.0219167 -0.003758 0.00771089 0.0217329 -0.00372649 0.00747996 0.0215903 -0.00370202 0.00722083 0.0214928 -0.00368531 0.00694096 0.0214434 -0.00367683 0.00664841 0.0214434 -0.00367683 0.00635159 0.0214928 -0.00368531 0.00605904 0.0215903 -0.00370202 0.00577917 0.0217329 -0.00372649 0.00552004 0.0219167 -0.003758 0.00528911 0.0221363 -0.00379566 0.00509301 0.0223855 -0.00383837 0.00493738 0.0226569 -0.00388492 0.00482671 0.0229429 -0.00393395 0.00476417 0.0232352 -0.00398407 0.00475158 0.0235254 -0.00403383 0.00478928 0.0238051 -0.00408179 0.00487619 0.0240663 -0.00412658 0.00500982 0.0243015 -0.00416692 0.00518632 0.024504 -0.00420162 0.00540062</float_array>
          <technique_common>
            <accessor count="1472" source="#ID22" stride="3">
              <param name="X" type="float"/>
              <param name="Y" type="float"/>
              <param name="Z" type="float"/>
            </accessor>
          </technique_common>
        </source>
        <source id="ID23">
          <float_array count="4416" id="ID24">0.516766 0.0886084 0.851529 0.367493 0.0630131 0.927889 0.372857 -1.94975e-10 0.927889 0.651172 0.111655 0.750672 0.524307 5.47118e-11 0.851529 -0.0448649 0.998993 -1.74846e-07 0.0418307 0.984728 0.169001 -4.37114e-08 1 -1.74846e-07 0.622935 0.220097 0.750672 0.733592 0.259195 0.62822 0.134233 0.99095 -1.74846e-07 0.0896393 0.995974 -1.74846e-07 -0.125191 0.977633 0.169001 -0.0896393 0.995974 -1.74846e-07 0.766844 0.131489 0.62822 0.660675 -4.83148e-10 0.750672 0.207649 0.963494 0.169001 0.178557 0.98393 -1.74846e-07 0.823145 0.290836 0.487695 0.309017 0.951057 -1.74846e-07 0.266037 0.963963 -1.74846e-07 0.433884 0.900969 -1.74846e-07 0.516766 0.839281 0.169001 0.473869 0.880596 -1.74846e-07 0.778036 -4.47448e-10 0.62822 0.860457 0.14754 0.487695 0.766844 0.619184 0.169001 0.722795 0.691063 -1.74846e-07 0.651172 0.739875 0.169001 0.691063 0.722795 -1.74846e-07 0.587785 0.809017 -1.74846e-07 0.550897 0.834573 -1.74846e-07 0.929315 0.328348 0.169001 0.900969 0.433884 -1.74846e-07 0.860457 0.48068 0.169001 0.62349 0.781832 -1.74846e-07 0.971439 0.16657 0.169001 0.963963 0.266037 -1.74846e-07 0.873014 4.55475e-11 0.487695 0.929315 0.159347 0.33314 0.753071 0.657939 -1.74846e-07 0.880596 0.473869 -1.74846e-07 0.858449 0.512899 -1.74846e-07 0.834573 0.550897 -1.74846e-07 0.809017 0.587785 -1.74846e-07 0.919528 0.393025 -1.74846e-07 0.942877 -2.71127e-10 0.33314 0.985616 -1.41711e-10 0.169001 0.995974 0.0896393 -1.74846e-07 0.974928 0.222521 -1.74846e-07 0.951057 0.309017 -1.74846e-07 0.99095 0.134233 -1.74846e-07 0.98393 0.178557 -1.74846e-07 1 1.38778e-15 -1.74846e-07 0.998993 0.0448648 -1.74846e-07 0.936235 0.351375 -1.74846e-07 -0.178557 0.98393 -1.74846e-07 -0.222521 0.974928 -1.74846e-07 0.514029 0.415049 0.750672 0.576778 0.322208 0.750672 0.60534 0.488778 0.62822 0.494357 0.174668 0.851529 0.210679 -2.42322e-10 0.977555 -0.351375 0.936235 -1.74846e-07 -0.393025 0.919528 -1.74846e-07 -0.288611 0.942413 0.169001 0.207649 0.035605 0.977555 0.514028 0.58405 0.62822 0.436491 0.49595 0.750672 0.325509 0.18184 0.927889 0.457728 0.255702 0.851529 0.40793 0.32938 0.851529 0.351558 0.124213 0.927889 0.042441 4.8738e-11 0.999099 -0.58608 0.792432 0.169001 -0.62349 0.781832 -1.74846e-07 -0.657939 0.753071 -1.74846e-07 0.346397 0.393583 0.851529 0.290096 0.234236 0.927889 0.0418306 0.00717257 0.999099 0.183926 0.102747 0.977555 0.198645 0.0701857 0.977555 -0.125191 -0.0214661 0.9919 -0.127018 1.85774e-10 0.9919 0.246337 0.279893 0.927889 0.163916 0.132353 0.977555 0.0400167 0.0141388 0.999099 -0.292823 6.11958e-10 0.956167 -0.119762 -0.0423147 0.9919 -0.288611 -0.0494873 0.956167 0.0370516 0.0206983 0.999099 0.13919 0.158151 0.977555 0.0330206 0.0266623 0.999099 -0.110888 -0.0619459 0.9919 -0.276096 -0.097551 0.956167 -0.450204 -9.39605e-11 0.892926 -0.443728 -0.0760848 0.892926 -0.0988243 -0.0797951 0.9919 -0.594633 2.48893e-10 0.803997 -0.255638 -0.142808 0.956167 -0.424487 -0.149981 0.892926 0.0222521 0.0361398 0.999099 0.110461 0.1794 0.977555 0.0785531 0.195487 0.977555 -0.393034 -0.219562 0.892926 -0.58608 -0.100493 0.803997 -0.227827 -0.183957 0.956167 -0.0839174 -0.0953487 0.9919 -0.193461 -0.219814 0.956167 -0.721956 7.55049e-10 0.691939 -0.350274 -0.282827 0.892926 -0.560666 -0.198096 0.803997 -0.82851 -1.0379e-09 0.559975 -0.711571 -0.122011 0.691939 -0.297438 -0.337955 0.892926 -0.519123 -0.29 0.803997 -0.816592 -0.140019 0.559975 -0.680716 -0.240512 0.691939 -0.911228 2.09617e-09 0.411901 -0.462646 -0.37356 0.803997 -0.898121 -0.153998 0.411901 -0.781183 -0.27601 0.559975 -0.630278 -0.352094 0.691939 -0.561708 -0.453547 0.691939 -0.723301 -0.40406 0.559975 -0.476978 -0.541952 0.691939 -0.64461 -0.520486 0.559975 -0.236045 -0.383361 0.892926 -0.311771 -0.506347 0.803997 -0.392859 -0.446375 0.803997 -0.795515 -0.444402 0.411901 -0.221713 -0.551754 0.803997 -0.167861 -0.417739 0.892926 -0.378527 -0.614767 0.691939 -0.547375 -0.621939 0.559975 -0.602026 -0.684034 0.411901 -0.434394 -0.7055 0.559975 -0.0948485 -0.440099 0.892926 -0.125277 -0.581287 0.803997 0.0371937 -0.12145 0.9919 0.0857452 -0.279987 0.956167 0.0371937 -0.290451 0.956167 0.0571839 -0.113417 0.9919 -0.0252368 0.0341225 0.999099 0.0755289 -0.102122 0.9919 -0.269186 -0.669895 0.691939 -0.152101 -0.705752 0.691939 0.0571839 -0.446557 0.892926 -0.0191072 -0.449798 0.892926 -0.025237 -0.594097 0.803997 0.0755291 -0.589817 0.803997 0.13183 -0.261469 0.956167 0.13183 -0.43047 0.892926 0.174122 -0.568568 0.803997 0.202683 -0.401998 0.892926 0.267706 -0.530963 0.803997 -0.191977 0.0867791 0.977555 -0.0351628 0.0237659 0.999099 -0.17455 0.117975 0.977555 0.174122 -0.235429 0.956167 0.267706 -0.361962 0.892926 -0.360826 0.0939517 0.927889 -0.371513 0.0316205 0.927889 -0.203881 0.0530866 0.977555 0.211405 -0.202616 0.956167 0.0917012 -0.0878885 0.9919 0.105235 -0.0711267 0.9919 0.115742 -0.0523187 0.9919 0.266829 -0.120614 0.956167 0.242607 -0.163973 0.956167 -0.0386735 0.0174815 0.999099 -0.371513 -0.0316204 0.927889 -0.20992 0.0178669 0.977555 -0.0422881 0.00359925 0.999099 0.122919 -0.0320057 0.9919 -0.0410716 0.0106942 0.999099 -0.561708 -0.538353 0.62822 -0.476978 -0.457147 0.750672 -0.547376 -0.369961 0.750672 -0.20992 -0.0178668 0.977555 -0.360826 -0.0939518 0.927889 -0.339758 -0.15358 0.927889 -0.477764 -0.215963 0.851529 -0.434394 -0.293599 0.851529 -0.203881 -0.0530866 0.977555 -0.0422881 -0.00359925 0.999099 -0.0410716 -0.0106942 0.999099 -0.191977 -0.0867791 0.977555 -0.308915 -0.20879 0.927889 0.587785 -0.809017 -1.74846e-07 0.516766 -0.839281 0.169001 0.550897 -0.834573 -1.74846e-07 -0.0351628 -0.0237659 0.999099 -0.17455 -0.117975 0.977555 -0.152101 -0.145777 0.977555 -0.378527 -0.362789 0.851529 0.651172 -0.739874 0.169001 0.62349 -0.781831 -1.74846e-07 -0.392859 -0.531181 0.750672 -0.350275 -0.694728 0.62822 -0.297438 -0.589934 0.750672 -0.269186 -0.257994 0.927889 -0.31177 -0.421542 0.851529 -0.236045 -0.468167 0.851529 -0.221713 -0.299776 0.927889 0.722795 -0.691062 -1.74846e-07 0.691063 -0.722795 -1.74846e-07 0.753071 -0.657939 -1.74846e-07 0.766844 -0.619184 0.169001 -0.19346 -0.631715 0.750672 -0.153529 -0.501325 0.851529 0.0330206 -0.777335 0.62822 -0.0988243 -0.771734 0.62822 0.0370516 -0.872228 0.487695 -0.227827 -0.743932 0.62822 -0.0124278 -0.292559 0.956167 -0.0839174 -0.655324 0.750672 0.163916 -0.760573 0.62822 0.139191 -0.645846 0.750672 0.0280397 -0.66008 0.750672 0.290096 -0.721931 0.62822 0.325509 -0.81006 0.487695 0.834573 -0.550897 -1.74846e-07 0.809017 -0.587785 -1.74846e-07 0.183926 -0.85342 0.487695 -0.708968 -0.572452 0.411901 0.246337 -0.613033 0.750672 0.40793 -0.66252 0.62822 0.346397 -0.562584 0.750672 -0.844845 -0.471958 0.251978 0.880596 -0.473869 -1.74846e-07 0.900969 -0.433884 -1.74846e-07 0.860457 -0.48068 0.169001 0.457728 -0.743397 0.487695 0.576778 -0.655348 0.487695 0.919528 -0.393025 -1.74846e-07 0.936235 -0.351375 -1.74846e-07 0.929315 -0.328348 0.169001 -0.912454 -0.32239 0.251978 -0.859177 -0.303566 0.411901 0.951057 -0.309017 -1.74846e-07 0.963963 -0.266037 -1.74846e-07 0.929315 -0.159347 0.33314 0.679236 -0.379444 0.62822 0.762154 -0.425765 0.487695 0.823145 -0.290836 0.487695 -0.953813 -0.163548 0.251978 0.98393 -0.178557 -1.74846e-07 0.971439 -0.16657 0.169001 0.974928 -0.222521 -1.74846e-07 0.99095 -0.134233 -1.74846e-07 0.889018 -0.31411 0.33314 0.995974 -0.0896396 -1.74846e-07 0.998993 -0.0448647 -1.74846e-07 -0.191977 -0.890776 -0.411901 -0.0410718 -0.966861 -0.251978 -0.0386735 -0.910407 -0.411901 -0.0252369 0.0341226 -0.999099 -0.0948485 0.188121 -0.977555 -0.0191072 0.0378969 -0.999099 0.429299 -0.41145 -0.803997 0.353589 -0.478083 -0.803997 0.521221 -0.49955 -0.691939 0.325027 -0.311513 -0.892926 0.267706 -0.361963 -0.892926 -0.0422883 0.00359927 -0.999099 -0.0422883 -0.00359926 -0.999099 -0.20992 0.0178668 -0.977555 0.825525 -0.0702625 -0.559975 0.801776 -0.208766 -0.559975 0.907946 -0.0772776 -0.411901 -0.434393 -0.293599 -0.851529 -0.269186 -0.257994 -0.927889 -0.378527 -0.362788 -0.851529 0.0917013 0.0878886 -0.9919 0.105236 0.0711268 -0.9919 0.211405 0.202615 -0.956167 -0.221713 -0.299776 -0.927889 -0.31177 -0.421541 -0.851529 -0.152101 -0.145777 -0.977555 -0.308915 -0.20879 -0.927889 -0.17455 -0.117975 -0.977555 0.0222521 -0.523835 -0.851529 -0.0839174 -0.655324 -0.750672 -0.0665963 -0.52006 -0.851529 0.0371937 0.12145 -0.9919 -0.0191072 -0.0378969 -0.999099 0.0571839 0.113418 -0.9919 -0.193461 -0.631715 -0.750672 0.0280397 -0.660079 -0.750672 0.0330206 -0.777335 -0.62822 -0.0988243 -0.771734 -0.62822 0.325509 -0.81006 -0.487695 0.40793 -0.66252 -0.62822 0.457728 -0.743397 -0.487695 0.516766 -0.839281 -0.169001 0.512899 -0.858449 1.24777e-07 0.473868 -0.880596 1.24777e-07 0.110461 -0.512539 -0.851529 0.13919 -0.645846 -0.750672 0.195491 -0.486499 -0.851529 0.274898 -0.446463 -0.851529 0.246337 -0.613033 -0.750672 0.290096 -0.721931 -0.62822 0.163916 -0.760573 -0.62822 0.651172 -0.739874 -0.169001 0.657939 -0.753072 1.24777e-07 0.766844 -0.619184 -0.169001 0.733592 -0.592335 -0.33314 0.514028 -0.58405 -0.62822 0.860457 -0.48068 -0.169001 0.679236 -0.548445 -0.487695 0.622935 -0.707792 -0.33314 0.576778 -0.655348 -0.487695 0.762154 -0.425765 -0.487695 0.733592 -0.259195 -0.62822 0.823145 -0.290836 -0.487695 0.929315 -0.328348 -0.169001 0.889018 -0.31411 -0.33314 0.971439 -0.16657 -0.169001 0.679236 -0.379444 -0.62822 0.985616 -2.97648e-07 -0.169001 0.346397 -0.562584 -0.750672 0.346397 -0.393583 -0.851529 0.436491 -0.49595 -0.750672 -0.153529 -0.501325 -0.851529 -0.0473594 -0.369837 -0.927889 0.433884 -0.900969 1.24777e-07 -0.236045 -0.468167 -0.851529 -0.109181 -0.356513 -0.927889 -0.167861 -0.332933 -0.927889 -0.0616917 -0.201444 -0.977555 -0.125277 -0.169385 -0.977555 -0.227827 -0.743932 -0.62822 -0.392859 -0.531181 -0.750672 -0.297438 -0.589934 -0.750672 0.0755291 0.102122 -0.9919 0.13183 0.261469 -0.956167 0.122919 0.0320057 -0.9919 0.115742 0.0523188 -0.9919 -0.0410718 -0.0106943 -0.999099 -0.191977 -0.086779 -0.977555 -0.0386736 -0.0174816 -0.999099 -0.035163 -0.023766 -0.999099 -0.203881 -0.0530865 -0.977555 -0.339757 -0.15358 -0.927889 -0.477764 -0.215963 -0.851529 0.12656 -0.0107719 -0.9919 0.291768 -0.0248331 -0.956167 0.291768 0.0248332 -0.956167 0.435677 -0.113441 -0.892926 0.448582 -0.0381801 -0.892926 0.283374 -0.0737849 -0.956167 0.12656 0.0107719 -0.9919 0.122919 -0.0320057 -0.9919 -0.0410718 0.0106943 -0.999099 -0.547375 -0.369961 -0.750672 -0.602026 -0.272133 -0.750672 -0.203881 0.0530865 -0.977555 0.410238 -0.185439 -0.892926 0.372998 -0.252103 -0.892926 0.541847 -0.24493 -0.803997 0.492659 -0.33298 -0.803997 0.754961 -0.341264 -0.559975 0.830337 -0.375336 -0.411901 0.881826 -0.22961 -0.411901 0.429299 -0.580451 -0.691939 0.325027 -0.644653 -0.691939 0.492659 -0.666119 -0.559975 0.115742 -0.0523188 -0.9919 -0.0386736 0.0174816 -0.999099 -0.191977 0.086779 -0.977555 -0.339758 0.15358 -0.927889 0.267706 -0.530963 -0.803997 0.242606 -0.792193 -0.559975 0.105235 -0.821799 -0.559975 0.266828 -0.871286 -0.411901 0.754962 -0.510265 -0.411901 0.598148 -0.573278 -0.559975 0.657867 -0.630515 -0.411901 0.211405 -0.690311 -0.691939 0.0917014 -0.716109 -0.691939 0.174122 -0.235429 -0.956167 0.211405 -0.202615 -0.956167 0.075529 -0.102122 -0.9919 0.0917013 -0.0878886 -0.9919 0.174122 -0.568568 -0.803997 0.0571839 -0.113418 -0.9919 0.13183 -0.261469 -0.956167 -0.035163 -0.827763 -0.559975 -0.17455 -0.809914 -0.559975 -0.203881 -0.946012 -0.251978 -0.360825 -0.897949 -0.251978 -0.20992 -0.974034 -0.0848059 0.0571839 -0.446557 -0.892926 -0.0191072 -0.449798 -0.892926 0.075529 -0.589817 -0.803997 -0.339757 -0.845519 0.411901 -0.308915 -0.768765 0.559975 -0.17455 -0.809914 0.559975 -0.477764 -0.775938 -0.411901 -0.339758 -0.845519 -0.411901 -0.522418 -0.848462 -0.0848059 -0.639357 -0.72645 -0.251978 -0.658295 -0.747968 -0.0848059 -0.775233 -0.625957 -0.0848059 -0.752931 -0.607949 -0.251978 -0.869869 -0.485938 -0.0848059 -0.869869 -0.485938 0.0848059 -0.775233 -0.625957 0.0848059 -0.00539078 -0.126903 -0.9919 -0.0124277 -0.292559 -0.956167 0.0371937 -0.290451 -0.956167 -0.844844 -0.471958 -0.251978 -0.378527 -0.614767 -0.691939 -0.308915 -0.768765 -0.559975 -0.269186 -0.669895 -0.691939 -0.939481 -0.33194 0.0848059 -0.939481 -0.33194 -0.0848059 -0.02676 -0.124167 -0.9919 -0.0616917 -0.28625 -0.956167 0.00894148 0.0414886 -0.999099 -0.982065 -0.168392 0.0848059 -0.31177 -0.506347 -0.803997 -0.392859 -0.446375 -0.803997 -0.967733 1.75997e-12 0.251978 -0.982065 -0.168392 -0.0848059 -0.0473594 -0.117859 -0.9919 0.0158245 0.0393807 -0.999099 -0.996397 -2.28847e-09 0.0848059 -0.996397 1.25184e-09 -0.0848059 -0.953813 -0.163548 -0.251978 0.0785531 0.195487 -0.977555 -0.781183 -0.27601 -0.559975 -0.795515 -0.444402 -0.411901 -0.723301 -0.40406 -0.559975 -0.967733 2.83078e-09 -0.251978 -0.547375 -0.621939 -0.559975 -0.602026 -0.684034 -0.411901 -0.898121 -0.153998 -0.411901 -0.912454 -0.32239 -0.251978 -0.859177 -0.303566 -0.411901 -0.911229 -3.0442e-09 -0.411901 -0.0988245 -0.0797952 -0.9919 -0.227827 -0.183957 -0.956167 -0.193461 -0.219814 -0.956167 -0.816592 -0.140019 -0.559975 -0.680716 -0.240512 -0.691939 -0.711572 -0.122011 -0.691939 -0.0839175 -0.0953488 -0.9919 0.0330208 0.0266624 -0.999099 -0.82851 3.46293e-09 -0.559975 -0.255638 -0.142808 -0.956167 -0.110888 -0.061946 -0.9919 -0.721956 -1.50616e-09 -0.691939 -0.560666 -0.198096 -0.803997 -0.58608 -0.100493 -0.803997 0.0370518 0.0206984 -0.999099 -0.594633 -2.48211e-10 -0.803997 -0.443728 -0.0760848 -0.892926 -0.424487 -0.149981 -0.892926 0.183926 0.102747 -0.977555 -0.450204 -3.74423e-10 -0.892926 0.163916 0.132353 -0.977555 0.325509 0.18184 -0.927889 0.198645 0.0701856 -0.977555 0.0400169 0.0141389 -0.999099 -0.125191 -0.0214661 -0.9919 -0.288611 -0.0494873 -0.956167 -0.276096 -0.0975509 -0.956167 -0.292823 2.45129e-10 -0.956167 0.351558 0.124213 -0.927889 -0.119762 -0.0423147 -0.9919 0.0418307 0.0071726 -0.999099 0.207649 0.0356049 -0.977555 -0.127018 -6.89555e-10 -0.9919 0.367493 0.0630131 -0.927889 0.0424412 -8.8773e-11 -0.999099 0.494357 0.174668 -0.851529 0.457727 0.255702 -0.851529 0.210679 8.79429e-10 -0.977555 0.576778 0.322208 -0.750672 0.622935 0.220097 -0.750672 0.679236 0.379444 -0.62822 0.733592 0.259195 -0.62822 0.372857 9.34176e-10 -0.927889 0.651172 0.111655 -0.750672 0.40793 0.32938 -0.851529 0.524307 4.5989e-09 -0.851529 0.766845 0.131489 -0.62822 0.516765 0.0886083 -0.851529 0.660675 -3.03961e-09 -0.750672 0.766844 0.619184 -0.169001 0.778036 -4.87794e-09 -0.62822 0.860457 0.48068 -0.169001 0.762154 0.425765 -0.487695 0.823145 0.290836 -0.487695 0.860457 0.14754 -0.487695 0.873014 -3.17076e-12 -0.487695 0.929315 0.328348 -0.169001 0.971439 0.16657 -0.169001 0.889018 0.31411 -0.33314 0.942877 -1.5769e-09 -0.33314 0.929315 0.159347 -0.33314 0.781831 0.62349 -1.74846e-07 0.889018 0.31411 0.33314 0.762154 0.425765 0.487695 0.679236 0.379444 0.62822 0.246337 0.613033 0.750672 0.163916 0.760573 0.62822 0.13919 0.645846 0.750672 0.195491 0.486499 0.851529 0.110461 0.512539 0.851529 0.139022 0.34597 0.927889 0.0785532 0.364488 0.927889 -0.0665963 -0.108159 0.9919 -0.153529 -0.249347 0.956167 0.0443857 0.20595 -0.977555 0.139022 0.345969 -0.927889 -0.630278 -0.352094 -0.691939 -0.519123 -0.29 -0.803997 -0.393034 -0.219562 -0.892926 -0.708968 -0.572452 -0.411901 0.290096 0.234236 -0.927889 0.514029 0.415049 -0.750672 0.60534 0.488778 -0.62822 0.679236 0.548445 -0.487695 0.823145 0.459837 -0.33314 0.657939 0.753071 -1.74846e-07 0.823145 0.459837 0.33314 0.367493 0.914542 0.169001 0.351375 0.936235 -1.74846e-07 0.679236 0.548445 0.487695 -0.512899 0.858449 -1.74846e-07 -0.550897 0.834573 -1.74846e-07 -0.753071 0.657939 -1.74846e-07 -0.781832 0.62349 -1.74846e-07 -0.711571 0.681986 0.169001 0.0330208 0.777335 0.62822 0.0280398 0.66008 0.750672 0.0222522 0.523835 0.851529 0.0158244 0.0393806 0.999099 -0.0473594 -0.117858 0.9919 -0.109181 -0.271707 0.956167 -0.64461 -0.520486 -0.559975 -0.561708 -0.453547 -0.691939 -0.462646 -0.37356 -0.803997 -0.350275 -0.282827 -0.892926 0.0280398 0.0318594 -0.999099 0.13919 0.158151 -0.977555 -0.153529 -0.249347 -0.956167 -0.0665964 -0.108159 -0.9919 0.346396 0.393583 -0.851529 0.246337 0.279893 -0.927889 0.436491 0.49595 -0.750672 0.514029 0.58405 -0.62822 0.290096 0.721931 -0.62822 0.325509 0.81006 -0.487695 0.457728 0.743397 -0.487695 0.651172 0.739875 -0.169001 0.516766 0.839281 -0.169001 0.512899 0.858449 -1.74846e-07 0.733592 0.592334 0.33314 0.576778 0.655348 0.487695 -0.691063 0.722795 -1.74846e-07 -0.816592 0.55192 0.169001 -0.858449 0.512899 -1.74846e-07 -0.880596 0.473869 -1.74846e-07 -0.974928 0.222521 -1.74846e-07 -0.98393 0.178557 -1.74846e-07 -0.953813 0.248354 0.169001 0.0280397 0.0318593 0.999099 0.0443858 0.205951 0.977555 0.00894144 0.0414884 0.999099 -0.02676 -0.124167 0.9919 -0.0616917 -0.286251 0.956167 -0.752931 -0.607949 0.251978 0.115742 -0.903848 -0.411901 -0.476978 -0.541952 -0.691939 -0.297438 -0.337955 -0.892926 0.110461 0.512539 -0.851529 0.195491 0.486499 -0.851529 0.0785531 0.364488 -0.927889 0.13919 0.645846 -0.750672 0.246337 0.613033 -0.750672 0.0370518 0.872227 -0.487695 0.198645 0.921715 -0.33314 0.183926 0.85342 -0.487695 0.274898 0.446463 -0.851529 0.195491 0.317498 -0.927889 0.346397 0.562584 -0.750672 0.40793 0.66252 -0.62822 0.367493 0.914542 -0.169001 0.494358 0.802888 -0.33314 0.622935 0.707792 -0.33314 0.576778 0.655348 -0.487695 0.733592 0.592334 -0.33314 0.393025 0.919528 -1.74846e-07 0.622935 0.707792 0.33314 0.457728 0.743397 0.487695 0.40793 0.66252 0.62822 0.346397 0.562584 0.750672 0.274898 0.446463 0.851529 0.195491 0.317498 0.927889 0.0158245 0.372521 0.927889 0.00894148 0.210489 0.977555 0.00180125 0.0424028 0.999099 -0.00539079 -0.126903 0.9919 -0.639357 -0.72645 0.251978 -0.658295 -0.747968 0.0848059 -0.507389 -0.824053 -0.251978 -0.434394 -0.7055 -0.559975 0.00180126 0.042403 -0.999099 -0.236045 -0.383362 -0.892926 0.0222522 0.0361399 -0.999099 0.110461 0.179399 -0.977555 -0.109181 -0.271707 -0.956167 0.207649 0.963494 -0.169001 0.222521 0.974928 -1.74846e-07 0.494357 0.802888 0.33314 0.325509 0.81006 0.487695 0.290096 0.721931 0.62822 -0.0665963 0.520061 0.851529 -0.0473594 0.369837 0.927889 -0.02676 0.208973 0.977555 0.0161335 -0.125989 0.9919 -0.477764 -0.775938 0.411901 -0.507389 -0.824053 0.251978 -0.522418 -0.848462 0.0848059 0.0161335 -0.125989 -0.9919 -0.221713 -0.551754 -0.803997 -0.167861 -0.417739 -0.892926 0.0222522 0.523835 -0.851529 0.0418307 0.984728 -0.169001 0.0448648 0.998993 -1.74846e-07 0.351558 0.874886 0.33314 -0.309017 0.951056 -1.74846e-07 0.183926 0.85342 0.487695 -0.809017 0.587785 -1.74846e-07 -0.951056 0.309017 -1.74846e-07 -0.898121 0.405977 0.169001 -0.936235 0.351375 -1.74846e-07 -1 -8.74228e-08 -1.74846e-07 -0.982065 0.0835861 0.169001 -0.998993 0.044865 -1.74846e-07 -0.297438 0.589934 0.750672 -0.462646 0.625538 0.62822 -0.392859 0.531181 0.750672 -0.236045 0.468167 0.851529 -0.31177 0.421542 0.851529 -0.167861 0.332933 0.927889 -0.0948486 0.188121 0.977555 -0.221713 0.299776 0.927889 -0.0124277 0.0405807 0.999099 -0.360825 -0.897949 0.251978 -0.371513 -0.924546 0.0848059 -0.371513 -0.924546 -0.0848059 -0.152101 -0.705752 -0.691939 -0.125277 -0.581287 -0.803997 -0.0948486 -0.440099 -0.892926 0.00894148 0.210489 -0.977555 0.0158245 0.372521 -0.927889 0.0280398 0.660079 -0.750672 0.163916 0.760573 -0.62822 0.0330208 0.777335 -0.62822 -0.255638 0.834747 -0.487695 -0.110888 0.865943 -0.487695 -0.227827 0.743932 -0.62822 0.351558 0.874886 -0.33314 -0.134233 0.99095 -1.74846e-07 0.198645 0.921715 0.33314 -0.443728 0.880082 0.169001 -0.473869 0.880595 -1.74846e-07 0.0370518 0.872228 0.487695 -0.99095 0.134233 -1.74846e-07 -0.98393 -0.178557 -1.74846e-07 -0.982065 -0.083586 0.169001 -0.99095 -0.134233 -1.74846e-07 -0.561708 0.538353 0.62822 -0.476978 0.457147 0.750672 -0.378527 0.362789 0.851529 -0.0616917 0.201445 0.977555 -0.0191071 0.0378967 0.999099 -0.191977 -0.890776 0.411901 -0.203881 -0.946012 0.251978 -0.20992 -0.974034 0.0848059 -0.0306407 -0.721306 -0.691939 -0.0252369 -0.594097 -0.803997 -0.236045 0.468167 -0.851529 -0.153529 0.501325 -0.851529 -0.167861 0.332933 -0.927889 -0.378527 0.362788 -0.851529 -0.392859 0.531181 -0.750672 -0.31177 0.421541 -0.851529 0.0857452 -0.279987 -0.956167 0.0371937 -0.12145 -0.9919 -0.0665963 0.52006 -0.851529 -0.0473594 0.369837 -0.927889 -0.0839174 0.655324 -0.750672 -0.0988245 0.771734 -0.62822 -0.350275 0.694728 -0.62822 -0.393034 0.779537 -0.487695 -0.288611 0.942413 -0.169001 -0.125191 0.977633 -0.169001 -0.266037 0.963963 -1.74846e-07 0.0400169 0.942028 0.33314 -0.110888 0.865943 0.487695 -0.0988245 0.771734 0.62822 -0.0839174 0.655324 0.750672 -0.998993 -0.0448647 -1.74846e-07 -0.953813 -0.248353 0.169001 -0.951057 -0.309017 -1.74846e-07 -0.936235 -0.351375 -1.74846e-07 -0.809017 -0.587785 -1.74846e-07 -0.781831 -0.62349 -1.74846e-07 -0.816592 -0.55192 0.169001 -0.00539077 0.0420973 0.999099 -0.125277 0.169386 0.977555 -0.0306407 -0.721306 0.691939 -0.0351629 -0.827763 0.559975 -0.0386735 -0.910407 0.411901 -0.0410719 -0.966861 0.251978 -0.0422883 -0.9955 0.0848059 -0.0422883 -0.9955 -0.0848059 -0.125277 0.169385 -0.977555 -0.221713 0.299776 -0.927889 -0.297438 0.589934 -0.750672 -0.00539079 0.0420975 -0.999099 -0.02676 0.208973 -0.977555 -0.193461 0.631715 -0.750672 -0.443728 0.880082 -0.169001 -0.276096 0.901548 -0.33314 -0.119762 0.935241 -0.33314 0.0400169 0.942028 -0.33314 -0.433884 0.900969 -1.74846e-07 -0.119762 0.935241 0.33314 -0.255638 0.834747 0.487695 -0.227826 0.743932 0.62822 -0.193461 0.631715 0.750672 -0.153529 0.501325 0.851529 -0.109181 0.356513 0.927889 -0.269186 0.257994 0.927889 -0.152101 0.145777 0.977555 0.0917013 -0.716109 0.691939 0.105235 -0.821799 0.559975 0.115742 -0.903848 0.411901 0.122919 -0.959895 0.251978 0.12656 -0.988327 0.0848059 0.12656 -0.988327 -0.0848059 0.122919 -0.959895 -0.251978 0.13183 -0.43047 -0.892926 0.410238 -0.813659 -0.411901 -0.0124277 0.0405809 -0.999099 -0.0616916 0.201444 -0.977555 -0.58608 0.792432 -0.169001 -0.587785 0.809017 -1.74846e-07 -0.276096 0.901548 0.33314 -0.393034 0.779537 0.487695 -0.350275 0.694728 0.62822 -0.602026 0.272133 0.750672 -0.752931 0.196048 0.62822 -0.639357 0.166476 0.750672 -0.308915 0.20879 0.927889 -0.339758 0.15358 0.927889 0.211405 -0.69031 0.691939 0.242607 -0.792193 0.559975 0.266828 -0.871286 0.411901 0.283374 -0.925314 0.251978 0.291768 -0.952722 0.0848059 0.291768 -0.952722 -0.0848059 0.283374 -0.925314 -0.251978 0.372998 -0.739798 -0.559975 0.202683 -0.401999 -0.892926 0.541847 -0.732625 -0.411901 -0.109181 0.356513 -0.927889 -0.462646 0.625539 -0.62822 -0.519123 0.701901 -0.487695 -0.424487 0.84192 -0.33314 -0.722795 0.691063 -1.74846e-07 -0.424487 0.84192 0.33314 -0.919528 0.393025 -1.74846e-07 -0.519123 0.701901 0.487695 -0.880596 -0.473869 -1.74846e-07 -0.858449 -0.512899 -1.74846e-07 -0.657939 -0.753071 -1.74846e-07 -0.711571 -0.681986 0.169001 -0.691063 -0.722795 -1.74846e-07 -0.775233 0.065982 0.62822 -0.658295 0.0560291 0.750672 -0.507389 0.132114 0.851529 -0.522418 0.0444644 0.851529 0.325027 -0.644653 0.691939 0.372998 -0.739798 0.559975 0.410238 -0.813659 0.411901 0.435677 -0.864114 0.251978 0.448582 -0.889709 0.0848059 0.448582 -0.889709 -0.0848059 0.435677 -0.864114 -0.251978 -0.0306407 0.0293667 -0.999099 -0.152101 0.145777 -0.977555 0.242606 -0.163973 -0.956167 0.105236 -0.0711268 -0.9919 -0.269186 0.257994 -0.927889 -0.476978 0.457147 -0.750672 -0.561708 0.538353 -0.62822 -0.708968 0.320474 -0.62822 -0.795515 0.359596 -0.487695 -0.723301 0.488866 -0.487695 -0.711571 0.681986 -0.169001 -0.834573 0.550897 -1.74846e-07 -0.560666 0.758071 0.33314 -0.630278 0.604072 0.487695 -0.753072 -0.657939 -1.74846e-07 -0.512899 -0.858449 -1.74846e-07 -0.58608 -0.792432 0.169001 -0.550897 -0.834573 -1.74846e-07 -0.795515 -0.359596 0.487695 -0.708968 -0.320474 0.62822 -0.752931 -0.196048 0.62822 -0.0306406 0.0293666 0.999099 0.353589 -0.478083 0.803997 0.429299 -0.580451 0.691939 0.492659 -0.666119 0.559975 0.541847 -0.732625 0.411901 0.575446 -0.778055 0.251978 0.592491 -0.801101 0.0848059 0.592491 -0.801101 -0.0848059 0.575446 -0.778054 -0.251978 0.266828 -0.120614 -0.956167 -0.507389 0.132114 -0.851529 -0.477764 0.215963 -0.851529 -0.360826 0.0939516 -0.927889 -0.639357 0.166476 -0.750672 -0.602026 0.272133 -0.750672 -0.434394 0.293599 -0.851529 -0.308915 0.20879 -0.927889 -0.547375 0.369961 -0.750672 -0.64461 0.43568 -0.62822 -0.752931 0.196048 -0.62822 -0.844845 0.21998 -0.487695 -0.898121 0.405976 -0.169001 -0.816592 0.55192 -0.169001 -0.781183 0.527988 -0.33314 -0.680716 0.652413 -0.33314 -0.630278 0.604072 -0.487695 -0.560666 0.758071 -0.33314 -0.900969 0.433884 -1.74846e-07 -0.680716 0.652414 0.33314 -0.723301 0.488866 0.487695 -0.64461 0.43568 0.62822 -0.547375 0.369961 0.750672 -0.434394 0.293599 0.851529 -0.443728 -0.880082 0.169001 -0.393025 -0.919528 -1.74846e-07 -0.351375 -0.936235 -1.74846e-07 0.325027 -0.311513 0.892926 0.429299 -0.41145 0.803997 0.521221 -0.499549 0.691939 0.598148 -0.573278 0.559975 0.657867 -0.630514 0.411901 0.698661 -0.669612 0.251978 0.719355 -0.689446 0.0848059 0.719355 -0.689446 -0.0848059 0.698661 -0.669612 -0.251978 0.686428 -0.463944 -0.559975 -0.035163 0.023766 -0.999099 -0.17455 0.117975 -0.977555 -0.953813 0.248354 -0.169001 -0.963963 0.266037 -1.74846e-07 -0.781183 0.527987 0.33314 -0.795515 0.359596 0.487695 -0.708968 0.320474 0.62822 -0.477764 0.215963 0.851529 -0.522418 -0.0444645 0.851529 0.372998 -0.252103 0.892926 0.492659 -0.33298 0.803997 0.598148 -0.404277 0.691939 0.686428 -0.463945 0.559975 0.754962 -0.510265 0.411901 0.801776 -0.541906 0.251978 0.825525 -0.557957 0.0848059 0.825525 -0.557958 -0.0848059 0.801776 -0.541906 -0.251978 0.598148 -0.404277 -0.691939 -0.522418 0.0444644 -0.851529 -0.982065 0.0835861 -0.169001 -0.995974 0.0896393 -1.74846e-07 -0.859177 0.388372 0.33314 -0.963963 -0.266037 -1.74846e-07 -0.844845 0.21998 0.487695 -0.62349 -0.781831 -1.74846e-07 -0.0448648 -0.998993 -1.74846e-07 -0.125191 -0.977633 0.169001 -0.0896393 -0.995974 -1.74846e-07 -0.64461 -0.43568 0.62822 -0.602026 -0.272133 0.750672 0.410238 -0.185439 0.892926 0.541847 -0.24493 0.803997 0.657867 -0.297375 0.691939 0.754962 -0.341264 0.559975 0.830337 -0.375336 0.411901 0.881826 -0.398611 0.251978 0.907946 -0.410417 0.0848059 0.907946 -0.410417 -0.0848059 0.881826 -0.39861 -0.251978 0.657867 -0.297375 -0.691939 -0.371513 0.0316204 -0.927889 -0.658295 0.056029 -0.750672 -0.775233 0.0659819 -0.62822 -0.869869 0.074037 -0.487695 -0.912454 0.237584 -0.33314 -0.859177 0.388372 -0.33314 -0.995974 -0.0896394 -1.74846e-07 -0.912454 0.237584 0.33314 -0.898121 -0.405977 0.169001 -0.900969 -0.433884 -1.74846e-07 -0.869869 0.0740368 0.487695 -0.222521 -0.974928 -1.74846e-07 -0.178557 -0.98393 -1.74846e-07 0.0896394 -0.995974 -1.74846e-07 0.134233 -0.99095 -1.74846e-07 0.0418306 -0.984728 0.169001 0.283374 -0.0737849 0.956167 0.435677 -0.113441 0.892926 0.575446 -0.149834 0.803997 0.698661 -0.181917 0.691939 0.801776 -0.208766 0.559975 0.881826 -0.22961 0.411901 0.936507 -0.243847 0.251978 0.964247 -0.25107 0.0848059 0.964247 -0.25107 -0.0848059 0.936507 -0.243847 -0.251978 0.698661 -0.181917 -0.691939 0.575446 -0.149834 -0.803997 0.283374 0.0737849 -0.956167 -0.522418 -0.0444643 -0.851529 -0.371513 -0.0316204 -0.927889 -0.658295 -0.0560291 -0.750672 -0.775233 -0.065982 -0.62822 -0.708968 -0.320474 -0.62822 -0.795515 -0.359596 -0.487695 -0.844845 -0.21998 -0.487695 -0.953813 -0.248354 -0.169001 -0.982065 -0.0835863 -0.169001 -0.974928 -0.222521 -1.74846e-07 -0.939481 0.0799616 0.33314 -0.869869 -0.0740367 0.487695 -0.775233 -0.0659822 0.62822 -0.658295 -0.0560293 0.750672 1.19249e-08 -1 -1.74846e-07 0.207649 -0.963494 0.169001 0.266037 -0.963963 -1.74846e-07 0.309017 -0.951056 -1.74846e-07 0.12656 -0.0107719 0.9919 0.291768 -0.0248331 0.956167 0.448582 -0.0381799 0.892926 0.592491 -0.0504284 0.803997 0.719355 -0.0612262 0.691939 0.825525 -0.0702625 0.559975 0.907946 -0.0772776 0.411901 0.964247 -0.0820695 0.251978 0.992808 -0.0845004 0.0848059 0.992808 -0.0845004 -0.0848059 0.964247 -0.0820695 -0.251978 0.719355 -0.0612262 -0.691939 0.592491 -0.0504286 -0.803997 -0.64461 -0.435681 -0.62822 -0.20992 -0.0178668 -0.977555 -0.507389 -0.132114 -0.851529 -0.639357 -0.166475 -0.750672 -0.752931 -0.196048 -0.62822 -0.898121 -0.405976 -0.169001 -0.912454 -0.237584 -0.33314 -0.939481 -0.0799618 -0.33314 -0.869869 -0.0740369 -0.487695 -0.939481 0.0799618 -0.33314 -0.919528 -0.393025 -1.74846e-07 -0.939481 -0.0799615 0.33314 -0.844845 -0.21998 0.487695 -0.639357 -0.166476 0.750672 -0.507389 -0.132114 0.851529 0.12656 0.0107718 0.9919 0.291768 0.0248331 0.956167 0.448582 0.0381799 0.892926 0.592491 0.0504284 0.803997 0.719355 0.0612263 0.691939 0.825525 0.0702627 0.559975 0.907946 0.0772777 0.411901 0.964247 0.0820694 0.251978 0.992808 0.0845004 0.0848059 0.992808 0.0845004 -0.0848059 0.964247 0.0820694 -0.251978 0.907946 0.0772775 -0.411901 0.825525 0.0702625 -0.559975 0.719355 0.0612261 -0.691939 0.592491 0.0504285 -0.803997 0.448582 0.03818 -0.892926 0.266828 0.120614 -0.956167 -0.816592 -0.55192 -0.169001 -0.834573 -0.550897 -1.74846e-07 -0.912454 -0.237584 0.33314 0.122919 0.0320057 0.9919 0.283374 0.0737849 0.956167 0.435677 0.113441 0.892926 0.575446 0.149834 0.803997 0.698661 0.181917 0.691939 0.801776 0.208766 0.559975 0.881826 0.22961 0.411901 0.936507 0.243848 0.251978 0.964247 0.25107 0.0848059 0.964247 0.25107 -0.0848059 0.936507 0.243847 -0.251978 0.881826 0.22961 -0.411901 0.801776 0.208766 -0.559975 0.698661 0.181917 -0.691939 0.575446 0.149834 -0.803997 0.435677 0.113442 -0.892926 -0.360826 -0.0939516 -0.927889 0.242606 0.163973 -0.956167 -0.711571 -0.681986 -0.169001 -0.722795 -0.691063 -1.74846e-07 -0.859177 -0.388372 0.33314 -0.433884 -0.900969 -1.74846e-07 -0.723301 -0.488866 0.487695 0.178557 -0.98393 -1.74846e-07 -0.0386735 -0.0174815 0.999099 0.115742 0.0523188 0.9919 0.266829 0.120614 0.956167 0.410238 0.185439 0.892926 0.541847 0.24493 0.803997 0.657867 0.297375 0.691939 0.754962 0.341264 0.559975 0.830337 0.375336 0.411901 0.881826 0.398611 0.251978 0.907946 0.410417 0.0848059 0.907946 0.410417 -0.0848059 0.881826 0.39861 -0.251978 0.830337 0.375336 -0.411901 0.754962 0.341264 -0.559975 0.657867 0.297375 -0.691939 0.541847 0.24493 -0.803997 0.410239 0.185439 -0.892926 0.174122 0.235429 -0.956167 -0.476978 -0.457147 -0.750672 -0.561708 -0.538353 -0.62822 -0.393034 -0.779537 -0.487695 -0.519123 -0.701901 -0.487695 -0.350275 -0.694728 -0.62822 -0.723301 -0.488866 -0.487695 -0.859177 -0.388372 -0.33314 -0.587785 -0.809017 -1.74846e-07 -0.781183 -0.527988 0.33314 -0.288611 -0.942413 0.169001 -0.266037 -0.963963 -1.74846e-07 -0.630278 -0.604072 0.487695 0.105235 0.0711267 0.9919 0.242607 0.163973 0.956167 0.372998 0.252103 0.892926 0.492659 0.33298 0.803997 0.598148 0.404277 0.691939 0.686428 0.463944 0.559975 0.754962 0.510265 0.411901 0.801776 0.541906 0.251978 0.825525 0.557957 0.0848059 0.825525 0.557958 -0.0848059 0.801776 0.541906 -0.251978 0.754962 0.510265 -0.411901 0.686428 0.463945 -0.559975 0.598148 0.404277 -0.691939 0.492659 0.33298 -0.803997 0.372998 0.252103 -0.892926 -0.462646 -0.625539 -0.62822 -0.255638 -0.834747 -0.487695 -0.443728 -0.880082 -0.169001 -0.58608 -0.792432 -0.169001 -0.560666 -0.758071 -0.33314 -0.630278 -0.604072 -0.487695 -0.781183 -0.527987 -0.33314 -0.473869 -0.880595 -1.74846e-07 -0.680716 -0.652414 0.33314 -0.519123 -0.701901 0.487695 -0.462646 -0.625538 0.62822 -0.0306406 -0.0293666 0.999099 0.0917012 0.0878885 0.9919 0.211405 0.202616 0.956167 0.325027 0.311513 0.892926 0.429299 0.41145 0.803997 0.521221 0.499549 0.691939 0.598148 0.573278 0.559975 0.657867 0.630514 0.411901 0.698661 0.669612 0.251978 0.719355 0.689446 0.0848059 0.719355 0.689446 -0.0848059 0.698661 0.669612 -0.251978 0.657867 0.630514 -0.411901 0.598148 0.573278 -0.559975 0.521221 0.49955 -0.691939 0.429299 0.41145 -0.803997 0.325027 0.311513 -0.892926 0.183926 -0.85342 -0.487695 -0.0306407 -0.0293667 -0.999099 -0.288611 -0.942413 -0.169001 -0.424487 -0.84192 -0.33314 -0.680716 -0.652414 -0.33314 -0.309017 -0.951056 -1.74846e-07 -0.560666 -0.758071 0.33314 -0.393034 -0.779537 0.487695 -0.125277 -0.169386 0.977555 -0.0252368 -0.0341225 0.999099 0.0755289 0.102122 0.9919 0.174122 0.235429 0.956167 0.267706 0.361962 0.892926 0.353589 0.478083 0.803997 0.429299 0.580451 0.691939 0.492659 0.666119 0.559975 0.541847 0.732625 0.411901 0.575446 0.778055 0.251978 0.592491 0.801101 0.0848059 0.592491 0.801101 -0.0848059 0.575446 0.778054 -0.251978 0.541847 0.732625 -0.411901 0.492659 0.666119 -0.559975 0.429299 0.580451 -0.691939 0.353589 0.478083 -0.803997 0.267706 0.361962 -0.892926 -0.025237 -0.0341226 -0.999099 -0.125191 -0.977633 -0.169001 -0.134233 -0.99095 -1.74846e-07 -0.424487 -0.84192 0.33314 -0.255639 -0.834747 0.487695 -0.167861 -0.332933 0.927889 -0.0948486 -0.188121 0.977555 -0.0191071 -0.0378967 0.999099 0.0571838 0.113417 0.9919 0.13183 0.261469 0.956167 0.202683 0.401998 0.892926 0.267706 0.530963 0.803997 0.325028 0.644653 0.691939 0.372998 0.739798 0.559975 0.410239 0.813659 0.411901 0.435677 0.864114 0.251978 0.448582 0.889709 0.0848059 0.448582 0.889709 -0.0848059 0.435677 0.864114 -0.251978 0.410238 0.81366 -0.411901 0.372998 0.739798 -0.559975 0.325028 0.644653 -0.691939 0.267706 0.530963 -0.803997 0.202684 0.401998 -0.892926 -0.0948485 -0.188121 -0.977555 -0.110888 -0.865943 -0.487695 -0.276096 -0.901548 -0.33314 0.0448649 -0.998993 -1.74846e-07 -0.276096 -0.901548 0.33314 0.367493 -0.914542 0.169001 0.393025 -0.919528 -1.74846e-07 -0.110888 -0.865943 0.487695 -0.109181 -0.356513 0.927889 -0.0616917 -0.201445 0.977555 -0.0124277 -0.0405807 0.999099 0.0371937 0.12145 0.9919 0.0857452 0.279987 0.956167 0.13183 0.43047 0.892926 0.174122 0.568568 0.803997 0.211405 0.69031 0.691939 0.242606 0.792193 0.559975 0.266829 0.871286 0.411901 0.283374 0.925314 0.251978 0.291768 0.952722 0.0848059 0.291768 0.952722 -0.0848059 0.283374 0.925314 -0.251978 0.266829 0.871286 -0.411901 0.242607 0.792193 -0.559975 0.211405 0.69031 -0.691939 0.174122 0.568568 -0.803997 0.13183 0.43047 -0.892926 0.0857452 0.279987 -0.956167 -0.0124278 -0.0405809 -0.999099 0.0418306 -0.984728 -0.169001 0.222521 -0.974928 -1.74846e-07 -0.119762 -0.935241 0.33314 -0.0665963 -0.520061 0.851529 -0.0473594 -0.369837 0.927889 -0.02676 -0.208973 0.977555 -0.00539078 -0.0420973 0.999099 0.0161335 0.125989 0.9919 0.0371937 0.290451 0.956167 0.0571838 0.446557 0.892926 0.0755289 0.589817 0.803997 0.0917012 0.716109 0.691939 0.105235 0.821799 0.559975 0.115742 0.903848 0.411901 0.122919 0.959895 0.251978 0.12656 0.988327 0.0848059 0.126561 0.988327 -0.0848059 0.122919 0.959895 -0.251978 0.115742 0.903848 -0.411901 0.105235 0.821799 -0.559975 0.0917012 0.716109 -0.691939 0.0755289 0.589817 -0.803997 0.0571839 0.446557 -0.892926 0.0371937 0.290451 -0.956167 0.0161335 0.125989 -0.9919 -0.00539079 -0.0420975 -0.999099 -0.0267601 -0.208973 -0.977555 0.367493 -0.914542 -0.169001 0.207649 -0.963494 -0.169001 0.198645 -0.921715 -0.33314 0.0400167 -0.942028 -0.33314 0.0370516 -0.872227 -0.487695 -0.119762 -0.935241 -0.33314 0.351375 -0.936235 -1.74846e-07 0.0400167 -0.942028 0.33314 0.0222521 -0.523835 0.851529 0.0158244 -0.372521 0.927889 0.00894155 -0.210489 0.977555 0.00180126 -0.0424028 0.999099 -0.00539082 0.126903 0.9919 -0.0124277 0.292559 0.956167 -0.0191071 0.449798 0.892926 -0.0252368 0.594097 0.803997 -0.0306406 0.721306 0.691939 -0.0351628 0.827763 0.559975 -0.0386735 0.910407 0.411901 -0.0410716 0.966861 0.251978 -0.0422886 0.9955 0.0848059 -0.0422886 0.9955 -0.0848059 -0.041072 0.966861 -0.251978 -0.0386735 0.910407 -0.411901 -0.0351628 0.827763 -0.559975 -0.0306406 0.721306 -0.691939 -0.0252368 0.594097 -0.803997 -0.0191071 0.449798 -0.892926 -0.0124277 0.292559 -0.956167 -0.00539077 0.126903 -0.9919 0.00180127 -0.042403 -0.999099 0.00894154 -0.210489 -0.977555 0.0158246 -0.372521 -0.927889 0.198645 -0.921715 0.33314 0.110461 -0.512539 0.851529 0.0785532 -0.364488 0.927889 0.0443858 -0.205951 0.977555 0.00894145 -0.0414884 0.999099 -0.02676 0.124167 0.9919 -0.0616917 0.286251 0.956167 -0.0948486 0.440099 0.892926 -0.125277 0.581287 0.803997 -0.152101 0.705752 0.691939 -0.17455 0.809914 0.559975 -0.191977 0.890776 0.411901 -0.203881 0.946012 0.251978 -0.20992 0.974034 0.0848059 -0.20992 0.974034 -0.0848059 -0.203881 0.946012 -0.251978 -0.191977 0.890776 -0.411901 -0.17455 0.809914 -0.559975 -0.152101 0.705752 -0.691939 -0.125277 0.581287 -0.803997 -0.0948486 0.440099 -0.892926 -0.0616917 0.28625 -0.956167 -0.02676 0.124167 -0.9919 0.00894148 -0.0414886 -0.999099 0.0443857 -0.20595 -0.977555 0.0785531 -0.364488 -0.927889 0.351558 -0.874885 0.33314 0.195491 -0.486499 0.851529 0.139022 -0.34597 0.927889 0.0785531 -0.195487 0.977555 0.0158244 -0.0393806 0.999099 -0.0473593 0.117858 0.9919 -0.109181 0.271707 0.956167 -0.167861 0.417739 0.892926 -0.221713 0.551754 0.803997 -0.269186 0.669895 0.691939 -0.308915 0.768765 0.559975 -0.339758 0.845519 0.411901 -0.360825 0.897949 0.251978 -0.371513 0.924546 0.0848059 -0.371513 0.924546 -0.0848059 -0.360825 0.897949 -0.251978 -0.339758 0.845519 -0.411901 -0.308915 0.768765 -0.559975 -0.269186 0.669895 -0.691939 -0.221713 0.551754 -0.803997 -0.167861 0.417739 -0.892926 -0.109181 0.271707 -0.956167 -0.0473594 0.117859 -0.9919 0.0158245 -0.0393807 -0.999099 0.078553 -0.195487 -0.977555 0.139022 -0.345969 -0.927889 0.351558 -0.874886 -0.33314 0.781831 -0.62349 -1.74846e-07 0.494357 -0.802888 0.33314 0.274898 -0.446463 0.851529 0.195491 -0.317498 0.927889 0.110461 -0.1794 0.977555 0.0222521 -0.0361398 0.999099 -0.0665963 0.108159 0.9919 -0.153529 0.249347 0.956167 -0.236045 0.383361 0.892926 -0.31177 0.506347 0.803997 -0.378527 0.614767 0.691939 -0.434394 0.7055 0.559975 -0.477764 0.775938 0.411901 -0.507389 0.824053 0.251978 -0.522418 0.848462 0.0848059 -0.522418 0.848462 -0.0848059 -0.507389 0.824053 -0.251978 -0.477764 0.775938 -0.411901 -0.434394 0.7055 -0.559975 -0.378527 0.614767 -0.691939 -0.31177 0.506347 -0.803997 -0.236045 0.383362 -0.892926 -0.153529 0.249347 -0.956167 -0.0665964 0.108159 -0.9919 0.0222522 -0.0361399 -0.999099 0.110461 -0.179399 -0.977555 0.195491 -0.317498 -0.927889 0.494357 -0.802888 -0.33314 0.858449 -0.512899 -1.74846e-07 0.622935 -0.707792 0.33314 0.514029 -0.58405 0.62822 0.436491 -0.49595 0.750672 0.346397 -0.393583 0.851529 0.246337 -0.279893 0.927889 0.139191 -0.158151 0.977555 0.0280397 -0.0318593 0.999099 -0.0839174 0.0953487 0.9919 -0.193461 0.219814 0.956167 -0.297438 0.337955 0.892926 -0.392859 0.446375 0.803997 -0.476978 0.541952 0.691939 -0.547375 0.621939 0.559975 -0.602026 0.684034 0.411901 -0.639357 0.72645 0.251978 -0.658295 0.747968 0.0848059 -0.658295 0.747968 -0.0848059 -0.639357 0.72645 -0.251978 -0.602026 0.684034 -0.411901 -0.547375 0.621939 -0.559975 -0.476978 0.541953 -0.691939 -0.392859 0.446375 -0.803997 -0.297438 0.337955 -0.892926 -0.193461 0.219814 -0.956167 -0.0839175 0.0953488 -0.9919 0.0280398 -0.0318594 -0.999099 0.13919 -0.158151 -0.977555 0.246337 -0.279893 -0.927889 0.823145 -0.459837 -0.33314 0.60534 -0.488777 -0.62822 0.679236 -0.548445 0.487695 0.733593 -0.592334 0.33314 0.60534 -0.488777 0.62822 0.514029 -0.415049 0.750672 0.40793 -0.32938 0.851529 0.290096 -0.234236 0.927889 0.163916 -0.132353 0.977555 0.0330206 -0.0266623 0.999099 -0.0988243 0.0797951 0.9919 -0.227827 0.183957 0.956167 -0.350275 0.282827 0.892926 -0.462646 0.37356 0.803997 -0.561708 0.453547 0.691939 -0.64461 0.520486 0.559975 -0.708968 0.572452 0.411901 -0.752931 0.607949 0.251978 -0.775233 0.625957 0.0848059 -0.775233 0.625957 -0.0848059 -0.752931 0.607949 -0.251978 -0.708968 0.572452 -0.411901 -0.64461 0.520486 -0.559975 -0.561708 0.453547 -0.691939 -0.462646 0.37356 -0.803997 -0.350275 0.282827 -0.892926 -0.227826 0.183957 -0.956167 -0.0988244 0.0797952 -0.9919 0.0330208 -0.0266624 -0.999099 0.163916 -0.132353 -0.977555 0.290096 -0.234236 -0.927889 0.40793 -0.32938 -0.851529 0.514028 -0.415049 -0.750672 0.823145 -0.459836 0.33314 0.576778 -0.322208 0.750672 0.457728 -0.255702 0.851529 0.325509 -0.18184 0.927889 0.183926 -0.102747 0.977555 0.0370516 -0.0206983 0.999099 -0.110888 0.0619459 0.9919 -0.255639 0.142808 0.956167 -0.393034 0.219562 0.892926 -0.519123 0.29 0.803997 -0.630278 0.352094 0.691939 -0.723301 0.40406 0.559975 -0.795515 0.444401 0.411901 -0.844845 0.471958 0.251978 -0.869869 0.485938 0.0848059 -0.869869 0.485938 -0.0848059 -0.844845 0.471958 -0.251978 -0.795515 0.444402 -0.411901 -0.723301 0.40406 -0.559975 -0.630278 0.352094 -0.691939 -0.519123 0.29 -0.803997 -0.393034 0.219562 -0.892926 -0.255638 0.142808 -0.956167 -0.110888 0.061946 -0.9919 0.0370518 -0.0206984 -0.999099 0.183926 -0.102747 -0.977555 0.325509 -0.18184 -0.927889 0.457727 -0.255702 -0.851529 0.576778 -0.322208 -0.750672 0.733592 -0.259195 0.62822 0.622935 -0.220097 0.750672 0.494357 -0.174667 0.851529 0.351558 -0.124213 0.927889 0.198645 -0.0701856 0.977555 0.0400167 -0.0141388 0.999099 -0.119762 0.0423147 0.9919 -0.276096 0.097551 0.956167 -0.424487 0.149981 0.892926 -0.560666 0.198096 0.803997 -0.680716 0.240512 0.691939 -0.781183 0.27601 0.559975 -0.859177 0.303566 0.411901 -0.912454 0.32239 0.251978 -0.939481 0.331939 0.0848059 -0.939481 0.331939 -0.0848059 -0.912453 0.322391 -0.251978 -0.859177 0.303567 -0.411901 -0.781183 0.27601 -0.559975 -0.680716 0.240512 -0.691939 -0.560666 0.198096 -0.803997 -0.424487 0.149981 -0.892926 -0.276096 0.0975508 -0.956167 -0.119762 0.0423147 -0.9919 0.0400169 -0.0141388 -0.999099 0.198645 -0.0701855 -0.977555 0.351558 -0.124213 -0.927889 0.494357 -0.174668 -0.851529 0.622935 -0.220097 -0.750672 0.929315 -0.159347 -0.33314 0.860457 -0.14754 -0.487695 0.860457 -0.14754 0.487695 0.766844 -0.131489 0.62822 0.651172 -0.111655 0.750672 0.516766 -0.0886084 0.851529 0.367493 -0.0630131 0.927889 0.207649 -0.035605 0.977555 0.0418306 -0.00717257 0.999099 -0.125191 0.0214661 0.9919 -0.288611 0.0494873 0.956167 -0.443728 0.0760848 0.892926 -0.58608 0.100494 0.803997 -0.711571 0.122011 0.691939 -0.816592 0.140019 0.559975 -0.898121 0.153998 0.411901 -0.953813 0.163548 0.251978 -0.982065 0.168392 0.0848059 -0.982065 0.168392 -0.0848059 -0.953813 0.163548 -0.251978 -0.898121 0.153998 -0.411901 -0.816592 0.140019 -0.559975 -0.711572 0.122011 -0.691939 -0.58608 0.100493 -0.803997 -0.443728 0.0760848 -0.892926 -0.288611 0.0494873 -0.956167 -0.125191 0.0214661 -0.9919 0.0418307 -0.0071726 -0.999099 0.207649 -0.035605 -0.977555 0.367493 -0.0630131 -0.927889 0.516765 -0.0886083 -0.851529 0.651172 -0.111655 -0.750672 0.766845 -0.131489 -0.62822</float_array>
          <technique_common>
            <accessor count="1472" source="#ID24" stride="3">
              <param name="X" type="float"/>
              <param name="Y" type="float"/>
              <param name="Z" type="float"/>
            </accessor>
          </technique_common>
        </source>
        <vertices id="ID25">
          <input semantic="POSITION" source="#ID21"/>
          <input semantic="NORMAL" source="#ID23"/>
        </vertices>
        <triangles count="2944" material="ID10">
          <input offset="0" semantic="VERTEX" source="#ID25"/>
          <p>0 1 2 3 0 4 4 0 2 5 6 7 8 3 9 10 11 6 12 5 13 14 3 15 10 16 17 9 14 18 16 19 20 21 22 23 24 14 15 14 24 25 26 27 28 29 28 27 30 31 22 32 33 34 35 30 28 36 37 32 38 39 25 26 40 27 41 34 33 34 42 43 44 26 43 25 24 38 33 32 45 46 36 39 47 48 36 37 36 49 37 50 32 51 52 36 47 53 54 52 49 36 48 51 36 55 45 32 47 54 48 15 3 4 12 56 57 58 59 60 0 61 1 2 1 62 63 64 65 62 1 66 67 68 58 69 70 71 72 66 1 73 62 66 74 75 76 71 77 78 73 66 79 69 78 80 66 81 79 79 82 83 83 73 79 78 84 85 81 80 86 83 82 87 88 82 86 87 82 89 85 90 80 85 91 92 93 88 90 88 94 89 87 89 95 96 95 89 93 92 97 96 98 95 99 94 93 96 94 100 101 102 103 100 99 104 105 98 96 106 107 108 105 109 98 110 104 106 105 100 111 112 109 113 105 113 109 110 108 114 104 115 111 116 112 113 117 116 113 116 118 112 115 110 119 120 116 121 121 117 122 122 123 124 120 118 116 125 126 123 127 128 129 124 126 130 131 128 132 133 134 125 135 134 136 131 137 138 139 140 141 142 143 144 145 138 146 141 147 148 149 147 150 151 140 142 152 153 150 154 155 153 152 147 140 156 157 158 154 152 151 159 160 154 161 162 163 164 159 165 165 157 166 167 168 169 159 151 144 166 170 167 166 169 164 163 170 156 162 171 172 173 174 175 167 175 174 175 163 172 176 177 178 179 173 172 179 171 180 181 182 183 184 185 179 186 184 187 148 149 138 181 188 187 189 190 191 184 180 181 192 193 194 183 195 188 196 189 197 198 199 200 188 201 193 195 202 201 145 136 133 202 203 204 205 196 206 205 207 208 209 210 203 211 212 213 209 200 214 215 148 137 212 216 209 217 218 219 211 219 216 220 217 221 222 208 223 211 224 217 134 225 126 226 227 228 190 189 196 130 225 229 230 231 232 227 220 233 233 234 227 196 205 208 235 232 231 235 236 237 238 239 130 222 232 208 232 235 237 121 124 239 240 241 237 46 242 47 243 244 245 239 246 120 247 248 249 248 247 250 242 251 248 47 248 252 250 252 248 252 253 47 134 133 136 53 47 253 254 255 256 257 258 259 260 261 262 260 263 264 265 266 267 268 269 270 271 272 273 274 275 276 277 278 273 279 280 281 282 283 284 285 286 287 288 284 283 289 290 291 292 293 294 295 296 297 298 299 289 300 301 302 302 303 304 305 306 197 307 305 308 309 294 293 307 310 222 311 312 313 314 315 316 235 231 317 317 236 235 317 310 318 247 249 319 319 241 317 231 310 317 241 319 249 319 250 247 250 319 252 311 320 314 252 321 253 205 305 307 321 53 253 299 304 290 322 323 324 284 325 326 295 297 327 325 328 329 330 331 329 279 332 272 291 333 283 334 328 335 287 336 337 338 339 340 341 342 343 342 344 340 341 281 345 271 346 280 347 348 349 350 351 352 353 265 347 354 347 355 356 357 271 265 358 355 359 360 361 263 362 360 363 364 365 366 367 368 369 354 370 371 358 372 373 366 261 374 375 376 377 378 379 374 380 381 382 383 384 257 384 385 367 373 386 384 259 387 382 387 388 389 390 256 391 392 393 394 395 396 397 398 399 400 392 401 402 403 404 405 404 406 136 145 398 407 408 409 410 411 412 405 413 407 414 415 416 417 408 418 419 420 411 419 410 421 246 238 422 423 424 414 425 118 120 120 246 425 426 422 417 427 419 428 246 429 425 422 430 429 426 418 431 421 432 428 246 422 429 433 434 435 124 121 122 426 436 430 430 422 426 437 438 400 439 440 441 436 431 442 116 117 121 443 444 445 433 446 441 447 448 433 431 439 442 443 449 450 442 439 451 452 444 453 451 439 446 446 454 451 455 456 447 443 457 453 448 454 446 456 458 448 459 455 460 457 450 461 448 458 454 456 459 462 433 441 434 463 464 461 458 456 462 465 466 457 467 468 469 459 468 470 441 446 439 465 461 471 472 473 467 466 474 473 468 475 470 444 443 453 468 467 475 476 474 465 475 467 477 473 477 467 478 464 479 452 453 472 480 477 473 473 474 480 481 482 479 481 483 484 474 485 480 486 478 482 469 472 467 479 487 481 485 476 488 482 484 489 488 476 490 490 491 488 492 44 43 478 479 482 486 491 490 489 493 486 33 494 41 494 33 45 486 493 491 495 496 483 486 490 478 497 498 489 499 500 501 499 37 500 502 498 497 484 496 497 37 49 500 321 503 500 503 321 502 321 500 48 51 48 500 53 321 54 321 48 54 46 47 36 55 32 50 504 26 44 46 39 38 505 39 32 26 34 43 25 505 18 9 506 507 14 25 18 8 507 59 14 9 3 72 61 70 0 3 8 72 69 81 0 8 61 508 509 510 61 72 1 511 512 513 81 66 72 103 513 514 79 81 86 515 107 101 86 82 79 108 515 516 89 82 88 516 127 114 96 89 94 407 440 418 100 105 96 124 123 126 105 111 113 441 413 434 111 117 113 517 518 432 435 519 447 431 436 426 120 121 239 455 519 520 239 238 246 521 460 520 422 238 417 522 435 434 418 426 417 469 452 472 440 439 431 472 453 466 443 445 449 459 470 462 446 433 448 487 479 523 456 448 447 487 524 481 455 459 456 483 524 525 460 469 468 478 490 471 526 527 495 474 476 485 472 466 473 504 44 492 474 466 465 492 43 494 490 476 471 497 496 503 45 499 494 493 489 498 489 486 482 37 499 50 49 52 500 502 497 503 503 501 500 51 500 52 39 36 32 42 34 41 528 35 28 39 505 25 529 505 34 530 531 19 18 529 506 532 60 507 9 18 506 16 10 6 9 507 8 533 534 74 59 61 8 535 536 537 61 59 70 510 538 539 70 69 72 512 540 514 81 69 80 106 99 97 86 80 90 515 541 542 90 88 86 516 542 543 93 94 88 114 129 119 99 100 94 417 238 229 100 104 111 125 134 126 115 117 111 434 406 522 122 117 115 435 522 544 544 545 519 440 431 418 124 130 239 520 545 546 238 130 229 547 521 546 417 229 408 438 544 522 418 408 407 450 548 463 413 441 440 463 549 523 449 550 551 460 468 459 433 435 447 552 487 553 455 447 519 552 554 524 520 460 455 525 554 555 469 521 452 556 557 558 30 559 560 465 471 476 453 457 466 35 528 559 465 457 461 559 27 492 464 478 471 496 495 501 526 495 525 489 484 497 484 482 481 499 527 494 45 55 499 503 496 501 501 527 499 50 499 55 505 32 34 40 26 504 561 23 22 505 529 18 26 562 529 30 22 28 562 532 506 563 67 60 507 506 532 6 5 12 507 60 59 564 537 76 58 70 59 565 566 567 70 58 71 568 569 570 78 69 71 571 107 97 85 80 78 541 103 572 90 85 92 542 573 574 92 93 90 543 574 575 97 99 93 575 137 132 106 104 99 408 229 576 110 115 104 577 376 375 115 119 122 522 403 438 122 119 123 544 438 437 545 437 578 413 440 407 130 126 225 546 578 424 576 229 225 579 547 424 576 409 408 419 411 410 407 409 405 580 581 582 406 434 413 580 583 584 585 586 587 521 469 460 435 544 519 588 552 589 520 519 545 588 590 554 546 521 520 555 590 591 452 547 444 581 590 588 592 21 560 461 464 471 450 457 443 559 593 560 450 463 461 524 487 552 523 479 464 594 559 492 555 595 526 484 483 496 524 483 481 494 596 492 43 42 494 501 495 527 527 596 494 42 41 494 26 529 34 528 28 29 597 530 21 529 562 506 598 562 28 21 530 22 598 563 532 599 600 67 60 532 563 68 600 601 60 67 58 84 77 602 68 71 58 84 603 91 68 77 71 571 91 102 77 84 78 604 572 514 91 85 84 573 572 605 92 91 571 574 606 607 92 571 97 215 575 607 107 106 97 576 225 135 106 108 110 409 576 608 110 114 119 405 409 609 129 123 119 438 610 400 129 125 123 437 400 611 578 611 414 406 413 405 135 225 134 421 612 517 135 608 576 579 423 613 409 608 609 611 400 401 405 609 404 445 550 449 403 522 406 449 551 548 548 614 549 547 452 521 545 544 437 553 549 615 546 545 578 427 551 616 424 547 546 591 584 556 444 579 445 581 580 584 20 19 617 463 523 464 449 548 450 597 21 592 548 549 463 554 552 588 487 523 553 526 595 596 591 558 595 483 525 495 525 524 554 27 559 29 27 40 492 527 526 596 596 594 492 40 504 492 28 562 26 561 22 31 618 16 20 562 598 532 619 598 22 16 530 19 619 599 563 620 621 600 67 563 599 601 621 508 67 600 68 603 602 511 77 68 601 603 513 102 77 601 602 540 622 604 602 603 84 623 605 604 102 91 603 606 605 624 571 102 101 127 543 132 101 107 571 215 625 141 107 515 108 608 135 626 516 114 108 609 608 627 127 129 114 404 609 628 125 129 128 254 401 391 125 128 133 611 401 415 629 612 410 403 406 404 135 136 626 423 416 630 608 626 627 631 613 630 628 609 627 415 401 254 404 628 402 550 616 551 610 438 403 551 427 614 614 428 615 579 444 547 578 437 611 589 615 432 414 424 578 419 427 420 423 579 424 518 581 588 445 613 550 580 632 583 11 10 633 549 553 523 551 614 548 618 20 617 549 614 615 617 19 592 552 553 589 595 558 594 21 23 560 525 555 526 555 554 590 30 560 31 30 35 559 596 595 594 594 593 559 29 559 528 598 28 22 531 530 597 634 6 11 598 619 563 635 619 530 63 65 636 599 635 620 637 509 621 620 600 599 638 565 536 600 621 601 639 640 641 508 602 601 642 643 644 602 508 511 645 646 647 511 513 603 648 649 650 103 102 513 651 650 652 101 103 541 139 625 653 541 515 101 626 136 398 515 542 516 627 626 397 516 543 127 628 627 654 127 132 128 402 628 655 133 128 131 610 402 656 145 133 131 415 254 390 390 657 416 610 403 402 398 397 626 630 657 658 397 654 627 659 631 658 628 654 655 256 390 254 656 402 655 616 420 427 400 610 392 517 660 582 410 412 629 613 445 579 611 415 414 632 580 661 423 414 416 632 662 583 630 613 423 663 662 664 631 616 550 665 666 667 590 581 584 615 589 553 427 428 614 634 11 633 615 428 432 633 10 617 518 588 589 558 557 593 587 557 663 555 591 595 591 590 584 560 668 592 23 561 560 594 558 593 593 668 560 31 560 561 619 22 530 17 16 618 669 56 12 619 635 599 670 635 16 671 672 533 620 670 637 673 538 509 621 620 637 74 76 537 621 509 508 569 674 643 510 511 508 675 676 677 511 510 512 647 678 679 512 514 513 649 680 652 572 103 514 651 653 681 541 572 573 139 682 142 541 573 542 146 399 398 574 543 542 399 683 397 575 132 543 683 684 654 131 132 137 684 685 655 145 131 138 685 393 656 398 145 146 577 375 389 389 686 657 392 610 656 683 654 397 658 686 687 684 655 654 395 659 687 685 656 655 577 389 256 393 392 656 688 689 690 391 401 392 691 692 693 629 694 695 631 550 613 415 390 416 696 632 697 630 416 657 696 698 662 658 631 630 664 698 699 616 659 420 700 701 665 702 57 703 432 518 589 421 428 419 663 556 583 432 421 517 703 5 633 582 581 518 557 587 668 585 587 664 591 556 558 556 584 583 592 586 617 19 531 592 593 557 668 668 586 592 531 597 592 635 530 16 7 6 634 57 704 65 635 670 620 6 705 670 57 65 12 705 673 637 706 707 538 509 637 673 539 707 708 509 538 510 709 676 642 539 512 510 710 711 712 512 539 540 713 714 715 604 514 540 716 625 607 605 572 604 682 651 717 605 606 573 718 146 149 574 573 606 719 399 718 574 607 575 720 683 719 215 137 575 721 684 720 148 138 137 722 685 721 146 138 149 723 393 722 399 146 718 255 391 723 399 719 683 686 375 381 683 720 684 687 381 396 684 721 685 690 258 724 393 685 722 384 383 385 391 393 723 693 688 725 255 254 391 693 692 726 612 727 660 659 616 631 390 389 657 660 728 661 658 657 686 689 729 698 687 659 658 699 729 667 420 395 411 688 729 689 64 63 730 517 582 518 612 421 410 703 731 702 612 660 517 662 632 696 661 580 582 732 703 633 699 666 585 556 663 557 662 663 583 617 733 633 10 17 617 668 587 586 586 733 617 17 618 617 6 670 16 669 12 13 734 671 64 670 705 637 735 705 12 64 671 65 735 706 673 736 737 707 538 673 706 708 737 738 538 707 539 623 622 739 708 540 539 623 740 624 708 622 540 716 624 681 622 623 604 741 717 652 624 605 623 143 717 742 606 624 716 743 718 150 606 716 607 744 719 743 215 607 625 745 720 744 148 215 141 746 721 745 149 148 147 747 722 746 718 149 150 748 723 747 719 718 743 749 255 748 720 719 744 749 577 256 745 721 720 396 380 386 746 722 721 394 386 750 747 723 722 751 374 376 748 255 723 412 694 629 255 749 256 629 695 727 727 752 728 395 420 659 686 389 375 697 728 753 687 686 381 387 695 388 396 395 687 667 726 700 411 394 412 688 693 726 534 533 754 660 661 582 629 727 612 734 64 730 727 728 660 698 696 689 632 661 697 585 666 733 57 56 703 663 664 587 664 662 698 5 703 13 5 7 633 586 585 733 633 733 732 7 634 633 705 6 12 636 65 704 755 74 534 705 735 673 756 735 65 74 671 533 706 756 736 737 757 758 707 706 736 738 758 645 707 737 708 740 739 648 622 708 738 740 650 681 622 738 739 759 760 761 739 740 623 762 742 741 681 624 740 763 161 156 681 653 716 764 743 153 716 653 625 765 744 764 139 141 625 766 745 765 140 147 141 767 746 766 150 147 152 768 747 767 743 150 153 769 748 768 744 743 764 770 749 769 745 744 765 376 577 770 746 745 766 771 367 380 747 746 767 772 750 373 748 747 768 773 771 751 769 749 748 694 388 695 770 577 749 695 387 752 752 259 753 394 411 395 381 375 374 774 753 258 380 396 381 384 387 382 394 396 386 692 775 700 750 694 412 689 696 774 776 777 701 728 697 661 695 752 727 755 534 754 728 752 753 754 533 730 696 697 774 666 665 732 63 702 730 664 699 585 699 698 729 57 702 704 56 669 703 733 666 732 732 731 703 13 703 669 735 12 65 672 671 734 778 535 537 735 756 706 779 756 671 641 640 780 736 779 757 781 646 758 757 737 736 570 569 643 737 758 738 782 783 715 645 739 738 784 785 786 739 645 648 761 787 788 648 650 740 789 790 161 651 681 650 764 155 791 651 682 653 765 791 792 682 139 653 766 792 793 140 139 142 767 793 794 152 140 151 768 794 795 153 152 154 769 795 796 764 153 155 770 796 797 765 764 791 376 797 751 766 765 792 374 751 771 767 766 793 355 371 370 767 794 768 264 772 261 768 795 769 773 379 368 796 770 769 798 724 257 770 797 376 724 799 725 385 800 801 750 412 394 374 771 380 691 693 802 386 380 367 691 803 692 373 750 386 775 803 804 772 388 694 805 806 807 729 688 726 753 774 697 387 259 752 535 778 808 753 259 258 808 76 754 690 689 774 665 701 731 776 701 775 699 667 666 667 729 726 702 777 730 63 636 702 732 665 731 731 777 702 704 702 636 756 65 671 75 74 755 809 566 565 756 779 736 74 810 779 536 565 537 757 810 781 811 678 646 758 757 781 643 642 676 758 646 645 714 812 785 647 648 645 813 814 815 648 647 649 816 817 818 649 652 650 819 165 144 651 652 717 160 820 155 143 682 717 820 821 791 142 682 143 821 822 792 142 144 151 822 823 793 159 154 151 823 824 794 160 155 154 824 825 795 820 791 155 825 826 796 821 792 791 826 827 797 822 793 792 827 773 751 823 794 793 773 368 771 824 795 794 352 369 828 796 795 825 354 348 347 797 796 826 829 830 831 827 751 797 829 832 833 801 828 369 772 694 750 771 368 367 834 691 835 373 367 366 834 836 803 261 772 373 804 836 837 388 264 382 838 839 806 840 567 841 258 690 774 257 259 384 842 841 808 258 257 724 841 536 808 725 688 690 843 808 754 804 844 776 667 700 665 700 726 692 730 845 754 533 672 730 731 701 777 777 845 730 672 734 730 74 779 671 778 537 564 567 846 640 779 810 757 847 810 537 567 640 565 847 811 781 848 849 678 646 781 811 679 849 850 646 678 647 741 680 851 679 649 647 852 853 854 649 679 680 819 742 158 741 652 680 164 855 160 717 741 742 855 856 820 143 742 819 856 857 821 143 819 144 857 858 822 165 159 144 858 859 823 164 160 159 859 860 824 855 820 160 860 861 825 856 821 820 861 862 826 857 822 821 862 863 827 858 823 822 863 379 773 859 824 823 379 378 368 860 825 824 378 262 366 825 861 826 364 864 377 827 826 862 383 800 385 827 863 773 385 801 798 798 865 799 264 388 772 366 368 378 799 866 802 261 366 262 830 833 836 260 264 261 837 833 805 382 263 383 830 829 833 639 641 867 724 725 690 798 257 385 846 567 840 798 799 724 803 691 834 693 725 802 776 844 845 837 807 844 700 775 701 775 692 803 76 808 564 76 75 754 777 776 845 845 843 754 75 755 754 537 810 74 809 565 638 868 570 639 810 847 781 869 847 565 639 570 640 869 848 811 870 871 849 678 811 848 850 871 759 678 849 679 762 851 872 680 679 850 762 763 158 680 850 851 790 873 162 741 851 762 169 874 855 158 742 762 874 875 856 157 819 158 875 876 857 819 157 165 876 877 858 166 164 165 877 878 859 169 855 164 878 879 860 874 856 855 879 880 861 875 857 856 880 881 862 876 858 857 881 882 863 877 859 858 882 377 379 878 860 859 377 864 378 879 861 860 864 883 262 880 862 861 883 362 260 881 863 862 800 828 801 882 379 863 801 369 865 865 370 866 263 382 264 262 378 864 835 866 371 260 262 883 354 369 352 362 263 260 805 832 838 383 360 800 829 884 832 674 569 885 799 802 725 801 865 798 868 639 867 799 865 866 836 834 830 691 802 835 844 807 843 567 566 841 775 804 776 804 803 836 536 841 638 536 535 808 845 844 843 843 842 808 564 808 778 847 537 565 780 640 846 886 643 674 847 869 811 887 869 640 711 710 888 848 887 870 889 760 871 870 849 848 890 814 784 871 850 849 763 872 789 759 851 850 891 892 893 851 759 872 894 178 895 763 762 872 168 896 874 158 763 156 896 897 875 156 170 157 897 898 876 170 166 157 898 899 877 167 169 166 899 900 878 168 874 169 900 901 879 896 875 874 901 902 880 897 876 875 902 903 881 898 877 876 903 904 882 899 878 877 904 364 377 900 879 878 364 363 864 901 880 879 363 905 883 902 881 880 905 361 362 903 882 881 352 348 354 377 882 904 358 267 831 347 349 353 360 383 263 883 864 363 884 829 906 905 362 883 884 907 832 361 360 362 838 907 908 359 828 800 830 834 372 909 910 839 866 835 802 369 370 865 886 674 885 866 370 371 885 569 867 372 834 835 807 806 842 641 840 867 804 837 844 837 836 833 841 911 840 566 809 841 843 807 842 842 911 841 638 841 809 869 565 640 568 570 868 912 677 676 869 887 848 913 887 570 914 915 782 870 913 889 916 787 760 871 870 889 715 714 785 871 760 759 917 918 892 761 872 759 919 920 921 872 761 789 174 922 168 789 161 763 922 923 896 156 161 163 923 924 897 170 163 175 924 925 898 175 167 170 925 926 899 174 168 167 926 927 900 922 896 168 927 928 901 923 897 896 928 929 902 924 898 897 929 930 903 925 899 898 930 931 904 926 900 899 931 365 364 927 901 900 365 269 363 928 902 901 269 932 905 929 903 902 932 933 361 930 904 903 933 350 359 931 364 904 273 356 271 353 934 338 359 800 360 363 269 905 935 884 936 361 905 932 935 937 907 933 359 361 908 937 938 828 350 352 939 940 941 942 675 943 371 372 835 354 355 370 677 912 943 371 355 358 943 642 885 831 830 372 806 839 911 909 839 908 837 805 807 805 833 832 840 910 867 641 780 840 842 806 911 911 910 840 780 846 840 887 640 570 644 643 886 675 944 710 887 913 870 643 945 913 675 710 676 945 916 889 946 947 787 760 889 916 788 947 948 760 787 761 949 921 891 788 789 761 950 951 952 790 789 788 922 174 953 161 790 162 923 922 954 162 172 163 924 923 955 172 173 175 925 924 956 173 953 174 926 925 957 953 954 922 927 926 958 954 955 923 928 927 959 955 956 924 929 928 960 956 957 925 930 929 961 957 958 926 931 930 962 958 959 927 365 931 963 959 960 928 269 365 270 960 961 929 932 269 268 961 962 930 933 932 964 962 963 931 350 933 965 963 270 365 353 338 266 356 966 939 350 828 359 964 932 268 267 967 906 964 965 933 968 969 937 350 965 351 938 969 970 352 351 348 346 969 968 712 711 971 358 831 372 265 355 347 943 972 942 265 267 358 907 884 935 906 829 831 973 943 885 938 974 909 805 838 806 907 838 832 867 975 885 569 568 867 911 839 910 910 975 867 568 868 867 643 913 570 912 676 709 976 914 712 913 945 889 977 945 676 712 914 710 977 946 916 978 818 947 787 916 946 948 818 979 787 947 788 171 873 980 948 790 788 173 185 953 948 873 790 953 981 954 162 873 171 954 982 955 172 171 179 955 983 956 179 185 173 956 984 957 185 981 953 957 985 958 981 982 954 958 986 959 982 983 955 959 987 960 983 984 956 960 988 961 984 985 957 961 989 962 985 986 958 962 990 963 986 987 959 963 991 270 987 988 960 270 992 268 988 989 961 268 993 964 989 990 962 964 994 965 990 991 963 965 995 351 991 992 270 351 996 348 993 268 992 266 340 967 994 964 993 936 967 344 995 965 994 339 338 997 995 996 351 970 357 939 348 996 349 346 271 357 783 782 998 267 906 831 353 266 265 976 712 971 266 967 267 937 935 968 884 906 936 909 974 975 970 941 974 838 908 839 908 907 937 642 943 709 642 644 885 910 909 975 885 975 973 644 886 885 945 643 676 888 710 944 999 715 783 945 977 916 1000 977 710 715 914 782 946 1000 978 814 785 784 947 946 978 979 817 895 947 818 948 180 980 182 979 873 948 185 186 981 873 979 980 981 1001 982 980 180 171 982 1002 983 180 184 179 983 1003 984 184 186 185 984 1004 985 186 1001 981 985 1005 986 1001 1002 982 986 1006 987 1002 1003 983 987 1007 988 1003 1004 984 988 1008 989 1004 1005 985 989 1009 990 1005 1006 986 990 1010 991 1006 1007 987 991 1011 992 1007 1008 988 992 1012 993 1008 1009 989 993 1013 994 1009 1010 990 994 1014 995 1010 1011 991 995 1015 996 1011 1012 992 996 1016 349 1012 1013 993 353 349 934 994 1013 1014 1017 344 341 995 1014 1015 1018 275 339 996 1015 1016 345 346 968 349 1016 934 968 935 1017 812 714 1019 967 936 906 338 340 266 999 783 998 967 340 344 998 782 971 935 936 1017 974 941 973 711 942 971 908 938 909 938 937 969 675 942 944 943 675 677 975 974 973 973 972 943 709 943 912 977 676 710 915 914 976 1020 785 812 977 1000 946 1021 1000 914 853 852 1022 978 1021 816 1023 894 817 816 818 978 1024 950 920 818 817 979 190 327 297 979 895 980 186 1025 1001 182 980 895 1001 1026 1002 181 180 182 1002 1027 1003 181 187 184 1003 1028 1004 187 1025 186 1004 1029 1005 1025 1026 1001 1005 1030 1006 1026 1027 1002 1006 1031 1007 1027 1028 1003 1007 1032 1008 1028 1029 1004 1008 1033 1009 1029 1030 1005 1009 1034 1010 1030 1031 1006 1010 1035 1011 1031 1032 1007 1011 1036 1012 1032 1033 1008 1012 1037 1013 1033 1034 1009 1013 1038 1014 1034 1035 1010 1014 1039 1015 1035 1036 1011 1015 1040 1016 1036 1037 1012 1016 1041 934 1037 1038 1013 934 997 338 1038 1039 1014 336 274 1042 1040 1015 1039 273 1043 356 1040 1041 1016 966 1043 1044 1041 997 934 1045 1046 1047 969 346 357 344 1017 936 339 342 340 1020 812 1019 344 342 341 1019 714 998 345 968 1017 941 940 972 1048 940 966 938 970 974 970 969 357 942 1049 971 711 888 942 973 941 972 972 1049 942 944 942 888 1000 710 914 713 715 999 1050 815 814 1000 1021 978 1051 1021 715 1052 1053 917 816 1051 1023 1054 176 894 817 816 1023 892 891 921 894 895 817 187 193 1025 182 895 178 1025 192 1026 182 178 183 1026 1055 1027 183 188 181 1027 1056 1028 188 193 187 1028 1057 1029 193 192 1025 1029 1058 1030 192 1055 1026 1030 1059 1031 1055 1056 1027 1031 1060 1032 1056 1057 1028 1032 1061 1033 1057 1058 1029 1033 1062 1034 1058 1059 1030 1034 1063 1035 1059 1060 1031 1035 1064 1036 1060 1061 1032 1036 1065 1037 1061 1062 1033 1037 1066 1038 1062 1063 1034 1038 1067 1039 1063 1064 1035 1039 1068 1040 1064 1065 1036 1040 1069 1041 1065 1066 1037 1041 1070 997 1066 1067 1038 997 1018 339 1067 1068 1039 342 339 275 1069 1040 1068 278 334 1043 1041 1069 1070 1044 334 1071 997 1070 1018 333 1072 1045 1073 813 1074 341 345 1017 343 342 275 1075 1074 1019 341 343 281 1074 784 1019 280 346 345 940 1048 1049 1076 1048 1044 970 939 941 939 357 356 971 1077 998 782 915 971 972 940 1049 1049 1077 971 915 976 971 1021 914 715 786 785 1020 813 1078 852 1021 1051 816 785 1079 1051 813 852 814 1079 1054 1023 1080 1081 176 894 1023 1054 177 1081 198 178 894 176 1082 1055 192 177 183 178 1083 1056 1055 195 183 177 1084 1057 1056 195 201 188 1085 1058 1057 201 194 193 1086 1059 1058 194 1082 192 1087 1060 1059 1082 1083 1055 1088 1061 1060 1083 1084 1056 1089 1062 1061 1084 1085 1057 1090 1063 1062 1085 1086 1058 1091 1064 1063 1086 1087 1059 1092 1065 1064 1087 1088 1060 1093 1066 1065 1088 1089 1061 1094 1067 1066 1089 1090 1062 1095 1068 1067 1090 1091 1063 1096 1069 1068 1091 1092 1064 1097 1070 1069 1092 1093 1065 1098 1018 1070 1093 1094 1066 276 275 1018 1094 1095 1067 274 343 275 1095 1096 1068 303 292 1099 1096 1097 1069 1100 281 343 1097 1098 1070 1071 335 1047 1018 1098 276 325 335 328 854 853 1101 281 280 345 1100 343 274 1074 1102 1073 1100 279 281 1043 273 278 271 280 272 1048 1076 1077 1071 1046 1076 939 966 940 1043 966 356 998 1103 1019 714 713 998 1049 1048 1077 1077 1103 998 713 999 998 785 1051 715 1050 814 890 1104 1052 854 1051 1079 1023 1105 1079 814 854 1052 852 1105 1080 1054 1106 199 1081 176 1054 1080 194 201 204 176 1081 177 1082 194 1107 198 195 177 1083 1082 1108 195 198 202 1084 1083 1109 201 202 204 1085 1084 1110 194 204 1107 1086 1085 1111 1082 1107 1108 1087 1086 1112 1083 1108 1109 1088 1087 1113 1084 1109 1110 1089 1088 1114 1085 1110 1111 1090 1089 1115 1086 1111 1112 1091 1090 1116 1087 1112 1113 1092 1091 1117 1088 1113 1114 1093 1092 1118 1089 1114 1115 1094 1093 1119 1090 1115 1116 1095 1094 1120 1091 1116 1117 1096 1095 1121 1092 1117 1118 1097 1096 1122 1093 1118 1119 1098 1097 1123 1094 1119 1120 276 1098 1124 1095 1120 1121 274 276 1042 1096 1121 1122 1100 274 336 1097 1122 1123 279 1100 1125 1123 1124 1098 1047 288 333 1042 276 1124 325 284 288 918 917 1126 279 272 280 336 1125 1100 1104 854 1101 1125 332 279 334 278 328 273 272 277 1076 1046 1103 813 815 1074 966 1044 1048 1044 1043 334 784 1074 890 784 786 1019 1077 1076 1103 1019 1103 1075 786 1020 1019 1079 785 814 1022 852 1078 1127 892 918 1079 1105 1054 1128 1105 852 892 1052 917 1080 1128 1106 199 1129 214 1106 1081 1080 1107 204 1130 1081 199 198 1108 1107 1131 200 202 198 1109 1108 1132 202 200 203 1110 1109 1133 204 203 1130 1111 1110 1134 1107 1130 1131 1112 1111 1135 1108 1131 1132 1113 1112 1136 1109 1132 1133 1114 1113 1137 1110 1133 1134 1115 1114 1138 1111 1134 1135 1116 1115 1139 1112 1135 1136 1117 1116 1140 1113 1136 1137 1118 1117 1141 1114 1137 1138 1119 1118 1142 1115 1138 1139 1120 1119 1143 1116 1139 1140 1121 1120 1144 1117 1140 1141 1122 1121 1145 1118 1141 1142 1123 1122 1146 1119 1142 1143 1124 1123 1147 1120 1143 1144 1042 1124 1148 1121 1144 1145 336 1042 337 1122 1145 1146 1125 336 287 1123 1146 1147 332 1125 286 1124 1147 1148 277 332 1149 1042 1148 337 328 278 330 1150 1151 1072 332 277 272 286 1125 287 1127 918 1126 286 1149 332 1126 917 1101 278 277 330 1046 1045 1075 853 1073 1101 1044 1071 1076 1071 334 335 813 1073 1078 815 1050 1074 1103 1046 1075 1075 1102 1074 890 1074 1050 1105 814 852 1053 1052 1104 1152 919 921 1105 1128 1080 1153 1128 1052 327 1154 1155 1106 1153 1129 1156 212 214 1106 1129 199 210 1157 1130 200 199 214 1157 1158 1131 203 200 209 1158 1159 1132 1130 203 210 1159 1160 1133 1131 1130 1157 1160 1161 1134 1132 1131 1158 1161 1162 1135 1133 1132 1159 1162 1163 1136 1134 1133 1160 1163 1164 1137 1135 1134 1161 1164 1165 1138 1136 1135 1162 1165 1166 1139 1137 1136 1163 1166 1167 1140 1138 1137 1164 1167 1168 1141 1139 1138 1165 1168 1169 1142 1140 1139 1166 1169 1170 1143 1141 1140 1167 1170 1171 1144 1142 1141 1168 1171 1172 1145 1143 1142 1169 1172 1173 1146 1144 1143 1170 1173 1174 1147 1145 1144 1171 1174 1175 1148 1146 1145 1172 1175 1176 337 1147 1146 1173 1176 285 287 1148 1147 1174 285 1177 286 337 1148 1175 1177 331 1149 287 337 1176 289 283 282 335 325 288 1149 330 277 1149 286 1177 919 1152 1178 330 1149 331 1178 891 1126 329 328 330 1045 1072 1102 1150 1072 291 1071 1047 1046 1047 335 288 1073 1151 1101 853 1022 1073 1075 1045 1102 1102 1151 1073 1078 1073 1022 1128 852 1052 893 892 1127 1179 951 950 1128 1153 1106 892 1180 1153 920 950 921 1180 1156 1129 1181 210 216 214 1129 1156 1182 1157 1181 212 209 214 1183 1158 1182 210 209 216 1184 1159 1183 1157 210 1181 1185 1160 1184 1158 1157 1182 1186 1161 1185 1159 1158 1183 1187 1162 1186 1160 1159 1184 1188 1163 1187 1161 1160 1185 1189 1164 1188 1162 1161 1186 1190 1165 1189 1163 1162 1187 1191 1166 1190 1164 1163 1188 1192 1167 1191 1165 1164 1189 1193 1168 1192 1166 1165 1190 1194 1169 1193 1167 1166 1191 1195 1170 1194 1168 1167 1192 1196 1171 1195 1169 1168 1193 1197 1172 1196 1170 1169 1194 1198 1173 1197 1171 1170 1195 1199 1174 1198 1172 1171 1196 1200 1175 1199 1173 1172 1197 1201 1176 1200 1174 1173 1198 1202 285 1201 1175 1174 1199 1203 1177 1202 1176 1175 1200 1204 331 1203 285 1176 1201 326 329 1204 1202 1177 285 1205 952 1206 1203 331 1177 1178 1207 1206 329 331 1204 1206 920 1178 325 329 326 1208 1178 1126 290 1209 1150 1047 333 1045 283 333 288 1101 1210 1126 917 1053 1101 1102 1072 1151 1151 1210 1101 1053 1104 1101 892 1153 1052 1152 921 949 1211 1154 952 1153 1180 1129 1212 1180 921 952 1154 950 1156 1212 213 1213 1181 219 213 212 1156 1214 1182 1213 216 212 211 1215 1183 1214 1181 216 219 1216 1184 1215 1182 1181 1213 1217 1185 1216 1183 1182 1214 1218 1186 1217 1184 1183 1215 1219 1187 1218 1185 1184 1216 1220 1188 1219 1186 1185 1217 1221 1189 1220 1187 1186 1218 1222 1190 1221 1188 1187 1219 1223 1191 1222 1189 1188 1220 1224 1192 1223 1190 1189 1221 1225 1193 1224 1191 1190 1222 1226 1194 1225 1192 1191 1223 1227 1195 1226 1193 1192 1224 1228 1196 1227 1194 1193 1225 1229 1197 1228 1195 1194 1226 1230 1198 1229 1196 1195 1227 1231 1199 1230 1197 1196 1228 1232 1200 1231 1198 1197 1229 1233 1201 1232 1199 1198 1230 1234 1202 1233 1200 1199 1231 1235 1203 1234 1201 1200 1232 1236 1204 1235 1202 1201 1233 1237 326 1236 1203 1202 1234 284 1237 282 1204 1203 1235 1211 952 1205 326 1204 1236 282 298 289 1237 284 326 1150 1209 1210 304 1099 1209 333 291 1072 291 283 289 891 1178 949 891 893 1126 1151 1150 1210 1210 1208 1126 893 1127 1126 921 1180 892 1179 950 1024 296 190 297 1180 1212 1156 1238 1212 950 1154 327 190 224 213 1238 1239 1213 218 213 224 211 1240 1214 1239 219 211 217 1241 1215 1240 1213 219 218 1242 1216 1241 1214 1213 1239 1243 1217 1242 1215 1214 1240 1244 1218 1243 1216 1215 1241 1245 1219 1244 1217 1216 1242 1246 1220 1245 1218 1217 1243 1247 1221 1246 1219 1218 1244 1248 1222 1247 1220 1219 1245 1249 1223 1248 1221 1220 1246 1250 1224 1249 1222 1221 1247 1251 1225 1250 1223 1222 1248 1252 1226 1251 1224 1223 1249 1253 1227 1252 1225 1224 1250 1254 1228 1253 1226 1225 1251 1255 1229 1254 1227 1226 1252 1256 1230 1255 1228 1227 1253 1257 1231 1256 1229 1228 1254 1258 1232 1257 1230 1229 1255 1259 1233 1258 1231 1230 1256 1260 1234 1259 1232 1231 1257 1261 1235 1260 1233 1232 1258 1262 1236 1261 1234 1233 1259 1263 1237 1262 1235 1234 1260 298 282 1263 1236 1235 1261 189 305 197 1237 1236 1262 300 299 298 282 1237 1263 1209 1099 1208 952 951 1206 291 290 1150 290 289 299 920 1206 1024 920 919 1178 1210 1209 1208 1208 1207 1178 949 1178 1152 1212 921 950 1155 1154 1211 306 196 197 1212 1238 213 1238 1154 1264 226 218 220 1264 221 224 1265 1239 226 217 224 221 1266 1240 1265 218 217 220 1267 1241 1266 1239 218 226 1268 1242 1267 1240 1239 1265 1269 1243 1268 1241 1240 1266 1270 1244 1269 1242 1241 1267 1271 1245 1270 1243 1242 1268 1272 1246 1271 1244 1243 1269 1273 1247 1272 1245 1244 1270 1274 1248 1273 1246 1245 1271 1275 1249 1274 1247 1246 1272 1276 1250 1275 1248 1247 1273 1277 1251 1276 1249 1248 1274 1278 1252 1277 1250 1249 1275 1279 1253 1278 1251 1250 1276 1280 1254 1279 1252 1251 1277 1281 1255 1280 1253 1252 1278 1282 1256 1281 1254 1253 1279 1283 1257 1282 1255 1254 1280 1284 1258 1283 1256 1255 1281 1285 1259 1284 1257 1256 1282 1286 1260 1285 1258 1257 1283 1287 1261 1286 1259 1258 1284 1288 1262 1287 1260 1259 1285 1289 1263 1288 1261 1260 1286 300 298 1289 1262 1261 1287 299 300 302 1262 1288 1263 305 189 295 1289 298 1263 1099 292 1207 327 1205 295 290 304 1209 304 299 302 1206 1290 1205 951 1179 1206 1208 1099 1207 1207 1290 1206 1024 1206 1179 1238 950 1154 191 190 296 1291 223 208 1238 1264 224 190 1292 1264 1265 228 1293 221 1292 233 1266 1293 1294 220 221 233 1267 1294 1295 226 220 227 1268 1295 1296 1265 226 228 1269 1296 1297 1266 1265 1293 1270 1297 1298 1267 1266 1294 1271 1298 1299 1268 1267 1295 1272 1299 1300 1269 1268 1296 1273 1300 1301 1270 1269 1297 1274 1301 1302 1271 1270 1298 1275 1302 1303 1272 1271 1299 1276 1303 1304 1273 1272 1300 1277 1304 1305 1274 1273 1301 1278 1305 1306 1275 1274 1302 1279 1306 1307 1276 1275 1303 1280 1307 1308 1277 1276 1304 1281 1308 1309 1278 1277 1305 1282 1309 1310 1279 1278 1306 1283 1310 1311 1280 1279 1307 1284 1311 1312 1281 1280 1308 1285 1312 1313 1282 1281 1309 1286 1313 1314 1283 1282 1310 1287 1314 1315 1284 1283 1311 1288 1315 1316 1285 1284 1312 1289 1316 1317 1286 1285 1313 300 1317 301 1287 1286 1314 302 301 322 1288 1287 1315 303 322 293 1289 1288 1316 1318 294 313 1317 300 1289 292 294 1290 313 294 309 304 303 1099 303 302 322 1205 1318 295 327 1155 1205 1207 292 1290 1290 1318 1205 1155 1211 1205 1264 1154 190 206 196 306 222 1319 232 1264 1292 221 1320 1292 196 228 227 1321 1320 234 233 1293 228 1322 234 1321 227 1294 1293 1323 1321 1322 228 1295 1294 1324 1322 1323 1293 1296 1295 1325 1323 1324 1294 1297 1296 1326 1324 1325 1295 1298 1297 1327 1325 1326 1296 1299 1298 1328 1326 1327 1297 1300 1299 1329 1327 1328 1298 1301 1300 1330 1328 1329 1299 1302 1301 1331 1329 1330 1300 1303 1302 1332 1330 1331 1301 1304 1303 1333 1331 1332 1302 1305 1304 1334 1332 1333 1303 1306 1305 1335 1333 1334 1304 1307 1306 1336 1334 1335 1305 1308 1307 1337 1335 1336 1306 1309 1308 1338 1336 1337 1307 1310 1309 1339 1337 1338 1308 1311 1310 1340 1338 1339 1309 1312 1311 1341 1339 1340 1310 1313 1312 1342 1340 1341 1311 1314 1313 1343 1341 1342 1312 1315 1314 1344 1342 1343 1313 1316 1315 1345 1343 1344 1314 1317 1316 1346 1344 1345 1315 301 1317 1347 1345 1346 1316 322 301 323 1346 1347 1317 293 322 324 1347 323 301 310 307 1348 311 313 1349 303 293 292 324 309 293 295 312 305 189 191 295 1290 294 1318 1318 312 295 191 296 295 196 1292 190 1291 208 207 234 1350 1321 1292 1320 233 1351 1320 208 1321 1352 1322 1351 1350 234 1322 1353 1323 1350 1352 1321 1323 1354 1324 1352 1353 1322 1324 1355 1325 1353 1354 1323 1325 1356 1326 1354 1355 1324 1326 1357 1327 1355 1356 1325 1327 1358 1328 1356 1357 1326 1328 1359 1329 1357 1358 1327 1329 1360 1330 1358 1359 1328 1330 1361 1331 1359 1360 1329 1331 1362 1332 1360 1361 1330 1332 1363 1333 1361 1362 1331 1333 1364 1334 1362 1363 1332 1334 1365 1335 1363 1364 1333 1335 1366 1336 1364 1365 1334 1336 1367 1337 1365 1366 1335 1337 1368 1338 1366 1367 1336 1338 1369 1339 1367 1368 1337 1339 1370 1340 1368 1369 1338 1340 1371 1341 1369 1370 1339 1341 1372 1342 1370 1371 1340 1342 1373 1343 1371 1372 1341 1343 1374 1344 1372 1373 1342 1344 1375 1345 1373 1374 1343 1345 1376 1346 1374 1375 1344 1346 1377 1347 1375 1376 1345 1347 1378 323 1376 1377 1346 323 1379 324 1377 1378 1347 324 1380 309 1378 1379 323 309 1349 313 324 1379 1380 222 223 307 309 1380 1349 205 307 207 205 206 305 1318 313 312 305 312 308 206 306 305 1320 196 208 230 232 1319 1350 244 1352 1320 1351 234 232 1381 1351 1352 243 1353 1381 244 1350 1353 1382 1354 244 243 1352 1354 1383 1355 243 1382 1353 1355 1384 1356 1382 1383 1354 1356 1385 1357 1383 1384 1355 1357 1386 1358 1384 1385 1356 1358 1387 1359 1385 1386 1357 1359 1388 1360 1386 1387 1358 1360 1389 1361 1387 1388 1359 1361 1390 1362 1388 1389 1360 1362 1391 1363 1389 1390 1361 1363 1392 1364 1390 1391 1362 1364 1393 1365 1391 1392 1363 1365 1394 1366 1392 1393 1364 1366 1395 1367 1393 1394 1365 1367 1396 1368 1394 1395 1366 1368 1397 1369 1395 1396 1367 1369 1398 1370 1396 1397 1368 1370 1399 1371 1397 1398 1369 1371 1400 1372 1398 1399 1370 1372 1401 1373 1399 1400 1371 1373 1402 1374 1400 1401 1372 1374 1403 1375 1401 1402 1373 1375 1404 1376 1402 1403 1374 1376 1405 1377 1403 1404 1375 1377 1406 1378 1404 1405 1376 1378 1407 1379 1405 1406 1377 1379 1408 1380 1406 1407 1378 1380 1409 1349 1407 1408 1379 1349 320 311 1408 1409 1380 308 311 314 1409 320 1349 222 310 1319 223 1291 307 312 311 308 308 1348 307 207 307 1291 1351 208 232 240 237 236 1410 1382 243 1351 1381 1350 237 251 1381 1411 1383 1382 251 245 244 1412 1384 1383 245 1410 243 1413 1385 1384 1410 1411 1382 1414 1386 1385 1411 1412 1383 1415 1387 1386 1412 1413 1384 1416 1388 1387 1413 1414 1385 1417 1389 1388 1414 1415 1386 1418 1390 1389 1415 1416 1387 1419 1391 1390 1416 1417 1388 1420 1392 1391 1417 1418 1389 1421 1393 1392 1418 1419 1390 1422 1394 1393 1419 1420 1391 1423 1395 1394 1420 1421 1392 1424 1396 1395 1421 1422 1393 1425 1397 1396 1422 1423 1394 1426 1398 1397 1423 1424 1395 1427 1399 1398 1424 1425 1396 1428 1400 1399 1425 1426 1397 1429 1401 1400 1426 1427 1398 1430 1402 1401 1427 1428 1399 1431 1403 1402 1428 1429 1400 1432 1404 1403 1429 1430 1401 1433 1405 1404 1430 1431 1402 1434 1406 1405 1431 1432 1403 1435 1407 1406 1432 1433 1404 1436 1408 1407 1433 1434 1405 1437 1409 1408 1434 1435 1406 1438 320 1409 1435 1436 1407 315 314 320 1436 1437 1408 316 1348 314 1437 1438 1409 319 317 1439 1438 315 320 1440 318 316 231 230 310 308 314 1348 1348 318 310 1319 310 230 232 237 1381 248 241 249 242 1441 245 1381 251 244 242 245 251 1441 1442 1410 1441 1410 245 1442 1443 1411 1442 1411 1410 1443 1444 1412 1443 1412 1411 1444 1445 1413 1444 1413 1412 1445 1446 1414 1445 1414 1413 1446 1447 1415 1446 1415 1414 1447 1448 1416 1447 1416 1415 1448 1449 1417 1448 1417 1416 1449 1450 1418 1449 1418 1417 1450 1451 1419 1450 1419 1418 1451 1452 1420 1451 1420 1419 1452 1453 1421 1452 1421 1420 1453 1454 1422 1453 1422 1421 1454 1455 1423 1454 1423 1422 1455 1456 1424 1455 1424 1423 1456 1457 1425 1456 1425 1424 1457 1458 1426 1457 1426 1425 1458 1459 1427 1458 1427 1426 1459 1460 1428 1459 1428 1427 1460 1461 1429 1460 1429 1428 1461 1462 1430 1461 1430 1429 1462 1463 1431 1462 1431 1430 1463 1464 1432 1463 1432 1431 1464 1465 1433 1464 1433 1432 1465 1466 1434 1465 1434 1433 1466 1467 1435 1466 1435 1434 1467 1468 1436 1467 1436 1435 1468 1469 1437 1468 1437 1436 1469 1470 1438 1469 1438 1437 1470 1471 315 1470 315 1438 1471 1440 316 1471 316 315 1440 1439 318 241 240 317 1348 316 318 1439 317 318 240 236 317 248 237 241 251 237 248 1441 46 38 47 242 248 1442 38 24 46 1441 242 1443 24 15 38 1442 1441 1444 15 4 24 1443 1442 1445 4 2 15 1444 1443 1446 2 62 4 1445 1444 1447 62 73 2 1446 1445 1448 73 83 62 1447 1446 1449 83 87 73 1448 1447 1450 87 95 83 1449 1448 1451 95 98 87 1450 1449 1452 98 109 95 1451 1450 1453 109 112 98 1452 1451 1454 112 118 109 1453 1452 1455 118 425 112 1454 1453 1456 425 429 118 1455 1454 1457 429 430 425 1456 1455 1458 430 436 429 1457 1456 1459 436 442 430 1458 1457 1460 442 451 436 1459 1458 1461 451 454 442 1460 1459 1462 454 458 451 1461 1460 1463 458 462 454 1462 1461 1464 462 470 458 1463 1462 1465 470 475 462 1464 1463 1466 475 477 470 1465 1464 1467 477 480 475 1466 1465 1468 480 485 477 1467 1466 1469 485 488 480 1468 1467 1470 488 491 485 1469 1468 1471 491 493 488 1470 1469 1440 493 498 491 1471 1470 1439 498 502 493 1440 1471 319 502 321 498 1439 1440 319 321 252 502 319 1439</p>
        </triangles>
      </mesh>
    </geometry>
    <geometry id="ID27">
      <mesh>
        <source id="ID28">
          <float_array count="4416" id="ID29">0.0240663 0.00412658 0.0119902 0.0238051 0.00408179 0.0121238 0.0241525 -5.91566e-18 0.0121238 0.0243015 0.00416692 0.0118137 0.0244175 -5.98057e-18 0.0119902 -0.00114043 0.0252238 0.0105 0.00107057 0.0252021 0.0107958 -6.71957e-06 0.0252494 0.0105 0.0232478 0.00821395 0.0118137 0.0234414 0.00828238 0.0115994 0.00338153 0.025022 0.0105 0.00225811 0.0251486 0.0105 -0.003204 0.0250205 0.0107958 -0.0022677 0.0251478 0.0105 0.024504 0.00420162 0.0115994 0.0246562 -6.03902e-18 0.0118137 0.00531435 0.0246587 0.0107958 0.00450279 0.0248447 0.0105 0.0235981 0.00833775 0.0113535 0.007795 0.024016 0.0105 0.00671146 0.0243414 0.0105 0.0109493 0.0227521 0.0105 0.0132256 0.0214797 0.0107958 0.0119581 0.0222381 0.0105 0.0248616 -6.08933e-18 0.0115994 0.0246678 0.00422971 0.0113535 0.0196258 0.0158467 0.0107958 0.0182449 0.0174546 0.0105 0.0166654 0.0189356 0.0107958 0.0174458 0.0182537 0.0105 0.0148354 0.0204317 0.0105 0.013907 0.0210749 0.0105 0.0237839 0.00840339 0.0107958 0.0227464 0.0109612 0.0105 0.0220216 0.012302 0.0107958 0.0157371 0.0197452 0.0105 0.024862 0.00426302 0.0107958 0.0243378 0.00672413 0.0105 0.0250278 -6.13004e-18 0.0113535 0.0247883 0.00425038 0.011083 0.0190104 0.0166174 0.0105 0.0222341 0.0119668 0.0105 0.0216726 0.012955 0.0105 0.0210682 0.0139164 0.0105 0.0204242 0.014846 0.0105 0.0232144 0.00993083 0.0105 0.02515 -6.15998e-18 0.011083 0.0252248 -6.1783e-18 0.0107958 0.0251472 0.00227085 0.0105 0.0246146 0.00562582 0.0105 0.0240132 0.00780553 0.0105 0.0250208 0.00339342 0.0105 0.0248436 0.00451062 0.0105 0.02525 0 0.0105 0.0252236 0.00113971 0.0105 0.0236381 0.00887571 0.0105 -0.00451571 0.0248423 0.0105 -0.00562557 0.0246149 0.0105 0.0191834 0.0154895 0.0118137 0.0215252 0.0120247 0.0118137 0.0193432 0.0156185 0.0115994 0.0230227 0.00813445 0.0119902 0.0238687 -5.84614e-18 0.0122107 -0.00887927 0.0236366 0.0105 -0.00992981 0.0232152 0.0105 -0.0073864 0.0241191 0.0107958 0.0235254 0.00403383 0.0122107 0.0164254 0.0186629 0.0115994 0.0162897 0.0185087 0.0118137 0.0210855 0.0117791 0.0121238 0.0213169 0.0119083 0.0119902 0.0189977 0.0153396 0.0119902 0.0227728 0.00804616 0.0121238 0.0235743 -5.77403e-18 0.0122484 -0.0149995 0.0202807 0.0107958 -0.0157475 0.0197369 0.0105 -0.0166185 0.0190095 0.0105 0.016132 0.0183296 0.0119902 0.0187915 0.0151731 0.0121238 0.0232352 0.00398407 0.0122484 0.0208377 0.0116406 0.0122107 0.0225052 0.00795161 0.0122107 0.0229429 0.00393395 0.0122358 0.0232777 -2.63762e-17 0.0122358 0.0159569 0.0181306 0.0121238 0.0185707 0.0149948 0.0122107 0.0222277 0.00785353 0.0122484 0.0229876 -2.60474e-17 0.0121733 0.021948 0.00775473 0.0122358 0.0226569 0.00388492 0.0121733 0.0205807 0.0114971 0.0122484 0.0157694 0.0179176 0.0122107 0.0183416 0.0148098 0.0122484 0.0203218 0.0113524 0.0122358 0.0216745 0.00765807 0.0121733 0.0227121 -2.57353e-17 0.0120626 0.0223855 0.00383837 0.0120626 0.0181109 0.0146235 0.0122358 0.0224594 -2.54489e-17 0.011907 0.0200685 0.0112109 0.0121733 0.0214148 0.00756632 0.0120626 0.0123602 0.0200742 0.0122484 0.0125145 0.0203249 0.0122107 0.0088996 0.0221475 0.0122107 0.019828 0.0110766 0.0120626 0.0221363 0.00379566 0.011907 0.0178851 0.0144412 0.0121733 0.015379 0.0174739 0.0122358 0.0151873 0.0172561 0.0121733 0.0222366 -2.51964e-17 0.0117109 0.0176709 0.0142682 0.0120626 0.0211765 0.00748212 0.011907 0.0220501 -2.49851e-17 0.01148 0.0219167 0.003758 0.0117109 0.0150053 0.0170494 0.0120626 0.0196074 0.0109533 0.011907 0.0217329 0.00372649 0.01148 0.0209664 0.00740789 0.0117109 0.0219053 -2.48211e-17 0.0112208 0.0174742 0.0141094 0.011907 0.0215903 0.00370202 0.0112208 0.0207906 0.00734577 0.01148 0.0194128 0.0108447 0.0117109 0.0173009 0.0139695 0.0117109 0.0192501 0.0107537 0.01148 0.0146911 0.0166924 0.0117109 0.0171558 0.0138523 0.01148 0.0119081 0.0193401 0.0120626 0.0117756 0.0191248 0.011907 0.0148384 0.0168596 0.011907 0.0191237 0.0106831 0.0112208 0.00837413 0.0208398 0.011907 0.00846837 0.0210743 0.0120626 0.0116588 0.0189351 0.0117109 0.0145679 0.0165524 0.01148 0.0144723 0.0164437 0.0112208 0.011561 0.0187763 0.01148 0.00478498 0.0222024 0.0120626 0.00473173 0.0219553 0.011907 -0.00681625 0.0222574 0.0122358 -0.00673128 0.0219799 0.0121733 -0.00291983 0.0228014 0.0121733 -0.0104797 0.0207853 0.0122358 -0.014018 0.0189536 0.0122484 -0.0138417 0.0187152 0.0122358 0.00829105 0.0206331 0.0117109 0.00468479 0.0217375 0.0117109 -0.00288485 0.0225282 0.0120626 0.000963931 0.0226917 0.0120626 0.000953204 0.0224392 0.011907 -0.00285274 0.0222775 0.011907 -0.0103491 0.0205262 0.0121733 -0.00665063 0.0217166 0.0120626 -0.00657662 0.0214749 0.011907 -0.0102251 0.0202803 0.0120626 -0.0101113 0.0200546 0.011907 -0.0217498 0.00983154 0.0122107 -0.0195315 0.013201 0.0122484 -0.0197754 0.0133659 0.0122107 -0.0136692 0.0184819 0.0121733 -0.0135054 0.0182605 0.0120626 -0.0233732 0.0060859 0.0121238 -0.0240655 0.00204827 0.0121238 -0.0230985 0.00601439 0.0122107 -0.016596 0.015906 0.0121733 -0.0168055 0.0161068 0.0122358 -0.0192858 0.0130349 0.0122358 -0.0212113 0.00958812 0.0122358 -0.0209469 0.0094686 0.0121733 -0.0190454 0.0128725 0.0121733 -0.0214815 0.00971027 0.0122484 -0.0240655 -0.00204827 0.0121238 -0.0237827 0.00202421 0.0122107 -0.0234893 0.00199924 0.0122484 -0.0225266 0.00586547 0.0122358 -0.0228136 0.0059402 0.0122484 -0.017949 -0.0172027 0.0115994 -0.0178007 -0.0170606 0.0118137 -0.0204279 -0.0138068 0.0118137 -0.0237827 -0.00202421 0.0122107 -0.0233732 -0.0060859 0.0121238 -0.0220084 -0.00994844 0.0121238 -0.02225 -0.0100576 0.0119902 -0.0202302 -0.0136732 0.0119902 -0.0230985 -0.00601439 0.0122107 -0.0234893 -0.00199924 0.0122484 -0.0228136 -0.0059402 0.0122484 -0.0217498 -0.00983154 0.0122107 -0.0200106 -0.0135248 0.0121238 0.0148476 -0.0204226 0.0105 0.0132256 -0.0214797 0.0107958 0.0139145 -0.0210694 0.0105 -0.0195315 -0.013201 0.0122484 -0.0197754 -0.0133659 0.0122107 -0.0172321 -0.0165157 0.0122107 -0.0176284 -0.0168954 0.0119902 0.0166654 -0.0189356 0.0107958 0.0157472 -0.0197377 0.0105 -0.0146614 -0.0198235 0.0118137 -0.0111928 -0.0221995 0.0115994 -0.0111003 -0.0220161 0.0118137 -0.017437 -0.0167121 0.0121238 -0.0145195 -0.0196316 0.0119902 -0.0109929 -0.0218031 0.0119902 -0.0143619 -0.0194185 0.0121238 0.0182555 -0.0174435 0.0105 0.0174537 -0.0182455 0.0105 0.0190179 -0.0166095 0.0105 0.0196258 -0.0158467 0.0107958 -0.00721989 -0.0235754 0.0118137 -0.00715001 -0.0233472 0.0119902 0.00105515 -0.0248392 0.0115994 -0.00315786 -0.0246602 0.0115994 0.00106221 -0.0250052 0.0113535 -0.00728003 -0.0237718 0.0115994 0.00097562 0.0229668 0.0121733 -0.00313177 -0.0244565 0.0118137 0.00523782 -0.0243035 0.0115994 0.00519455 -0.0241028 0.0118137 0.00104644 -0.024634 0.0118137 0.00926979 -0.0230688 0.0115994 0.00933177 -0.023223 0.0113535 0.0210766 -0.0139039 0.0105 0.0204314 -0.0148353 0.0105 0.00527283 -0.024466 0.0113535 0.0170431 0.0137614 0.0112208 0.00919322 -0.0228782 0.0118137 0.0130351 -0.0211703 0.0115994 0.0129274 -0.0209955 0.0118137 0.0190374 0.0106349 0.010941 0.0222363 -0.0119621 0.0105 0.0227522 -0.0109483 0.0105 0.0220216 -0.012302 0.0107958 0.0131222 -0.0213119 0.0113535 0.0165352 -0.0187877 0.0113535 0.0232204 -0.00991763 0.0105 0.0236407 -0.00887003 0.0105 0.0237839 -0.00840339 0.0107958 0.0205608 0.0072646 0.010941 0.0206541 0.00729754 0.0112208 0.0240152 -0.00779793 0.0105 0.0243416 -0.00670966 0.0105 0.0247883 -0.00425038 0.011083 0.0217045 -0.0121249 0.0115994 0.0218496 -0.0122059 0.0113535 0.0235981 -0.00833775 0.0113535 0.0214928 0.00368531 0.010941 0.0248444 -0.00450741 0.0105 0.024862 -0.00426302 0.0107958 0.024618 -0.00561282 0.0105 0.0250208 -0.00339342 0.0105 0.0237134 -0.00837848 0.011083 0.0251472 -0.00227085 0.0105 0.0252236 -0.00113971 0.0105 0.004615 0.0214137 0.00977917 0.000925493 0.0217868 0.010059 0.000929689 0.0218856 0.00977917 -0.014018 0.0189536 0.00875158 -0.0107458 0.021313 0.00878928 -0.0106132 0.0210501 0.00875158 -0.0162147 0.0155405 0.00909301 -0.0133551 0.0180573 0.00909301 -0.0160538 0.0153864 0.00928911 -0.0163972 0.0157154 0.00893738 -0.0135054 0.0182605 0.00893738 -0.0234893 0.00199924 0.00875158 -0.0234893 -0.00199924 0.00875158 -0.0237827 0.00202421 0.00878928 -0.0219707 0.00186998 0.00952004 -0.0213386 0.00555614 0.00952004 -0.0218264 0.0018577 0.00977917 -0.0202302 -0.0136732 0.00900982 -0.017437 -0.0167121 0.00887619 -0.0176284 -0.0168954 0.00900982 -0.0168055 -0.0161068 0.00876417 -0.0192858 -0.0130349 0.00876417 -0.016596 -0.015906 0.00882671 -0.0143619 -0.0194185 0.00887619 -0.0145195 -0.0196316 0.00900982 -0.0172321 -0.0165157 0.00878928 -0.0200106 -0.0135248 0.00887619 -0.0197754 -0.0133659 0.00878928 0.00103631 -0.0243955 0.00900982 -0.00313177 -0.0244565 0.00918632 -0.00310146 -0.0242198 0.00900982 -0.00681625 -0.0222574 0.00876417 -0.0106132 -0.0210501 0.00875158 -0.0104797 -0.0207853 0.00876417 -0.00721989 -0.0235754 0.00918632 0.00104644 -0.024634 0.00918632 0.00105515 -0.0248392 0.00940061 -0.00315786 -0.0246602 0.00940061 0.00933177 -0.023223 0.00964653 0.0130351 -0.0211703 0.00940061 0.0131222 -0.0213119 0.00964653 0.0132256 -0.0214797 0.0102042 0.0129521 -0.021675 0.0105 0.0119705 -0.0222318 0.0105 0.00514427 -0.0238695 0.00900982 0.00519455 -0.0241028 0.00918632 0.00910424 -0.0226568 0.00900982 0.0128023 -0.0207922 0.00900982 0.00919322 -0.0228782 0.00918632 0.00926979 -0.0230688 0.00940061 0.00523782 -0.0243035 0.00940061 0.0166654 -0.0189356 0.0102042 0.0166133 -0.0190148 0.0105 0.0196258 -0.0158467 0.0102042 0.0195676 -0.0157998 0.00991701 0.0164254 -0.0186629 0.00940061 0.0220216 -0.012302 0.0102042 0.0194725 -0.0157229 0.00964653 0.016616 -0.0188794 0.00991701 0.0165352 -0.0187877 0.00964653 0.0218496 -0.0122059 0.00964653 0.0234414 -0.00828238 0.00940061 0.0235981 -0.00833775 0.00964653 0.0237839 -0.00840339 0.0102042 0.0237134 -0.00837848 0.00991701 0.024862 -0.00426302 0.0102042 0.0217045 -0.0121249 0.00940061 0.0252248 -5.09866e-17 0.0102042 0.0129274 -0.0209955 0.00918632 0.016132 -0.0183296 0.00900982 0.0162897 -0.0185087 0.00918632 -0.00715001 -0.0233472 0.00900982 -0.0030678 -0.0239569 0.00887619 0.0109624 -0.0227455 0.0105 -0.0109929 -0.0218031 0.00900982 -0.0070724 -0.0230938 0.00887619 -0.0108735 -0.0215664 0.00887619 -0.0069893 -0.0228224 0.00878928 -0.0141931 -0.0191904 0.00878928 -0.00728003 -0.0237718 0.00940061 -0.0146614 -0.0198235 0.00918632 -0.0111003 -0.0220161 0.00918632 -0.0138417 -0.0187152 0.00876417 -0.0103491 -0.0205262 0.00882671 -0.0225266 -0.00586547 0.00876417 -0.0212113 -0.00958812 0.00876417 -0.0228136 -0.0059402 0.00875158 -0.0217498 -0.00983154 0.00878928 -0.0214815 -0.00971027 0.00875158 -0.0195315 -0.013201 0.00875158 -0.0230985 -0.00601439 0.00878928 -0.0220084 -0.00994844 0.00887619 -0.02225 -0.0100576 0.00900982 -0.0231939 0.00197409 0.00876417 -0.0229047 0.00194948 0.00882671 -0.0229047 -0.00194948 0.00882671 -0.0219793 0.00572296 0.00893738 -0.0226303 0.00192612 0.00893738 -0.0222458 0.00579236 0.00882671 -0.0231939 -0.00197409 0.00876417 -0.0225266 0.00586547 0.00876417 -0.0228136 0.0059402 0.00875158 -0.0204279 -0.0138068 0.00918632 -0.0224674 -0.0101559 0.00918632 -0.0230985 0.00601439 0.00878928 -0.020696 0.00935516 0.00893738 -0.0188172 0.0127182 0.00893738 -0.0204656 0.00925105 0.00909301 -0.0186078 0.0125767 0.00909301 -0.0200927 0.00908247 0.00952004 -0.0199608 0.00902284 0.00977917 -0.0211985 0.00551967 0.00977917 -0.0132226 0.0178781 0.00928911 -0.010011 0.0198556 0.00928911 -0.0131117 0.0177282 0.00952004 -0.0212113 0.00958812 0.00876417 -0.0214815 0.00971027 0.00875158 -0.0217498 0.00983154 0.00878928 -0.0220084 0.00994844 0.00887619 -0.0101113 0.0200546 0.00909301 -0.00645677 0.0210836 0.00952004 -0.00280076 0.0218715 0.00952004 -0.00641439 0.0209452 0.00977917 -0.0181488 0.0122664 0.00977917 -0.0159192 0.0152573 0.00952004 -0.0158147 0.0151572 0.00977917 -0.00651138 0.0212619 0.00928911 -0.00282444 0.0220565 0.00928911 -0.0136692 0.0184819 0.00882671 -0.016596 0.015906 0.00882671 -0.0138417 0.0187152 0.00876417 -0.0168055 0.0161068 0.00876417 -0.00657662 0.0214749 0.00909301 -0.0104797 0.0207853 0.00876417 -0.0103491 0.0205262 0.00882671 0.000935833 0.0220302 0.00952004 0.0046455 0.0215552 0.00952004 0.00459417 0.021317 0.010059 0.00813068 0.020234 0.010059 0.0045836 0.021268 0.0103516 -0.00288485 0.0225282 0.00893738 0.000963931 0.0226917 0.00893738 -0.00285274 0.0222775 0.00909301 0.00816755 0.0203257 0.0112208 0.00822152 0.0204601 0.01148 0.0046455 0.0215552 0.01148 0.0114851 0.018653 0.00977917 0.00816755 0.0203257 0.00977917 0.011407 0.0185261 0.0103516 0.014407 0.0163695 0.010059 0.0143738 0.0163319 0.0103516 0.0169272 0.0136677 0.0103516 0.0169662 0.0136993 0.010059 0.0189936 0.0106104 0.0103516 0.0189936 0.0106104 0.0106484 0.0169272 0.0136677 0.0106484 0.000987934 0.0232567 0.00876417 0.00097562 0.0229668 0.00882671 -0.00291983 0.0228014 0.00882671 0.0190374 0.0106349 0.010059 0.0116588 0.0189351 0.00928911 0.00822152 0.0204601 0.00952004 0.00829105 0.0206331 0.00928911 0.0205135 0.00724789 0.0106484 0.0205135 0.00724789 0.0103516 0.00490413 0.0227553 0.00876417 0.004843 0.0224716 0.00882671 0.00496661 0.0230452 0.00875158 0.0214434 0.00367683 0.0106484 0.0117756 0.0191248 0.00909301 0.0148384 0.0168596 0.00909301 0.0218065 -2.47091e-17 0.010941 0.0214434 0.00367683 0.0103516 0.00867925 0.0215991 0.00876417 0.00878982 0.0218743 0.00875158 0.0217563 -2.46522e-17 0.0106484 0.0217563 -2.46522e-17 0.0103516 0.0214928 0.00368531 0.010059 0.0088996 0.0221475 0.00878928 0.0207906 0.00734577 0.00952004 0.0191237 0.0106831 0.00977917 0.0192501 0.0107537 0.00952004 0.0218065 -2.47091e-17 0.010059 0.0145679 0.0165524 0.00952004 0.0144723 0.0164437 0.00977917 0.0215903 0.00370202 0.00977917 0.0205608 0.0072646 0.010059 0.0206541 0.00729754 0.00977917 0.0219053 -2.48211e-17 0.00977917 0.0181109 0.0146235 0.00876417 0.0178851 0.0144412 0.00882671 0.0151873 0.0172561 0.00882671 0.0217329 0.00372649 0.00952004 0.0209664 0.00740789 0.00928911 0.0219167 0.003758 0.00928911 0.015379 0.0174739 0.00876417 0.0183416 0.0148098 0.00875158 0.0220501 -2.49851e-17 0.00952004 0.0200685 0.0112109 0.00882671 0.0203218 0.0113524 0.00876417 0.0222366 -2.51964e-17 0.00928911 0.0211765 0.00748212 0.00909301 0.0221363 0.00379566 0.00909301 0.0205807 0.0114971 0.00875158 0.0224594 -2.54489e-17 0.00909301 0.0223855 0.00383837 0.00893738 0.0214148 0.00756632 0.00893738 0.0208377 0.0116406 0.00878928 0.0227121 -2.57353e-17 0.00893738 0.0185707 0.0149948 0.00878928 0.0210855 0.0117791 0.00887619 0.0225052 0.00795161 0.00878928 0.0222277 0.00785353 0.00875158 0.0229429 0.00393395 0.00876417 0.0226569 0.00388492 0.00882671 0.0216745 0.00765807 0.00882671 0.0229876 -2.60474e-17 0.00882671 0.0227728 0.00804616 0.00887619 0.021948 0.00775473 0.00876417 0.0232352 0.00398407 0.00875158 0.0235254 0.00403383 0.00878928 0.0232777 -2.63762e-17 0.00876417 0.0238051 0.00408179 0.00887619 0.0235743 -4.76504e-17 0.00875158 0.0230227 0.00813445 0.00900982 0.0213169 0.0119083 0.00900982 0.0238687 -4.82455e-17 0.00878928 0.0215252 0.0120247 0.00918632 0.0232478 0.00821395 0.00918632 0.0217045 0.0121249 0.00940061 0.0234414 0.00828238 0.00940061 0.0241525 -4.88191e-17 0.00887619 0.0243015 0.00416692 0.00918632 0.0189977 0.0153396 0.00900982 0.0244175 -4.93548e-17 0.00900982 0.024504 0.00420162 0.00940061 0.0240663 0.00412658 0.00900982 0.0246562 -4.98372e-17 0.00918632 0.0196258 0.0158467 0.0102042 0.0248616 -5.02523e-17 0.00940061 0.0220216 0.012302 0.0102042 0.0218496 0.0122059 0.00964653 0.0235981 0.00833775 0.00964653 0.0246678 0.00422971 0.00964653 0.0250278 -5.05883e-17 0.00964653 0.0237839 0.00840339 0.0102042 0.024862 0.00426302 0.0102042 0.0237134 0.00837848 0.00991701 0.02515 -5.08354e-17 0.00991701 0.0247883 0.00425038 0.00991701 0.0197408 0.0157437 0.0105 0.0237134 0.00837848 0.011083 0.0218496 0.0122059 0.0113535 0.0217045 0.0121249 0.0115994 0.00919322 0.0228782 0.0118137 0.00523782 0.0243035 0.0115994 0.00519455 0.0241028 0.0118137 0.00910424 0.0226568 0.0119902 0.00514427 0.0238695 0.0119902 0.00900542 0.0224108 0.0121238 0.00508843 0.0236104 0.0121238 0.0122047 0.0198217 0.0122358 0.0120525 0.0195746 0.0121733 0.00502864 0.023333 0.00878928 0.00900542 0.0224108 0.00887619 0.0194128 0.0108447 0.00928911 0.0196074 0.0109533 0.00909301 0.019828 0.0110766 0.00893738 0.0170431 0.0137614 0.00977917 0.0187915 0.0151731 0.00887619 0.0191834 0.0154895 0.00918632 0.0193432 0.0156185 0.00940061 0.0194725 0.0157229 0.00964653 0.0219563 0.0122655 0.00991701 0.0166122 0.0190155 0.0105 0.0219563 0.0122655 0.011083 0.00940524 0.0234058 0.0107958 0.00886786 0.023641 0.0105 0.0194725 0.0157229 0.0113535 -0.0129572 0.0216713 0.0105 -0.0139149 0.0210696 0.0105 -0.0190192 0.0166073 0.0105 -0.0197456 0.015737 0.0105 -0.0182112 0.017454 0.0107958 0.00105515 0.0248392 0.0115994 0.00104644 0.024634 0.0118137 0.00103631 0.0243955 0.0119902 0.00878982 0.0218743 0.0122484 0.00867925 0.0215991 0.0122358 0.00857106 0.0213299 0.0121733 0.0171558 0.0138523 0.00952004 0.0173009 0.0139695 0.00928911 0.0174742 0.0141094 0.00909301 0.0176709 0.0142682 0.00893738 0.0155749 0.0176966 0.00875158 0.0157694 0.0179176 0.00878928 0.0120525 0.0195746 0.00882671 0.0122047 0.0198217 0.00876417 0.016132 0.0183296 0.00900982 0.0159569 0.0181306 0.00887619 0.0162897 0.0185087 0.00918632 0.0164254 0.0186629 0.00940061 0.00926979 0.0230688 0.00940061 0.00933177 0.023223 0.00964653 0.0131222 0.0213119 0.00964653 0.0166654 0.0189356 0.0102042 0.0132256 0.0214797 0.0102042 0.0129481 0.021677 0.0105 0.0195676 0.0157998 0.011083 0.0165352 0.0187877 0.0113535 -0.0174528 0.018247 0.0105 -0.020899 0.0141253 0.0107958 -0.0216792 0.0129439 0.0105 -0.022238 0.0119589 0.0105 -0.0246176 0.0056132 0.0105 -0.0248451 0.0045007 0.0105 -0.0244109 0.0063561 0.0107958 0.0155749 0.0176966 0.0122484 0.00502864 0.023333 0.0122107 0.00496661 0.0230452 0.0122484 0.00490413 0.0227553 0.0122358 0.004843 0.0224716 0.0121733 0.0169662 0.0136993 0.010941 -0.00278237 0.0217279 0.00977917 0.0146911 0.0166924 0.00928911 0.0150053 0.0170494 0.00893738 0.00514427 0.0238695 0.00900982 0.00910424 0.0226568 0.00900982 0.00508843 0.0236104 0.00887619 0.00519455 0.0241028 0.00918632 0.00919322 0.0228782 0.00918632 0.00106221 0.0250052 0.00964653 0.00529859 0.0245855 0.00991701 0.00527283 0.024466 0.00964653 0.0128023 0.0207922 0.00900982 0.0126633 0.0205666 0.00887619 0.0129274 0.0209955 0.00918632 0.0130351 0.0211703 0.00940061 0.00940524 0.0234058 0.0102042 0.0131863 0.021416 0.00991701 0.016616 0.0188794 0.00991701 0.0165352 0.0187877 0.00964653 0.0195676 0.0157998 0.00991701 0.00992147 0.0232191 0.0105 0.016616 0.0188794 0.011083 0.0131222 0.0213119 0.0113535 0.0130351 0.0211703 0.0115994 0.0129274 0.0209955 0.0118137 0.0128023 0.0207922 0.0119902 0.0126633 0.0205666 0.0121238 0.00102506 0.0241307 0.0121238 0.00101302 0.0238472 0.0122107 0.00100052 0.023553 0.0122484 0.000987934 0.0232567 0.0122358 0.014407 0.0163695 0.010941 0.0143738 0.0163319 0.0106484 0.0114333 0.0185688 0.010059 0.011561 0.0187763 0.00952004 0.00100052 0.023553 0.00875158 0.0119081 0.0193401 0.00893738 0.0123602 0.0200742 0.00875158 0.0125145 0.0203249 0.00878928 0.00857106 0.0213299 0.00882671 0.00531435 0.0246587 0.0102042 0.00561723 0.0246172 0.0105 0.0131863 0.021416 0.011083 0.00933177 0.023223 0.0113535 0.00926979 0.0230688 0.0115994 -0.00310146 0.0242198 0.0119902 -0.0030678 0.0239569 0.0121238 -0.00303175 0.0236754 0.0122107 -0.00295669 0.0230892 0.0122358 0.0114851 0.018653 0.0112208 0.0114333 0.0185688 0.010941 0.011407 0.0185261 0.0106484 -0.00295669 0.0230892 0.00876417 0.00837413 0.0208398 0.00909301 0.00846837 0.0210743 0.00893738 0.00103631 0.0243955 0.00900982 0.00107057 0.0252021 0.0102042 0.00113254 0.0252246 0.0105 0.00937735 0.0233364 0.011083 -0.00780588 0.0240127 0.0105 0.00527283 0.024466 0.0113535 -0.0204299 0.0148383 0.0105 -0.0240159 0.00779659 0.0105 -0.0229856 0.0103901 0.0107958 -0.0236421 0.00886465 0.0105 -0.0252495 -7.70034e-06 0.0105 -0.025134 0.00213921 0.0107958 -0.0252242 0.00112631 0.0105 -0.0111003 0.0220161 0.0118137 -0.0147835 0.0199886 0.0115994 -0.0146614 0.0198235 0.0118137 -0.0109929 0.0218031 0.0119902 -0.0145195 0.0196316 0.0119902 -0.0108735 0.0215664 0.0121238 -0.0107458 0.021313 0.0122107 -0.0143619 0.0194185 0.0121238 -0.00690308 0.0225409 0.0122484 0.00813068 0.020234 0.010941 0.00811198 0.0201874 0.0106484 0.00811198 0.0201874 0.0103516 0.00468479 0.0217375 0.00928911 0.00473173 0.0219553 0.00909301 0.00478498 0.0222024 0.00893738 0.00101302 0.0238472 0.00878928 0.00102506 0.0241307 0.00887619 0.00104644 0.024634 0.00918632 0.00523782 0.0243035 0.00940061 0.00105515 0.0248392 0.00940061 -0.0073287 0.0239307 0.00964653 -0.00317897 0.0248251 0.00964653 -0.00728003 0.0237718 0.00940061 0.00937735 0.0233364 0.00991701 -0.00339099 0.0250211 0.0105 0.00529859 0.0245855 0.011083 -0.0113563 0.0225239 0.0107958 -0.0119693 0.0222322 0.0105 0.00106221 0.0250052 0.0113535 -0.025022 0.00338391 0.0105 -0.0248425 -0.00451568 0.0105 -0.025134 -0.00213921 0.0107958 -0.0250199 -0.00339648 0.0105 -0.017949 0.0172027 0.0115994 -0.0178007 0.0170606 0.0118137 -0.0176284 0.0168954 0.0119902 -0.0069893 0.0228224 0.0122107 -0.0106132 0.0210501 0.0122484 0.004615 0.0214137 0.0112208 0.00459417 0.021317 0.010941 0.0045836 0.021268 0.0106484 0.000943747 0.0222165 0.00928911 0.000953204 0.0224392 0.00909301 -0.0109929 0.0218031 0.00900982 -0.00715001 0.0233472 0.00900982 -0.0108735 0.0215664 0.00887619 -0.0176284 0.0168954 0.00900982 -0.0146614 0.0198235 0.00918632 -0.0145195 0.0196316 0.00900982 -0.00673128 0.0219799 0.00882671 -0.00681625 0.0222574 0.00876417 -0.00310146 0.0242198 0.00900982 -0.0030678 0.0239569 0.00887619 -0.00313177 0.0244565 0.00918632 -0.00315786 0.0246602 0.00940061 -0.0111928 0.0221995 0.00940061 -0.0112676 0.0223479 0.00964653 -0.0073864 0.0241191 0.0102042 -0.003204 0.0250205 0.0102042 -0.00672058 0.0243391 0.0105 0.0010674 0.0251274 0.011083 -0.00317897 0.0248251 0.0113535 -0.00315786 0.0246602 0.0115994 -0.00313177 0.0244565 0.0118137 -0.0252242 -0.00113741 0.0105 -0.0244109 -0.0063561 0.0107958 -0.0240112 -0.0078098 0.0105 -0.0236372 -0.00887842 0.0105 -0.0204237 -0.014846 0.0105 -0.0197359 -0.0157489 0.0105 -0.020899 -0.0141253 0.0107958 -0.00299435 0.0233833 0.0122484 -0.0141931 0.0191904 0.0122107 0.000943747 0.0222165 0.0117109 0.000935833 0.0220302 0.01148 0.000929689 0.0218856 0.0112208 0.000925493 0.0217868 0.010941 0.000923364 0.0217367 0.0106484 0.000923364 0.0217367 0.0103516 -0.0141931 0.0191904 0.00878928 -0.0143619 0.0194185 0.00887619 -0.0111003 0.0220161 0.00918632 -0.00299435 0.0233833 0.00875158 -0.00303175 0.0236754 0.00878928 -0.00721989 0.0235754 0.00918632 -0.0113563 0.0225239 0.0102042 -0.0073645 0.0240476 0.00991701 -0.0031945 0.0249463 0.00991701 0.0010674 0.0251274 0.00991701 -0.0109575 0.0227485 0.0105 -0.0031945 0.0249463 0.011083 -0.0073287 0.0239307 0.0113535 -0.00728003 0.0237718 0.0115994 -0.00721989 0.0235754 0.0118137 -0.00715001 0.0233472 0.0119902 -0.0070724 0.0230938 0.0121238 -0.017437 0.0167121 0.0121238 -0.0172321 0.0165157 0.0122107 -0.00282444 0.0220565 0.0117109 -0.00280076 0.0218715 0.01148 -0.00278237 0.0217279 0.0112208 -0.00276981 0.0216298 0.010941 -0.00276344 0.0215801 0.0106484 -0.00276344 0.0215801 0.0103516 -0.00276981 0.0216298 0.010059 -0.00665063 0.0217166 0.00893738 -0.00986187 0.0195599 0.00977917 -0.00690308 0.0225409 0.00875158 -0.0069893 0.0228224 0.00878928 -0.0149995 0.0202807 0.0102042 -0.0148424 0.0204271 0.0105 -0.0073645 0.0240476 0.011083 -0.0112676 0.0223479 0.0113535 -0.0111928 0.0221995 0.0115994 -0.0224674 0.0101559 0.0118137 -0.0240594 0.00626457 0.0115994 -0.0238606 0.00621282 0.0118137 -0.0200106 0.0135248 0.0121238 -0.0220084 0.00994844 0.0121238 -0.00651138 0.0212619 0.0117109 -0.00645677 0.0210836 0.01148 -0.00641439 0.0209452 0.0112208 -0.00638543 0.0208506 0.010941 -0.00637074 0.0208027 0.0106484 -0.00637074 0.0208027 0.0103516 -0.00638543 0.0208506 0.010059 -0.00992704 0.0196891 0.00952004 -0.0102251 0.0202803 0.00893738 -0.0130256 0.0176118 0.00977917 -0.0070724 0.0230938 0.00887619 -0.0147835 0.0199886 0.00940061 -0.0148823 0.0201223 0.00964653 -0.0113226 0.0224571 0.00991701 -0.0182507 0.0174491 0.0105 -0.0113226 0.0224571 0.011083 -0.0232193 0.00991993 0.0105 -0.0148823 0.0201223 0.0113535 -0.0222308 -0.0119718 0.0105 -0.0216725 -0.0129558 0.0105 -0.0166069 -0.0190197 0.0105 -0.0182112 -0.017454 0.0107958 -0.017444 -0.0182548 0.0105 -0.024772 0.00210841 0.0115994 -0.0245674 0.00209099 0.0118137 -0.0236297 0.00615268 0.0119902 -0.0243296 0.00207075 0.0119902 -0.010011 0.0198556 0.0117109 -0.00992704 0.0196891 0.01148 -0.00986187 0.0195599 0.0112208 -0.00981735 0.0194716 0.010941 -0.00979477 0.0194268 0.0106484 -0.00979477 0.0194268 0.0103516 -0.00981735 0.0194716 0.010059 -0.0170196 0.016312 0.00875158 -0.0172321 0.0165157 0.00878928 -0.0190454 0.0128725 0.00882671 -0.0192858 0.0130349 0.00876417 -0.017437 0.0167121 0.00887619 -0.0178007 0.0170606 0.00918632 -0.017949 0.0172027 0.00940061 -0.0226546 0.0102405 0.00940061 -0.022806 0.010309 0.00964653 -0.0207358 0.0140149 0.00964653 -0.0182112 0.017454 0.0102042 -0.021074 0.013908 0.0105 -0.014955 0.0202206 0.011083 -0.018069 0.0173177 0.0113535 -0.0190115 -0.0166167 0.0105 -0.0129444 -0.0216792 0.0105 -0.0149995 -0.0202807 0.0107958 -0.0139036 -0.0210765 0.0105 -0.022806 -0.010309 0.0113535 -0.0226546 -0.0102405 0.0115994 -0.0240594 -0.00626457 0.0115994 -0.0170196 0.016312 0.0122484 -0.0133551 0.0180573 0.011907 -0.0132226 0.0178781 0.0117109 -0.0131117 0.0177282 0.01148 -0.0130256 0.0176118 0.0112208 -0.0129668 0.0175323 0.010941 -0.012937 0.017492 0.0106484 -0.012937 0.017492 0.0103516 -0.0129668 0.0175323 0.010059 -0.0209469 0.0094686 0.00882671 -0.0236297 0.00615268 0.00900982 -0.02225 0.0100576 0.00900982 -0.0233732 0.0060859 0.00887619 -0.0238606 0.00621282 0.00918632 -0.0224674 0.0101559 0.00918632 -0.0202302 0.0136732 0.00900982 -0.0200106 0.0135248 0.00887619 -0.0204279 0.0138068 0.00918632 -0.020598 0.0139218 0.00940061 -0.0240594 0.00626457 0.00940061 -0.0242202 0.00630645 0.00964653 -0.0229856 0.0103901 0.0102042 -0.020899 0.0141253 0.0102042 -0.020837 0.0140834 0.00991701 -0.0181572 0.0174023 0.00991701 -0.018069 0.0173177 0.00964653 -0.014955 0.0202206 0.00991701 -0.0227507 0.0109529 0.0105 -0.0181572 0.0174023 0.011083 -0.0207358 0.0140149 0.0113535 -0.020598 0.0139218 0.0115994 -0.0204279 0.0138068 0.0118137 -0.0202302 0.0136732 0.0119902 -0.0113563 -0.0225239 0.0107958 -0.00991647 -0.0232206 0.0105 -0.00886603 -0.0236419 0.0105 -0.0163972 0.0157154 0.0120626 -0.0162147 0.0155405 0.011907 -0.0160538 0.0153864 0.0117109 -0.0159192 0.0152573 0.01148 -0.0158147 0.0151572 0.0112208 -0.0157433 0.0150887 0.010941 -0.0157071 0.015054 0.0106484 -0.0157071 0.015054 0.0103516 -0.0157433 0.0150887 0.010059 -0.0182687 0.0123475 0.00952004 -0.0195315 0.013201 0.00875158 -0.0197754 0.0133659 0.00878928 -0.0244109 0.0063561 0.0102042 -0.0243405 0.00671574 0.0105 -0.020837 0.0140834 0.011083 -0.022806 0.010309 0.0113535 -0.0226546 0.0102405 0.0115994 -0.02225 0.0100576 0.0119902 -0.0243296 -0.00207075 0.0119902 -0.0188172 0.0127182 0.0120626 -0.0186078 0.0125767 0.011907 -0.0184232 0.0124519 0.0117109 -0.0182687 0.0123475 0.01148 -0.0181488 0.0122664 0.0112208 -0.0180669 0.0122111 0.010941 -0.0180253 0.012183 0.0106484 -0.0180253 0.012183 0.0103516 -0.0180669 0.0122111 0.010059 -0.0184232 0.0124519 0.00928911 -0.0243296 0.00207075 0.00900982 -0.025134 0.00213921 0.0102042 -0.0251484 0.00226281 0.0105 -0.0229174 0.0103593 0.011083 -0.0243389 -0.00672029 0.0105 -0.0242202 0.00630645 0.0113535 -0.0157398 -0.0197438 0.0105 -0.00112506 -0.0252244 0.0105 -0.003204 -0.0250205 0.0107958 -0.00225709 -0.0251483 0.0105 -0.020598 -0.0139218 0.0115994 -0.0224674 -0.0101559 0.0118137 -0.020696 0.00935516 0.0120626 -0.0204656 0.00925105 0.011907 -0.0202626 0.00915927 0.0117109 -0.0200927 0.00908247 0.01148 -0.0199608 0.00902284 0.0112208 -0.0198707 0.00898211 0.010941 -0.019825 0.00896145 0.0106484 -0.019825 0.00896145 0.0103516 -0.0198707 0.00898211 0.010059 -0.0202626 0.00915927 0.00928911 -0.0240655 0.00204827 0.00887619 -0.0245674 0.00209099 0.00918632 -0.024772 0.00210841 0.00940061 -0.0249376 0.0021225 0.00964653 -0.0243385 0.00633726 0.00991701 -0.0229174 0.0103593 0.00991701 -0.0251481 -0.00226449 0.0105 -0.0243385 0.00633726 0.011083 -0.0229856 -0.0103901 0.0107958 -0.022747 -0.0109595 0.0105 -0.0249376 0.0021225 0.0113535 -0.00561083 -0.0246181 0.0105 -0.00450289 -0.024845 0.0105 0.00227039 -0.0251471 0.0105 0.00339669 -0.0250201 0.0105 0.00107057 -0.0252021 0.0107958 -0.0222458 0.00579236 0.0121733 -0.0219793 0.00572296 0.0120626 -0.0217347 0.00565927 0.011907 -0.0215191 0.00560313 0.0117109 -0.0213386 0.00555614 0.01148 -0.0211985 0.00551967 0.0112208 -0.0211028 0.00549475 0.010941 -0.0210543 0.00548211 0.0106484 -0.0210543 0.00548211 0.0103516 -0.0211028 0.00549475 0.010059 -0.0215191 0.00560313 0.00928911 -0.0217347 0.00565927 0.00909301 -0.0222458 -0.00579236 0.00882671 -0.0243296 -0.00207075 0.00900982 -0.0240655 -0.00204827 0.00887619 -0.0245674 -0.00209099 0.00918632 -0.024772 -0.00210841 0.00940061 -0.0226546 -0.0102405 0.00940061 -0.022806 -0.010309 0.00964653 -0.0242202 -0.00630645 0.00964653 -0.0244109 -0.0063561 0.0102042 -0.025134 -0.00213921 0.0102042 -0.0246161 -0.0056221 0.0105 -0.0250594 0.00213287 0.011083 -0.0249376 -0.0021225 0.0113535 -0.024772 -0.00210841 0.0115994 -0.0245674 -0.00209099 0.0118137 4.82053e-06 -0.0252498 0.0105 0.00531435 -0.0246587 0.0107958 0.00672459 -0.0243374 0.0105 0.00780914 -0.0240117 0.0105 -0.0231939 0.00197409 0.0122358 -0.0229047 0.00194948 0.0121733 -0.0226303 0.00192612 0.0120626 -0.0223785 0.00190469 0.011907 -0.0221565 0.00188579 0.0117109 -0.0219707 0.00186998 0.01148 -0.0218264 0.0018577 0.0112208 -0.0217279 0.00184932 0.010941 -0.0216779 0.00184506 0.0106484 -0.0216779 0.00184506 0.0103516 -0.0217279 0.00184932 0.010059 -0.0221565 0.00188579 0.00928911 -0.0223785 0.00190469 0.00909301 -0.020598 -0.0139218 0.00940061 -0.0237827 -0.00202421 0.00878928 -0.0236297 -0.00615268 0.00900982 -0.0238606 -0.00621282 0.00918632 -0.0240594 -0.00626457 0.00940061 -0.0229856 -0.0103901 0.0102042 -0.0243385 -0.00633726 0.00991701 -0.0250594 -0.00213287 0.00991701 -0.0249376 -0.0021225 0.00964653 -0.0250594 0.00213287 0.00991701 -0.0232171 -0.00992613 0.0105 -0.0250594 -0.00213287 0.011083 -0.0242202 -0.00630645 0.0113535 -0.0238606 -0.00621282 0.0118137 -0.0236297 -0.00615268 0.0119902 -0.0231939 -0.00197409 0.0122358 -0.0229047 -0.00194948 0.0121733 -0.0226303 -0.00192612 0.0120626 -0.0223785 -0.00190469 0.011907 -0.0221565 -0.00188579 0.0117109 -0.0219707 -0.00186998 0.01148 -0.0218264 -0.0018577 0.0112208 -0.0217279 -0.00184932 0.010941 -0.0216779 -0.00184506 0.0106484 -0.0216779 -0.00184506 0.0103516 -0.0217279 -0.00184932 0.010059 -0.0218264 -0.0018577 0.00977917 -0.0219707 -0.00186998 0.00952004 -0.0221565 -0.00188579 0.00928911 -0.0223785 -0.00190469 0.00909301 -0.0226303 -0.00192612 0.00893738 -0.0209469 -0.0094686 0.00882671 -0.020899 -0.0141253 0.0102042 -0.0210722 -0.0139112 0.0105 -0.0243385 -0.00633726 0.011083 -0.0225266 -0.00586547 0.0122358 -0.0222458 -0.00579236 0.0121733 -0.0219793 -0.00572296 0.0120626 -0.0217347 -0.00565927 0.011907 -0.0215191 -0.00560313 0.0117109 -0.0213386 -0.00555614 0.01148 -0.0211985 -0.00551967 0.0112208 -0.0211028 -0.00549475 0.010941 -0.0210543 -0.00548211 0.0106484 -0.0210543 -0.00548211 0.0103516 -0.0211028 -0.00549475 0.010059 -0.0211985 -0.00551967 0.00977917 -0.0213386 -0.00555614 0.00952004 -0.0215191 -0.00560313 0.00928911 -0.0217347 -0.00565927 0.00909301 -0.0219793 -0.00572296 0.00893738 -0.0233732 -0.0060859 0.00887619 -0.0190454 -0.0128725 0.00882671 -0.0182112 -0.017454 0.0102042 -0.0182505 -0.0174494 0.0105 -0.0229174 -0.0103593 0.011083 -0.010952 -0.0227507 0.0105 -0.0207358 -0.0140149 0.0113535 0.0045123 -0.0248434 0.0105 -0.0214815 -0.00971027 0.0122484 -0.0212113 -0.00958812 0.0122358 -0.0209469 -0.0094686 0.0121733 -0.020696 -0.00935516 0.0120626 -0.0204656 -0.00925105 0.011907 -0.0202626 -0.00915927 0.0117109 -0.0200927 -0.00908247 0.01148 -0.0199608 -0.00902284 0.0112208 -0.0198707 -0.00898211 0.010941 -0.019825 -0.00896145 0.0106484 -0.019825 -0.00896145 0.0103516 -0.0198707 -0.00898211 0.010059 -0.0199608 -0.00902284 0.00977917 -0.0200927 -0.00908247 0.00952004 -0.0202626 -0.00915927 0.00928911 -0.0204656 -0.00925105 0.00909301 -0.020696 -0.00935516 0.00893738 -0.0136692 -0.0184819 0.00882671 -0.0178007 -0.0170606 0.00918632 -0.017949 -0.0172027 0.00940061 -0.0112676 -0.0223479 0.00964653 -0.0148823 -0.0201223 0.00964653 -0.0111928 -0.0221995 0.00940061 -0.0207358 -0.0140149 0.00964653 -0.0229174 -0.0103593 0.00991701 -0.0148399 -0.0204286 0.0105 -0.020837 -0.0140834 0.011083 -0.0073864 -0.0241191 0.0107958 -0.00671231 -0.0243409 0.0105 -0.018069 -0.0173177 0.0113535 -0.0192858 -0.0130349 0.0122358 -0.0190454 -0.0128725 0.0121733 -0.0188172 -0.0127182 0.0120626 -0.0186078 -0.0125767 0.011907 -0.0184232 -0.0124519 0.0117109 -0.0182687 -0.0123475 0.01148 -0.0181488 -0.0122664 0.0112208 -0.0180669 -0.0122111 0.010941 -0.0180253 -0.012183 0.0106484 -0.0180253 -0.012183 0.0103516 -0.0180669 -0.0122111 0.010059 -0.0181488 -0.0122664 0.00977917 -0.0182687 -0.0123475 0.00952004 -0.0184232 -0.0124519 0.00928911 -0.0186078 -0.0125767 0.00909301 -0.0188172 -0.0127182 0.00893738 -0.0147835 -0.0199886 0.00940061 -0.0073287 -0.0239307 0.00964653 -0.0113563 -0.0225239 0.0102042 -0.0149995 -0.0202807 0.0102042 -0.014955 -0.0202206 0.00991701 -0.018069 -0.0173177 0.00964653 -0.020837 -0.0140834 0.00991701 -0.0119624 -0.0222365 0.0105 -0.0181572 -0.0174023 0.011083 -0.0148823 -0.0201223 0.0113535 -0.0147835 -0.0199886 0.0115994 -0.0170196 -0.016312 0.0122484 -0.0168055 -0.0161068 0.0122358 -0.016596 -0.015906 0.0121733 -0.0163972 -0.0157154 0.0120626 -0.0162147 -0.0155405 0.011907 -0.0160538 -0.0153864 0.0117109 -0.0159192 -0.0152573 0.01148 -0.0158147 -0.0151572 0.0112208 -0.0157433 -0.0150887 0.010941 -0.0157071 -0.015054 0.0106484 -0.0157071 -0.015054 0.0103516 -0.0157433 -0.0150887 0.010059 -0.0158147 -0.0151572 0.00977917 -0.0159192 -0.0152573 0.00952004 -0.0160538 -0.0153864 0.00928911 -0.0162147 -0.0155405 0.00909301 -0.0163972 -0.0157154 0.00893738 0.00527283 -0.024466 0.00964653 -0.0170196 -0.016312 0.00875158 -0.0073864 -0.0241191 0.0102042 -0.0113226 -0.0224571 0.00991701 -0.0181572 -0.0174023 0.00991701 -0.00780073 -0.0240148 0.0105 -0.014955 -0.0202206 0.011083 -0.0112676 -0.0223479 0.0113535 -0.0141931 -0.0191904 0.0122107 -0.014018 -0.0189536 0.0122484 -0.0138417 -0.0187152 0.0122358 -0.0136692 -0.0184819 0.0121733 -0.0135054 -0.0182605 0.0120626 -0.0133551 -0.0180573 0.011907 -0.0132226 -0.0178781 0.0117109 -0.0131117 -0.0177282 0.01148 -0.0130256 -0.0176118 0.0112208 -0.0129668 -0.0175323 0.010941 -0.012937 -0.017492 0.0106484 -0.012937 -0.017492 0.0103516 -0.0129668 -0.0175323 0.010059 -0.0130256 -0.0176118 0.00977917 -0.0131117 -0.0177282 0.00952004 -0.0132226 -0.0178781 0.00928911 -0.0133551 -0.0180573 0.00909301 -0.0135054 -0.0182605 0.00893738 -0.014018 -0.0189536 0.00875158 -0.003204 -0.0250205 0.0102042 -0.00338852 -0.0250216 0.0105 -0.0113226 -0.0224571 0.011083 -0.0073287 -0.0239307 0.0113535 -0.0108735 -0.0215664 0.0121238 -0.0107458 -0.021313 0.0122107 -0.0106132 -0.0210501 0.0122484 -0.0104797 -0.0207853 0.0122358 -0.0103491 -0.0205262 0.0121733 -0.0102251 -0.0202803 0.0120626 -0.0101113 -0.0200546 0.011907 -0.010011 -0.0198556 0.0117109 -0.00992704 -0.0196891 0.01148 -0.00986187 -0.0195599 0.0112208 -0.00981735 -0.0194716 0.010941 -0.00979477 -0.0194268 0.0106484 -0.00979477 -0.0194268 0.0103516 -0.00981735 -0.0194716 0.010059 -0.00986187 -0.0195599 0.00977917 -0.00992704 -0.0196891 0.00952004 -0.010011 -0.0198556 0.00928911 -0.0101113 -0.0200546 0.00909301 -0.0102251 -0.0202803 0.00893738 -0.0107458 -0.021313 0.00878928 -0.00317897 -0.0248251 0.00964653 -0.0073645 -0.0240476 0.00991701 0.0011334 -0.0252245 0.0105 -0.0073645 -0.0240476 0.011083 0.00940524 -0.0234058 0.0107958 0.00992764 -0.023216 0.0105 -0.00317897 -0.0248251 0.0113535 -0.0070724 -0.0230938 0.0121238 -0.0069893 -0.0228224 0.0122107 -0.00690308 -0.0225409 0.0122484 -0.00681625 -0.0222574 0.0122358 -0.00673128 -0.0219799 0.0121733 -0.00665063 -0.0217166 0.0120626 -0.00657662 -0.0214749 0.011907 -0.00651138 -0.0212619 0.0117109 -0.00645677 -0.0210836 0.01148 -0.00641439 -0.0209452 0.0112208 -0.00638543 -0.0208506 0.010941 -0.00637074 -0.0208027 0.0106484 -0.00637074 -0.0208027 0.0103516 -0.00638543 -0.0208506 0.010059 -0.00641439 -0.0209452 0.00977917 -0.00645677 -0.0210836 0.00952004 -0.00651138 -0.0212619 0.00928911 -0.00657662 -0.0214749 0.00909301 -0.00665063 -0.0217166 0.00893738 -0.00673128 -0.0219799 0.00882671 -0.00690308 -0.0225409 0.00875158 0.00107057 -0.0252021 0.0102042 0.00562113 -0.024616 0.0105 -0.0031945 -0.0249463 0.011083 -0.00310146 -0.0242198 0.0119902 -0.0030678 -0.0239569 0.0121238 -0.00303175 -0.0236754 0.0122107 -0.00299435 -0.0233833 0.0122484 -0.00295669 -0.0230892 0.0122358 -0.00291983 -0.0228014 0.0121733 -0.00288485 -0.0225282 0.0120626 -0.00285274 -0.0222775 0.011907 -0.00282444 -0.0220565 0.0117109 -0.00280076 -0.0218715 0.01148 -0.00278237 -0.0217279 0.0112208 -0.00276981 -0.0216298 0.010941 -0.00276344 -0.0215801 0.0106484 -0.00276344 -0.0215801 0.0103516 -0.00276981 -0.0216298 0.010059 -0.00278237 -0.0217279 0.00977917 -0.00280076 -0.0218715 0.00952004 -0.00282444 -0.0220565 0.00928911 -0.00285274 -0.0222775 0.00909301 -0.00288485 -0.0225282 0.00893738 -0.00291983 -0.0228014 0.00882671 -0.00295669 -0.0230892 0.00876417 -0.00299435 -0.0233833 0.00875158 -0.00303175 -0.0236754 0.00878928 0.00940524 -0.0234058 0.0102042 0.00531435 -0.0246587 0.0102042 0.00529859 -0.0245855 0.00991701 0.0010674 -0.0251274 0.00991701 0.00106221 -0.0250052 0.00964653 -0.0031945 -0.0249463 0.00991701 0.00887476 -0.0236389 0.0105 0.0010674 -0.0251274 0.011083 0.00103631 -0.0243955 0.0119902 0.00102506 -0.0241307 0.0121238 0.00101302 -0.0238472 0.0122107 0.00100052 -0.023553 0.0122484 0.000987934 -0.0232567 0.0122358 0.00097562 -0.0229668 0.0121733 0.000963931 -0.0226917 0.0120626 0.000953204 -0.0224392 0.011907 0.000943747 -0.0222165 0.0117109 0.000935833 -0.0220302 0.01148 0.000929689 -0.0218856 0.0112208 0.000925493 -0.0217868 0.010941 0.000923364 -0.0217367 0.0106484 0.000923364 -0.0217367 0.0103516 0.000925493 -0.0217868 0.010059 0.000929689 -0.0218856 0.00977917 0.000935833 -0.0220302 0.00952004 0.000943747 -0.0222165 0.00928911 0.000953204 -0.0224392 0.00909301 0.000963931 -0.0226917 0.00893738 0.00097562 -0.0229668 0.00882671 0.000987934 -0.0232567 0.00876417 0.00100052 -0.023553 0.00875158 0.00101302 -0.0238472 0.00878928 0.00102506 -0.0241307 0.00887619 0.00529859 -0.0245855 0.011083 0.00514427 -0.0238695 0.0119902 0.00508843 -0.0236104 0.0121238 0.00502864 -0.023333 0.0122107 0.00496661 -0.0230452 0.0122484 0.00490413 -0.0227553 0.0122358 0.004843 -0.0224716 0.0121733 0.00478498 -0.0222024 0.0120626 0.00473173 -0.0219553 0.011907 0.00468479 -0.0217375 0.0117109 0.0046455 -0.0215552 0.01148 0.004615 -0.0214137 0.0112208 0.00459417 -0.021317 0.010941 0.0045836 -0.021268 0.0106484 0.0045836 -0.021268 0.0103516 0.00459417 -0.021317 0.010059 0.004615 -0.0214137 0.00977917 0.0046455 -0.0215552 0.00952004 0.00468479 -0.0217375 0.00928911 0.00473173 -0.0219553 0.00909301 0.00478498 -0.0222024 0.00893738 0.004843 -0.0224716 0.00882671 0.00490413 -0.0227553 0.00876417 0.00496661 -0.0230452 0.00875158 0.00502864 -0.023333 0.00878928 0.00508843 -0.0236104 0.00887619 0.00937735 -0.0233364 0.011083 0.00910424 -0.0226568 0.0119902 0.00900542 -0.0224108 0.0121238 0.0088996 -0.0221475 0.0122107 0.00878982 -0.0218743 0.0122484 0.00867925 -0.0215991 0.0122358 0.00857106 -0.0213299 0.0121733 0.00846837 -0.0210743 0.0120626 0.00837413 -0.0208398 0.011907 0.00829105 -0.0206331 0.0117109 0.00822152 -0.0204601 0.01148 0.00816755 -0.0203257 0.0112208 0.00813068 -0.020234 0.010941 0.00811198 -0.0201874 0.0106484 0.00811198 -0.0201874 0.0103516 0.00813068 -0.020234 0.010059 0.00816755 -0.0203257 0.00977917 0.00822152 -0.0204601 0.00952004 0.00829105 -0.0206331 0.00928911 0.00837413 -0.0208398 0.00909301 0.00846837 -0.0210743 0.00893738 0.00857106 -0.0213299 0.00882671 0.00867925 -0.0215991 0.00876417 0.00878982 -0.0218743 0.00875158 0.0088996 -0.0221475 0.00878928 0.00900542 -0.0224108 0.00887619 0.00937735 -0.0233364 0.00991701 0.019742 -0.0157419 0.0105 0.0131863 -0.021416 0.011083 0.0128023 -0.0207922 0.0119902 0.0126633 -0.0205666 0.0121238 0.0125145 -0.0203249 0.0122107 0.0123602 -0.0200742 0.0122484 0.0122047 -0.0198217 0.0122358 0.0120525 -0.0195746 0.0121733 0.0119081 -0.0193401 0.0120626 0.0117756 -0.0191248 0.011907 0.0116588 -0.0189351 0.0117109 0.011561 -0.0187763 0.01148 0.0114851 -0.018653 0.0112208 0.0114333 -0.0185688 0.010941 0.011407 -0.0185261 0.0106484 0.011407 -0.0185261 0.0103516 0.0114333 -0.0185688 0.010059 0.0114851 -0.018653 0.00977917 0.011561 -0.0187763 0.00952004 0.0116588 -0.0189351 0.00928911 0.0117756 -0.0191248 0.00909301 0.0119081 -0.0193401 0.00893738 0.0120525 -0.0195746 0.00882671 0.0122047 -0.0198217 0.00876417 0.0123602 -0.0200742 0.00875158 0.0125145 -0.0203249 0.00878928 0.0126633 -0.0205666 0.00887619 0.0131863 -0.021416 0.00991701 0.0216775 -0.0129477 0.0105 0.016616 -0.0188794 0.011083 0.0164254 -0.0186629 0.0115994 0.0162897 -0.0185087 0.0118137 0.016132 -0.0183296 0.0119902 0.0159569 -0.0181306 0.0121238 0.0157694 -0.0179176 0.0122107 0.0155749 -0.0176966 0.0122484 0.015379 -0.0174739 0.0122358 0.0151873 -0.0172561 0.0121733 0.0150053 -0.0170494 0.0120626 0.0148384 -0.0168596 0.011907 0.0146911 -0.0166924 0.0117109 0.0145679 -0.0165524 0.01148 0.0144723 -0.0164437 0.0112208 0.014407 -0.0163695 0.010941 0.0143738 -0.0163319 0.0106484 0.0143738 -0.0163319 0.0103516 0.014407 -0.0163695 0.010059 0.0144723 -0.0164437 0.00977917 0.0145679 -0.0165524 0.00952004 0.0146911 -0.0166924 0.00928911 0.0148384 -0.0168596 0.00909301 0.0150053 -0.0170494 0.00893738 0.0151873 -0.0172561 0.00882671 0.015379 -0.0174739 0.00876417 0.0155749 -0.0176966 0.00875158 0.0157694 -0.0179176 0.00878928 0.0159569 -0.0181306 0.00887619 0.0219563 -0.0122655 0.00991701 0.0193432 -0.0156185 0.00940061 0.0194725 -0.0157229 0.0113535 0.0195676 -0.0157998 0.011083 0.0193432 -0.0156185 0.0115994 0.0191834 -0.0154895 0.0118137 0.0189977 -0.0153396 0.0119902 0.0187915 -0.0151731 0.0121238 0.0185707 -0.0149948 0.0122107 0.0183416 -0.0148098 0.0122484 0.0181109 -0.0146235 0.0122358 0.0178851 -0.0144412 0.0121733 0.0176709 -0.0142682 0.0120626 0.0174742 -0.0141094 0.011907 0.0173009 -0.0139695 0.0117109 0.0171558 -0.0138523 0.01148 0.0170431 -0.0137614 0.0112208 0.0169662 -0.0136993 0.010941 0.0169272 -0.0136677 0.0106484 0.0169272 -0.0136677 0.0103516 0.0169662 -0.0136993 0.010059 0.0170431 -0.0137614 0.00977917 0.0171558 -0.0138523 0.00952004 0.0173009 -0.0139695 0.00928911 0.0174742 -0.0141094 0.00909301 0.0176709 -0.0142682 0.00893738 0.0178851 -0.0144412 0.00882671 0.0181109 -0.0146235 0.00876417 0.0183416 -0.0148098 0.00875158 0.0185707 -0.0149948 0.00878928 0.0187915 -0.0151731 0.00887619 0.0189977 -0.0153396 0.00900982 0.0191834 -0.0154895 0.00918632 0.0219563 -0.0122655 0.011083 0.0215252 -0.0120247 0.0118137 0.0213169 -0.0119083 0.0119902 0.0210855 -0.0117791 0.0121238 0.0208377 -0.0116406 0.0122107 0.0205807 -0.0114971 0.0122484 0.0203218 -0.0113524 0.0122358 0.0200685 -0.0112109 0.0121733 0.019828 -0.0110766 0.0120626 0.0196074 -0.0109533 0.011907 0.0194128 -0.0108447 0.0117109 0.0192501 -0.0107537 0.01148 0.0191237 -0.0106831 0.0112208 0.0190374 -0.0106349 0.010941 0.0189936 -0.0106104 0.0106484 0.0189936 -0.0106104 0.0103516 0.0190374 -0.0106349 0.010059 0.0191237 -0.0106831 0.00977917 0.0192501 -0.0107537 0.00952004 0.0194128 -0.0108447 0.00928911 0.0196074 -0.0109533 0.00909301 0.019828 -0.0110766 0.00893738 0.0200685 -0.0112109 0.00882671 0.0203218 -0.0113524 0.00876417 0.0205807 -0.0114971 0.00875158 0.0208377 -0.0116406 0.00878928 0.0210855 -0.0117791 0.00887619 0.0213169 -0.0119083 0.00900982 0.0215252 -0.0120247 0.00918632 0.0234414 -0.00828238 0.0115994 0.0232478 -0.00821395 0.0118137 0.0230227 -0.00813445 0.0119902 0.0227728 -0.00804616 0.0121238 0.0225052 -0.00795161 0.0122107 0.0222277 -0.00785353 0.0122484 0.021948 -0.00775473 0.0122358 0.0216745 -0.00765807 0.0121733 0.0214148 -0.00756632 0.0120626 0.0211765 -0.00748212 0.011907 0.0209664 -0.00740789 0.0117109 0.0207906 -0.00734577 0.01148 0.0206541 -0.00729754 0.0112208 0.0205608 -0.0072646 0.010941 0.0205135 -0.00724789 0.0106484 0.0205135 -0.00724789 0.0103516 0.0205608 -0.0072646 0.010059 0.0206541 -0.00729754 0.00977917 0.0207906 -0.00734577 0.00952004 0.0209664 -0.00740789 0.00928911 0.0211765 -0.00748212 0.00909301 0.0214148 -0.00756632 0.00893738 0.0216745 -0.00765807 0.00882671 0.021948 -0.00775473 0.00876417 0.0222277 -0.00785353 0.00875158 0.0225052 -0.00795161 0.00878928 0.0227728 -0.00804616 0.00887619 0.0230227 -0.00813445 0.00900982 0.0232478 -0.00821395 0.00918632 0.0247883 -0.00425038 0.00991701 0.0246678 -0.00422971 0.00964653 0.0246678 -0.00422971 0.0113535 0.024504 -0.00420162 0.0115994 0.0243015 -0.00416692 0.0118137 0.0240663 -0.00412658 0.0119902 0.0238051 -0.00408179 0.0121238 0.0235254 -0.00403383 0.0122107 0.0232352 -0.00398407 0.0122484 0.0229429 -0.00393395 0.0122358 0.0226569 -0.00388492 0.0121733 0.0223855 -0.00383837 0.0120626 0.0221363 -0.00379566 0.011907 0.0219167 -0.003758 0.0117109 0.0217329 -0.00372649 0.01148 0.0215903 -0.00370202 0.0112208 0.0214928 -0.00368531 0.010941 0.0214434 -0.00367683 0.0106484 0.0214434 -0.00367683 0.0103516 0.0214928 -0.00368531 0.010059 0.0215903 -0.00370202 0.00977917 0.0217329 -0.00372649 0.00952004 0.0219167 -0.003758 0.00928911 0.0221363 -0.00379566 0.00909301 0.0223855 -0.00383837 0.00893738 0.0226569 -0.00388492 0.00882671 0.0229429 -0.00393395 0.00876417 0.0232352 -0.00398407 0.00875158 0.0235254 -0.00403383 0.00878928 0.0238051 -0.00408179 0.00887619 0.0240663 -0.00412658 0.00900982 0.0243015 -0.00416692 0.00918632 0.024504 -0.00420162 0.00940061</float_array>
          <technique_common>
            <accessor count="1472" source="#ID29" stride="3">
              <param name="X" type="float"/>
              <param name="Y" type="float"/>
              <param name="Z" type="float"/>
            </accessor>
          </technique_common>
        </source>
        <source id="ID30">
          <float_array count="4416" id="ID31">0.516766 0.0886084 0.851529 0.367493 0.0630131 0.927889 0.372857 -1.94975e-10 0.927889 0.651172 0.111655 0.750672 0.524307 5.47118e-11 0.851529 -0.0448649 0.998993 -1.74846e-07 0.0418307 0.984728 0.169001 -4.37114e-08 1 -1.74846e-07 0.622935 0.220097 0.750672 0.733592 0.259195 0.62822 0.134233 0.99095 -1.74846e-07 0.0896393 0.995974 -1.74846e-07 -0.125191 0.977633 0.169001 -0.0896393 0.995974 -1.74846e-07 0.766844 0.131489 0.62822 0.660675 -4.83148e-10 0.750672 0.207649 0.963494 0.169001 0.178557 0.98393 -1.74846e-07 0.823145 0.290836 0.487695 0.309017 0.951057 -1.74846e-07 0.266037 0.963963 -1.74846e-07 0.433884 0.900969 -1.74846e-07 0.516766 0.839281 0.169001 0.473869 0.880596 -1.74846e-07 0.778036 -4.47448e-10 0.62822 0.860457 0.14754 0.487695 0.766844 0.619184 0.169001 0.722795 0.691063 -1.74846e-07 0.651172 0.739875 0.169001 0.691063 0.722795 -1.74846e-07 0.587785 0.809017 -1.74846e-07 0.550897 0.834573 -1.74846e-07 0.929315 0.328348 0.169001 0.900969 0.433884 -1.74846e-07 0.860457 0.48068 0.169001 0.62349 0.781832 -1.74846e-07 0.971439 0.16657 0.169001 0.963963 0.266037 -1.74846e-07 0.873014 4.55475e-11 0.487695 0.929315 0.159347 0.33314 0.753071 0.657939 -1.74846e-07 0.880596 0.473869 -1.74846e-07 0.858449 0.512899 -1.74846e-07 0.834573 0.550897 -1.74846e-07 0.809017 0.587785 -1.74846e-07 0.919528 0.393025 -1.74846e-07 0.942877 -2.71127e-10 0.33314 0.985616 -1.41711e-10 0.169001 0.995974 0.0896393 -1.74846e-07 0.974928 0.222521 -1.74846e-07 0.951057 0.309017 -1.74846e-07 0.99095 0.134233 -1.74846e-07 0.98393 0.178557 -1.74846e-07 1 1.38778e-15 -1.74846e-07 0.998993 0.0448648 -1.74846e-07 0.936235 0.351375 -1.74846e-07 -0.178557 0.98393 -1.74846e-07 -0.222521 0.974928 -1.74846e-07 0.514029 0.415049 0.750672 0.576778 0.322208 0.750672 0.60534 0.488778 0.62822 0.494357 0.174668 0.851529 0.210679 -2.42322e-10 0.977555 -0.351375 0.936235 -1.74846e-07 -0.393025 0.919528 -1.74846e-07 -0.288611 0.942413 0.169001 0.207649 0.035605 0.977555 0.514028 0.58405 0.62822 0.436491 0.49595 0.750672 0.325509 0.18184 0.927889 0.457728 0.255702 0.851529 0.40793 0.32938 0.851529 0.351558 0.124213 0.927889 0.042441 4.8738e-11 0.999099 -0.58608 0.792432 0.169001 -0.62349 0.781832 -1.74846e-07 -0.657939 0.753071 -1.74846e-07 0.346397 0.393583 0.851529 0.290096 0.234236 0.927889 0.0418306 0.00717257 0.999099 0.183926 0.102747 0.977555 0.198645 0.0701857 0.977555 -0.125191 -0.0214661 0.9919 -0.127018 1.85774e-10 0.9919 0.246337 0.279893 0.927889 0.163916 0.132353 0.977555 0.0400167 0.0141388 0.999099 -0.292823 6.11958e-10 0.956167 -0.119762 -0.0423147 0.9919 -0.288611 -0.0494873 0.956167 0.0370516 0.0206983 0.999099 0.13919 0.158151 0.977555 0.0330206 0.0266623 0.999099 -0.110888 -0.0619459 0.9919 -0.276096 -0.097551 0.956167 -0.450204 -9.39605e-11 0.892926 -0.443728 -0.0760848 0.892926 -0.0988243 -0.0797951 0.9919 -0.594633 2.48893e-10 0.803997 -0.255638 -0.142808 0.956167 -0.424487 -0.149981 0.892926 0.0222521 0.0361398 0.999099 0.110461 0.1794 0.977555 0.0785531 0.195487 0.977555 -0.393034 -0.219562 0.892926 -0.58608 -0.100493 0.803997 -0.227827 -0.183957 0.956167 -0.0839174 -0.0953487 0.9919 -0.193461 -0.219814 0.956167 -0.721956 7.55049e-10 0.691939 -0.350274 -0.282827 0.892926 -0.560666 -0.198096 0.803997 -0.82851 -1.0379e-09 0.559975 -0.711571 -0.122011 0.691939 -0.297438 -0.337955 0.892926 -0.519123 -0.29 0.803997 -0.816592 -0.140019 0.559975 -0.680716 -0.240512 0.691939 -0.911228 2.09617e-09 0.411901 -0.462646 -0.37356 0.803997 -0.898121 -0.153998 0.411901 -0.781183 -0.27601 0.559975 -0.630278 -0.352094 0.691939 -0.561708 -0.453547 0.691939 -0.723301 -0.40406 0.559975 -0.476978 -0.541952 0.691939 -0.64461 -0.520486 0.559975 -0.236045 -0.383361 0.892926 -0.311771 -0.506347 0.803997 -0.392859 -0.446375 0.803997 -0.795515 -0.444402 0.411901 -0.221713 -0.551754 0.803997 -0.167861 -0.417739 0.892926 -0.378527 -0.614767 0.691939 -0.547375 -0.621939 0.559975 -0.602026 -0.684034 0.411901 -0.434394 -0.7055 0.559975 -0.0948485 -0.440099 0.892926 -0.125277 -0.581287 0.803997 0.0371937 -0.12145 0.9919 0.0857452 -0.279987 0.956167 0.0371937 -0.290451 0.956167 0.0571839 -0.113417 0.9919 -0.0252368 0.0341225 0.999099 0.0755289 -0.102122 0.9919 -0.269186 -0.669895 0.691939 -0.152101 -0.705752 0.691939 0.0571839 -0.446557 0.892926 -0.0191072 -0.449798 0.892926 -0.025237 -0.594097 0.803997 0.0755291 -0.589817 0.803997 0.13183 -0.261469 0.956167 0.13183 -0.43047 0.892926 0.174122 -0.568568 0.803997 0.202683 -0.401998 0.892926 0.267706 -0.530963 0.803997 -0.191977 0.0867791 0.977555 -0.0351628 0.0237659 0.999099 -0.17455 0.117975 0.977555 0.174122 -0.235429 0.956167 0.267706 -0.361962 0.892926 -0.360826 0.0939517 0.927889 -0.371513 0.0316205 0.927889 -0.203881 0.0530866 0.977555 0.211405 -0.202616 0.956167 0.0917012 -0.0878885 0.9919 0.105235 -0.0711267 0.9919 0.115742 -0.0523187 0.9919 0.266829 -0.120614 0.956167 0.242607 -0.163973 0.956167 -0.0386735 0.0174815 0.999099 -0.371513 -0.0316204 0.927889 -0.20992 0.0178669 0.977555 -0.0422881 0.00359925 0.999099 0.122919 -0.0320057 0.9919 -0.0410716 0.0106942 0.999099 -0.561708 -0.538353 0.62822 -0.476978 -0.457147 0.750672 -0.547376 -0.369961 0.750672 -0.20992 -0.0178668 0.977555 -0.360826 -0.0939518 0.927889 -0.339758 -0.15358 0.927889 -0.477764 -0.215963 0.851529 -0.434394 -0.293599 0.851529 -0.203881 -0.0530866 0.977555 -0.0422881 -0.00359925 0.999099 -0.0410716 -0.0106942 0.999099 -0.191977 -0.0867791 0.977555 -0.308915 -0.20879 0.927889 0.587785 -0.809017 -1.74846e-07 0.516766 -0.839281 0.169001 0.550897 -0.834573 -1.74846e-07 -0.0351628 -0.0237659 0.999099 -0.17455 -0.117975 0.977555 -0.152101 -0.145777 0.977555 -0.378527 -0.362789 0.851529 0.651172 -0.739874 0.169001 0.62349 -0.781831 -1.74846e-07 -0.392859 -0.531181 0.750672 -0.350275 -0.694728 0.62822 -0.297438 -0.589934 0.750672 -0.269186 -0.257994 0.927889 -0.31177 -0.421542 0.851529 -0.236045 -0.468167 0.851529 -0.221713 -0.299776 0.927889 0.722795 -0.691062 -1.74846e-07 0.691063 -0.722795 -1.74846e-07 0.753071 -0.657939 -1.74846e-07 0.766844 -0.619184 0.169001 -0.19346 -0.631715 0.750672 -0.153529 -0.501325 0.851529 0.0330206 -0.777335 0.62822 -0.0988243 -0.771734 0.62822 0.0370516 -0.872228 0.487695 -0.227827 -0.743932 0.62822 -0.0124278 -0.292559 0.956167 -0.0839174 -0.655324 0.750672 0.163916 -0.760573 0.62822 0.139191 -0.645846 0.750672 0.0280397 -0.66008 0.750672 0.290096 -0.721931 0.62822 0.325509 -0.81006 0.487695 0.834573 -0.550897 -1.74846e-07 0.809017 -0.587785 -1.74846e-07 0.183926 -0.85342 0.487695 -0.708968 -0.572452 0.411901 0.246337 -0.613033 0.750672 0.40793 -0.66252 0.62822 0.346397 -0.562584 0.750672 -0.844845 -0.471958 0.251978 0.880596 -0.473869 -1.74846e-07 0.900969 -0.433884 -1.74846e-07 0.860457 -0.48068 0.169001 0.457728 -0.743397 0.487695 0.576778 -0.655348 0.487695 0.919528 -0.393025 -1.74846e-07 0.936235 -0.351375 -1.74846e-07 0.929315 -0.328348 0.169001 -0.912454 -0.32239 0.251978 -0.859177 -0.303566 0.411901 0.951057 -0.309017 -1.74846e-07 0.963963 -0.266037 -1.74846e-07 0.929315 -0.159347 0.33314 0.679236 -0.379444 0.62822 0.762154 -0.425765 0.487695 0.823145 -0.290836 0.487695 -0.953813 -0.163548 0.251978 0.98393 -0.178557 -1.74846e-07 0.971439 -0.16657 0.169001 0.974928 -0.222521 -1.74846e-07 0.99095 -0.134233 -1.74846e-07 0.889018 -0.31411 0.33314 0.995974 -0.0896396 -1.74846e-07 0.998993 -0.0448647 -1.74846e-07 -0.191977 -0.890776 -0.411901 -0.0410718 -0.966861 -0.251978 -0.0386735 -0.910407 -0.411901 -0.0252369 0.0341226 -0.999099 -0.0948485 0.188121 -0.977555 -0.0191072 0.0378969 -0.999099 0.429299 -0.41145 -0.803997 0.353589 -0.478083 -0.803997 0.521221 -0.49955 -0.691939 0.325027 -0.311513 -0.892926 0.267706 -0.361963 -0.892926 -0.0422883 0.00359927 -0.999099 -0.0422883 -0.00359926 -0.999099 -0.20992 0.0178668 -0.977555 0.825525 -0.0702625 -0.559975 0.801776 -0.208766 -0.559975 0.907946 -0.0772776 -0.411901 -0.434393 -0.293599 -0.851529 -0.269186 -0.257994 -0.927889 -0.378527 -0.362788 -0.851529 0.0917013 0.0878886 -0.9919 0.105236 0.0711268 -0.9919 0.211405 0.202615 -0.956167 -0.221713 -0.299776 -0.927889 -0.31177 -0.421541 -0.851529 -0.152101 -0.145777 -0.977555 -0.308915 -0.20879 -0.927889 -0.17455 -0.117975 -0.977555 0.0222521 -0.523835 -0.851529 -0.0839174 -0.655324 -0.750672 -0.0665963 -0.52006 -0.851529 0.0371937 0.12145 -0.9919 -0.0191072 -0.0378969 -0.999099 0.0571839 0.113418 -0.9919 -0.193461 -0.631715 -0.750672 0.0280397 -0.660079 -0.750672 0.0330206 -0.777335 -0.62822 -0.0988243 -0.771734 -0.62822 0.325509 -0.81006 -0.487695 0.40793 -0.66252 -0.62822 0.457728 -0.743397 -0.487695 0.516766 -0.839281 -0.169001 0.512899 -0.858449 1.24777e-07 0.473868 -0.880596 1.24777e-07 0.110461 -0.512539 -0.851529 0.13919 -0.645846 -0.750672 0.195491 -0.486499 -0.851529 0.274898 -0.446463 -0.851529 0.246337 -0.613033 -0.750672 0.290096 -0.721931 -0.62822 0.163916 -0.760573 -0.62822 0.651172 -0.739874 -0.169001 0.657939 -0.753072 1.24777e-07 0.766844 -0.619184 -0.169001 0.733592 -0.592335 -0.33314 0.514028 -0.58405 -0.62822 0.860457 -0.48068 -0.169001 0.679236 -0.548445 -0.487695 0.622935 -0.707792 -0.33314 0.576778 -0.655348 -0.487695 0.762154 -0.425765 -0.487695 0.733592 -0.259195 -0.62822 0.823145 -0.290836 -0.487695 0.929315 -0.328348 -0.169001 0.889018 -0.31411 -0.33314 0.971439 -0.16657 -0.169001 0.679236 -0.379444 -0.62822 0.985616 -2.97648e-07 -0.169001 0.346397 -0.562584 -0.750672 0.346397 -0.393583 -0.851529 0.436491 -0.49595 -0.750672 -0.153529 -0.501325 -0.851529 -0.0473594 -0.369837 -0.927889 0.433884 -0.900969 1.24777e-07 -0.236045 -0.468167 -0.851529 -0.109181 -0.356513 -0.927889 -0.167861 -0.332933 -0.927889 -0.0616917 -0.201444 -0.977555 -0.125277 -0.169385 -0.977555 -0.227827 -0.743932 -0.62822 -0.392859 -0.531181 -0.750672 -0.297438 -0.589934 -0.750672 0.0755291 0.102122 -0.9919 0.13183 0.261469 -0.956167 0.122919 0.0320057 -0.9919 0.115742 0.0523188 -0.9919 -0.0410718 -0.0106943 -0.999099 -0.191977 -0.086779 -0.977555 -0.0386736 -0.0174816 -0.999099 -0.035163 -0.023766 -0.999099 -0.203881 -0.0530865 -0.977555 -0.339757 -0.15358 -0.927889 -0.477764 -0.215963 -0.851529 0.12656 -0.0107719 -0.9919 0.291768 -0.0248331 -0.956167 0.291768 0.0248332 -0.956167 0.435677 -0.113441 -0.892926 0.448582 -0.0381801 -0.892926 0.283374 -0.0737849 -0.956167 0.12656 0.0107719 -0.9919 0.122919 -0.0320057 -0.9919 -0.0410718 0.0106943 -0.999099 -0.547375 -0.369961 -0.750672 -0.602026 -0.272133 -0.750672 -0.203881 0.0530865 -0.977555 0.410238 -0.185439 -0.892926 0.372998 -0.252103 -0.892926 0.541847 -0.24493 -0.803997 0.492659 -0.33298 -0.803997 0.754961 -0.341264 -0.559975 0.830337 -0.375336 -0.411901 0.881826 -0.22961 -0.411901 0.429299 -0.580451 -0.691939 0.325027 -0.644653 -0.691939 0.492659 -0.666119 -0.559975 0.115742 -0.0523188 -0.9919 -0.0386736 0.0174816 -0.999099 -0.191977 0.086779 -0.977555 -0.339758 0.15358 -0.927889 0.267706 -0.530963 -0.803997 0.242606 -0.792193 -0.559975 0.105235 -0.821799 -0.559975 0.266828 -0.871286 -0.411901 0.754962 -0.510265 -0.411901 0.598148 -0.573278 -0.559975 0.657867 -0.630515 -0.411901 0.211405 -0.690311 -0.691939 0.0917014 -0.716109 -0.691939 0.174122 -0.235429 -0.956167 0.211405 -0.202615 -0.956167 0.075529 -0.102122 -0.9919 0.0917013 -0.0878886 -0.9919 0.174122 -0.568568 -0.803997 0.0571839 -0.113418 -0.9919 0.13183 -0.261469 -0.956167 -0.035163 -0.827763 -0.559975 -0.17455 -0.809914 -0.559975 -0.203881 -0.946012 -0.251978 -0.360825 -0.897949 -0.251978 -0.20992 -0.974034 -0.0848059 0.0571839 -0.446557 -0.892926 -0.0191072 -0.449798 -0.892926 0.075529 -0.589817 -0.803997 -0.339757 -0.845519 0.411901 -0.308915 -0.768765 0.559975 -0.17455 -0.809914 0.559975 -0.477764 -0.775938 -0.411901 -0.339758 -0.845519 -0.411901 -0.522418 -0.848462 -0.0848059 -0.639357 -0.72645 -0.251978 -0.658295 -0.747968 -0.0848059 -0.775233 -0.625957 -0.0848059 -0.752931 -0.607949 -0.251978 -0.869869 -0.485938 -0.0848059 -0.869869 -0.485938 0.0848059 -0.775233 -0.625957 0.0848059 -0.00539078 -0.126903 -0.9919 -0.0124277 -0.292559 -0.956167 0.0371937 -0.290451 -0.956167 -0.844844 -0.471958 -0.251978 -0.378527 -0.614767 -0.691939 -0.308915 -0.768765 -0.559975 -0.269186 -0.669895 -0.691939 -0.939481 -0.33194 0.0848059 -0.939481 -0.33194 -0.0848059 -0.02676 -0.124167 -0.9919 -0.0616917 -0.28625 -0.956167 0.00894148 0.0414886 -0.999099 -0.982065 -0.168392 0.0848059 -0.31177 -0.506347 -0.803997 -0.392859 -0.446375 -0.803997 -0.967733 1.75996e-12 0.251978 -0.982065 -0.168392 -0.0848059 -0.0473594 -0.117859 -0.9919 0.0158245 0.0393807 -0.999099 -0.996397 -2.28847e-09 0.0848059 -0.996397 1.25184e-09 -0.0848059 -0.953813 -0.163548 -0.251978 0.0785531 0.195487 -0.977555 -0.781183 -0.27601 -0.559975 -0.795515 -0.444402 -0.411901 -0.723301 -0.40406 -0.559975 -0.967733 2.83078e-09 -0.251978 -0.547375 -0.621939 -0.559975 -0.602026 -0.684034 -0.411901 -0.898121 -0.153998 -0.411901 -0.912454 -0.32239 -0.251978 -0.859177 -0.303566 -0.411901 -0.911229 -3.0442e-09 -0.411901 -0.0988245 -0.0797952 -0.9919 -0.227827 -0.183957 -0.956167 -0.193461 -0.219814 -0.956167 -0.816592 -0.140019 -0.559975 -0.680716 -0.240512 -0.691939 -0.711572 -0.122011 -0.691939 -0.0839175 -0.0953488 -0.9919 0.0330208 0.0266624 -0.999099 -0.82851 3.46293e-09 -0.559975 -0.255638 -0.142808 -0.956167 -0.110888 -0.061946 -0.9919 -0.721956 -1.50616e-09 -0.691939 -0.560666 -0.198096 -0.803997 -0.58608 -0.100493 -0.803997 0.0370518 0.0206984 -0.999099 -0.594633 -2.48211e-10 -0.803997 -0.443728 -0.0760848 -0.892926 -0.424487 -0.149981 -0.892926 0.183926 0.102747 -0.977555 -0.450204 -3.74423e-10 -0.892926 0.163916 0.132353 -0.977555 0.325509 0.18184 -0.927889 0.198645 0.0701856 -0.977555 0.0400169 0.0141389 -0.999099 -0.125191 -0.0214661 -0.9919 -0.288611 -0.0494873 -0.956167 -0.276096 -0.0975509 -0.956167 -0.292823 2.45129e-10 -0.956167 0.351558 0.124213 -0.927889 -0.119762 -0.0423147 -0.9919 0.0418307 0.0071726 -0.999099 0.207649 0.0356049 -0.977555 -0.127018 -6.89555e-10 -0.9919 0.367493 0.0630131 -0.927889 0.0424412 -8.8773e-11 -0.999099 0.494357 0.174668 -0.851529 0.457727 0.255702 -0.851529 0.210679 8.79429e-10 -0.977555 0.576778 0.322208 -0.750672 0.622935 0.220097 -0.750672 0.679236 0.379444 -0.62822 0.733592 0.259195 -0.62822 0.372857 9.34176e-10 -0.927889 0.651172 0.111655 -0.750672 0.40793 0.32938 -0.851529 0.524307 4.5989e-09 -0.851529 0.766845 0.131489 -0.62822 0.516765 0.0886083 -0.851529 0.660675 -3.03961e-09 -0.750672 0.766844 0.619184 -0.169001 0.778036 -4.87794e-09 -0.62822 0.860457 0.48068 -0.169001 0.762154 0.425765 -0.487695 0.823145 0.290836 -0.487695 0.860457 0.14754 -0.487695 0.873014 -3.17074e-12 -0.487695 0.929315 0.328348 -0.169001 0.971439 0.16657 -0.169001 0.889018 0.31411 -0.33314 0.942877 -1.5769e-09 -0.33314 0.929315 0.159347 -0.33314 0.781831 0.62349 -1.74846e-07 0.889018 0.31411 0.33314 0.762154 0.425765 0.487695 0.679236 0.379444 0.62822 0.246337 0.613033 0.750672 0.163916 0.760573 0.62822 0.13919 0.645846 0.750672 0.195491 0.486499 0.851529 0.110461 0.512539 0.851529 0.139022 0.34597 0.927889 0.0785532 0.364488 0.927889 -0.0665963 -0.108159 0.9919 -0.153529 -0.249347 0.956167 0.0443857 0.20595 -0.977555 0.139022 0.345969 -0.927889 -0.630278 -0.352094 -0.691939 -0.519123 -0.29 -0.803997 -0.393034 -0.219562 -0.892926 -0.708968 -0.572452 -0.411901 0.290096 0.234236 -0.927889 0.514029 0.415049 -0.750672 0.60534 0.488778 -0.62822 0.679236 0.548445 -0.487695 0.823145 0.459837 -0.33314 0.657939 0.753071 -1.74846e-07 0.823145 0.459837 0.33314 0.367493 0.914542 0.169001 0.351375 0.936235 -1.74846e-07 0.679236 0.548445 0.487695 -0.512899 0.858449 -1.74846e-07 -0.550897 0.834573 -1.74846e-07 -0.753071 0.657939 -1.74846e-07 -0.781832 0.62349 -1.74846e-07 -0.711571 0.681986 0.169001 0.0330208 0.777335 0.62822 0.0280398 0.66008 0.750672 0.0222522 0.523835 0.851529 0.0158244 0.0393806 0.999099 -0.0473594 -0.117858 0.9919 -0.109181 -0.271707 0.956167 -0.64461 -0.520486 -0.559975 -0.561708 -0.453547 -0.691939 -0.462646 -0.37356 -0.803997 -0.350275 -0.282827 -0.892926 0.0280398 0.0318594 -0.999099 0.13919 0.158151 -0.977555 -0.153529 -0.249347 -0.956167 -0.0665964 -0.108159 -0.9919 0.346396 0.393583 -0.851529 0.246337 0.279893 -0.927889 0.436491 0.49595 -0.750672 0.514029 0.58405 -0.62822 0.290096 0.721931 -0.62822 0.325509 0.81006 -0.487695 0.457728 0.743397 -0.487695 0.651172 0.739875 -0.169001 0.516766 0.839281 -0.169001 0.512899 0.858449 -1.74846e-07 0.733592 0.592334 0.33314 0.576778 0.655348 0.487695 -0.691063 0.722795 -1.74846e-07 -0.816592 0.55192 0.169001 -0.858449 0.512899 -1.74846e-07 -0.880596 0.473869 -1.74846e-07 -0.974928 0.222521 -1.74846e-07 -0.98393 0.178557 -1.74846e-07 -0.953813 0.248354 0.169001 0.0280397 0.0318593 0.999099 0.0443858 0.205951 0.977555 0.00894144 0.0414884 0.999099 -0.02676 -0.124167 0.9919 -0.0616917 -0.286251 0.956167 -0.752931 -0.607949 0.251978 0.115742 -0.903848 -0.411901 -0.476978 -0.541952 -0.691939 -0.297438 -0.337955 -0.892926 0.110461 0.512539 -0.851529 0.195491 0.486499 -0.851529 0.0785531 0.364488 -0.927889 0.13919 0.645846 -0.750672 0.246337 0.613033 -0.750672 0.0370518 0.872227 -0.487695 0.198645 0.921715 -0.33314 0.183926 0.85342 -0.487695 0.274898 0.446463 -0.851529 0.195491 0.317498 -0.927889 0.346397 0.562584 -0.750672 0.40793 0.66252 -0.62822 0.367493 0.914542 -0.169001 0.494358 0.802888 -0.33314 0.622935 0.707792 -0.33314 0.576778 0.655348 -0.487695 0.733592 0.592334 -0.33314 0.393025 0.919528 -1.74846e-07 0.622935 0.707792 0.33314 0.457728 0.743397 0.487695 0.40793 0.66252 0.62822 0.346397 0.562584 0.750672 0.274898 0.446463 0.851529 0.195491 0.317498 0.927889 0.0158245 0.372521 0.927889 0.00894148 0.210489 0.977555 0.00180125 0.0424028 0.999099 -0.00539079 -0.126903 0.9919 -0.639357 -0.72645 0.251978 -0.658295 -0.747968 0.0848059 -0.507389 -0.824053 -0.251978 -0.434394 -0.7055 -0.559975 0.00180126 0.042403 -0.999099 -0.236045 -0.383362 -0.892926 0.0222522 0.0361399 -0.999099 0.110461 0.179399 -0.977555 -0.109181 -0.271707 -0.956167 0.207649 0.963494 -0.169001 0.222521 0.974928 -1.74846e-07 0.494357 0.802888 0.33314 0.325509 0.81006 0.487695 0.290096 0.721931 0.62822 -0.0665963 0.520061 0.851529 -0.0473594 0.369837 0.927889 -0.02676 0.208973 0.977555 0.0161335 -0.125989 0.9919 -0.477764 -0.775938 0.411901 -0.507389 -0.824053 0.251978 -0.522418 -0.848462 0.0848059 0.0161335 -0.125989 -0.9919 -0.221713 -0.551754 -0.803997 -0.167861 -0.417739 -0.892926 0.0222522 0.523835 -0.851529 0.0418307 0.984728 -0.169001 0.0448648 0.998993 -1.74846e-07 0.351558 0.874886 0.33314 -0.309017 0.951056 -1.74846e-07 0.183926 0.85342 0.487695 -0.809017 0.587785 -1.74846e-07 -0.951056 0.309017 -1.74846e-07 -0.898121 0.405977 0.169001 -0.936235 0.351375 -1.74846e-07 -1 -8.74228e-08 -1.74846e-07 -0.982065 0.0835861 0.169001 -0.998993 0.044865 -1.74846e-07 -0.297438 0.589934 0.750672 -0.462646 0.625538 0.62822 -0.392859 0.531181 0.750672 -0.236045 0.468167 0.851529 -0.31177 0.421542 0.851529 -0.167861 0.332933 0.927889 -0.0948486 0.188121 0.977555 -0.221713 0.299776 0.927889 -0.0124277 0.0405807 0.999099 -0.360825 -0.897949 0.251978 -0.371513 -0.924546 0.0848059 -0.371513 -0.924546 -0.0848059 -0.152101 -0.705752 -0.691939 -0.125277 -0.581287 -0.803997 -0.0948486 -0.440099 -0.892926 0.00894148 0.210489 -0.977555 0.0158245 0.372521 -0.927889 0.0280398 0.660079 -0.750672 0.163916 0.760573 -0.62822 0.0330208 0.777335 -0.62822 -0.255638 0.834747 -0.487695 -0.110888 0.865943 -0.487695 -0.227827 0.743932 -0.62822 0.351558 0.874886 -0.33314 -0.134233 0.99095 -1.74846e-07 0.198645 0.921715 0.33314 -0.443728 0.880082 0.169001 -0.473869 0.880595 -1.74846e-07 0.0370518 0.872228 0.487695 -0.99095 0.134233 -1.74846e-07 -0.98393 -0.178557 -1.74846e-07 -0.982065 -0.083586 0.169001 -0.99095 -0.134233 -1.74846e-07 -0.561708 0.538353 0.62822 -0.476978 0.457147 0.750672 -0.378527 0.362789 0.851529 -0.0616917 0.201445 0.977555 -0.0191071 0.0378967 0.999099 -0.191977 -0.890776 0.411901 -0.203881 -0.946012 0.251978 -0.20992 -0.974034 0.0848059 -0.0306407 -0.721306 -0.691939 -0.0252369 -0.594097 -0.803997 -0.236045 0.468167 -0.851529 -0.153529 0.501325 -0.851529 -0.167861 0.332933 -0.927889 -0.378527 0.362788 -0.851529 -0.392859 0.531181 -0.750672 -0.31177 0.421541 -0.851529 0.0857452 -0.279987 -0.956167 0.0371937 -0.12145 -0.9919 -0.0665963 0.52006 -0.851529 -0.0473594 0.369837 -0.927889 -0.0839174 0.655324 -0.750672 -0.0988245 0.771734 -0.62822 -0.350275 0.694728 -0.62822 -0.393034 0.779537 -0.487695 -0.288611 0.942413 -0.169001 -0.125191 0.977633 -0.169001 -0.266037 0.963963 -1.74846e-07 0.0400169 0.942028 0.33314 -0.110888 0.865943 0.487695 -0.0988245 0.771734 0.62822 -0.0839174 0.655324 0.750672 -0.998993 -0.0448647 -1.74846e-07 -0.953813 -0.248353 0.169001 -0.951057 -0.309017 -1.74846e-07 -0.936235 -0.351375 -1.74846e-07 -0.809017 -0.587785 -1.74846e-07 -0.781831 -0.62349 -1.74846e-07 -0.816592 -0.55192 0.169001 -0.00539077 0.0420973 0.999099 -0.125277 0.169386 0.977555 -0.0306407 -0.721306 0.691939 -0.0351629 -0.827763 0.559975 -0.0386735 -0.910407 0.411901 -0.0410719 -0.966861 0.251978 -0.0422883 -0.9955 0.0848059 -0.0422883 -0.9955 -0.0848059 -0.125277 0.169385 -0.977555 -0.221713 0.299776 -0.927889 -0.297438 0.589934 -0.750672 -0.00539079 0.0420975 -0.999099 -0.02676 0.208973 -0.977555 -0.193461 0.631715 -0.750672 -0.443728 0.880082 -0.169001 -0.276096 0.901548 -0.33314 -0.119762 0.935241 -0.33314 0.0400169 0.942028 -0.33314 -0.433884 0.900969 -1.74846e-07 -0.119762 0.935241 0.33314 -0.255638 0.834747 0.487695 -0.227826 0.743932 0.62822 -0.193461 0.631715 0.750672 -0.153529 0.501325 0.851529 -0.109181 0.356513 0.927889 -0.269186 0.257994 0.927889 -0.152101 0.145777 0.977555 0.0917013 -0.716109 0.691939 0.105235 -0.821799 0.559975 0.115742 -0.903848 0.411901 0.122919 -0.959895 0.251978 0.12656 -0.988327 0.0848059 0.12656 -0.988327 -0.0848059 0.122919 -0.959895 -0.251978 0.13183 -0.43047 -0.892926 0.410238 -0.813659 -0.411901 -0.0124277 0.0405809 -0.999099 -0.0616916 0.201444 -0.977555 -0.58608 0.792432 -0.169001 -0.587785 0.809017 -1.74846e-07 -0.276096 0.901548 0.33314 -0.393034 0.779537 0.487695 -0.350275 0.694728 0.62822 -0.602026 0.272133 0.750672 -0.752931 0.196048 0.62822 -0.639357 0.166476 0.750672 -0.308915 0.20879 0.927889 -0.339758 0.15358 0.927889 0.211405 -0.69031 0.691939 0.242607 -0.792193 0.559975 0.266828 -0.871286 0.411901 0.283374 -0.925314 0.251978 0.291768 -0.952722 0.0848059 0.291768 -0.952722 -0.0848059 0.283374 -0.925314 -0.251978 0.372998 -0.739798 -0.559975 0.202683 -0.401999 -0.892926 0.541847 -0.732625 -0.411901 -0.109181 0.356513 -0.927889 -0.462646 0.625539 -0.62822 -0.519123 0.701901 -0.487695 -0.424487 0.84192 -0.33314 -0.722795 0.691063 -1.74846e-07 -0.424487 0.84192 0.33314 -0.919528 0.393025 -1.74846e-07 -0.519123 0.701901 0.487695 -0.880596 -0.473869 -1.74846e-07 -0.858449 -0.512899 -1.74846e-07 -0.657939 -0.753071 -1.74846e-07 -0.711571 -0.681986 0.169001 -0.691063 -0.722795 -1.74846e-07 -0.775233 0.065982 0.62822 -0.658295 0.0560291 0.750672 -0.507389 0.132114 0.851529 -0.522418 0.0444644 0.851529 0.325027 -0.644653 0.691939 0.372998 -0.739798 0.559975 0.410238 -0.813659 0.411901 0.435677 -0.864114 0.251978 0.448582 -0.889709 0.0848059 0.448582 -0.889709 -0.0848059 0.435677 -0.864114 -0.251978 -0.0306407 0.0293667 -0.999099 -0.152101 0.145777 -0.977555 0.242606 -0.163973 -0.956167 0.105236 -0.0711268 -0.9919 -0.269186 0.257994 -0.927889 -0.476978 0.457147 -0.750672 -0.561708 0.538353 -0.62822 -0.708968 0.320474 -0.62822 -0.795515 0.359596 -0.487695 -0.723301 0.488866 -0.487695 -0.711571 0.681986 -0.169001 -0.834573 0.550897 -1.74846e-07 -0.560666 0.758071 0.33314 -0.630278 0.604072 0.487695 -0.753072 -0.657939 -1.74846e-07 -0.512899 -0.858449 -1.74846e-07 -0.58608 -0.792432 0.169001 -0.550897 -0.834573 -1.74846e-07 -0.795515 -0.359596 0.487695 -0.708968 -0.320474 0.62822 -0.752931 -0.196048 0.62822 -0.0306406 0.0293666 0.999099 0.353589 -0.478083 0.803997 0.429299 -0.580451 0.691939 0.492659 -0.666119 0.559975 0.541847 -0.732625 0.411901 0.575446 -0.778055 0.251978 0.592491 -0.801101 0.0848059 0.592491 -0.801101 -0.0848059 0.575446 -0.778054 -0.251978 0.266828 -0.120614 -0.956167 -0.507389 0.132114 -0.851529 -0.477764 0.215963 -0.851529 -0.360826 0.0939516 -0.927889 -0.639357 0.166476 -0.750672 -0.602026 0.272133 -0.750672 -0.434394 0.293599 -0.851529 -0.308915 0.20879 -0.927889 -0.547375 0.369961 -0.750672 -0.64461 0.43568 -0.62822 -0.752931 0.196048 -0.62822 -0.844845 0.21998 -0.487695 -0.898121 0.405976 -0.169001 -0.816592 0.55192 -0.169001 -0.781183 0.527988 -0.33314 -0.680716 0.652413 -0.33314 -0.630278 0.604072 -0.487695 -0.560666 0.758071 -0.33314 -0.900969 0.433884 -1.74846e-07 -0.680716 0.652414 0.33314 -0.723301 0.488866 0.487695 -0.64461 0.43568 0.62822 -0.547375 0.369961 0.750672 -0.434394 0.293599 0.851529 -0.443728 -0.880082 0.169001 -0.393025 -0.919528 -1.74846e-07 -0.351375 -0.936235 -1.74846e-07 0.325027 -0.311513 0.892926 0.429299 -0.41145 0.803997 0.521221 -0.499549 0.691939 0.598148 -0.573278 0.559975 0.657867 -0.630514 0.411901 0.698661 -0.669612 0.251978 0.719355 -0.689446 0.0848059 0.719355 -0.689446 -0.0848059 0.698661 -0.669612 -0.251978 0.686428 -0.463944 -0.559975 -0.035163 0.023766 -0.999099 -0.17455 0.117975 -0.977555 -0.953813 0.248354 -0.169001 -0.963963 0.266037 -1.74846e-07 -0.781183 0.527987 0.33314 -0.795515 0.359596 0.487695 -0.708968 0.320474 0.62822 -0.477764 0.215963 0.851529 -0.522418 -0.0444645 0.851529 0.372998 -0.252103 0.892926 0.492659 -0.33298 0.803997 0.598148 -0.404277 0.691939 0.686428 -0.463945 0.559975 0.754962 -0.510265 0.411901 0.801776 -0.541906 0.251978 0.825525 -0.557957 0.0848059 0.825525 -0.557958 -0.0848059 0.801776 -0.541906 -0.251978 0.598148 -0.404277 -0.691939 -0.522418 0.0444644 -0.851529 -0.982065 0.0835861 -0.169001 -0.995974 0.0896393 -1.74846e-07 -0.859177 0.388372 0.33314 -0.963963 -0.266037 -1.74846e-07 -0.844845 0.21998 0.487695 -0.62349 -0.781831 -1.74846e-07 -0.0448648 -0.998993 -1.74846e-07 -0.125191 -0.977633 0.169001 -0.0896393 -0.995974 -1.74846e-07 -0.64461 -0.43568 0.62822 -0.602026 -0.272133 0.750672 0.410238 -0.185439 0.892926 0.541847 -0.24493 0.803997 0.657867 -0.297375 0.691939 0.754962 -0.341264 0.559975 0.830337 -0.375336 0.411901 0.881826 -0.398611 0.251978 0.907946 -0.410417 0.0848059 0.907946 -0.410417 -0.0848059 0.881826 -0.39861 -0.251978 0.657867 -0.297375 -0.691939 -0.371513 0.0316204 -0.927889 -0.658295 0.056029 -0.750672 -0.775233 0.0659819 -0.62822 -0.869869 0.074037 -0.487695 -0.912454 0.237584 -0.33314 -0.859177 0.388372 -0.33314 -0.995974 -0.0896394 -1.74846e-07 -0.912454 0.237584 0.33314 -0.898121 -0.405977 0.169001 -0.900969 -0.433884 -1.74846e-07 -0.869869 0.0740368 0.487695 -0.222521 -0.974928 -1.74846e-07 -0.178557 -0.98393 -1.74846e-07 0.0896394 -0.995974 -1.74846e-07 0.134233 -0.99095 -1.74846e-07 0.0418306 -0.984728 0.169001 0.283374 -0.0737849 0.956167 0.435677 -0.113441 0.892926 0.575446 -0.149834 0.803997 0.698661 -0.181917 0.691939 0.801776 -0.208766 0.559975 0.881826 -0.22961 0.411901 0.936507 -0.243847 0.251978 0.964247 -0.25107 0.0848059 0.964247 -0.25107 -0.0848059 0.936507 -0.243847 -0.251978 0.698661 -0.181917 -0.691939 0.575446 -0.149834 -0.803997 0.283374 0.0737849 -0.956167 -0.522418 -0.0444643 -0.851529 -0.371513 -0.0316204 -0.927889 -0.658295 -0.0560291 -0.750672 -0.775233 -0.065982 -0.62822 -0.708968 -0.320474 -0.62822 -0.795515 -0.359596 -0.487695 -0.844845 -0.21998 -0.487695 -0.953813 -0.248354 -0.169001 -0.982065 -0.0835863 -0.169001 -0.974928 -0.222521 -1.74846e-07 -0.939481 0.0799616 0.33314 -0.869869 -0.0740367 0.487695 -0.775233 -0.0659822 0.62822 -0.658295 -0.0560293 0.750672 1.19249e-08 -1 -1.74846e-07 0.207649 -0.963494 0.169001 0.266037 -0.963963 -1.74846e-07 0.309017 -0.951056 -1.74846e-07 0.12656 -0.0107719 0.9919 0.291768 -0.0248331 0.956167 0.448582 -0.0381799 0.892926 0.592491 -0.0504284 0.803997 0.719355 -0.0612262 0.691939 0.825525 -0.0702625 0.559975 0.907946 -0.0772776 0.411901 0.964247 -0.0820695 0.251978 0.992808 -0.0845004 0.0848059 0.992808 -0.0845004 -0.0848059 0.964247 -0.0820695 -0.251978 0.719355 -0.0612262 -0.691939 0.592491 -0.0504286 -0.803997 -0.64461 -0.435681 -0.62822 -0.20992 -0.0178668 -0.977555 -0.507389 -0.132114 -0.851529 -0.639357 -0.166475 -0.750672 -0.752931 -0.196048 -0.62822 -0.898121 -0.405976 -0.169001 -0.912454 -0.237584 -0.33314 -0.939481 -0.0799618 -0.33314 -0.869869 -0.0740369 -0.487695 -0.939481 0.0799618 -0.33314 -0.919528 -0.393025 -1.74846e-07 -0.939481 -0.0799615 0.33314 -0.844845 -0.21998 0.487695 -0.639357 -0.166476 0.750672 -0.507389 -0.132114 0.851529 0.12656 0.0107718 0.9919 0.291768 0.0248331 0.956167 0.448582 0.0381799 0.892926 0.592491 0.0504284 0.803997 0.719355 0.0612263 0.691939 0.825525 0.0702627 0.559975 0.907946 0.0772777 0.411901 0.964247 0.0820694 0.251978 0.992808 0.0845004 0.0848059 0.992808 0.0845004 -0.0848059 0.964247 0.0820694 -0.251978 0.907946 0.0772775 -0.411901 0.825525 0.0702625 -0.559975 0.719355 0.0612261 -0.691939 0.592491 0.0504285 -0.803997 0.448582 0.03818 -0.892926 0.266828 0.120614 -0.956167 -0.816592 -0.55192 -0.169001 -0.834573 -0.550897 -1.74846e-07 -0.912454 -0.237584 0.33314 0.122919 0.0320057 0.9919 0.283374 0.0737849 0.956167 0.435677 0.113441 0.892926 0.575446 0.149834 0.803997 0.698661 0.181917 0.691939 0.801776 0.208766 0.559975 0.881826 0.22961 0.411901 0.936507 0.243848 0.251978 0.964247 0.25107 0.0848059 0.964247 0.25107 -0.0848059 0.936507 0.243847 -0.251978 0.881826 0.22961 -0.411901 0.801776 0.208766 -0.559975 0.698661 0.181917 -0.691939 0.575446 0.149834 -0.803997 0.435677 0.113442 -0.892926 -0.360826 -0.0939516 -0.927889 0.242606 0.163973 -0.956167 -0.711571 -0.681986 -0.169001 -0.722795 -0.691063 -1.74846e-07 -0.859177 -0.388372 0.33314 -0.433884 -0.900969 -1.74846e-07 -0.723301 -0.488866 0.487695 0.178557 -0.98393 -1.74846e-07 -0.0386735 -0.0174815 0.999099 0.115742 0.0523188 0.9919 0.266829 0.120614 0.956167 0.410238 0.185439 0.892926 0.541847 0.24493 0.803997 0.657867 0.297375 0.691939 0.754962 0.341264 0.559975 0.830337 0.375336 0.411901 0.881826 0.398611 0.251978 0.907946 0.410417 0.0848059 0.907946 0.410417 -0.0848059 0.881826 0.39861 -0.251978 0.830337 0.375336 -0.411901 0.754962 0.341264 -0.559975 0.657867 0.297375 -0.691939 0.541847 0.24493 -0.803997 0.410239 0.185439 -0.892926 0.174122 0.235429 -0.956167 -0.476978 -0.457147 -0.750672 -0.561708 -0.538353 -0.62822 -0.393034 -0.779537 -0.487695 -0.519123 -0.701901 -0.487695 -0.350275 -0.694728 -0.62822 -0.723301 -0.488866 -0.487695 -0.859177 -0.388372 -0.33314 -0.587785 -0.809017 -1.74846e-07 -0.781183 -0.527988 0.33314 -0.288611 -0.942413 0.169001 -0.266037 -0.963963 -1.74846e-07 -0.630278 -0.604072 0.487695 0.105235 0.0711267 0.9919 0.242607 0.163973 0.956167 0.372998 0.252103 0.892926 0.492659 0.33298 0.803997 0.598148 0.404277 0.691939 0.686428 0.463944 0.559975 0.754962 0.510265 0.411901 0.801776 0.541906 0.251978 0.825525 0.557957 0.0848059 0.825525 0.557958 -0.0848059 0.801776 0.541906 -0.251978 0.754962 0.510265 -0.411901 0.686428 0.463945 -0.559975 0.598148 0.404277 -0.691939 0.492659 0.33298 -0.803997 0.372998 0.252103 -0.892926 -0.462646 -0.625539 -0.62822 -0.255638 -0.834747 -0.487695 -0.443728 -0.880082 -0.169001 -0.58608 -0.792432 -0.169001 -0.560666 -0.758071 -0.33314 -0.630278 -0.604072 -0.487695 -0.781183 -0.527987 -0.33314 -0.473869 -0.880595 -1.74846e-07 -0.680716 -0.652414 0.33314 -0.519123 -0.701901 0.487695 -0.462646 -0.625538 0.62822 -0.0306406 -0.0293666 0.999099 0.0917012 0.0878885 0.9919 0.211405 0.202616 0.956167 0.325027 0.311513 0.892926 0.429299 0.41145 0.803997 0.521221 0.499549 0.691939 0.598148 0.573278 0.559975 0.657867 0.630514 0.411901 0.698661 0.669612 0.251978 0.719355 0.689446 0.0848059 0.719355 0.689446 -0.0848059 0.698661 0.669612 -0.251978 0.657867 0.630514 -0.411901 0.598148 0.573278 -0.559975 0.521221 0.49955 -0.691939 0.429299 0.41145 -0.803997 0.325027 0.311513 -0.892926 0.183926 -0.85342 -0.487695 -0.0306407 -0.0293667 -0.999099 -0.288611 -0.942413 -0.169001 -0.424487 -0.84192 -0.33314 -0.680716 -0.652414 -0.33314 -0.309017 -0.951056 -1.74846e-07 -0.560666 -0.758071 0.33314 -0.393034 -0.779537 0.487695 -0.125277 -0.169386 0.977555 -0.0252368 -0.0341225 0.999099 0.0755289 0.102122 0.9919 0.174122 0.235429 0.956167 0.267706 0.361962 0.892926 0.353589 0.478083 0.803997 0.429299 0.580451 0.691939 0.492659 0.666119 0.559975 0.541847 0.732625 0.411901 0.575446 0.778055 0.251978 0.592491 0.801101 0.0848059 0.592491 0.801101 -0.0848059 0.575446 0.778054 -0.251978 0.541847 0.732625 -0.411901 0.492659 0.666119 -0.559975 0.429299 0.580451 -0.691939 0.353589 0.478083 -0.803997 0.267706 0.361962 -0.892926 -0.025237 -0.0341226 -0.999099 -0.125191 -0.977633 -0.169001 -0.134233 -0.99095 -1.74846e-07 -0.424487 -0.84192 0.33314 -0.255639 -0.834747 0.487695 -0.167861 -0.332933 0.927889 -0.0948486 -0.188121 0.977555 -0.0191071 -0.0378967 0.999099 0.0571838 0.113417 0.9919 0.13183 0.261469 0.956167 0.202683 0.401998 0.892926 0.267706 0.530963 0.803997 0.325028 0.644653 0.691939 0.372998 0.739798 0.559975 0.410239 0.813659 0.411901 0.435677 0.864114 0.251978 0.448582 0.889709 0.0848059 0.448582 0.889709 -0.0848059 0.435677 0.864114 -0.251978 0.410238 0.81366 -0.411901 0.372998 0.739798 -0.559975 0.325028 0.644653 -0.691939 0.267706 0.530963 -0.803997 0.202684 0.401998 -0.892926 -0.0948485 -0.188121 -0.977555 -0.110888 -0.865943 -0.487695 -0.276096 -0.901548 -0.33314 0.0448649 -0.998993 -1.74846e-07 -0.276096 -0.901548 0.33314 0.367493 -0.914542 0.169001 0.393025 -0.919528 -1.74846e-07 -0.110888 -0.865943 0.487695 -0.109181 -0.356513 0.927889 -0.0616917 -0.201445 0.977555 -0.0124277 -0.0405807 0.999099 0.0371937 0.12145 0.9919 0.0857452 0.279987 0.956167 0.13183 0.43047 0.892926 0.174122 0.568568 0.803997 0.211405 0.69031 0.691939 0.242606 0.792193 0.559975 0.266829 0.871286 0.411901 0.283374 0.925314 0.251978 0.291768 0.952722 0.0848059 0.291768 0.952722 -0.0848059 0.283374 0.925314 -0.251978 0.266829 0.871286 -0.411901 0.242607 0.792193 -0.559975 0.211405 0.69031 -0.691939 0.174122 0.568568 -0.803997 0.13183 0.43047 -0.892926 0.0857452 0.279987 -0.956167 -0.0124278 -0.0405809 -0.999099 0.0418306 -0.984728 -0.169001 0.222521 -0.974928 -1.74846e-07 -0.119762 -0.935241 0.33314 -0.0665963 -0.520061 0.851529 -0.0473594 -0.369837 0.927889 -0.02676 -0.208973 0.977555 -0.00539078 -0.0420973 0.999099 0.0161335 0.125989 0.9919 0.0371937 0.290451 0.956167 0.0571838 0.446557 0.892926 0.0755289 0.589817 0.803997 0.0917012 0.716109 0.691939 0.105235 0.821799 0.559975 0.115742 0.903848 0.411901 0.122919 0.959895 0.251978 0.12656 0.988327 0.0848059 0.126561 0.988327 -0.0848059 0.122919 0.959895 -0.251978 0.115742 0.903848 -0.411901 0.105235 0.821799 -0.559975 0.0917012 0.716109 -0.691939 0.0755289 0.589817 -0.803997 0.0571839 0.446557 -0.892926 0.0371937 0.290451 -0.956167 0.0161335 0.125989 -0.9919 -0.00539079 -0.0420975 -0.999099 -0.0267601 -0.208973 -0.977555 0.367493 -0.914542 -0.169001 0.207649 -0.963494 -0.169001 0.198645 -0.921715 -0.33314 0.0400167 -0.942028 -0.33314 0.0370516 -0.872227 -0.487695 -0.119762 -0.935241 -0.33314 0.351375 -0.936235 -1.74846e-07 0.0400167 -0.942028 0.33314 0.0222521 -0.523835 0.851529 0.0158244 -0.372521 0.927889 0.00894155 -0.210489 0.977555 0.00180126 -0.0424028 0.999099 -0.00539082 0.126903 0.9919 -0.0124277 0.292559 0.956167 -0.0191071 0.449798 0.892926 -0.0252368 0.594097 0.803997 -0.0306406 0.721306 0.691939 -0.0351628 0.827763 0.559975 -0.0386735 0.910407 0.411901 -0.0410716 0.966861 0.251978 -0.0422886 0.9955 0.0848059 -0.0422886 0.9955 -0.0848059 -0.041072 0.966861 -0.251978 -0.0386735 0.910407 -0.411901 -0.0351628 0.827763 -0.559975 -0.0306406 0.721306 -0.691939 -0.0252368 0.594097 -0.803997 -0.0191071 0.449798 -0.892926 -0.0124277 0.292559 -0.956167 -0.00539077 0.126903 -0.9919 0.00180127 -0.042403 -0.999099 0.00894154 -0.210489 -0.977555 0.0158246 -0.372521 -0.927889 0.198645 -0.921715 0.33314 0.110461 -0.512539 0.851529 0.0785532 -0.364488 0.927889 0.0443858 -0.205951 0.977555 0.00894145 -0.0414884 0.999099 -0.02676 0.124167 0.9919 -0.0616917 0.286251 0.956167 -0.0948486 0.440099 0.892926 -0.125277 0.581287 0.803997 -0.152101 0.705752 0.691939 -0.17455 0.809914 0.559975 -0.191977 0.890776 0.411901 -0.203881 0.946012 0.251978 -0.20992 0.974034 0.0848059 -0.20992 0.974034 -0.0848059 -0.203881 0.946012 -0.251978 -0.191977 0.890776 -0.411901 -0.17455 0.809914 -0.559975 -0.152101 0.705752 -0.691939 -0.125277 0.581287 -0.803997 -0.0948486 0.440099 -0.892926 -0.0616917 0.28625 -0.956167 -0.02676 0.124167 -0.9919 0.00894148 -0.0414886 -0.999099 0.0443857 -0.20595 -0.977555 0.0785531 -0.364488 -0.927889 0.351558 -0.874885 0.33314 0.195491 -0.486499 0.851529 0.139022 -0.34597 0.927889 0.0785531 -0.195487 0.977555 0.0158244 -0.0393806 0.999099 -0.0473593 0.117858 0.9919 -0.109181 0.271707 0.956167 -0.167861 0.417739 0.892926 -0.221713 0.551754 0.803997 -0.269186 0.669895 0.691939 -0.308915 0.768765 0.559975 -0.339758 0.845519 0.411901 -0.360825 0.897949 0.251978 -0.371513 0.924546 0.0848059 -0.371513 0.924546 -0.0848059 -0.360825 0.897949 -0.251978 -0.339758 0.845519 -0.411901 -0.308915 0.768765 -0.559975 -0.269186 0.669895 -0.691939 -0.221713 0.551754 -0.803997 -0.167861 0.417739 -0.892926 -0.109181 0.271707 -0.956167 -0.0473594 0.117859 -0.9919 0.0158245 -0.0393807 -0.999099 0.078553 -0.195487 -0.977555 0.139022 -0.345969 -0.927889 0.351558 -0.874886 -0.33314 0.781831 -0.62349 -1.74846e-07 0.494357 -0.802888 0.33314 0.274898 -0.446463 0.851529 0.195491 -0.317498 0.927889 0.110461 -0.1794 0.977555 0.0222521 -0.0361398 0.999099 -0.0665963 0.108159 0.9919 -0.153529 0.249347 0.956167 -0.236045 0.383361 0.892926 -0.31177 0.506347 0.803997 -0.378527 0.614767 0.691939 -0.434394 0.7055 0.559975 -0.477764 0.775938 0.411901 -0.507389 0.824053 0.251978 -0.522418 0.848462 0.0848059 -0.522418 0.848462 -0.0848059 -0.507389 0.824053 -0.251978 -0.477764 0.775938 -0.411901 -0.434394 0.7055 -0.559975 -0.378527 0.614767 -0.691939 -0.31177 0.506347 -0.803997 -0.236045 0.383362 -0.892926 -0.153529 0.249347 -0.956167 -0.0665964 0.108159 -0.9919 0.0222522 -0.0361399 -0.999099 0.110461 -0.179399 -0.977555 0.195491 -0.317498 -0.927889 0.494357 -0.802888 -0.33314 0.858449 -0.512899 -1.74846e-07 0.622935 -0.707792 0.33314 0.514029 -0.58405 0.62822 0.436491 -0.49595 0.750672 0.346397 -0.393583 0.851529 0.246337 -0.279893 0.927889 0.139191 -0.158151 0.977555 0.0280397 -0.0318593 0.999099 -0.0839174 0.0953487 0.9919 -0.193461 0.219814 0.956167 -0.297438 0.337955 0.892926 -0.392859 0.446375 0.803997 -0.476978 0.541952 0.691939 -0.547375 0.621939 0.559975 -0.602026 0.684034 0.411901 -0.639357 0.72645 0.251978 -0.658295 0.747968 0.0848059 -0.658295 0.747968 -0.0848059 -0.639357 0.72645 -0.251978 -0.602026 0.684034 -0.411901 -0.547375 0.621939 -0.559975 -0.476978 0.541953 -0.691939 -0.392859 0.446375 -0.803997 -0.297438 0.337955 -0.892926 -0.193461 0.219814 -0.956167 -0.0839175 0.0953488 -0.9919 0.0280398 -0.0318594 -0.999099 0.13919 -0.158151 -0.977555 0.246337 -0.279893 -0.927889 0.823145 -0.459837 -0.33314 0.60534 -0.488777 -0.62822 0.679236 -0.548445 0.487695 0.733593 -0.592334 0.33314 0.60534 -0.488777 0.62822 0.514029 -0.415049 0.750672 0.40793 -0.32938 0.851529 0.290096 -0.234236 0.927889 0.163916 -0.132353 0.977555 0.0330206 -0.0266623 0.999099 -0.0988243 0.0797951 0.9919 -0.227827 0.183957 0.956167 -0.350275 0.282827 0.892926 -0.462646 0.37356 0.803997 -0.561708 0.453547 0.691939 -0.64461 0.520486 0.559975 -0.708968 0.572452 0.411901 -0.752931 0.607949 0.251978 -0.775233 0.625957 0.0848059 -0.775233 0.625957 -0.0848059 -0.752931 0.607949 -0.251978 -0.708968 0.572452 -0.411901 -0.64461 0.520486 -0.559975 -0.561708 0.453547 -0.691939 -0.462646 0.37356 -0.803997 -0.350275 0.282827 -0.892926 -0.227826 0.183957 -0.956167 -0.0988244 0.0797952 -0.9919 0.0330208 -0.0266624 -0.999099 0.163916 -0.132353 -0.977555 0.290096 -0.234236 -0.927889 0.40793 -0.32938 -0.851529 0.514028 -0.415049 -0.750672 0.823145 -0.459836 0.33314 0.576778 -0.322208 0.750672 0.457728 -0.255702 0.851529 0.325509 -0.18184 0.927889 0.183926 -0.102747 0.977555 0.0370516 -0.0206983 0.999099 -0.110888 0.0619459 0.9919 -0.255639 0.142808 0.956167 -0.393034 0.219562 0.892926 -0.519123 0.29 0.803997 -0.630278 0.352094 0.691939 -0.723301 0.40406 0.559975 -0.795515 0.444401 0.411901 -0.844845 0.471958 0.251978 -0.869869 0.485938 0.0848059 -0.869869 0.485938 -0.0848059 -0.844845 0.471958 -0.251978 -0.795515 0.444402 -0.411901 -0.723301 0.40406 -0.559975 -0.630278 0.352094 -0.691939 -0.519123 0.29 -0.803997 -0.393034 0.219562 -0.892926 -0.255638 0.142808 -0.956167 -0.110888 0.061946 -0.9919 0.0370518 -0.0206984 -0.999099 0.183926 -0.102747 -0.977555 0.325509 -0.18184 -0.927889 0.457727 -0.255702 -0.851529 0.576778 -0.322208 -0.750672 0.733592 -0.259195 0.62822 0.622935 -0.220097 0.750672 0.494357 -0.174667 0.851529 0.351558 -0.124213 0.927889 0.198645 -0.0701856 0.977555 0.0400167 -0.0141388 0.999099 -0.119762 0.0423147 0.9919 -0.276096 0.097551 0.956167 -0.424487 0.149981 0.892926 -0.560666 0.198096 0.803997 -0.680716 0.240512 0.691939 -0.781183 0.27601 0.559975 -0.859177 0.303566 0.411901 -0.912454 0.32239 0.251978 -0.939481 0.331939 0.0848059 -0.939481 0.331939 -0.0848059 -0.912453 0.322391 -0.251978 -0.859177 0.303567 -0.411901 -0.781183 0.27601 -0.559975 -0.680716 0.240512 -0.691939 -0.560666 0.198096 -0.803997 -0.424487 0.149981 -0.892926 -0.276096 0.0975508 -0.956167 -0.119762 0.0423147 -0.9919 0.0400169 -0.0141388 -0.999099 0.198645 -0.0701855 -0.977555 0.351558 -0.124213 -0.927889 0.494357 -0.174668 -0.851529 0.622935 -0.220097 -0.750672 0.929315 -0.159347 -0.33314 0.860457 -0.14754 -0.487695 0.860457 -0.14754 0.487695 0.766844 -0.131489 0.62822 0.651172 -0.111655 0.750672 0.516766 -0.0886084 0.851529 0.367493 -0.0630131 0.927889 0.207649 -0.035605 0.977555 0.0418306 -0.00717257 0.999099 -0.125191 0.0214661 0.9919 -0.288611 0.0494873 0.956167 -0.443728 0.0760848 0.892926 -0.58608 0.100494 0.803997 -0.711571 0.122011 0.691939 -0.816592 0.140019 0.559975 -0.898121 0.153998 0.411901 -0.953813 0.163548 0.251978 -0.982065 0.168392 0.0848059 -0.982065 0.168392 -0.0848059 -0.953813 0.163548 -0.251978 -0.898121 0.153998 -0.411901 -0.816592 0.140019 -0.559975 -0.711572 0.122011 -0.691939 -0.58608 0.100493 -0.803997 -0.443728 0.0760848 -0.892926 -0.288611 0.0494873 -0.956167 -0.125191 0.0214661 -0.9919 0.0418307 -0.0071726 -0.999099 0.207649 -0.035605 -0.977555 0.367493 -0.0630131 -0.927889 0.516765 -0.0886083 -0.851529 0.651172 -0.111655 -0.750672 0.766845 -0.131489 -0.62822</float_array>
          <technique_common>
            <accessor count="1472" source="#ID31" stride="3">
              <param name="X" type="float"/>
              <param name="Y" type="float"/>
              <param name="Z" type="float"/>
            </accessor>
          </technique_common>
        </source>
        <vertices id="ID32">
          <input semantic="POSITION" source="#ID28"/>
          <input semantic="NORMAL" source="#ID30"/>
        </vertices>
        <triangles count="2944" material="ID10">
          <input offset="0" semantic="VERTEX" source="#ID32"/>
          <p>0 1 2 3 0 4 4 0 2 5 6 7 8 3 9 10 11 6 12 5 13 14 3 15 10 16 17 9 14 18 16 19 20 21 22 23 24 14 15 14 24 25 26 27 28 29 28 27 30 31 22 32 33 34 35 30 28 36 37 32 38 39 25 26 40 27 41 34 33 34 42 43 44 26 43 25 24 38 33 32 45 46 36 39 47 48 36 37 36 49 37 50 32 51 52 36 47 53 54 52 49 36 48 51 36 55 45 32 47 54 48 15 3 4 12 56 57 58 59 60 0 61 1 2 1 62 63 64 65 62 1 66 67 68 58 69 70 71 72 66 1 73 62 66 74 75 76 71 77 78 73 66 79 69 78 80 66 81 79 79 82 83 83 73 79 78 84 85 81 80 86 83 82 87 88 82 86 87 82 89 85 90 80 85 91 92 93 88 90 88 94 89 87 89 95 96 95 89 93 92 97 96 98 95 99 94 93 96 94 100 101 102 103 100 99 104 105 98 96 106 107 108 105 109 98 110 104 106 105 100 111 112 109 113 105 113 109 110 108 114 104 115 111 116 112 113 117 116 113 116 118 112 115 110 119 120 116 121 121 117 122 122 123 124 120 118 116 125 126 123 127 128 129 124 126 130 131 128 132 133 134 125 135 134 136 131 137 138 139 140 141 142 143 144 145 138 146 141 147 148 149 147 150 151 140 142 152 153 150 154 155 153 152 147 140 156 157 158 154 152 151 159 160 154 161 162 163 164 159 165 165 157 166 167 168 169 159 151 144 166 170 167 166 169 164 163 170 156 162 171 172 173 174 175 167 175 174 175 163 172 176 177 178 179 173 172 179 171 180 181 182 183 184 185 179 186 184 187 148 149 138 181 188 187 189 190 191 184 180 181 192 193 194 183 195 188 196 189 197 198 199 200 188 201 193 195 202 201 145 136 133 202 203 204 205 196 206 205 207 208 209 210 203 211 212 213 209 200 214 215 148 137 212 216 209 217 218 219 211 219 216 220 217 221 222 208 223 211 224 217 134 225 126 226 227 228 190 189 196 130 225 229 230 231 232 227 220 233 233 234 227 196 205 208 235 232 231 235 236 237 238 239 130 222 232 208 232 235 237 121 124 239 240 241 237 46 242 47 243 244 245 239 246 120 247 248 249 248 247 250 242 251 248 47 248 252 250 252 248 252 253 47 134 133 136 53 47 253 254 255 256 257 258 259 260 261 262 260 263 264 265 266 267 268 269 270 271 272 273 274 275 276 277 278 273 279 280 281 282 283 284 285 286 287 288 284 283 289 290 291 292 293 294 295 296 297 298 299 289 300 301 302 302 303 304 305 306 197 307 305 308 309 294 293 307 310 222 311 312 313 314 315 316 235 231 317 317 236 235 317 310 318 247 249 319 319 241 317 231 310 317 241 319 249 319 250 247 250 319 252 311 320 314 252 321 253 205 305 307 321 53 253 299 304 290 322 323 324 284 325 326 295 297 327 325 328 329 330 331 329 279 332 272 291 333 283 334 328 335 287 336 337 338 339 340 341 342 343 342 344 340 341 281 345 271 346 280 347 348 349 350 351 352 353 265 347 354 347 355 356 357 271 265 358 355 359 360 361 263 362 360 363 364 365 366 367 368 369 354 370 371 358 372 373 366 261 374 375 376 377 378 379 374 380 381 382 383 384 257 384 385 367 373 386 384 259 387 382 387 388 389 390 256 391 392 393 394 395 396 397 398 399 400 392 401 402 403 404 405 404 406 136 145 398 407 408 409 410 411 412 405 413 407 414 415 416 417 408 418 419 420 411 419 410 421 246 238 422 423 424 414 425 118 120 120 246 425 426 422 417 427 419 428 246 429 425 422 430 429 426 418 431 421 432 428 246 422 429 433 434 435 124 121 122 426 436 430 430 422 426 437 438 400 439 440 441 436 431 442 116 117 121 443 444 445 433 446 441 447 448 433 431 439 442 443 449 450 442 439 451 452 444 453 451 439 446 446 454 451 455 456 447 443 457 453 448 454 446 456 458 448 459 455 460 457 450 461 448 458 454 456 459 462 433 441 434 463 464 461 458 456 462 465 466 457 467 468 469 459 468 470 441 446 439 465 461 471 472 473 467 466 474 473 468 475 470 444 443 453 468 467 475 476 474 465 475 467 477 473 477 467 478 464 479 452 453 472 480 477 473 473 474 480 481 482 479 481 483 484 474 485 480 486 478 482 469 472 467 479 487 481 485 476 488 482 484 489 488 476 490 490 491 488 492 44 43 478 479 482 486 491 490 489 493 486 33 494 41 494 33 45 486 493 491 495 496 483 486 490 478 497 498 489 499 500 501 499 37 500 502 498 497 484 496 497 37 49 500 321 503 500 503 321 502 321 500 48 51 48 500 53 321 54 321 48 54 46 47 36 55 32 50 504 26 44 46 39 38 505 39 32 26 34 43 25 505 18 9 506 507 14 25 18 8 507 59 14 9 3 72 61 70 0 3 8 72 69 81 0 8 61 508 509 510 61 72 1 511 512 513 81 66 72 103 513 514 79 81 86 515 107 101 86 82 79 108 515 516 89 82 88 516 127 114 96 89 94 407 440 418 100 105 96 124 123 126 105 111 113 441 413 434 111 117 113 517 518 432 435 519 447 431 436 426 120 121 239 455 519 520 239 238 246 521 460 520 422 238 417 522 435 434 418 426 417 469 452 472 440 439 431 472 453 466 443 445 449 459 470 462 446 433 448 487 479 523 456 448 447 487 524 481 455 459 456 483 524 525 460 469 468 478 490 471 526 527 495 474 476 485 472 466 473 504 44 492 474 466 465 492 43 494 490 476 471 497 496 503 45 499 494 493 489 498 489 486 482 37 499 50 49 52 500 502 497 503 503 501 500 51 500 52 39 36 32 42 34 41 528 35 28 39 505 25 529 505 34 530 531 19 18 529 506 532 60 507 9 18 506 16 10 6 9 507 8 533 534 74 59 61 8 535 536 537 61 59 70 510 538 539 70 69 72 512 540 514 81 69 80 106 99 97 86 80 90 515 541 542 90 88 86 516 542 543 93 94 88 114 129 119 99 100 94 417 238 229 100 104 111 125 134 126 115 117 111 434 406 522 122 117 115 435 522 544 544 545 519 440 431 418 124 130 239 520 545 546 238 130 229 547 521 546 417 229 408 438 544 522 418 408 407 450 548 463 413 441 440 463 549 523 449 550 551 460 468 459 433 435 447 552 487 553 455 447 519 552 554 524 520 460 455 525 554 555 469 521 452 556 557 558 30 559 560 465 471 476 453 457 466 35 528 559 465 457 461 559 27 492 464 478 471 496 495 501 526 495 525 489 484 497 484 482 481 499 527 494 45 55 499 503 496 501 501 527 499 50 499 55 505 32 34 40 26 504 561 23 22 505 529 18 26 562 529 30 22 28 562 532 506 563 67 60 507 506 532 6 5 12 507 60 59 564 537 76 58 70 59 565 566 567 70 58 71 568 569 570 78 69 71 571 107 97 85 80 78 541 103 572 90 85 92 542 573 574 92 93 90 543 574 575 97 99 93 575 137 132 106 104 99 408 229 576 110 115 104 577 376 375 115 119 122 522 403 438 122 119 123 544 438 437 545 437 578 413 440 407 130 126 225 546 578 424 576 229 225 579 547 424 576 409 408 419 411 410 407 409 405 580 581 582 406 434 413 580 583 584 585 586 587 521 469 460 435 544 519 588 552 589 520 519 545 588 590 554 546 521 520 555 590 591 452 547 444 581 590 588 592 21 560 461 464 471 450 457 443 559 593 560 450 463 461 524 487 552 523 479 464 594 559 492 555 595 526 484 483 496 524 483 481 494 596 492 43 42 494 501 495 527 527 596 494 42 41 494 26 529 34 528 28 29 597 530 21 529 562 506 598 562 28 21 530 22 598 563 532 599 600 67 60 532 563 68 600 601 60 67 58 84 77 602 68 71 58 84 603 91 68 77 71 571 91 102 77 84 78 604 572 514 91 85 84 573 572 605 92 91 571 574 606 607 92 571 97 215 575 607 107 106 97 576 225 135 106 108 110 409 576 608 110 114 119 405 409 609 129 123 119 438 610 400 129 125 123 437 400 611 578 611 414 406 413 405 135 225 134 421 612 517 135 608 576 579 423 613 409 608 609 611 400 401 405 609 404 445 550 449 403 522 406 449 551 548 548 614 549 547 452 521 545 544 437 553 549 615 546 545 578 427 551 616 424 547 546 591 584 556 444 579 445 581 580 584 20 19 617 463 523 464 449 548 450 597 21 592 548 549 463 554 552 588 487 523 553 526 595 596 591 558 595 483 525 495 525 524 554 27 559 29 27 40 492 527 526 596 596 594 492 40 504 492 28 562 26 561 22 31 618 16 20 562 598 532 619 598 22 16 530 19 619 599 563 620 621 600 67 563 599 601 621 508 67 600 68 603 602 511 77 68 601 603 513 102 77 601 602 540 622 604 602 603 84 623 605 604 102 91 603 606 605 624 571 102 101 127 543 132 101 107 571 215 625 141 107 515 108 608 135 626 516 114 108 609 608 627 127 129 114 404 609 628 125 129 128 254 401 391 125 128 133 611 401 415 629 612 410 403 406 404 135 136 626 423 416 630 608 626 627 631 613 630 628 609 627 415 401 254 404 628 402 550 616 551 610 438 403 551 427 614 614 428 615 579 444 547 578 437 611 589 615 432 414 424 578 419 427 420 423 579 424 518 581 588 445 613 550 580 632 583 11 10 633 549 553 523 551 614 548 618 20 617 549 614 615 617 19 592 552 553 589 595 558 594 21 23 560 525 555 526 555 554 590 30 560 31 30 35 559 596 595 594 594 593 559 29 559 528 598 28 22 531 530 597 634 6 11 598 619 563 635 619 530 63 65 636 599 635 620 637 509 621 620 600 599 638 565 536 600 621 601 639 640 641 508 602 601 642 643 644 602 508 511 645 646 647 511 513 603 648 649 650 103 102 513 651 650 652 101 103 541 139 625 653 541 515 101 626 136 398 515 542 516 627 626 397 516 543 127 628 627 654 127 132 128 402 628 655 133 128 131 610 402 656 145 133 131 415 254 390 390 657 416 610 403 402 398 397 626 630 657 658 397 654 627 659 631 658 628 654 655 256 390 254 656 402 655 616 420 427 400 610 392 517 660 582 410 412 629 613 445 579 611 415 414 632 580 661 423 414 416 632 662 583 630 613 423 663 662 664 631 616 550 665 666 667 590 581 584 615 589 553 427 428 614 634 11 633 615 428 432 633 10 617 518 588 589 558 557 593 587 557 663 555 591 595 591 590 584 560 668 592 23 561 560 594 558 593 593 668 560 31 560 561 619 22 530 17 16 618 669 56 12 619 635 599 670 635 16 671 672 533 620 670 637 673 538 509 621 620 637 74 76 537 621 509 508 569 674 643 510 511 508 675 676 677 511 510 512 647 678 679 512 514 513 649 680 652 572 103 514 651 653 681 541 572 573 139 682 142 541 573 542 146 399 398 574 543 542 399 683 397 575 132 543 683 684 654 131 132 137 684 685 655 145 131 138 685 393 656 398 145 146 577 375 389 389 686 657 392 610 656 683 654 397 658 686 687 684 655 654 395 659 687 685 656 655 577 389 256 393 392 656 688 689 690 391 401 392 691 692 693 629 694 695 631 550 613 415 390 416 696 632 697 630 416 657 696 698 662 658 631 630 664 698 699 616 659 420 700 701 665 702 57 703 432 518 589 421 428 419 663 556 583 432 421 517 703 5 633 582 581 518 557 587 668 585 587 664 591 556 558 556 584 583 592 586 617 19 531 592 593 557 668 668 586 592 531 597 592 635 530 16 7 6 634 57 704 65 635 670 620 6 705 670 57 65 12 705 673 637 706 707 538 509 637 673 539 707 708 509 538 510 709 676 642 539 512 510 710 711 712 512 539 540 713 714 715 604 514 540 716 625 607 605 572 604 682 651 717 605 606 573 718 146 149 574 573 606 719 399 718 574 607 575 720 683 719 215 137 575 721 684 720 148 138 137 722 685 721 146 138 149 723 393 722 399 146 718 255 391 723 399 719 683 686 375 381 683 720 684 687 381 396 684 721 685 690 258 724 393 685 722 384 383 385 391 393 723 693 688 725 255 254 391 693 692 726 612 727 660 659 616 631 390 389 657 660 728 661 658 657 686 689 729 698 687 659 658 699 729 667 420 395 411 688 729 689 64 63 730 517 582 518 612 421 410 703 731 702 612 660 517 662 632 696 661 580 582 732 703 633 699 666 585 556 663 557 662 663 583 617 733 633 10 17 617 668 587 586 586 733 617 17 618 617 6 670 16 669 12 13 734 671 64 670 705 637 735 705 12 64 671 65 735 706 673 736 737 707 538 673 706 708 737 738 538 707 539 623 622 739 708 540 539 623 740 624 708 622 540 716 624 681 622 623 604 741 717 652 624 605 623 143 717 742 606 624 716 743 718 150 606 716 607 744 719 743 215 607 625 745 720 744 148 215 141 746 721 745 149 148 147 747 722 746 718 149 150 748 723 747 719 718 743 749 255 748 720 719 744 749 577 256 745 721 720 396 380 386 746 722 721 394 386 750 747 723 722 751 374 376 748 255 723 412 694 629 255 749 256 629 695 727 727 752 728 395 420 659 686 389 375 697 728 753 687 686 381 387 695 388 396 395 687 667 726 700 411 394 412 688 693 726 534 533 754 660 661 582 629 727 612 734 64 730 727 728 660 698 696 689 632 661 697 585 666 733 57 56 703 663 664 587 664 662 698 5 703 13 5 7 633 586 585 733 633 733 732 7 634 633 705 6 12 636 65 704 755 74 534 705 735 673 756 735 65 74 671 533 706 756 736 737 757 758 707 706 736 738 758 645 707 737 708 740 739 648 622 708 738 740 650 681 622 738 739 759 760 761 739 740 623 762 742 741 681 624 740 763 161 156 681 653 716 764 743 153 716 653 625 765 744 764 139 141 625 766 745 765 140 147 141 767 746 766 150 147 152 768 747 767 743 150 153 769 748 768 744 743 764 770 749 769 745 744 765 376 577 770 746 745 766 771 367 380 747 746 767 772 750 373 748 747 768 773 771 751 769 749 748 694 388 695 770 577 749 695 387 752 752 259 753 394 411 395 381 375 374 774 753 258 380 396 381 384 387 382 394 396 386 692 775 700 750 694 412 689 696 774 776 777 701 728 697 661 695 752 727 755 534 754 728 752 753 754 533 730 696 697 774 666 665 732 63 702 730 664 699 585 699 698 729 57 702 704 56 669 703 733 666 732 732 731 703 13 703 669 735 12 65 672 671 734 778 535 537 735 756 706 779 756 671 641 640 780 736 779 757 781 646 758 757 737 736 570 569 643 737 758 738 782 783 715 645 739 738 784 785 786 739 645 648 761 787 788 648 650 740 789 790 161 651 681 650 764 155 791 651 682 653 765 791 792 682 139 653 766 792 793 140 139 142 767 793 794 152 140 151 768 794 795 153 152 154 769 795 796 764 153 155 770 796 797 765 764 791 376 797 751 766 765 792 374 751 771 767 766 793 355 371 370 767 794 768 264 772 261 768 795 769 773 379 368 796 770 769 798 724 257 770 797 376 724 799 725 385 800 801 750 412 394 374 771 380 691 693 802 386 380 367 691 803 692 373 750 386 775 803 804 772 388 694 805 806 807 729 688 726 753 774 697 387 259 752 535 778 808 753 259 258 808 76 754 690 689 774 665 701 731 776 701 775 699 667 666 667 729 726 702 777 730 63 636 702 732 665 731 731 777 702 704 702 636 756 65 671 75 74 755 809 566 565 756 779 736 74 810 779 536 565 537 757 810 781 811 678 646 758 757 781 643 642 676 758 646 645 714 812 785 647 648 645 813 814 815 648 647 649 816 817 818 649 652 650 819 165 144 651 652 717 160 820 155 143 682 717 820 821 791 142 682 143 821 822 792 142 144 151 822 823 793 159 154 151 823 824 794 160 155 154 824 825 795 820 791 155 825 826 796 821 792 791 826 827 797 822 793 792 827 773 751 823 794 793 773 368 771 824 795 794 352 369 828 796 795 825 354 348 347 797 796 826 829 830 831 827 751 797 829 832 833 801 828 369 772 694 750 771 368 367 834 691 835 373 367 366 834 836 803 261 772 373 804 836 837 388 264 382 838 839 806 840 567 841 258 690 774 257 259 384 842 841 808 258 257 724 841 536 808 725 688 690 843 808 754 804 844 776 667 700 665 700 726 692 730 845 754 533 672 730 731 701 777 777 845 730 672 734 730 74 779 671 778 537 564 567 846 640 779 810 757 847 810 537 567 640 565 847 811 781 848 849 678 646 781 811 679 849 850 646 678 647 741 680 851 679 649 647 852 853 854 649 679 680 819 742 158 741 652 680 164 855 160 717 741 742 855 856 820 143 742 819 856 857 821 143 819 144 857 858 822 165 159 144 858 859 823 164 160 159 859 860 824 855 820 160 860 861 825 856 821 820 861 862 826 857 822 821 862 863 827 858 823 822 863 379 773 859 824 823 379 378 368 860 825 824 378 262 366 825 861 826 364 864 377 827 826 862 383 800 385 827 863 773 385 801 798 798 865 799 264 388 772 366 368 378 799 866 802 261 366 262 830 833 836 260 264 261 837 833 805 382 263 383 830 829 833 639 641 867 724 725 690 798 257 385 846 567 840 798 799 724 803 691 834 693 725 802 776 844 845 837 807 844 700 775 701 775 692 803 76 808 564 76 75 754 777 776 845 845 843 754 75 755 754 537 810 74 809 565 638 868 570 639 810 847 781 869 847 565 639 570 640 869 848 811 870 871 849 678 811 848 850 871 759 678 849 679 762 851 872 680 679 850 762 763 158 680 850 851 790 873 162 741 851 762 169 874 855 158 742 762 874 875 856 157 819 158 875 876 857 819 157 165 876 877 858 166 164 165 877 878 859 169 855 164 878 879 860 874 856 855 879 880 861 875 857 856 880 881 862 876 858 857 881 882 863 877 859 858 882 377 379 878 860 859 377 864 378 879 861 860 864 883 262 880 862 861 883 362 260 881 863 862 800 828 801 882 379 863 801 369 865 865 370 866 263 382 264 262 378 864 835 866 371 260 262 883 354 369 352 362 263 260 805 832 838 383 360 800 829 884 832 674 569 885 799 802 725 801 865 798 868 639 867 799 865 866 836 834 830 691 802 835 844 807 843 567 566 841 775 804 776 804 803 836 536 841 638 536 535 808 845 844 843 843 842 808 564 808 778 847 537 565 780 640 846 886 643 674 847 869 811 887 869 640 711 710 888 848 887 870 889 760 871 870 849 848 890 814 784 871 850 849 763 872 789 759 851 850 891 892 893 851 759 872 894 178 895 763 762 872 168 896 874 158 763 156 896 897 875 156 170 157 897 898 876 170 166 157 898 899 877 167 169 166 899 900 878 168 874 169 900 901 879 896 875 874 901 902 880 897 876 875 902 903 881 898 877 876 903 904 882 899 878 877 904 364 377 900 879 878 364 363 864 901 880 879 363 905 883 902 881 880 905 361 362 903 882 881 352 348 354 377 882 904 358 267 831 347 349 353 360 383 263 883 864 363 884 829 906 905 362 883 884 907 832 361 360 362 838 907 908 359 828 800 830 834 372 909 910 839 866 835 802 369 370 865 886 674 885 866 370 371 885 569 867 372 834 835 807 806 842 641 840 867 804 837 844 837 836 833 841 911 840 566 809 841 843 807 842 842 911 841 638 841 809 869 565 640 568 570 868 912 677 676 869 887 848 913 887 570 914 915 782 870 913 889 916 787 760 871 870 889 715 714 785 871 760 759 917 918 892 761 872 759 919 920 921 872 761 789 174 922 168 789 161 763 922 923 896 156 161 163 923 924 897 170 163 175 924 925 898 175 167 170 925 926 899 174 168 167 926 927 900 922 896 168 927 928 901 923 897 896 928 929 902 924 898 897 929 930 903 925 899 898 930 931 904 926 900 899 931 365 364 927 901 900 365 269 363 928 902 901 269 932 905 929 903 902 932 933 361 930 904 903 933 350 359 931 364 904 273 356 271 353 934 338 359 800 360 363 269 905 935 884 936 361 905 932 935 937 907 933 359 361 908 937 938 828 350 352 939 940 941 942 675 943 371 372 835 354 355 370 677 912 943 371 355 358 943 642 885 831 830 372 806 839 911 909 839 908 837 805 807 805 833 832 840 910 867 641 780 840 842 806 911 911 910 840 780 846 840 887 640 570 644 643 886 675 944 710 887 913 870 643 945 913 675 710 676 945 916 889 946 947 787 760 889 916 788 947 948 760 787 761 949 921 891 788 789 761 950 951 952 790 789 788 922 174 953 161 790 162 923 922 954 162 172 163 924 923 955 172 173 175 925 924 956 173 953 174 926 925 957 953 954 922 927 926 958 954 955 923 928 927 959 955 956 924 929 928 960 956 957 925 930 929 961 957 958 926 931 930 962 958 959 927 365 931 963 959 960 928 269 365 270 960 961 929 932 269 268 961 962 930 933 932 964 962 963 931 350 933 965 963 270 365 353 338 266 356 966 939 350 828 359 964 932 268 267 967 906 964 965 933 968 969 937 350 965 351 938 969 970 352 351 348 346 969 968 712 711 971 358 831 372 265 355 347 943 972 942 265 267 358 907 884 935 906 829 831 973 943 885 938 974 909 805 838 806 907 838 832 867 975 885 569 568 867 911 839 910 910 975 867 568 868 867 643 913 570 912 676 709 976 914 712 913 945 889 977 945 676 712 914 710 977 946 916 978 818 947 787 916 946 948 818 979 787 947 788 171 873 980 948 790 788 173 185 953 948 873 790 953 981 954 162 873 171 954 982 955 172 171 179 955 983 956 179 185 173 956 984 957 185 981 953 957 985 958 981 982 954 958 986 959 982 983 955 959 987 960 983 984 956 960 988 961 984 985 957 961 989 962 985 986 958 962 990 963 986 987 959 963 991 270 987 988 960 270 992 268 988 989 961 268 993 964 989 990 962 964 994 965 990 991 963 965 995 351 991 992 270 351 996 348 993 268 992 266 340 967 994 964 993 936 967 344 995 965 994 339 338 997 995 996 351 970 357 939 348 996 349 346 271 357 783 782 998 267 906 831 353 266 265 976 712 971 266 967 267 937 935 968 884 906 936 909 974 975 970 941 974 838 908 839 908 907 937 642 943 709 642 644 885 910 909 975 885 975 973 644 886 885 945 643 676 888 710 944 999 715 783 945 977 916 1000 977 710 715 914 782 946 1000 978 814 785 784 947 946 978 979 817 895 947 818 948 180 980 182 979 873 948 185 186 981 873 979 980 981 1001 982 980 180 171 982 1002 983 180 184 179 983 1003 984 184 186 185 984 1004 985 186 1001 981 985 1005 986 1001 1002 982 986 1006 987 1002 1003 983 987 1007 988 1003 1004 984 988 1008 989 1004 1005 985 989 1009 990 1005 1006 986 990 1010 991 1006 1007 987 991 1011 992 1007 1008 988 992 1012 993 1008 1009 989 993 1013 994 1009 1010 990 994 1014 995 1010 1011 991 995 1015 996 1011 1012 992 996 1016 349 1012 1013 993 353 349 934 994 1013 1014 1017 344 341 995 1014 1015 1018 275 339 996 1015 1016 345 346 968 349 1016 934 968 935 1017 812 714 1019 967 936 906 338 340 266 999 783 998 967 340 344 998 782 971 935 936 1017 974 941 973 711 942 971 908 938 909 938 937 969 675 942 944 943 675 677 975 974 973 973 972 943 709 943 912 977 676 710 915 914 976 1020 785 812 977 1000 946 1021 1000 914 853 852 1022 978 1021 816 1023 894 817 816 818 978 1024 950 920 818 817 979 190 327 297 979 895 980 186 1025 1001 182 980 895 1001 1026 1002 181 180 182 1002 1027 1003 181 187 184 1003 1028 1004 187 1025 186 1004 1029 1005 1025 1026 1001 1005 1030 1006 1026 1027 1002 1006 1031 1007 1027 1028 1003 1007 1032 1008 1028 1029 1004 1008 1033 1009 1029 1030 1005 1009 1034 1010 1030 1031 1006 1010 1035 1011 1031 1032 1007 1011 1036 1012 1032 1033 1008 1012 1037 1013 1033 1034 1009 1013 1038 1014 1034 1035 1010 1014 1039 1015 1035 1036 1011 1015 1040 1016 1036 1037 1012 1016 1041 934 1037 1038 1013 934 997 338 1038 1039 1014 336 274 1042 1040 1015 1039 273 1043 356 1040 1041 1016 966 1043 1044 1041 997 934 1045 1046 1047 969 346 357 344 1017 936 339 342 340 1020 812 1019 344 342 341 1019 714 998 345 968 1017 941 940 972 1048 940 966 938 970 974 970 969 357 942 1049 971 711 888 942 973 941 972 972 1049 942 944 942 888 1000 710 914 713 715 999 1050 815 814 1000 1021 978 1051 1021 715 1052 1053 917 816 1051 1023 1054 176 894 817 816 1023 892 891 921 894 895 817 187 193 1025 182 895 178 1025 192 1026 182 178 183 1026 1055 1027 183 188 181 1027 1056 1028 188 193 187 1028 1057 1029 193 192 1025 1029 1058 1030 192 1055 1026 1030 1059 1031 1055 1056 1027 1031 1060 1032 1056 1057 1028 1032 1061 1033 1057 1058 1029 1033 1062 1034 1058 1059 1030 1034 1063 1035 1059 1060 1031 1035 1064 1036 1060 1061 1032 1036 1065 1037 1061 1062 1033 1037 1066 1038 1062 1063 1034 1038 1067 1039 1063 1064 1035 1039 1068 1040 1064 1065 1036 1040 1069 1041 1065 1066 1037 1041 1070 997 1066 1067 1038 997 1018 339 1067 1068 1039 342 339 275 1069 1040 1068 278 334 1043 1041 1069 1070 1044 334 1071 997 1070 1018 333 1072 1045 1073 813 1074 341 345 1017 343 342 275 1075 1074 1019 341 343 281 1074 784 1019 280 346 345 940 1048 1049 1076 1048 1044 970 939 941 939 357 356 971 1077 998 782 915 971 972 940 1049 1049 1077 971 915 976 971 1021 914 715 786 785 1020 813 1078 852 1021 1051 816 785 1079 1051 813 852 814 1079 1054 1023 1080 1081 176 894 1023 1054 177 1081 198 178 894 176 1082 1055 192 177 183 178 1083 1056 1055 195 183 177 1084 1057 1056 195 201 188 1085 1058 1057 201 194 193 1086 1059 1058 194 1082 192 1087 1060 1059 1082 1083 1055 1088 1061 1060 1083 1084 1056 1089 1062 1061 1084 1085 1057 1090 1063 1062 1085 1086 1058 1091 1064 1063 1086 1087 1059 1092 1065 1064 1087 1088 1060 1093 1066 1065 1088 1089 1061 1094 1067 1066 1089 1090 1062 1095 1068 1067 1090 1091 1063 1096 1069 1068 1091 1092 1064 1097 1070 1069 1092 1093 1065 1098 1018 1070 1093 1094 1066 276 275 1018 1094 1095 1067 274 343 275 1095 1096 1068 303 292 1099 1096 1097 1069 1100 281 343 1097 1098 1070 1071 335 1047 1018 1098 276 325 335 328 854 853 1101 281 280 345 1100 343 274 1074 1102 1073 1100 279 281 1043 273 278 271 280 272 1048 1076 1077 1071 1046 1076 939 966 940 1043 966 356 998 1103 1019 714 713 998 1049 1048 1077 1077 1103 998 713 999 998 785 1051 715 1050 814 890 1104 1052 854 1051 1079 1023 1105 1079 814 854 1052 852 1105 1080 1054 1106 199 1081 176 1054 1080 194 201 204 176 1081 177 1082 194 1107 198 195 177 1083 1082 1108 195 198 202 1084 1083 1109 201 202 204 1085 1084 1110 194 204 1107 1086 1085 1111 1082 1107 1108 1087 1086 1112 1083 1108 1109 1088 1087 1113 1084 1109 1110 1089 1088 1114 1085 1110 1111 1090 1089 1115 1086 1111 1112 1091 1090 1116 1087 1112 1113 1092 1091 1117 1088 1113 1114 1093 1092 1118 1089 1114 1115 1094 1093 1119 1090 1115 1116 1095 1094 1120 1091 1116 1117 1096 1095 1121 1092 1117 1118 1097 1096 1122 1093 1118 1119 1098 1097 1123 1094 1119 1120 276 1098 1124 1095 1120 1121 274 276 1042 1096 1121 1122 1100 274 336 1097 1122 1123 279 1100 1125 1123 1124 1098 1047 288 333 1042 276 1124 325 284 288 918 917 1126 279 272 280 336 1125 1100 1104 854 1101 1125 332 279 334 278 328 273 272 277 1076 1046 1103 813 815 1074 966 1044 1048 1044 1043 334 784 1074 890 784 786 1019 1077 1076 1103 1019 1103 1075 786 1020 1019 1079 785 814 1022 852 1078 1127 892 918 1079 1105 1054 1128 1105 852 892 1052 917 1080 1128 1106 199 1129 214 1106 1081 1080 1107 204 1130 1081 199 198 1108 1107 1131 200 202 198 1109 1108 1132 202 200 203 1110 1109 1133 204 203 1130 1111 1110 1134 1107 1130 1131 1112 1111 1135 1108 1131 1132 1113 1112 1136 1109 1132 1133 1114 1113 1137 1110 1133 1134 1115 1114 1138 1111 1134 1135 1116 1115 1139 1112 1135 1136 1117 1116 1140 1113 1136 1137 1118 1117 1141 1114 1137 1138 1119 1118 1142 1115 1138 1139 1120 1119 1143 1116 1139 1140 1121 1120 1144 1117 1140 1141 1122 1121 1145 1118 1141 1142 1123 1122 1146 1119 1142 1143 1124 1123 1147 1120 1143 1144 1042 1124 1148 1121 1144 1145 336 1042 337 1122 1145 1146 1125 336 287 1123 1146 1147 332 1125 286 1124 1147 1148 277 332 1149 1042 1148 337 328 278 330 1150 1151 1072 332 277 272 286 1125 287 1127 918 1126 286 1149 332 1126 917 1101 278 277 330 1046 1045 1075 853 1073 1101 1044 1071 1076 1071 334 335 813 1073 1078 815 1050 1074 1103 1046 1075 1075 1102 1074 890 1074 1050 1105 814 852 1053 1052 1104 1152 919 921 1105 1128 1080 1153 1128 1052 327 1154 1155 1106 1153 1129 1156 212 214 1106 1129 199 210 1157 1130 200 199 214 1157 1158 1131 203 200 209 1158 1159 1132 1130 203 210 1159 1160 1133 1131 1130 1157 1160 1161 1134 1132 1131 1158 1161 1162 1135 1133 1132 1159 1162 1163 1136 1134 1133 1160 1163 1164 1137 1135 1134 1161 1164 1165 1138 1136 1135 1162 1165 1166 1139 1137 1136 1163 1166 1167 1140 1138 1137 1164 1167 1168 1141 1139 1138 1165 1168 1169 1142 1140 1139 1166 1169 1170 1143 1141 1140 1167 1170 1171 1144 1142 1141 1168 1171 1172 1145 1143 1142 1169 1172 1173 1146 1144 1143 1170 1173 1174 1147 1145 1144 1171 1174 1175 1148 1146 1145 1172 1175 1176 337 1147 1146 1173 1176 285 287 1148 1147 1174 285 1177 286 337 1148 1175 1177 331 1149 287 337 1176 289 283 282 335 325 288 1149 330 277 1149 286 1177 919 1152 1178 330 1149 331 1178 891 1126 329 328 330 1045 1072 1102 1150 1072 291 1071 1047 1046 1047 335 288 1073 1151 1101 853 1022 1073 1075 1045 1102 1102 1151 1073 1078 1073 1022 1128 852 1052 893 892 1127 1179 951 950 1128 1153 1106 892 1180 1153 920 950 921 1180 1156 1129 1181 210 216 214 1129 1156 1182 1157 1181 212 209 214 1183 1158 1182 210 209 216 1184 1159 1183 1157 210 1181 1185 1160 1184 1158 1157 1182 1186 1161 1185 1159 1158 1183 1187 1162 1186 1160 1159 1184 1188 1163 1187 1161 1160 1185 1189 1164 1188 1162 1161 1186 1190 1165 1189 1163 1162 1187 1191 1166 1190 1164 1163 1188 1192 1167 1191 1165 1164 1189 1193 1168 1192 1166 1165 1190 1194 1169 1193 1167 1166 1191 1195 1170 1194 1168 1167 1192 1196 1171 1195 1169 1168 1193 1197 1172 1196 1170 1169 1194 1198 1173 1197 1171 1170 1195 1199 1174 1198 1172 1171 1196 1200 1175 1199 1173 1172 1197 1201 1176 1200 1174 1173 1198 1202 285 1201 1175 1174 1199 1203 1177 1202 1176 1175 1200 1204 331 1203 285 1176 1201 326 329 1204 1202 1177 285 1205 952 1206 1203 331 1177 1178 1207 1206 329 331 1204 1206 920 1178 325 329 326 1208 1178 1126 290 1209 1150 1047 333 1045 283 333 288 1101 1210 1126 917 1053 1101 1102 1072 1151 1151 1210 1101 1053 1104 1101 892 1153 1052 1152 921 949 1211 1154 952 1153 1180 1129 1212 1180 921 952 1154 950 1156 1212 213 1213 1181 219 213 212 1156 1214 1182 1213 216 212 211 1215 1183 1214 1181 216 219 1216 1184 1215 1182 1181 1213 1217 1185 1216 1183 1182 1214 1218 1186 1217 1184 1183 1215 1219 1187 1218 1185 1184 1216 1220 1188 1219 1186 1185 1217 1221 1189 1220 1187 1186 1218 1222 1190 1221 1188 1187 1219 1223 1191 1222 1189 1188 1220 1224 1192 1223 1190 1189 1221 1225 1193 1224 1191 1190 1222 1226 1194 1225 1192 1191 1223 1227 1195 1226 1193 1192 1224 1228 1196 1227 1194 1193 1225 1229 1197 1228 1195 1194 1226 1230 1198 1229 1196 1195 1227 1231 1199 1230 1197 1196 1228 1232 1200 1231 1198 1197 1229 1233 1201 1232 1199 1198 1230 1234 1202 1233 1200 1199 1231 1235 1203 1234 1201 1200 1232 1236 1204 1235 1202 1201 1233 1237 326 1236 1203 1202 1234 284 1237 282 1204 1203 1235 1211 952 1205 326 1204 1236 282 298 289 1237 284 326 1150 1209 1210 304 1099 1209 333 291 1072 291 283 289 891 1178 949 891 893 1126 1151 1150 1210 1210 1208 1126 893 1127 1126 921 1180 892 1179 950 1024 296 190 297 1180 1212 1156 1238 1212 950 1154 327 190 224 213 1238 1239 1213 218 213 224 211 1240 1214 1239 219 211 217 1241 1215 1240 1213 219 218 1242 1216 1241 1214 1213 1239 1243 1217 1242 1215 1214 1240 1244 1218 1243 1216 1215 1241 1245 1219 1244 1217 1216 1242 1246 1220 1245 1218 1217 1243 1247 1221 1246 1219 1218 1244 1248 1222 1247 1220 1219 1245 1249 1223 1248 1221 1220 1246 1250 1224 1249 1222 1221 1247 1251 1225 1250 1223 1222 1248 1252 1226 1251 1224 1223 1249 1253 1227 1252 1225 1224 1250 1254 1228 1253 1226 1225 1251 1255 1229 1254 1227 1226 1252 1256 1230 1255 1228 1227 1253 1257 1231 1256 1229 1228 1254 1258 1232 1257 1230 1229 1255 1259 1233 1258 1231 1230 1256 1260 1234 1259 1232 1231 1257 1261 1235 1260 1233 1232 1258 1262 1236 1261 1234 1233 1259 1263 1237 1262 1235 1234 1260 298 282 1263 1236 1235 1261 189 305 197 1237 1236 1262 300 299 298 282 1237 1263 1209 1099 1208 952 951 1206 291 290 1150 290 289 299 920 1206 1024 920 919 1178 1210 1209 1208 1208 1207 1178 949 1178 1152 1212 921 950 1155 1154 1211 306 196 197 1212 1238 213 1238 1154 1264 226 218 220 1264 221 224 1265 1239 226 217 224 221 1266 1240 1265 218 217 220 1267 1241 1266 1239 218 226 1268 1242 1267 1240 1239 1265 1269 1243 1268 1241 1240 1266 1270 1244 1269 1242 1241 1267 1271 1245 1270 1243 1242 1268 1272 1246 1271 1244 1243 1269 1273 1247 1272 1245 1244 1270 1274 1248 1273 1246 1245 1271 1275 1249 1274 1247 1246 1272 1276 1250 1275 1248 1247 1273 1277 1251 1276 1249 1248 1274 1278 1252 1277 1250 1249 1275 1279 1253 1278 1251 1250 1276 1280 1254 1279 1252 1251 1277 1281 1255 1280 1253 1252 1278 1282 1256 1281 1254 1253 1279 1283 1257 1282 1255 1254 1280 1284 1258 1283 1256 1255 1281 1285 1259 1284 1257 1256 1282 1286 1260 1285 1258 1257 1283 1287 1261 1286 1259 1258 1284 1288 1262 1287 1260 1259 1285 1289 1263 1288 1261 1260 1286 300 298 1289 1262 1261 1287 299 300 302 1262 1288 1263 305 189 295 1289 298 1263 1099 292 1207 327 1205 295 290 304 1209 304 299 302 1206 1290 1205 951 1179 1206 1208 1099 1207 1207 1290 1206 1024 1206 1179 1238 950 1154 191 190 296 1291 223 208 1238 1264 224 190 1292 1264 1265 228 1293 221 1292 233 1266 1293 1294 220 221 233 1267 1294 1295 226 220 227 1268 1295 1296 1265 226 228 1269 1296 1297 1266 1265 1293 1270 1297 1298 1267 1266 1294 1271 1298 1299 1268 1267 1295 1272 1299 1300 1269 1268 1296 1273 1300 1301 1270 1269 1297 1274 1301 1302 1271 1270 1298 1275 1302 1303 1272 1271 1299 1276 1303 1304 1273 1272 1300 1277 1304 1305 1274 1273 1301 1278 1305 1306 1275 1274 1302 1279 1306 1307 1276 1275 1303 1280 1307 1308 1277 1276 1304 1281 1308 1309 1278 1277 1305 1282 1309 1310 1279 1278 1306 1283 1310 1311 1280 1279 1307 1284 1311 1312 1281 1280 1308 1285 1312 1313 1282 1281 1309 1286 1313 1314 1283 1282 1310 1287 1314 1315 1284 1283 1311 1288 1315 1316 1285 1284 1312 1289 1316 1317 1286 1285 1313 300 1317 301 1287 1286 1314 302 301 322 1288 1287 1315 303 322 293 1289 1288 1316 1318 294 313 1317 300 1289 292 294 1290 313 294 309 304 303 1099 303 302 322 1205 1318 295 327 1155 1205 1207 292 1290 1290 1318 1205 1155 1211 1205 1264 1154 190 206 196 306 222 1319 232 1264 1292 221 1320 1292 196 228 227 1321 1320 234 233 1293 228 1322 234 1321 227 1294 1293 1323 1321 1322 228 1295 1294 1324 1322 1323 1293 1296 1295 1325 1323 1324 1294 1297 1296 1326 1324 1325 1295 1298 1297 1327 1325 1326 1296 1299 1298 1328 1326 1327 1297 1300 1299 1329 1327 1328 1298 1301 1300 1330 1328 1329 1299 1302 1301 1331 1329 1330 1300 1303 1302 1332 1330 1331 1301 1304 1303 1333 1331 1332 1302 1305 1304 1334 1332 1333 1303 1306 1305 1335 1333 1334 1304 1307 1306 1336 1334 1335 1305 1308 1307 1337 1335 1336 1306 1309 1308 1338 1336 1337 1307 1310 1309 1339 1337 1338 1308 1311 1310 1340 1338 1339 1309 1312 1311 1341 1339 1340 1310 1313 1312 1342 1340 1341 1311 1314 1313 1343 1341 1342 1312 1315 1314 1344 1342 1343 1313 1316 1315 1345 1343 1344 1314 1317 1316 1346 1344 1345 1315 301 1317 1347 1345 1346 1316 322 301 323 1346 1347 1317 293 322 324 1347 323 301 310 307 1348 311 313 1349 303 293 292 324 309 293 295 312 305 189 191 295 1290 294 1318 1318 312 295 191 296 295 196 1292 190 1291 208 207 234 1350 1321 1292 1320 233 1351 1320 208 1321 1352 1322 1351 1350 234 1322 1353 1323 1350 1352 1321 1323 1354 1324 1352 1353 1322 1324 1355 1325 1353 1354 1323 1325 1356 1326 1354 1355 1324 1326 1357 1327 1355 1356 1325 1327 1358 1328 1356 1357 1326 1328 1359 1329 1357 1358 1327 1329 1360 1330 1358 1359 1328 1330 1361 1331 1359 1360 1329 1331 1362 1332 1360 1361 1330 1332 1363 1333 1361 1362 1331 1333 1364 1334 1362 1363 1332 1334 1365 1335 1363 1364 1333 1335 1366 1336 1364 1365 1334 1336 1367 1337 1365 1366 1335 1337 1368 1338 1366 1367 1336 1338 1369 1339 1367 1368 1337 1339 1370 1340 1368 1369 1338 1340 1371 1341 1369 1370 1339 1341 1372 1342 1370 1371 1340 1342 1373 1343 1371 1372 1341 1343 1374 1344 1372 1373 1342 1344 1375 1345 1373 1374 1343 1345 1376 1346 1374 1375 1344 1346 1377 1347 1375 1376 1345 1347 1378 323 1376 1377 1346 323 1379 324 1377 1378 1347 324 1380 309 1378 1379 323 309 1349 313 324 1379 1380 222 223 307 309 1380 1349 205 307 207 205 206 305 1318 313 312 305 312 308 206 306 305 1320 196 208 230 232 1319 1350 244 1352 1320 1351 234 232 1381 1351 1352 243 1353 1381 244 1350 1353 1382 1354 244 243 1352 1354 1383 1355 243 1382 1353 1355 1384 1356 1382 1383 1354 1356 1385 1357 1383 1384 1355 1357 1386 1358 1384 1385 1356 1358 1387 1359 1385 1386 1357 1359 1388 1360 1386 1387 1358 1360 1389 1361 1387 1388 1359 1361 1390 1362 1388 1389 1360 1362 1391 1363 1389 1390 1361 1363 1392 1364 1390 1391 1362 1364 1393 1365 1391 1392 1363 1365 1394 1366 1392 1393 1364 1366 1395 1367 1393 1394 1365 1367 1396 1368 1394 1395 1366 1368 1397 1369 1395 1396 1367 1369 1398 1370 1396 1397 1368 1370 1399 1371 1397 1398 1369 1371 1400 1372 1398 1399 1370 1372 1401 1373 1399 1400 1371 1373 1402 1374 1400 1401 1372 1374 1403 1375 1401 1402 1373 1375 1404 1376 1402 1403 1374 1376 1405 1377 1403 1404 1375 1377 1406 1378 1404 1405 1376 1378 1407 1379 1405 1406 1377 1379 1408 1380 1406 1407 1378 1380 1409 1349 1407 1408 1379 1349 320 311 1408 1409 1380 308 311 314 1409 320 1349 222 310 1319 223 1291 307 312 311 308 308 1348 307 207 307 1291 1351 208 232 240 237 236 1410 1382 243 1351 1381 1350 237 251 1381 1411 1383 1382 251 245 244 1412 1384 1383 245 1410 243 1413 1385 1384 1410 1411 1382 1414 1386 1385 1411 1412 1383 1415 1387 1386 1412 1413 1384 1416 1388 1387 1413 1414 1385 1417 1389 1388 1414 1415 1386 1418 1390 1389 1415 1416 1387 1419 1391 1390 1416 1417 1388 1420 1392 1391 1417 1418 1389 1421 1393 1392 1418 1419 1390 1422 1394 1393 1419 1420 1391 1423 1395 1394 1420 1421 1392 1424 1396 1395 1421 1422 1393 1425 1397 1396 1422 1423 1394 1426 1398 1397 1423 1424 1395 1427 1399 1398 1424 1425 1396 1428 1400 1399 1425 1426 1397 1429 1401 1400 1426 1427 1398 1430 1402 1401 1427 1428 1399 1431 1403 1402 1428 1429 1400 1432 1404 1403 1429 1430 1401 1433 1405 1404 1430 1431 1402 1434 1406 1405 1431 1432 1403 1435 1407 1406 1432 1433 1404 1436 1408 1407 1433 1434 1405 1437 1409 1408 1434 1435 1406 1438 320 1409 1435 1436 1407 315 314 320 1436 1437 1408 316 1348 314 1437 1438 1409 319 317 1439 1438 315 320 1440 318 316 231 230 310 308 314 1348 1348 318 310 1319 310 230 232 237 1381 248 241 249 242 1441 245 1381 251 244 242 245 251 1441 1442 1410 1441 1410 245 1442 1443 1411 1442 1411 1410 1443 1444 1412 1443 1412 1411 1444 1445 1413 1444 1413 1412 1445 1446 1414 1445 1414 1413 1446 1447 1415 1446 1415 1414 1447 1448 1416 1447 1416 1415 1448 1449 1417 1448 1417 1416 1449 1450 1418 1449 1418 1417 1450 1451 1419 1450 1419 1418 1451 1452 1420 1451 1420 1419 1452 1453 1421 1452 1421 1420 1453 1454 1422 1453 1422 1421 1454 1455 1423 1454 1423 1422 1455 1456 1424 1455 1424 1423 1456 1457 1425 1456 1425 1424 1457 1458 1426 1457 1426 1425 1458 1459 1427 1458 1427 1426 1459 1460 1428 1459 1428 1427 1460 1461 1429 1460 1429 1428 1461 1462 1430 1461 1430 1429 1462 1463 1431 1462 1431 1430 1463 1464 1432 1463 1432 1431 1464 1465 1433 1464 1433 1432 1465 1466 1434 1465 1434 1433 1466 1467 1435 1466 1435 1434 1467 1468 1436 1467 1436 1435 1468 1469 1437 1468 1437 1436 1469 1470 1438 1469 1438 1437 1470 1471 315 1470 315 1438 1471 1440 316 1471 316 315 1440 1439 318 241 240 317 1348 316 318 1439 317 318 240 236 317 248 237 241 251 237 248 1441 46 38 47 242 248 1442 38 24 46 1441 242 1443 24 15 38 1442 1441 1444 15 4 24 1443 1442 1445 4 2 15 1444 1443 1446 2 62 4 1445 1444 1447 62 73 2 1446 1445 1448 73 83 62 1447 1446 1449 83 87 73 1448 1447 1450 87 95 83 1449 1448 1451 95 98 87 1450 1449 1452 98 109 95 1451 1450 1453 109 112 98 1452 1451 1454 112 118 109 1453 1452 1455 118 425 112 1454 1453 1456 425 429 118 1455 1454 1457 429 430 425 1456 1455 1458 430 436 429 1457 1456 1459 436 442 430 1458 1457 1460 442 451 436 1459 1458 1461 451 454 442 1460 1459 1462 454 458 451 1461 1460 1463 458 462 454 1462 1461 1464 462 470 458 1463 1462 1465 470 475 462 1464 1463 1466 475 477 470 1465 1464 1467 477 480 475 1466 1465 1468 480 485 477 1467 1466 1469 485 488 480 1468 1467 1470 488 491 485 1469 1468 1471 491 493 488 1470 1469 1440 493 498 491 1471 1470 1439 498 502 493 1440 1471 319 502 321 498 1439 1440 319 321 252 502 319 1439</p>
        </triangles>
      </mesh>
    </geometry>
    <geometry id="ID34">
      <mesh>
        <source id="ID35">
          <float_array count="4416" id="ID36">0.0240663 0.00412658 0.00399018 0.0238051 0.00408179 0.00412381 0.0241525 -5.91566e-18 0.00412381 0.0243015 0.00416692 0.00381368 0.0244175 -5.98057e-18 0.00399018 -0.00114043 0.0252238 0.0025 0.00107057 0.0252021 0.00279575 -6.71957e-06 0.0252494 0.0025 0.0232478 0.00821395 0.00381368 0.0234414 0.00828238 0.00359939 0.00338153 0.025022 0.0025 0.00225811 0.0251486 0.0025 -0.003204 0.0250205 0.00279575 -0.0022677 0.0251478 0.0025 0.024504 0.00420162 0.00359939 0.0246562 -6.03902e-18 0.00381368 0.00531435 0.0246587 0.00279575 0.00450279 0.0248447 0.0025 0.0235981 0.00833775 0.00335347 0.007795 0.024016 0.0025 0.00671146 0.0243414 0.0025 0.0109493 0.0227521 0.0025 0.0132256 0.0214797 0.00279575 0.0119581 0.0222381 0.0025 0.0248616 -6.08933e-18 0.00359939 0.0246678 0.00422971 0.00335347 0.0196258 0.0158467 0.00279575 0.0182449 0.0174546 0.0025 0.0166654 0.0189356 0.00279575 0.0174458 0.0182537 0.0025 0.0148354 0.0204317 0.0025 0.013907 0.0210749 0.0025 0.0237839 0.00840339 0.00279575 0.0227464 0.0109612 0.0025 0.0220216 0.012302 0.00279575 0.0157371 0.0197452 0.0025 0.024862 0.00426302 0.00279575 0.0243378 0.00672413 0.0025 0.0250278 -6.13004e-18 0.00335347 0.0247883 0.00425038 0.00308299 0.0190104 0.0166174 0.0025 0.0222341 0.0119668 0.0025 0.0216726 0.012955 0.0025 0.0210682 0.0139164 0.0025 0.0204242 0.014846 0.0025 0.0232144 0.00993083 0.0025 0.02515 -6.15998e-18 0.00308299 0.0252248 -6.1783e-18 0.00279575 0.0251472 0.00227085 0.0025 0.0246146 0.00562582 0.0025 0.0240132 0.00780553 0.0025 0.0250208 0.00339342 0.0025 0.0248436 0.00451062 0.0025 0.02525 0 0.0025 0.0252236 0.00113971 0.0025 0.0236381 0.00887571 0.0025 -0.00451571 0.0248423 0.0025 -0.00562557 0.0246149 0.0025 0.0191834 0.0154895 0.00381368 0.0215252 0.0120247 0.00381368 0.0193432 0.0156185 0.00359939 0.0230227 0.00813445 0.00399018 0.0238687 -5.84614e-18 0.00421072 -0.00887927 0.0236366 0.0025 -0.00992981 0.0232152 0.0025 -0.0073864 0.0241191 0.00279575 0.0235254 0.00403383 0.00421072 0.0164254 0.0186629 0.00359939 0.0162897 0.0185087 0.00381368 0.0210855 0.0117791 0.00412381 0.0213169 0.0119083 0.00399018 0.0189977 0.0153396 0.00399018 0.0227728 0.00804616 0.00412381 0.0235743 -5.77403e-18 0.00424842 -0.0149995 0.0202807 0.00279575 -0.0157475 0.0197369 0.0025 -0.0166185 0.0190095 0.0025 0.016132 0.0183296 0.00399018 0.0187915 0.0151731 0.00412381 0.0232352 0.00398407 0.00424842 0.0208377 0.0116406 0.00421072 0.0225052 0.00795161 0.00421072 0.0229429 0.00393395 0.00423583 0.0232777 -2.63762e-17 0.00423583 0.0159569 0.0181306 0.00412381 0.0185707 0.0149948 0.00421072 0.0222277 0.00785353 0.00424842 0.0229876 -2.60474e-17 0.00417329 0.021948 0.00775473 0.00423583 0.0226569 0.00388492 0.00417329 0.0205807 0.0114971 0.00424842 0.0157694 0.0179176 0.00421072 0.0183416 0.0148098 0.00424842 0.0203218 0.0113524 0.00423583 0.0216745 0.00765807 0.00417329 0.0227121 -2.57353e-17 0.00406262 0.0223855 0.00383837 0.00406262 0.0181109 0.0146235 0.00423583 0.0224594 -2.54489e-17 0.003907 0.0200685 0.0112109 0.00417329 0.0214148 0.00756632 0.00406262 0.0123602 0.0200742 0.00424842 0.0125145 0.0203249 0.00421072 0.0088996 0.0221475 0.00421072 0.019828 0.0110766 0.00406262 0.0221363 0.00379566 0.003907 0.0178851 0.0144412 0.00417329 0.015379 0.0174739 0.00423583 0.0151873 0.0172561 0.00417329 0.0222366 -2.51964e-17 0.00371089 0.0176709 0.0142682 0.00406262 0.0211765 0.00748212 0.003907 0.0220501 -2.49851e-17 0.00347996 0.0219167 0.003758 0.00371089 0.0150053 0.0170494 0.00406262 0.0196074 0.0109533 0.003907 0.0217329 0.00372649 0.00347996 0.0209664 0.00740789 0.00371089 0.0219053 -2.48211e-17 0.00322083 0.0174742 0.0141094 0.003907 0.0215903 0.00370202 0.00322083 0.0207906 0.00734577 0.00347996 0.0194128 0.0108447 0.00371089 0.0173009 0.0139695 0.00371089 0.0192501 0.0107537 0.00347996 0.0146911 0.0166924 0.00371089 0.0171558 0.0138523 0.00347996 0.0119081 0.0193401 0.00406262 0.0117756 0.0191248 0.003907 0.0148384 0.0168596 0.003907 0.0191237 0.0106831 0.00322083 0.00837413 0.0208398 0.003907 0.00846837 0.0210743 0.00406262 0.0116588 0.0189351 0.00371089 0.0145679 0.0165524 0.00347996 0.0144723 0.0164437 0.00322083 0.011561 0.0187763 0.00347996 0.00478498 0.0222024 0.00406262 0.00473173 0.0219553 0.003907 -0.00681625 0.0222574 0.00423583 -0.00673128 0.0219799 0.00417329 -0.00291983 0.0228014 0.00417329 -0.0104797 0.0207853 0.00423583 -0.014018 0.0189536 0.00424842 -0.0138417 0.0187152 0.00423583 0.00829105 0.0206331 0.00371089 0.00468479 0.0217375 0.00371089 -0.00288485 0.0225282 0.00406262 0.000963931 0.0226917 0.00406262 0.000953204 0.0224392 0.003907 -0.00285274 0.0222775 0.003907 -0.0103491 0.0205262 0.00417329 -0.00665063 0.0217166 0.00406262 -0.00657662 0.0214749 0.003907 -0.0102251 0.0202803 0.00406262 -0.0101113 0.0200546 0.003907 -0.0217498 0.00983154 0.00421072 -0.0195315 0.013201 0.00424842 -0.0197754 0.0133659 0.00421072 -0.0136692 0.0184819 0.00417329 -0.0135054 0.0182605 0.00406262 -0.0233732 0.0060859 0.00412381 -0.0240655 0.00204827 0.00412381 -0.0230985 0.00601439 0.00421072 -0.016596 0.015906 0.00417329 -0.0168055 0.0161068 0.00423583 -0.0192858 0.0130349 0.00423583 -0.0212113 0.00958812 0.00423583 -0.0209469 0.0094686 0.00417329 -0.0190454 0.0128725 0.00417329 -0.0214815 0.00971027 0.00424842 -0.0240655 -0.00204827 0.00412381 -0.0237827 0.00202421 0.00421072 -0.0234893 0.00199924 0.00424842 -0.0225266 0.00586547 0.00423583 -0.0228136 0.0059402 0.00424842 -0.017949 -0.0172027 0.00359939 -0.0178007 -0.0170606 0.00381368 -0.0204279 -0.0138068 0.00381368 -0.0237827 -0.00202421 0.00421072 -0.0233732 -0.0060859 0.00412381 -0.0220084 -0.00994844 0.00412381 -0.02225 -0.0100576 0.00399018 -0.0202302 -0.0136732 0.00399018 -0.0230985 -0.00601439 0.00421072 -0.0234893 -0.00199924 0.00424842 -0.0228136 -0.0059402 0.00424842 -0.0217498 -0.00983154 0.00421072 -0.0200106 -0.0135248 0.00412381 0.0148476 -0.0204226 0.0025 0.0132256 -0.0214797 0.00279575 0.0139145 -0.0210694 0.0025 -0.0195315 -0.013201 0.00424842 -0.0197754 -0.0133659 0.00421072 -0.0172321 -0.0165157 0.00421072 -0.0176284 -0.0168954 0.00399018 0.0166654 -0.0189356 0.00279575 0.0157472 -0.0197377 0.0025 -0.0146614 -0.0198235 0.00381368 -0.0111928 -0.0221995 0.00359939 -0.0111003 -0.0220161 0.00381368 -0.017437 -0.0167121 0.00412381 -0.0145195 -0.0196316 0.00399018 -0.0109929 -0.0218031 0.00399018 -0.0143619 -0.0194185 0.00412381 0.0182555 -0.0174435 0.0025 0.0174537 -0.0182455 0.0025 0.0190179 -0.0166095 0.0025 0.0196258 -0.0158467 0.00279575 -0.00721989 -0.0235754 0.00381368 -0.00715001 -0.0233472 0.00399018 0.00105515 -0.0248392 0.00359939 -0.00315786 -0.0246602 0.00359939 0.00106221 -0.0250052 0.00335347 -0.00728003 -0.0237718 0.00359939 0.00097562 0.0229668 0.00417329 -0.00313177 -0.0244565 0.00381368 0.00523782 -0.0243035 0.00359939 0.00519455 -0.0241028 0.00381368 0.00104644 -0.024634 0.00381368 0.00926979 -0.0230688 0.00359939 0.00933177 -0.023223 0.00335347 0.0210766 -0.0139039 0.0025 0.0204314 -0.0148353 0.0025 0.00527283 -0.024466 0.00335347 0.0170431 0.0137614 0.00322083 0.00919322 -0.0228782 0.00381368 0.0130351 -0.0211703 0.00359939 0.0129274 -0.0209955 0.00381368 0.0190374 0.0106349 0.00294096 0.0222363 -0.0119621 0.0025 0.0227522 -0.0109483 0.0025 0.0220216 -0.012302 0.00279575 0.0131222 -0.0213119 0.00335347 0.0165352 -0.0187877 0.00335347 0.0232204 -0.00991763 0.0025 0.0236407 -0.00887003 0.0025 0.0237839 -0.00840339 0.00279575 0.0205608 0.0072646 0.00294096 0.0206541 0.00729754 0.00322083 0.0240152 -0.00779793 0.0025 0.0243416 -0.00670966 0.0025 0.0247883 -0.00425038 0.00308299 0.0217045 -0.0121249 0.00359939 0.0218496 -0.0122059 0.00335347 0.0235981 -0.00833775 0.00335347 0.0214928 0.00368531 0.00294096 0.0248444 -0.00450741 0.0025 0.024862 -0.00426302 0.00279575 0.024618 -0.00561282 0.0025 0.0250208 -0.00339342 0.0025 0.0237134 -0.00837848 0.00308299 0.0251472 -0.00227085 0.0025 0.0252236 -0.00113971 0.0025 0.004615 0.0214137 0.00177917 0.000925493 0.0217868 0.00205904 0.000929689 0.0218856 0.00177917 -0.014018 0.0189536 0.000751577 -0.0107458 0.021313 0.000789278 -0.0106132 0.0210501 0.000751577 -0.0162147 0.0155405 0.00109301 -0.0133551 0.0180573 0.00109301 -0.0160538 0.0153864 0.00128911 -0.0163972 0.0157154 0.00093738 -0.0135054 0.0182605 0.00093738 -0.0234893 0.00199924 0.000751577 -0.0234893 -0.00199924 0.000751577 -0.0237827 0.00202421 0.000789278 -0.0219707 0.00186998 0.00152004 -0.0213386 0.00555614 0.00152004 -0.0218264 0.0018577 0.00177917 -0.0202302 -0.0136732 0.00100982 -0.017437 -0.0167121 0.000876194 -0.0176284 -0.0168954 0.00100982 -0.0168055 -0.0161068 0.000764174 -0.0192858 -0.0130349 0.000764174 -0.016596 -0.015906 0.000826708 -0.0143619 -0.0194185 0.000876194 -0.0145195 -0.0196316 0.00100982 -0.0172321 -0.0165157 0.000789278 -0.0200106 -0.0135248 0.000876194 -0.0197754 -0.0133659 0.000789278 0.00103631 -0.0243955 0.00100982 -0.00313177 -0.0244565 0.00118632 -0.00310146 -0.0242198 0.00100982 -0.00681625 -0.0222574 0.000764174 -0.0106132 -0.0210501 0.000751577 -0.0104797 -0.0207853 0.000764174 -0.00721989 -0.0235754 0.00118632 0.00104644 -0.024634 0.00118632 0.00105515 -0.0248392 0.00140061 -0.00315786 -0.0246602 0.00140061 0.00933177 -0.023223 0.00164653 0.0130351 -0.0211703 0.00140061 0.0131222 -0.0213119 0.00164653 0.0132256 -0.0214797 0.00220425 0.0129521 -0.021675 0.0025 0.0119705 -0.0222318 0.0025 0.00514427 -0.0238695 0.00100982 0.00519455 -0.0241028 0.00118632 0.00910424 -0.0226568 0.00100982 0.0128023 -0.0207922 0.00100982 0.00919322 -0.0228782 0.00118632 0.00926979 -0.0230688 0.00140061 0.00523782 -0.0243035 0.00140061 0.0166654 -0.0189356 0.00220425 0.0166133 -0.0190148 0.0025 0.0196258 -0.0158467 0.00220425 0.0195676 -0.0157998 0.00191701 0.0164254 -0.0186629 0.00140061 0.0220216 -0.012302 0.00220425 0.0194725 -0.0157229 0.00164653 0.016616 -0.0188794 0.00191701 0.0165352 -0.0187877 0.00164653 0.0218496 -0.0122059 0.00164653 0.0234414 -0.00828238 0.00140061 0.0235981 -0.00833775 0.00164653 0.0237839 -0.00840339 0.00220425 0.0237134 -0.00837848 0.00191701 0.024862 -0.00426302 0.00220425 0.0217045 -0.0121249 0.00140061 0.0252248 -5.09866e-17 0.00220425 0.0129274 -0.0209955 0.00118632 0.016132 -0.0183296 0.00100982 0.0162897 -0.0185087 0.00118632 -0.00715001 -0.0233472 0.00100982 -0.0030678 -0.0239569 0.000876194 0.0109624 -0.0227455 0.0025 -0.0109929 -0.0218031 0.00100982 -0.0070724 -0.0230938 0.000876194 -0.0108735 -0.0215664 0.000876194 -0.0069893 -0.0228224 0.000789278 -0.0141931 -0.0191904 0.000789278 -0.00728003 -0.0237718 0.00140061 -0.0146614 -0.0198235 0.00118632 -0.0111003 -0.0220161 0.00118632 -0.0138417 -0.0187152 0.000764174 -0.0103491 -0.0205262 0.000826708 -0.0225266 -0.00586547 0.000764174 -0.0212113 -0.00958812 0.000764174 -0.0228136 -0.0059402 0.000751577 -0.0217498 -0.00983154 0.000789278 -0.0214815 -0.00971027 0.000751577 -0.0195315 -0.013201 0.000751577 -0.0230985 -0.00601439 0.000789278 -0.0220084 -0.00994844 0.000876194 -0.02225 -0.0100576 0.00100982 -0.0231939 0.00197409 0.000764174 -0.0229047 0.00194948 0.000826708 -0.0229047 -0.00194948 0.000826708 -0.0219793 0.00572296 0.00093738 -0.0226303 0.00192612 0.00093738 -0.0222458 0.00579236 0.000826708 -0.0231939 -0.00197409 0.000764174 -0.0225266 0.00586547 0.000764174 -0.0228136 0.0059402 0.000751577 -0.0204279 -0.0138068 0.00118632 -0.0224674 -0.0101559 0.00118632 -0.0230985 0.00601439 0.000789278 -0.020696 0.00935516 0.00093738 -0.0188172 0.0127182 0.00093738 -0.0204656 0.00925105 0.00109301 -0.0186078 0.0125767 0.00109301 -0.0200927 0.00908247 0.00152004 -0.0199608 0.00902284 0.00177917 -0.0211985 0.00551967 0.00177917 -0.0132226 0.0178781 0.00128911 -0.010011 0.0198556 0.00128911 -0.0131117 0.0177282 0.00152004 -0.0212113 0.00958812 0.000764174 -0.0214815 0.00971027 0.000751577 -0.0217498 0.00983154 0.000789278 -0.0220084 0.00994844 0.000876194 -0.0101113 0.0200546 0.00109301 -0.00645677 0.0210836 0.00152004 -0.00280076 0.0218715 0.00152004 -0.00641439 0.0209452 0.00177917 -0.0181488 0.0122664 0.00177917 -0.0159192 0.0152573 0.00152004 -0.0158147 0.0151572 0.00177917 -0.00651138 0.0212619 0.00128911 -0.00282444 0.0220565 0.00128911 -0.0136692 0.0184819 0.000826708 -0.016596 0.015906 0.000826708 -0.0138417 0.0187152 0.000764174 -0.0168055 0.0161068 0.000764174 -0.00657662 0.0214749 0.00109301 -0.0104797 0.0207853 0.000764174 -0.0103491 0.0205262 0.000826708 0.000935833 0.0220302 0.00152004 0.0046455 0.0215552 0.00152004 0.00459417 0.021317 0.00205904 0.00813068 0.020234 0.00205904 0.0045836 0.021268 0.00235159 -0.00288485 0.0225282 0.00093738 0.000963931 0.0226917 0.00093738 -0.00285274 0.0222775 0.00109301 0.00816755 0.0203257 0.00322083 0.00822152 0.0204601 0.00347996 0.0046455 0.0215552 0.00347996 0.0114851 0.018653 0.00177917 0.00816755 0.0203257 0.00177917 0.011407 0.0185261 0.00235159 0.014407 0.0163695 0.00205904 0.0143738 0.0163319 0.00235159 0.0169272 0.0136677 0.00235159 0.0169662 0.0136993 0.00205904 0.0189936 0.0106104 0.00235159 0.0189936 0.0106104 0.00264841 0.0169272 0.0136677 0.00264841 0.000987934 0.0232567 0.000764174 0.00097562 0.0229668 0.000826708 -0.00291983 0.0228014 0.000826708 0.0190374 0.0106349 0.00205904 0.0116588 0.0189351 0.00128911 0.00822152 0.0204601 0.00152004 0.00829105 0.0206331 0.00128911 0.0205135 0.00724789 0.00264841 0.0205135 0.00724789 0.00235159 0.00490413 0.0227553 0.000764174 0.004843 0.0224716 0.000826708 0.00496661 0.0230452 0.000751577 0.0214434 0.00367683 0.00264841 0.0117756 0.0191248 0.00109301 0.0148384 0.0168596 0.00109301 0.0218065 -2.47091e-17 0.00294096 0.0214434 0.00367683 0.00235159 0.00867925 0.0215991 0.000764174 0.00878982 0.0218743 0.000751577 0.0217563 -2.46522e-17 0.00264841 0.0217563 -2.46522e-17 0.00235159 0.0214928 0.00368531 0.00205904 0.0088996 0.0221475 0.000789278 0.0207906 0.00734577 0.00152004 0.0191237 0.0106831 0.00177917 0.0192501 0.0107537 0.00152004 0.0218065 -2.47091e-17 0.00205904 0.0145679 0.0165524 0.00152004 0.0144723 0.0164437 0.00177917 0.0215903 0.00370202 0.00177917 0.0205608 0.0072646 0.00205904 0.0206541 0.00729754 0.00177917 0.0219053 -2.48211e-17 0.00177917 0.0181109 0.0146235 0.000764174 0.0178851 0.0144412 0.000826708 0.0151873 0.0172561 0.000826708 0.0217329 0.00372649 0.00152004 0.0209664 0.00740789 0.00128911 0.0219167 0.003758 0.00128911 0.015379 0.0174739 0.000764174 0.0183416 0.0148098 0.000751577 0.0220501 -2.49851e-17 0.00152004 0.0200685 0.0112109 0.000826708 0.0203218 0.0113524 0.000764174 0.0222366 -2.51964e-17 0.00128911 0.0211765 0.00748212 0.00109301 0.0221363 0.00379566 0.00109301 0.0205807 0.0114971 0.000751577 0.0224594 -2.54489e-17 0.00109301 0.0223855 0.00383837 0.00093738 0.0214148 0.00756632 0.00093738 0.0208377 0.0116406 0.000789278 0.0227121 -2.57353e-17 0.00093738 0.0185707 0.0149948 0.000789278 0.0210855 0.0117791 0.000876194 0.0225052 0.00795161 0.000789278 0.0222277 0.00785353 0.000751577 0.0229429 0.00393395 0.000764174 0.0226569 0.00388492 0.000826708 0.0216745 0.00765807 0.000826708 0.0229876 -2.60474e-17 0.000826708 0.0227728 0.00804616 0.000876194 0.021948 0.00775473 0.000764174 0.0232352 0.00398407 0.000751577 0.0235254 0.00403383 0.000789278 0.0232777 -2.63762e-17 0.000764174 0.0238051 0.00408179 0.000876194 0.0235743 -4.76504e-17 0.000751577 0.0230227 0.00813445 0.00100982 0.0213169 0.0119083 0.00100982 0.0238687 -4.82455e-17 0.000789278 0.0215252 0.0120247 0.00118632 0.0232478 0.00821395 0.00118632 0.0217045 0.0121249 0.00140061 0.0234414 0.00828238 0.00140061 0.0241525 -4.88191e-17 0.000876194 0.0243015 0.00416692 0.00118632 0.0189977 0.0153396 0.00100982 0.0244175 -4.93548e-17 0.00100982 0.024504 0.00420162 0.00140061 0.0240663 0.00412658 0.00100982 0.0246562 -4.98372e-17 0.00118632 0.0196258 0.0158467 0.00220425 0.0248616 -5.02523e-17 0.00140061 0.0220216 0.012302 0.00220425 0.0218496 0.0122059 0.00164653 0.0235981 0.00833775 0.00164653 0.0246678 0.00422971 0.00164653 0.0250278 -5.05883e-17 0.00164653 0.0237839 0.00840339 0.00220425 0.024862 0.00426302 0.00220425 0.0237134 0.00837848 0.00191701 0.02515 -5.08354e-17 0.00191701 0.0247883 0.00425038 0.00191701 0.0197408 0.0157437 0.0025 0.0237134 0.00837848 0.00308299 0.0218496 0.0122059 0.00335347 0.0217045 0.0121249 0.00359939 0.00919322 0.0228782 0.00381368 0.00523782 0.0243035 0.00359939 0.00519455 0.0241028 0.00381368 0.00910424 0.0226568 0.00399018 0.00514427 0.0238695 0.00399018 0.00900542 0.0224108 0.00412381 0.00508843 0.0236104 0.00412381 0.0122047 0.0198217 0.00423583 0.0120525 0.0195746 0.00417329 0.00502864 0.023333 0.000789278 0.00900542 0.0224108 0.000876194 0.0194128 0.0108447 0.00128911 0.0196074 0.0109533 0.00109301 0.019828 0.0110766 0.00093738 0.0170431 0.0137614 0.00177917 0.0187915 0.0151731 0.000876194 0.0191834 0.0154895 0.00118632 0.0193432 0.0156185 0.00140061 0.0194725 0.0157229 0.00164653 0.0219563 0.0122655 0.00191701 0.0166122 0.0190155 0.0025 0.0219563 0.0122655 0.00308299 0.00940524 0.0234058 0.00279575 0.00886786 0.023641 0.0025 0.0194725 0.0157229 0.00335347 -0.0129572 0.0216713 0.0025 -0.0139149 0.0210696 0.0025 -0.0190192 0.0166073 0.0025 -0.0197456 0.015737 0.0025 -0.0182112 0.017454 0.00279575 0.00105515 0.0248392 0.00359939 0.00104644 0.024634 0.00381368 0.00103631 0.0243955 0.00399018 0.00878982 0.0218743 0.00424842 0.00867925 0.0215991 0.00423583 0.00857106 0.0213299 0.00417329 0.0171558 0.0138523 0.00152004 0.0173009 0.0139695 0.00128911 0.0174742 0.0141094 0.00109301 0.0176709 0.0142682 0.00093738 0.0155749 0.0176966 0.000751577 0.0157694 0.0179176 0.000789278 0.0120525 0.0195746 0.000826708 0.0122047 0.0198217 0.000764174 0.016132 0.0183296 0.00100982 0.0159569 0.0181306 0.000876194 0.0162897 0.0185087 0.00118632 0.0164254 0.0186629 0.00140061 0.00926979 0.0230688 0.00140061 0.00933177 0.023223 0.00164653 0.0131222 0.0213119 0.00164653 0.0166654 0.0189356 0.00220425 0.0132256 0.0214797 0.00220425 0.0129481 0.021677 0.0025 0.0195676 0.0157998 0.00308299 0.0165352 0.0187877 0.00335347 -0.0174528 0.018247 0.0025 -0.020899 0.0141253 0.00279575 -0.0216792 0.0129439 0.0025 -0.022238 0.0119589 0.0025 -0.0246176 0.0056132 0.0025 -0.0248451 0.0045007 0.0025 -0.0244109 0.0063561 0.00279575 0.0155749 0.0176966 0.00424842 0.00502864 0.023333 0.00421072 0.00496661 0.0230452 0.00424842 0.00490413 0.0227553 0.00423583 0.004843 0.0224716 0.00417329 0.0169662 0.0136993 0.00294096 -0.00278237 0.0217279 0.00177917 0.0146911 0.0166924 0.00128911 0.0150053 0.0170494 0.00093738 0.00514427 0.0238695 0.00100982 0.00910424 0.0226568 0.00100982 0.00508843 0.0236104 0.000876194 0.00519455 0.0241028 0.00118632 0.00919322 0.0228782 0.00118632 0.00106221 0.0250052 0.00164653 0.00529859 0.0245855 0.00191701 0.00527283 0.024466 0.00164653 0.0128023 0.0207922 0.00100982 0.0126633 0.0205666 0.000876194 0.0129274 0.0209955 0.00118632 0.0130351 0.0211703 0.00140061 0.00940524 0.0234058 0.00220425 0.0131863 0.021416 0.00191701 0.016616 0.0188794 0.00191701 0.0165352 0.0187877 0.00164653 0.0195676 0.0157998 0.00191701 0.00992147 0.0232191 0.0025 0.016616 0.0188794 0.00308299 0.0131222 0.0213119 0.00335347 0.0130351 0.0211703 0.00359939 0.0129274 0.0209955 0.00381368 0.0128023 0.0207922 0.00399018 0.0126633 0.0205666 0.00412381 0.00102506 0.0241307 0.00412381 0.00101302 0.0238472 0.00421072 0.00100052 0.023553 0.00424842 0.000987934 0.0232567 0.00423583 0.014407 0.0163695 0.00294096 0.0143738 0.0163319 0.00264841 0.0114333 0.0185688 0.00205904 0.011561 0.0187763 0.00152004 0.00100052 0.023553 0.000751577 0.0119081 0.0193401 0.00093738 0.0123602 0.0200742 0.000751577 0.0125145 0.0203249 0.000789278 0.00857106 0.0213299 0.000826708 0.00531435 0.0246587 0.00220425 0.00561723 0.0246172 0.0025 0.0131863 0.021416 0.00308299 0.00933177 0.023223 0.00335347 0.00926979 0.0230688 0.00359939 -0.00310146 0.0242198 0.00399018 -0.0030678 0.0239569 0.00412381 -0.00303175 0.0236754 0.00421072 -0.00295669 0.0230892 0.00423583 0.0114851 0.018653 0.00322083 0.0114333 0.0185688 0.00294096 0.011407 0.0185261 0.00264841 -0.00295669 0.0230892 0.000764174 0.00837413 0.0208398 0.00109301 0.00846837 0.0210743 0.00093738 0.00103631 0.0243955 0.00100982 0.00107057 0.0252021 0.00220425 0.00113254 0.0252246 0.0025 0.00937735 0.0233364 0.00308299 -0.00780588 0.0240127 0.0025 0.00527283 0.024466 0.00335347 -0.0204299 0.0148383 0.0025 -0.0240159 0.00779659 0.0025 -0.0229856 0.0103901 0.00279575 -0.0236421 0.00886465 0.0025 -0.0252495 -7.70034e-06 0.0025 -0.025134 0.00213921 0.00279575 -0.0252242 0.00112631 0.0025 -0.0111003 0.0220161 0.00381368 -0.0147835 0.0199886 0.00359939 -0.0146614 0.0198235 0.00381368 -0.0109929 0.0218031 0.00399018 -0.0145195 0.0196316 0.00399018 -0.0108735 0.0215664 0.00412381 -0.0107458 0.021313 0.00421072 -0.0143619 0.0194185 0.00412381 -0.00690308 0.0225409 0.00424842 0.00813068 0.020234 0.00294096 0.00811198 0.0201874 0.00264841 0.00811198 0.0201874 0.00235159 0.00468479 0.0217375 0.00128911 0.00473173 0.0219553 0.00109301 0.00478498 0.0222024 0.00093738 0.00101302 0.0238472 0.000789278 0.00102506 0.0241307 0.000876194 0.00104644 0.024634 0.00118632 0.00523782 0.0243035 0.00140061 0.00105515 0.0248392 0.00140061 -0.0073287 0.0239307 0.00164653 -0.00317897 0.0248251 0.00164653 -0.00728003 0.0237718 0.00140061 0.00937735 0.0233364 0.00191701 -0.00339099 0.0250211 0.0025 0.00529859 0.0245855 0.00308299 -0.0113563 0.0225239 0.00279575 -0.0119693 0.0222322 0.0025 0.00106221 0.0250052 0.00335347 -0.025022 0.00338391 0.0025 -0.0248425 -0.00451568 0.0025 -0.025134 -0.00213921 0.00279575 -0.0250199 -0.00339648 0.0025 -0.017949 0.0172027 0.00359939 -0.0178007 0.0170606 0.00381368 -0.0176284 0.0168954 0.00399018 -0.0069893 0.0228224 0.00421072 -0.0106132 0.0210501 0.00424842 0.004615 0.0214137 0.00322083 0.00459417 0.021317 0.00294096 0.0045836 0.021268 0.00264841 0.000943747 0.0222165 0.00128911 0.000953204 0.0224392 0.00109301 -0.0109929 0.0218031 0.00100982 -0.00715001 0.0233472 0.00100982 -0.0108735 0.0215664 0.000876194 -0.0176284 0.0168954 0.00100982 -0.0146614 0.0198235 0.00118632 -0.0145195 0.0196316 0.00100982 -0.00673128 0.0219799 0.000826708 -0.00681625 0.0222574 0.000764174 -0.00310146 0.0242198 0.00100982 -0.0030678 0.0239569 0.000876194 -0.00313177 0.0244565 0.00118632 -0.00315786 0.0246602 0.00140061 -0.0111928 0.0221995 0.00140061 -0.0112676 0.0223479 0.00164653 -0.0073864 0.0241191 0.00220425 -0.003204 0.0250205 0.00220425 -0.00672058 0.0243391 0.0025 0.0010674 0.0251274 0.00308299 -0.00317897 0.0248251 0.00335347 -0.00315786 0.0246602 0.00359939 -0.00313177 0.0244565 0.00381368 -0.0252242 -0.00113741 0.0025 -0.0244109 -0.0063561 0.00279575 -0.0240112 -0.0078098 0.0025 -0.0236372 -0.00887842 0.0025 -0.0204237 -0.014846 0.0025 -0.0197359 -0.0157489 0.0025 -0.020899 -0.0141253 0.00279575 -0.00299435 0.0233833 0.00424842 -0.0141931 0.0191904 0.00421072 0.000943747 0.0222165 0.00371089 0.000935833 0.0220302 0.00347996 0.000929689 0.0218856 0.00322083 0.000925493 0.0217868 0.00294096 0.000923364 0.0217367 0.00264841 0.000923364 0.0217367 0.00235159 -0.0141931 0.0191904 0.000789278 -0.0143619 0.0194185 0.000876194 -0.0111003 0.0220161 0.00118632 -0.00299435 0.0233833 0.000751577 -0.00303175 0.0236754 0.000789278 -0.00721989 0.0235754 0.00118632 -0.0113563 0.0225239 0.00220425 -0.0073645 0.0240476 0.00191701 -0.0031945 0.0249463 0.00191701 0.0010674 0.0251274 0.00191701 -0.0109575 0.0227485 0.0025 -0.0031945 0.0249463 0.00308299 -0.0073287 0.0239307 0.00335347 -0.00728003 0.0237718 0.00359939 -0.00721989 0.0235754 0.00381368 -0.00715001 0.0233472 0.00399018 -0.0070724 0.0230938 0.00412381 -0.017437 0.0167121 0.00412381 -0.0172321 0.0165157 0.00421072 -0.00282444 0.0220565 0.00371089 -0.00280076 0.0218715 0.00347996 -0.00278237 0.0217279 0.00322083 -0.00276981 0.0216298 0.00294096 -0.00276344 0.0215801 0.00264841 -0.00276344 0.0215801 0.00235159 -0.00276981 0.0216298 0.00205904 -0.00665063 0.0217166 0.00093738 -0.00986187 0.0195599 0.00177917 -0.00690308 0.0225409 0.000751577 -0.0069893 0.0228224 0.000789278 -0.0149995 0.0202807 0.00220425 -0.0148424 0.0204271 0.0025 -0.0073645 0.0240476 0.00308299 -0.0112676 0.0223479 0.00335347 -0.0111928 0.0221995 0.00359939 -0.0224674 0.0101559 0.00381368 -0.0240594 0.00626457 0.00359939 -0.0238606 0.00621282 0.00381368 -0.0200106 0.0135248 0.00412381 -0.0220084 0.00994844 0.00412381 -0.00651138 0.0212619 0.00371089 -0.00645677 0.0210836 0.00347996 -0.00641439 0.0209452 0.00322083 -0.00638543 0.0208506 0.00294096 -0.00637074 0.0208027 0.00264841 -0.00637074 0.0208027 0.00235159 -0.00638543 0.0208506 0.00205904 -0.00992704 0.0196891 0.00152004 -0.0102251 0.0202803 0.00093738 -0.0130256 0.0176118 0.00177917 -0.0070724 0.0230938 0.000876194 -0.0147835 0.0199886 0.00140061 -0.0148823 0.0201223 0.00164653 -0.0113226 0.0224571 0.00191701 -0.0182507 0.0174491 0.0025 -0.0113226 0.0224571 0.00308299 -0.0232193 0.00991993 0.0025 -0.0148823 0.0201223 0.00335347 -0.0222308 -0.0119718 0.0025 -0.0216725 -0.0129558 0.0025 -0.0166069 -0.0190197 0.0025 -0.0182112 -0.017454 0.00279575 -0.017444 -0.0182548 0.0025 -0.024772 0.00210841 0.00359939 -0.0245674 0.00209099 0.00381368 -0.0236297 0.00615268 0.00399018 -0.0243296 0.00207075 0.00399018 -0.010011 0.0198556 0.00371089 -0.00992704 0.0196891 0.00347996 -0.00986187 0.0195599 0.00322083 -0.00981735 0.0194716 0.00294096 -0.00979477 0.0194268 0.00264841 -0.00979477 0.0194268 0.00235159 -0.00981735 0.0194716 0.00205904 -0.0170196 0.016312 0.000751577 -0.0172321 0.0165157 0.000789278 -0.0190454 0.0128725 0.000826708 -0.0192858 0.0130349 0.000764174 -0.017437 0.0167121 0.000876194 -0.0178007 0.0170606 0.00118632 -0.017949 0.0172027 0.00140061 -0.0226546 0.0102405 0.00140061 -0.022806 0.010309 0.00164653 -0.0207358 0.0140149 0.00164653 -0.0182112 0.017454 0.00220425 -0.021074 0.013908 0.0025 -0.014955 0.0202206 0.00308299 -0.018069 0.0173177 0.00335347 -0.0190115 -0.0166167 0.0025 -0.0129444 -0.0216792 0.0025 -0.0149995 -0.0202807 0.00279575 -0.0139036 -0.0210765 0.0025 -0.022806 -0.010309 0.00335347 -0.0226546 -0.0102405 0.00359939 -0.0240594 -0.00626457 0.00359939 -0.0170196 0.016312 0.00424842 -0.0133551 0.0180573 0.003907 -0.0132226 0.0178781 0.00371089 -0.0131117 0.0177282 0.00347996 -0.0130256 0.0176118 0.00322083 -0.0129668 0.0175323 0.00294096 -0.012937 0.017492 0.00264841 -0.012937 0.017492 0.00235159 -0.0129668 0.0175323 0.00205904 -0.0209469 0.0094686 0.000826708 -0.0236297 0.00615268 0.00100982 -0.02225 0.0100576 0.00100982 -0.0233732 0.0060859 0.000876194 -0.0238606 0.00621282 0.00118632 -0.0224674 0.0101559 0.00118632 -0.0202302 0.0136732 0.00100982 -0.0200106 0.0135248 0.000876194 -0.0204279 0.0138068 0.00118632 -0.020598 0.0139218 0.00140061 -0.0240594 0.00626457 0.00140061 -0.0242202 0.00630645 0.00164653 -0.0229856 0.0103901 0.00220425 -0.020899 0.0141253 0.00220425 -0.020837 0.0140834 0.00191701 -0.0181572 0.0174023 0.00191701 -0.018069 0.0173177 0.00164653 -0.014955 0.0202206 0.00191701 -0.0227507 0.0109529 0.0025 -0.0181572 0.0174023 0.00308299 -0.0207358 0.0140149 0.00335347 -0.020598 0.0139218 0.00359939 -0.0204279 0.0138068 0.00381368 -0.0202302 0.0136732 0.00399018 -0.0113563 -0.0225239 0.00279575 -0.00991647 -0.0232206 0.0025 -0.00886603 -0.0236419 0.0025 -0.0163972 0.0157154 0.00406262 -0.0162147 0.0155405 0.003907 -0.0160538 0.0153864 0.00371089 -0.0159192 0.0152573 0.00347996 -0.0158147 0.0151572 0.00322083 -0.0157433 0.0150887 0.00294096 -0.0157071 0.015054 0.00264841 -0.0157071 0.015054 0.00235159 -0.0157433 0.0150887 0.00205904 -0.0182687 0.0123475 0.00152004 -0.0195315 0.013201 0.000751577 -0.0197754 0.0133659 0.000789278 -0.0244109 0.0063561 0.00220425 -0.0243405 0.00671574 0.0025 -0.020837 0.0140834 0.00308299 -0.022806 0.010309 0.00335347 -0.0226546 0.0102405 0.00359939 -0.02225 0.0100576 0.00399018 -0.0243296 -0.00207075 0.00399018 -0.0188172 0.0127182 0.00406262 -0.0186078 0.0125767 0.003907 -0.0184232 0.0124519 0.00371089 -0.0182687 0.0123475 0.00347996 -0.0181488 0.0122664 0.00322083 -0.0180669 0.0122111 0.00294096 -0.0180253 0.012183 0.00264841 -0.0180253 0.012183 0.00235159 -0.0180669 0.0122111 0.00205904 -0.0184232 0.0124519 0.00128911 -0.0243296 0.00207075 0.00100982 -0.025134 0.00213921 0.00220425 -0.0251484 0.00226281 0.0025 -0.0229174 0.0103593 0.00308299 -0.0243389 -0.00672029 0.0025 -0.0242202 0.00630645 0.00335347 -0.0157398 -0.0197438 0.0025 -0.00112506 -0.0252244 0.0025 -0.003204 -0.0250205 0.00279575 -0.00225709 -0.0251483 0.0025 -0.020598 -0.0139218 0.00359939 -0.0224674 -0.0101559 0.00381368 -0.020696 0.00935516 0.00406262 -0.0204656 0.00925105 0.003907 -0.0202626 0.00915927 0.00371089 -0.0200927 0.00908247 0.00347996 -0.0199608 0.00902284 0.00322083 -0.0198707 0.00898211 0.00294096 -0.019825 0.00896145 0.00264841 -0.019825 0.00896145 0.00235159 -0.0198707 0.00898211 0.00205904 -0.0202626 0.00915927 0.00128911 -0.0240655 0.00204827 0.000876194 -0.0245674 0.00209099 0.00118632 -0.024772 0.00210841 0.00140061 -0.0249376 0.0021225 0.00164653 -0.0243385 0.00633726 0.00191701 -0.0229174 0.0103593 0.00191701 -0.0251481 -0.00226449 0.0025 -0.0243385 0.00633726 0.00308299 -0.0229856 -0.0103901 0.00279575 -0.022747 -0.0109595 0.0025 -0.0249376 0.0021225 0.00335347 -0.00561083 -0.0246181 0.0025 -0.00450289 -0.024845 0.0025 0.00227039 -0.0251471 0.0025 0.00339669 -0.0250201 0.0025 0.00107057 -0.0252021 0.00279575 -0.0222458 0.00579236 0.00417329 -0.0219793 0.00572296 0.00406262 -0.0217347 0.00565927 0.003907 -0.0215191 0.00560313 0.00371089 -0.0213386 0.00555614 0.00347996 -0.0211985 0.00551967 0.00322083 -0.0211028 0.00549475 0.00294096 -0.0210543 0.00548211 0.00264841 -0.0210543 0.00548211 0.00235159 -0.0211028 0.00549475 0.00205904 -0.0215191 0.00560313 0.00128911 -0.0217347 0.00565927 0.00109301 -0.0222458 -0.00579236 0.000826708 -0.0243296 -0.00207075 0.00100982 -0.0240655 -0.00204827 0.000876194 -0.0245674 -0.00209099 0.00118632 -0.024772 -0.00210841 0.00140061 -0.0226546 -0.0102405 0.00140061 -0.022806 -0.010309 0.00164653 -0.0242202 -0.00630645 0.00164653 -0.0244109 -0.0063561 0.00220425 -0.025134 -0.00213921 0.00220425 -0.0246161 -0.0056221 0.0025 -0.0250594 0.00213287 0.00308299 -0.0249376 -0.0021225 0.00335347 -0.024772 -0.00210841 0.00359939 -0.0245674 -0.00209099 0.00381368 4.82053e-06 -0.0252498 0.0025 0.00531435 -0.0246587 0.00279575 0.00672459 -0.0243374 0.0025 0.00780914 -0.0240117 0.0025 -0.0231939 0.00197409 0.00423583 -0.0229047 0.00194948 0.00417329 -0.0226303 0.00192612 0.00406262 -0.0223785 0.00190469 0.003907 -0.0221565 0.00188579 0.00371089 -0.0219707 0.00186998 0.00347996 -0.0218264 0.0018577 0.00322083 -0.0217279 0.00184932 0.00294096 -0.0216779 0.00184506 0.00264841 -0.0216779 0.00184506 0.00235159 -0.0217279 0.00184932 0.00205904 -0.0221565 0.00188579 0.00128911 -0.0223785 0.00190469 0.00109301 -0.020598 -0.0139218 0.00140061 -0.0237827 -0.00202421 0.000789278 -0.0236297 -0.00615268 0.00100982 -0.0238606 -0.00621282 0.00118632 -0.0240594 -0.00626457 0.00140061 -0.0229856 -0.0103901 0.00220425 -0.0243385 -0.00633726 0.00191701 -0.0250594 -0.00213287 0.00191701 -0.0249376 -0.0021225 0.00164653 -0.0250594 0.00213287 0.00191701 -0.0232171 -0.00992613 0.0025 -0.0250594 -0.00213287 0.00308299 -0.0242202 -0.00630645 0.00335347 -0.0238606 -0.00621282 0.00381368 -0.0236297 -0.00615268 0.00399018 -0.0231939 -0.00197409 0.00423583 -0.0229047 -0.00194948 0.00417329 -0.0226303 -0.00192612 0.00406262 -0.0223785 -0.00190469 0.003907 -0.0221565 -0.00188579 0.00371089 -0.0219707 -0.00186998 0.00347996 -0.0218264 -0.0018577 0.00322083 -0.0217279 -0.00184932 0.00294096 -0.0216779 -0.00184506 0.00264841 -0.0216779 -0.00184506 0.00235159 -0.0217279 -0.00184932 0.00205904 -0.0218264 -0.0018577 0.00177917 -0.0219707 -0.00186998 0.00152004 -0.0221565 -0.00188579 0.00128911 -0.0223785 -0.00190469 0.00109301 -0.0226303 -0.00192612 0.00093738 -0.0209469 -0.0094686 0.000826708 -0.020899 -0.0141253 0.00220425 -0.0210722 -0.0139112 0.0025 -0.0243385 -0.00633726 0.00308299 -0.0225266 -0.00586547 0.00423583 -0.0222458 -0.00579236 0.00417329 -0.0219793 -0.00572296 0.00406262 -0.0217347 -0.00565927 0.003907 -0.0215191 -0.00560313 0.00371089 -0.0213386 -0.00555614 0.00347996 -0.0211985 -0.00551967 0.00322083 -0.0211028 -0.00549475 0.00294096 -0.0210543 -0.00548211 0.00264841 -0.0210543 -0.00548211 0.00235159 -0.0211028 -0.00549475 0.00205904 -0.0211985 -0.00551967 0.00177917 -0.0213386 -0.00555614 0.00152004 -0.0215191 -0.00560313 0.00128911 -0.0217347 -0.00565927 0.00109301 -0.0219793 -0.00572296 0.00093738 -0.0233732 -0.0060859 0.000876194 -0.0190454 -0.0128725 0.000826708 -0.0182112 -0.017454 0.00220425 -0.0182505 -0.0174494 0.0025 -0.0229174 -0.0103593 0.00308299 -0.010952 -0.0227507 0.0025 -0.0207358 -0.0140149 0.00335347 0.0045123 -0.0248434 0.0025 -0.0214815 -0.00971027 0.00424842 -0.0212113 -0.00958812 0.00423583 -0.0209469 -0.0094686 0.00417329 -0.020696 -0.00935516 0.00406262 -0.0204656 -0.00925105 0.003907 -0.0202626 -0.00915927 0.00371089 -0.0200927 -0.00908247 0.00347996 -0.0199608 -0.00902284 0.00322083 -0.0198707 -0.00898211 0.00294096 -0.019825 -0.00896145 0.00264841 -0.019825 -0.00896145 0.00235159 -0.0198707 -0.00898211 0.00205904 -0.0199608 -0.00902284 0.00177917 -0.0200927 -0.00908247 0.00152004 -0.0202626 -0.00915927 0.00128911 -0.0204656 -0.00925105 0.00109301 -0.020696 -0.00935516 0.00093738 -0.0136692 -0.0184819 0.000826708 -0.0178007 -0.0170606 0.00118632 -0.017949 -0.0172027 0.00140061 -0.0112676 -0.0223479 0.00164653 -0.0148823 -0.0201223 0.00164653 -0.0111928 -0.0221995 0.00140061 -0.0207358 -0.0140149 0.00164653 -0.0229174 -0.0103593 0.00191701 -0.0148399 -0.0204286 0.0025 -0.020837 -0.0140834 0.00308299 -0.0073864 -0.0241191 0.00279575 -0.00671231 -0.0243409 0.0025 -0.018069 -0.0173177 0.00335347 -0.0192858 -0.0130349 0.00423583 -0.0190454 -0.0128725 0.00417329 -0.0188172 -0.0127182 0.00406262 -0.0186078 -0.0125767 0.003907 -0.0184232 -0.0124519 0.00371089 -0.0182687 -0.0123475 0.00347996 -0.0181488 -0.0122664 0.00322083 -0.0180669 -0.0122111 0.00294096 -0.0180253 -0.012183 0.00264841 -0.0180253 -0.012183 0.00235159 -0.0180669 -0.0122111 0.00205904 -0.0181488 -0.0122664 0.00177917 -0.0182687 -0.0123475 0.00152004 -0.0184232 -0.0124519 0.00128911 -0.0186078 -0.0125767 0.00109301 -0.0188172 -0.0127182 0.00093738 -0.0147835 -0.0199886 0.00140061 -0.0073287 -0.0239307 0.00164653 -0.0113563 -0.0225239 0.00220425 -0.0149995 -0.0202807 0.00220425 -0.014955 -0.0202206 0.00191701 -0.018069 -0.0173177 0.00164653 -0.020837 -0.0140834 0.00191701 -0.0119624 -0.0222365 0.0025 -0.0181572 -0.0174023 0.00308299 -0.0148823 -0.0201223 0.00335347 -0.0147835 -0.0199886 0.00359939 -0.0170196 -0.016312 0.00424842 -0.0168055 -0.0161068 0.00423583 -0.016596 -0.015906 0.00417329 -0.0163972 -0.0157154 0.00406262 -0.0162147 -0.0155405 0.003907 -0.0160538 -0.0153864 0.00371089 -0.0159192 -0.0152573 0.00347996 -0.0158147 -0.0151572 0.00322083 -0.0157433 -0.0150887 0.00294096 -0.0157071 -0.015054 0.00264841 -0.0157071 -0.015054 0.00235159 -0.0157433 -0.0150887 0.00205904 -0.0158147 -0.0151572 0.00177917 -0.0159192 -0.0152573 0.00152004 -0.0160538 -0.0153864 0.00128911 -0.0162147 -0.0155405 0.00109301 -0.0163972 -0.0157154 0.00093738 0.00527283 -0.024466 0.00164653 -0.0170196 -0.016312 0.000751577 -0.0073864 -0.0241191 0.00220425 -0.0113226 -0.0224571 0.00191701 -0.0181572 -0.0174023 0.00191701 -0.00780073 -0.0240148 0.0025 -0.014955 -0.0202206 0.00308299 -0.0112676 -0.0223479 0.00335347 -0.0141931 -0.0191904 0.00421072 -0.014018 -0.0189536 0.00424842 -0.0138417 -0.0187152 0.00423583 -0.0136692 -0.0184819 0.00417329 -0.0135054 -0.0182605 0.00406262 -0.0133551 -0.0180573 0.003907 -0.0132226 -0.0178781 0.00371089 -0.0131117 -0.0177282 0.00347996 -0.0130256 -0.0176118 0.00322083 -0.0129668 -0.0175323 0.00294096 -0.012937 -0.017492 0.00264841 -0.012937 -0.017492 0.00235159 -0.0129668 -0.0175323 0.00205904 -0.0130256 -0.0176118 0.00177917 -0.0131117 -0.0177282 0.00152004 -0.0132226 -0.0178781 0.00128911 -0.0133551 -0.0180573 0.00109301 -0.0135054 -0.0182605 0.00093738 -0.014018 -0.0189536 0.000751577 -0.003204 -0.0250205 0.00220425 -0.00338852 -0.0250216 0.0025 -0.0113226 -0.0224571 0.00308299 -0.0073287 -0.0239307 0.00335347 -0.0108735 -0.0215664 0.00412381 -0.0107458 -0.021313 0.00421072 -0.0106132 -0.0210501 0.00424842 -0.0104797 -0.0207853 0.00423583 -0.0103491 -0.0205262 0.00417329 -0.0102251 -0.0202803 0.00406262 -0.0101113 -0.0200546 0.003907 -0.010011 -0.0198556 0.00371089 -0.00992704 -0.0196891 0.00347996 -0.00986187 -0.0195599 0.00322083 -0.00981735 -0.0194716 0.00294096 -0.00979477 -0.0194268 0.00264841 -0.00979477 -0.0194268 0.00235159 -0.00981735 -0.0194716 0.00205904 -0.00986187 -0.0195599 0.00177917 -0.00992704 -0.0196891 0.00152004 -0.010011 -0.0198556 0.00128911 -0.0101113 -0.0200546 0.00109301 -0.0102251 -0.0202803 0.00093738 -0.0107458 -0.021313 0.000789278 -0.00317897 -0.0248251 0.00164653 -0.0073645 -0.0240476 0.00191701 0.0011334 -0.0252245 0.0025 -0.0073645 -0.0240476 0.00308299 0.00940524 -0.0234058 0.00279575 0.00992764 -0.023216 0.0025 -0.00317897 -0.0248251 0.00335347 -0.0070724 -0.0230938 0.00412381 -0.0069893 -0.0228224 0.00421072 -0.00690308 -0.0225409 0.00424842 -0.00681625 -0.0222574 0.00423583 -0.00673128 -0.0219799 0.00417329 -0.00665063 -0.0217166 0.00406262 -0.00657662 -0.0214749 0.003907 -0.00651138 -0.0212619 0.00371089 -0.00645677 -0.0210836 0.00347996 -0.00641439 -0.0209452 0.00322083 -0.00638543 -0.0208506 0.00294096 -0.00637074 -0.0208027 0.00264841 -0.00637074 -0.0208027 0.00235159 -0.00638543 -0.0208506 0.00205904 -0.00641439 -0.0209452 0.00177917 -0.00645677 -0.0210836 0.00152004 -0.00651138 -0.0212619 0.00128911 -0.00657662 -0.0214749 0.00109301 -0.00665063 -0.0217166 0.00093738 -0.00673128 -0.0219799 0.000826708 -0.00690308 -0.0225409 0.000751577 0.00107057 -0.0252021 0.00220425 0.00562113 -0.024616 0.0025 -0.0031945 -0.0249463 0.00308299 -0.00310146 -0.0242198 0.00399018 -0.0030678 -0.0239569 0.00412381 -0.00303175 -0.0236754 0.00421072 -0.00299435 -0.0233833 0.00424842 -0.00295669 -0.0230892 0.00423583 -0.00291983 -0.0228014 0.00417329 -0.00288485 -0.0225282 0.00406262 -0.00285274 -0.0222775 0.003907 -0.00282444 -0.0220565 0.00371089 -0.00280076 -0.0218715 0.00347996 -0.00278237 -0.0217279 0.00322083 -0.00276981 -0.0216298 0.00294096 -0.00276344 -0.0215801 0.00264841 -0.00276344 -0.0215801 0.00235159 -0.00276981 -0.0216298 0.00205904 -0.00278237 -0.0217279 0.00177917 -0.00280076 -0.0218715 0.00152004 -0.00282444 -0.0220565 0.00128911 -0.00285274 -0.0222775 0.00109301 -0.00288485 -0.0225282 0.00093738 -0.00291983 -0.0228014 0.000826708 -0.00295669 -0.0230892 0.000764174 -0.00299435 -0.0233833 0.000751577 -0.00303175 -0.0236754 0.000789278 0.00940524 -0.0234058 0.00220425 0.00531435 -0.0246587 0.00220425 0.00529859 -0.0245855 0.00191701 0.0010674 -0.0251274 0.00191701 0.00106221 -0.0250052 0.00164653 -0.0031945 -0.0249463 0.00191701 0.00887476 -0.0236389 0.0025 0.0010674 -0.0251274 0.00308299 0.00103631 -0.0243955 0.00399018 0.00102506 -0.0241307 0.00412381 0.00101302 -0.0238472 0.00421072 0.00100052 -0.023553 0.00424842 0.000987934 -0.0232567 0.00423583 0.00097562 -0.0229668 0.00417329 0.000963931 -0.0226917 0.00406262 0.000953204 -0.0224392 0.003907 0.000943747 -0.0222165 0.00371089 0.000935833 -0.0220302 0.00347996 0.000929689 -0.0218856 0.00322083 0.000925493 -0.0217868 0.00294096 0.000923364 -0.0217367 0.00264841 0.000923364 -0.0217367 0.00235159 0.000925493 -0.0217868 0.00205904 0.000929689 -0.0218856 0.00177917 0.000935833 -0.0220302 0.00152004 0.000943747 -0.0222165 0.00128911 0.000953204 -0.0224392 0.00109301 0.000963931 -0.0226917 0.00093738 0.00097562 -0.0229668 0.000826708 0.000987934 -0.0232567 0.000764174 0.00100052 -0.023553 0.000751577 0.00101302 -0.0238472 0.000789278 0.00102506 -0.0241307 0.000876194 0.00529859 -0.0245855 0.00308299 0.00514427 -0.0238695 0.00399018 0.00508843 -0.0236104 0.00412381 0.00502864 -0.023333 0.00421072 0.00496661 -0.0230452 0.00424842 0.00490413 -0.0227553 0.00423583 0.004843 -0.0224716 0.00417329 0.00478498 -0.0222024 0.00406262 0.00473173 -0.0219553 0.003907 0.00468479 -0.0217375 0.00371089 0.0046455 -0.0215552 0.00347996 0.004615 -0.0214137 0.00322083 0.00459417 -0.021317 0.00294096 0.0045836 -0.021268 0.00264841 0.0045836 -0.021268 0.00235159 0.00459417 -0.021317 0.00205904 0.004615 -0.0214137 0.00177917 0.0046455 -0.0215552 0.00152004 0.00468479 -0.0217375 0.00128911 0.00473173 -0.0219553 0.00109301 0.00478498 -0.0222024 0.00093738 0.004843 -0.0224716 0.000826708 0.00490413 -0.0227553 0.000764174 0.00496661 -0.0230452 0.000751577 0.00502864 -0.023333 0.000789278 0.00508843 -0.0236104 0.000876194 0.00937735 -0.0233364 0.00308299 0.00910424 -0.0226568 0.00399018 0.00900542 -0.0224108 0.00412381 0.0088996 -0.0221475 0.00421072 0.00878982 -0.0218743 0.00424842 0.00867925 -0.0215991 0.00423583 0.00857106 -0.0213299 0.00417329 0.00846837 -0.0210743 0.00406262 0.00837413 -0.0208398 0.003907 0.00829105 -0.0206331 0.00371089 0.00822152 -0.0204601 0.00347996 0.00816755 -0.0203257 0.00322083 0.00813068 -0.020234 0.00294096 0.00811198 -0.0201874 0.00264841 0.00811198 -0.0201874 0.00235159 0.00813068 -0.020234 0.00205904 0.00816755 -0.0203257 0.00177917 0.00822152 -0.0204601 0.00152004 0.00829105 -0.0206331 0.00128911 0.00837413 -0.0208398 0.00109301 0.00846837 -0.0210743 0.00093738 0.00857106 -0.0213299 0.000826708 0.00867925 -0.0215991 0.000764174 0.00878982 -0.0218743 0.000751577 0.0088996 -0.0221475 0.000789278 0.00900542 -0.0224108 0.000876194 0.00937735 -0.0233364 0.00191701 0.019742 -0.0157419 0.0025 0.0131863 -0.021416 0.00308299 0.0128023 -0.0207922 0.00399018 0.0126633 -0.0205666 0.00412381 0.0125145 -0.0203249 0.00421072 0.0123602 -0.0200742 0.00424842 0.0122047 -0.0198217 0.00423583 0.0120525 -0.0195746 0.00417329 0.0119081 -0.0193401 0.00406262 0.0117756 -0.0191248 0.003907 0.0116588 -0.0189351 0.00371089 0.011561 -0.0187763 0.00347996 0.0114851 -0.018653 0.00322083 0.0114333 -0.0185688 0.00294096 0.011407 -0.0185261 0.00264841 0.011407 -0.0185261 0.00235159 0.0114333 -0.0185688 0.00205904 0.0114851 -0.018653 0.00177917 0.011561 -0.0187763 0.00152004 0.0116588 -0.0189351 0.00128911 0.0117756 -0.0191248 0.00109301 0.0119081 -0.0193401 0.00093738 0.0120525 -0.0195746 0.000826708 0.0122047 -0.0198217 0.000764174 0.0123602 -0.0200742 0.000751577 0.0125145 -0.0203249 0.000789278 0.0126633 -0.0205666 0.000876194 0.0131863 -0.021416 0.00191701 0.0216775 -0.0129477 0.0025 0.016616 -0.0188794 0.00308299 0.0164254 -0.0186629 0.00359939 0.0162897 -0.0185087 0.00381368 0.016132 -0.0183296 0.00399018 0.0159569 -0.0181306 0.00412381 0.0157694 -0.0179176 0.00421072 0.0155749 -0.0176966 0.00424842 0.015379 -0.0174739 0.00423583 0.0151873 -0.0172561 0.00417329 0.0150053 -0.0170494 0.00406262 0.0148384 -0.0168596 0.003907 0.0146911 -0.0166924 0.00371089 0.0145679 -0.0165524 0.00347996 0.0144723 -0.0164437 0.00322083 0.014407 -0.0163695 0.00294096 0.0143738 -0.0163319 0.00264841 0.0143738 -0.0163319 0.00235159 0.014407 -0.0163695 0.00205904 0.0144723 -0.0164437 0.00177917 0.0145679 -0.0165524 0.00152004 0.0146911 -0.0166924 0.00128911 0.0148384 -0.0168596 0.00109301 0.0150053 -0.0170494 0.00093738 0.0151873 -0.0172561 0.000826708 0.015379 -0.0174739 0.000764174 0.0155749 -0.0176966 0.000751577 0.0157694 -0.0179176 0.000789278 0.0159569 -0.0181306 0.000876194 0.0219563 -0.0122655 0.00191701 0.0193432 -0.0156185 0.00140061 0.0194725 -0.0157229 0.00335347 0.0195676 -0.0157998 0.00308299 0.0193432 -0.0156185 0.00359939 0.0191834 -0.0154895 0.00381368 0.0189977 -0.0153396 0.00399018 0.0187915 -0.0151731 0.00412381 0.0185707 -0.0149948 0.00421072 0.0183416 -0.0148098 0.00424842 0.0181109 -0.0146235 0.00423583 0.0178851 -0.0144412 0.00417329 0.0176709 -0.0142682 0.00406262 0.0174742 -0.0141094 0.003907 0.0173009 -0.0139695 0.00371089 0.0171558 -0.0138523 0.00347996 0.0170431 -0.0137614 0.00322083 0.0169662 -0.0136993 0.00294096 0.0169272 -0.0136677 0.00264841 0.0169272 -0.0136677 0.00235159 0.0169662 -0.0136993 0.00205904 0.0170431 -0.0137614 0.00177917 0.0171558 -0.0138523 0.00152004 0.0173009 -0.0139695 0.00128911 0.0174742 -0.0141094 0.00109301 0.0176709 -0.0142682 0.00093738 0.0178851 -0.0144412 0.000826708 0.0181109 -0.0146235 0.000764174 0.0183416 -0.0148098 0.000751577 0.0185707 -0.0149948 0.000789278 0.0187915 -0.0151731 0.000876194 0.0189977 -0.0153396 0.00100982 0.0191834 -0.0154895 0.00118632 0.0219563 -0.0122655 0.00308299 0.0215252 -0.0120247 0.00381368 0.0213169 -0.0119083 0.00399018 0.0210855 -0.0117791 0.00412381 0.0208377 -0.0116406 0.00421072 0.0205807 -0.0114971 0.00424842 0.0203218 -0.0113524 0.00423583 0.0200685 -0.0112109 0.00417329 0.019828 -0.0110766 0.00406262 0.0196074 -0.0109533 0.003907 0.0194128 -0.0108447 0.00371089 0.0192501 -0.0107537 0.00347996 0.0191237 -0.0106831 0.00322083 0.0190374 -0.0106349 0.00294096 0.0189936 -0.0106104 0.00264841 0.0189936 -0.0106104 0.00235159 0.0190374 -0.0106349 0.00205904 0.0191237 -0.0106831 0.00177917 0.0192501 -0.0107537 0.00152004 0.0194128 -0.0108447 0.00128911 0.0196074 -0.0109533 0.00109301 0.019828 -0.0110766 0.00093738 0.0200685 -0.0112109 0.000826708 0.0203218 -0.0113524 0.000764174 0.0205807 -0.0114971 0.000751577 0.0208377 -0.0116406 0.000789278 0.0210855 -0.0117791 0.000876194 0.0213169 -0.0119083 0.00100982 0.0215252 -0.0120247 0.00118632 0.0234414 -0.00828238 0.00359939 0.0232478 -0.00821395 0.00381368 0.0230227 -0.00813445 0.00399018 0.0227728 -0.00804616 0.00412381 0.0225052 -0.00795161 0.00421072 0.0222277 -0.00785353 0.00424842 0.021948 -0.00775473 0.00423583 0.0216745 -0.00765807 0.00417329 0.0214148 -0.00756632 0.00406262 0.0211765 -0.00748212 0.003907 0.0209664 -0.00740789 0.00371089 0.0207906 -0.00734577 0.00347996 0.0206541 -0.00729754 0.00322083 0.0205608 -0.0072646 0.00294096 0.0205135 -0.00724789 0.00264841 0.0205135 -0.00724789 0.00235159 0.0205608 -0.0072646 0.00205904 0.0206541 -0.00729754 0.00177917 0.0207906 -0.00734577 0.00152004 0.0209664 -0.00740789 0.00128911 0.0211765 -0.00748212 0.00109301 0.0214148 -0.00756632 0.00093738 0.0216745 -0.00765807 0.000826708 0.021948 -0.00775473 0.000764174 0.0222277 -0.00785353 0.000751577 0.0225052 -0.00795161 0.000789278 0.0227728 -0.00804616 0.000876194 0.0230227 -0.00813445 0.00100982 0.0232478 -0.00821395 0.00118632 0.0247883 -0.00425038 0.00191701 0.0246678 -0.00422971 0.00164653 0.0246678 -0.00422971 0.00335347 0.024504 -0.00420162 0.00359939 0.0243015 -0.00416692 0.00381368 0.0240663 -0.00412658 0.00399018 0.0238051 -0.00408179 0.00412381 0.0235254 -0.00403383 0.00421072 0.0232352 -0.00398407 0.00424842 0.0229429 -0.00393395 0.00423583 0.0226569 -0.00388492 0.00417329 0.0223855 -0.00383837 0.00406262 0.0221363 -0.00379566 0.003907 0.0219167 -0.003758 0.00371089 0.0217329 -0.00372649 0.00347996 0.0215903 -0.00370202 0.00322083 0.0214928 -0.00368531 0.00294096 0.0214434 -0.00367683 0.00264841 0.0214434 -0.00367683 0.00235159 0.0214928 -0.00368531 0.00205904 0.0215903 -0.00370202 0.00177917 0.0217329 -0.00372649 0.00152004 0.0219167 -0.003758 0.00128911 0.0221363 -0.00379566 0.00109301 0.0223855 -0.00383837 0.00093738 0.0226569 -0.00388492 0.000826708 0.0229429 -0.00393395 0.000764174 0.0232352 -0.00398407 0.000751577 0.0235254 -0.00403383 0.000789278 0.0238051 -0.00408179 0.000876194 0.0240663 -0.00412658 0.00100982 0.0243015 -0.00416692 0.00118632 0.024504 -0.00420162 0.00140061</float_array>
          <technique_common>
            <accessor count="1472" source="#ID36" stride="3">
              <param name="X" type="float"/>
              <param name="Y" type="float"/>
              <param name="Z" type="float"/>
            </accessor>
          </technique_common>
        </source>
        <source id="ID37">
          <float_array count="4416" id="ID38">0.516766 0.0886084 0.851529 0.367493 0.0630131 0.927889 0.372857 -1.94975e-10 0.927889 0.651172 0.111655 0.750672 0.524307 5.47118e-11 0.851529 -0.0448649 0.998993 -1.74846e-07 0.0418307 0.984728 0.169001 -4.37114e-08 1 -1.74846e-07 0.622935 0.220097 0.750672 0.733592 0.259195 0.62822 0.134233 0.99095 -1.74846e-07 0.0896393 0.995974 -1.74846e-07 -0.125191 0.977633 0.169001 -0.0896393 0.995974 -1.74846e-07 0.766844 0.131489 0.62822 0.660675 -4.83148e-10 0.750672 0.207649 0.963494 0.169001 0.178557 0.98393 -1.74846e-07 0.823145 0.290836 0.487695 0.309017 0.951057 -1.74846e-07 0.266037 0.963963 -1.74846e-07 0.433884 0.900969 -1.74846e-07 0.516766 0.839281 0.169001 0.473869 0.880596 -1.74846e-07 0.778036 -4.47448e-10 0.62822 0.860457 0.14754 0.487695 0.766844 0.619184 0.169001 0.722795 0.691063 -1.74846e-07 0.651172 0.739875 0.169001 0.691063 0.722795 -1.74846e-07 0.587785 0.809017 -1.74846e-07 0.550897 0.834573 -1.74846e-07 0.929315 0.328348 0.169001 0.900969 0.433884 -1.74846e-07 0.860457 0.48068 0.169001 0.62349 0.781832 -1.74846e-07 0.971439 0.16657 0.169001 0.963963 0.266037 -1.74846e-07 0.873014 4.55475e-11 0.487695 0.929315 0.159347 0.33314 0.753071 0.657939 -1.74846e-07 0.880596 0.473869 -1.74846e-07 0.858449 0.512899 -1.74846e-07 0.834573 0.550897 -1.74846e-07 0.809017 0.587785 -1.74846e-07 0.919528 0.393025 -1.74846e-07 0.942877 -2.71127e-10 0.33314 0.985616 -1.41711e-10 0.169001 0.995974 0.0896393 -1.74846e-07 0.974928 0.222521 -1.74846e-07 0.951057 0.309017 -1.74846e-07 0.99095 0.134233 -1.74846e-07 0.98393 0.178557 -1.74846e-07 1 1.38778e-15 -1.74846e-07 0.998993 0.0448648 -1.74846e-07 0.936235 0.351375 -1.74846e-07 -0.178557 0.98393 -1.74846e-07 -0.222521 0.974928 -1.74846e-07 0.514029 0.415049 0.750672 0.576778 0.322208 0.750672 0.60534 0.488778 0.62822 0.494357 0.174668 0.851529 0.210679 -2.42322e-10 0.977555 -0.351375 0.936235 -1.74846e-07 -0.393025 0.919528 -1.74846e-07 -0.288611 0.942413 0.169001 0.207649 0.035605 0.977555 0.514028 0.58405 0.62822 0.436491 0.49595 0.750672 0.325509 0.18184 0.927889 0.457728 0.255702 0.851529 0.40793 0.32938 0.851529 0.351558 0.124213 0.927889 0.042441 4.8738e-11 0.999099 -0.58608 0.792432 0.169001 -0.62349 0.781832 -1.74846e-07 -0.657939 0.753071 -1.74846e-07 0.346397 0.393583 0.851529 0.290096 0.234236 0.927889 0.0418306 0.00717257 0.999099 0.183926 0.102747 0.977555 0.198645 0.0701857 0.977555 -0.125191 -0.0214661 0.9919 -0.127018 1.85774e-10 0.9919 0.246337 0.279893 0.927889 0.163916 0.132353 0.977555 0.0400167 0.0141388 0.999099 -0.292823 6.11958e-10 0.956167 -0.119762 -0.0423147 0.9919 -0.288611 -0.0494873 0.956167 0.0370516 0.0206983 0.999099 0.13919 0.158151 0.977555 0.0330206 0.0266623 0.999099 -0.110888 -0.0619459 0.9919 -0.276096 -0.097551 0.956167 -0.450204 -9.39605e-11 0.892926 -0.443728 -0.0760848 0.892926 -0.0988243 -0.0797951 0.9919 -0.594633 2.48893e-10 0.803997 -0.255638 -0.142808 0.956167 -0.424487 -0.149981 0.892926 0.0222521 0.0361398 0.999099 0.110461 0.1794 0.977555 0.0785531 0.195487 0.977555 -0.393034 -0.219562 0.892926 -0.58608 -0.100493 0.803997 -0.227827 -0.183957 0.956167 -0.0839174 -0.0953487 0.9919 -0.193461 -0.219814 0.956167 -0.721956 7.55049e-10 0.691939 -0.350274 -0.282827 0.892926 -0.560666 -0.198096 0.803997 -0.82851 -1.0379e-09 0.559975 -0.711571 -0.122011 0.691939 -0.297438 -0.337955 0.892926 -0.519123 -0.29 0.803997 -0.816592 -0.140019 0.559975 -0.680716 -0.240512 0.691939 -0.911228 2.09617e-09 0.411901 -0.462646 -0.37356 0.803997 -0.898121 -0.153998 0.411901 -0.781183 -0.27601 0.559975 -0.630278 -0.352094 0.691939 -0.561708 -0.453547 0.691939 -0.723301 -0.40406 0.559975 -0.476978 -0.541952 0.691939 -0.64461 -0.520486 0.559975 -0.236045 -0.383361 0.892926 -0.311771 -0.506347 0.803997 -0.392859 -0.446375 0.803997 -0.795515 -0.444402 0.411901 -0.221713 -0.551754 0.803997 -0.167861 -0.417739 0.892926 -0.378527 -0.614767 0.691939 -0.547375 -0.621939 0.559975 -0.602026 -0.684034 0.411901 -0.434394 -0.7055 0.559975 -0.0948485 -0.440099 0.892926 -0.125277 -0.581287 0.803997 0.0371937 -0.12145 0.9919 0.0857452 -0.279987 0.956167 0.0371937 -0.290451 0.956167 0.0571839 -0.113417 0.9919 -0.0252368 0.0341225 0.999099 0.0755289 -0.102122 0.9919 -0.269186 -0.669895 0.691939 -0.152101 -0.705752 0.691939 0.0571839 -0.446557 0.892926 -0.0191072 -0.449798 0.892926 -0.025237 -0.594097 0.803997 0.0755291 -0.589817 0.803997 0.13183 -0.261469 0.956167 0.13183 -0.43047 0.892926 0.174122 -0.568568 0.803997 0.202683 -0.401998 0.892926 0.267706 -0.530963 0.803997 -0.191977 0.0867791 0.977555 -0.0351628 0.0237659 0.999099 -0.17455 0.117975 0.977555 0.174122 -0.235429 0.956167 0.267706 -0.361962 0.892926 -0.360826 0.0939517 0.927889 -0.371513 0.0316205 0.927889 -0.203881 0.0530866 0.977555 0.211405 -0.202616 0.956167 0.0917012 -0.0878885 0.9919 0.105235 -0.0711267 0.9919 0.115742 -0.0523187 0.9919 0.266829 -0.120614 0.956167 0.242607 -0.163973 0.956167 -0.0386735 0.0174815 0.999099 -0.371513 -0.0316204 0.927889 -0.20992 0.0178669 0.977555 -0.0422881 0.00359925 0.999099 0.122919 -0.0320057 0.9919 -0.0410716 0.0106942 0.999099 -0.561708 -0.538353 0.62822 -0.476978 -0.457147 0.750672 -0.547376 -0.369961 0.750672 -0.20992 -0.0178668 0.977555 -0.360826 -0.0939518 0.927889 -0.339758 -0.15358 0.927889 -0.477764 -0.215963 0.851529 -0.434394 -0.293599 0.851529 -0.203881 -0.0530866 0.977555 -0.0422881 -0.00359925 0.999099 -0.0410716 -0.0106942 0.999099 -0.191977 -0.0867791 0.977555 -0.308915 -0.20879 0.927889 0.587785 -0.809017 -1.74846e-07 0.516766 -0.839281 0.169001 0.550897 -0.834573 -1.74846e-07 -0.0351628 -0.0237659 0.999099 -0.17455 -0.117975 0.977555 -0.152101 -0.145777 0.977555 -0.378527 -0.362789 0.851529 0.651172 -0.739874 0.169001 0.62349 -0.781831 -1.74846e-07 -0.392859 -0.531181 0.750672 -0.350275 -0.694728 0.62822 -0.297438 -0.589934 0.750672 -0.269186 -0.257994 0.927889 -0.31177 -0.421542 0.851529 -0.236045 -0.468167 0.851529 -0.221713 -0.299776 0.927889 0.722795 -0.691062 -1.74846e-07 0.691063 -0.722795 -1.74846e-07 0.753071 -0.657939 -1.74846e-07 0.766844 -0.619184 0.169001 -0.19346 -0.631715 0.750672 -0.153529 -0.501325 0.851529 0.0330206 -0.777335 0.62822 -0.0988243 -0.771734 0.62822 0.0370516 -0.872228 0.487695 -0.227827 -0.743932 0.62822 -0.0124278 -0.292559 0.956167 -0.0839174 -0.655324 0.750672 0.163916 -0.760573 0.62822 0.139191 -0.645846 0.750672 0.0280397 -0.66008 0.750672 0.290096 -0.721931 0.62822 0.325509 -0.81006 0.487695 0.834573 -0.550897 -1.74846e-07 0.809017 -0.587785 -1.74846e-07 0.183926 -0.85342 0.487695 -0.708968 -0.572452 0.411901 0.246337 -0.613033 0.750672 0.40793 -0.66252 0.62822 0.346397 -0.562584 0.750672 -0.844845 -0.471958 0.251978 0.880596 -0.473869 -1.74846e-07 0.900969 -0.433884 -1.74846e-07 0.860457 -0.48068 0.169001 0.457728 -0.743397 0.487695 0.576778 -0.655348 0.487695 0.919528 -0.393025 -1.74846e-07 0.936235 -0.351375 -1.74846e-07 0.929315 -0.328348 0.169001 -0.912454 -0.32239 0.251978 -0.859177 -0.303566 0.411901 0.951057 -0.309017 -1.74846e-07 0.963963 -0.266037 -1.74846e-07 0.929315 -0.159347 0.33314 0.679236 -0.379444 0.62822 0.762154 -0.425765 0.487695 0.823145 -0.290836 0.487695 -0.953813 -0.163548 0.251978 0.98393 -0.178557 -1.74846e-07 0.971439 -0.16657 0.169001 0.974928 -0.222521 -1.74846e-07 0.99095 -0.134233 -1.74846e-07 0.889018 -0.31411 0.33314 0.995974 -0.0896396 -1.74846e-07 0.998993 -0.0448647 -1.74846e-07 -0.191977 -0.890776 -0.411901 -0.0410718 -0.966861 -0.251978 -0.0386735 -0.910407 -0.411901 -0.0252369 0.0341226 -0.999099 -0.0948485 0.188121 -0.977555 -0.0191072 0.0378969 -0.999099 0.429299 -0.41145 -0.803997 0.353589 -0.478083 -0.803997 0.521221 -0.49955 -0.691939 0.325027 -0.311513 -0.892926 0.267706 -0.361963 -0.892926 -0.0422883 0.00359927 -0.999099 -0.0422883 -0.00359926 -0.999099 -0.20992 0.0178668 -0.977555 0.825525 -0.0702625 -0.559975 0.801776 -0.208766 -0.559975 0.907946 -0.0772776 -0.411901 -0.434393 -0.293599 -0.851529 -0.269186 -0.257994 -0.927889 -0.378527 -0.362788 -0.851529 0.0917013 0.0878886 -0.9919 0.105236 0.0711268 -0.9919 0.211405 0.202615 -0.956167 -0.221713 -0.299776 -0.927889 -0.31177 -0.421541 -0.851529 -0.152101 -0.145777 -0.977555 -0.308915 -0.20879 -0.927889 -0.17455 -0.117975 -0.977555 0.0222521 -0.523835 -0.851529 -0.0839174 -0.655324 -0.750672 -0.0665963 -0.52006 -0.851529 0.0371937 0.12145 -0.9919 -0.0191072 -0.0378969 -0.999099 0.0571839 0.113418 -0.9919 -0.193461 -0.631715 -0.750672 0.0280397 -0.660079 -0.750672 0.0330206 -0.777335 -0.62822 -0.0988243 -0.771734 -0.62822 0.325509 -0.81006 -0.487695 0.40793 -0.66252 -0.62822 0.457728 -0.743397 -0.487695 0.516766 -0.839281 -0.169001 0.512899 -0.858449 1.24777e-07 0.473868 -0.880596 1.24777e-07 0.110461 -0.512539 -0.851529 0.13919 -0.645846 -0.750672 0.195491 -0.486499 -0.851529 0.274898 -0.446463 -0.851529 0.246337 -0.613033 -0.750672 0.290096 -0.721931 -0.62822 0.163916 -0.760573 -0.62822 0.651172 -0.739874 -0.169001 0.657939 -0.753072 1.24777e-07 0.766844 -0.619184 -0.169001 0.733592 -0.592335 -0.33314 0.514028 -0.58405 -0.62822 0.860457 -0.48068 -0.169001 0.679236 -0.548445 -0.487695 0.622935 -0.707792 -0.33314 0.576778 -0.655348 -0.487695 0.762154 -0.425765 -0.487695 0.733592 -0.259195 -0.62822 0.823145 -0.290836 -0.487695 0.929315 -0.328348 -0.169001 0.889018 -0.31411 -0.33314 0.971439 -0.16657 -0.169001 0.679236 -0.379444 -0.62822 0.985616 -2.97648e-07 -0.169001 0.346397 -0.562584 -0.750672 0.346397 -0.393583 -0.851529 0.436491 -0.49595 -0.750672 -0.153529 -0.501325 -0.851529 -0.0473594 -0.369837 -0.927889 0.433884 -0.900969 1.24777e-07 -0.236045 -0.468167 -0.851529 -0.109181 -0.356513 -0.927889 -0.167861 -0.332933 -0.927889 -0.0616917 -0.201444 -0.977555 -0.125277 -0.169385 -0.977555 -0.227827 -0.743932 -0.62822 -0.392859 -0.531181 -0.750672 -0.297438 -0.589934 -0.750672 0.0755291 0.102122 -0.9919 0.13183 0.261469 -0.956167 0.122919 0.0320057 -0.9919 0.115742 0.0523188 -0.9919 -0.0410718 -0.0106943 -0.999099 -0.191977 -0.086779 -0.977555 -0.0386736 -0.0174816 -0.999099 -0.035163 -0.023766 -0.999099 -0.203881 -0.0530865 -0.977555 -0.339757 -0.15358 -0.927889 -0.477764 -0.215963 -0.851529 0.12656 -0.0107719 -0.9919 0.291768 -0.0248331 -0.956167 0.291768 0.0248332 -0.956167 0.435677 -0.113441 -0.892926 0.448582 -0.0381801 -0.892926 0.283374 -0.0737849 -0.956167 0.12656 0.0107719 -0.9919 0.122919 -0.0320057 -0.9919 -0.0410718 0.0106943 -0.999099 -0.547375 -0.369961 -0.750672 -0.602026 -0.272133 -0.750672 -0.203881 0.0530865 -0.977555 0.410238 -0.185439 -0.892926 0.372998 -0.252103 -0.892926 0.541847 -0.24493 -0.803997 0.492659 -0.33298 -0.803997 0.754961 -0.341264 -0.559975 0.830337 -0.375336 -0.411901 0.881826 -0.22961 -0.411901 0.429299 -0.580451 -0.691939 0.325027 -0.644653 -0.691939 0.492659 -0.666119 -0.559975 0.115742 -0.0523188 -0.9919 -0.0386736 0.0174816 -0.999099 -0.191977 0.086779 -0.977555 -0.339758 0.15358 -0.927889 0.267706 -0.530963 -0.803997 0.242606 -0.792193 -0.559975 0.105235 -0.821799 -0.559975 0.266828 -0.871286 -0.411901 0.754962 -0.510265 -0.411901 0.598148 -0.573278 -0.559975 0.657867 -0.630515 -0.411901 0.211405 -0.690311 -0.691939 0.0917014 -0.716109 -0.691939 0.174122 -0.235429 -0.956167 0.211405 -0.202615 -0.956167 0.075529 -0.102122 -0.9919 0.0917013 -0.0878886 -0.9919 0.174122 -0.568568 -0.803997 0.0571839 -0.113418 -0.9919 0.13183 -0.261469 -0.956167 -0.035163 -0.827763 -0.559975 -0.17455 -0.809914 -0.559975 -0.203881 -0.946012 -0.251978 -0.360825 -0.897949 -0.251978 -0.20992 -0.974034 -0.0848059 0.0571839 -0.446557 -0.892926 -0.0191072 -0.449798 -0.892926 0.075529 -0.589817 -0.803997 -0.339757 -0.845519 0.411901 -0.308915 -0.768765 0.559975 -0.17455 -0.809914 0.559975 -0.477764 -0.775938 -0.411901 -0.339758 -0.845519 -0.411901 -0.522418 -0.848462 -0.0848059 -0.639357 -0.72645 -0.251978 -0.658295 -0.747968 -0.0848059 -0.775233 -0.625957 -0.0848059 -0.752931 -0.607949 -0.251978 -0.869869 -0.485938 -0.0848059 -0.869869 -0.485938 0.0848059 -0.775233 -0.625957 0.0848059 -0.00539078 -0.126903 -0.9919 -0.0124277 -0.292559 -0.956167 0.0371937 -0.290451 -0.956167 -0.844844 -0.471958 -0.251978 -0.378527 -0.614767 -0.691939 -0.308915 -0.768765 -0.559975 -0.269186 -0.669895 -0.691939 -0.939481 -0.33194 0.0848059 -0.939481 -0.33194 -0.0848059 -0.02676 -0.124167 -0.9919 -0.0616917 -0.28625 -0.956167 0.00894148 0.0414886 -0.999099 -0.982065 -0.168392 0.0848059 -0.31177 -0.506347 -0.803997 -0.392859 -0.446375 -0.803997 -0.967733 1.75999e-12 0.251978 -0.982065 -0.168392 -0.0848059 -0.0473594 -0.117859 -0.9919 0.0158245 0.0393807 -0.999099 -0.996397 -2.28847e-09 0.0848059 -0.996397 1.25184e-09 -0.0848059 -0.953813 -0.163548 -0.251978 0.0785531 0.195487 -0.977555 -0.781183 -0.27601 -0.559975 -0.795515 -0.444402 -0.411901 -0.723301 -0.40406 -0.559975 -0.967733 2.83078e-09 -0.251978 -0.547375 -0.621939 -0.559975 -0.602026 -0.684034 -0.411901 -0.898121 -0.153998 -0.411901 -0.912454 -0.32239 -0.251978 -0.859177 -0.303566 -0.411901 -0.911229 -3.0442e-09 -0.411901 -0.0988245 -0.0797952 -0.9919 -0.227827 -0.183957 -0.956167 -0.193461 -0.219814 -0.956167 -0.816592 -0.140019 -0.559975 -0.680716 -0.240512 -0.691939 -0.711572 -0.122011 -0.691939 -0.0839175 -0.0953488 -0.9919 0.0330208 0.0266624 -0.999099 -0.82851 3.46293e-09 -0.559975 -0.255638 -0.142808 -0.956167 -0.110888 -0.061946 -0.9919 -0.721956 -1.50616e-09 -0.691939 -0.560666 -0.198096 -0.803997 -0.58608 -0.100493 -0.803997 0.0370518 0.0206984 -0.999099 -0.594633 -2.48211e-10 -0.803997 -0.443728 -0.0760848 -0.892926 -0.424487 -0.149981 -0.892926 0.183926 0.102747 -0.977555 -0.450204 -3.74423e-10 -0.892926 0.163916 0.132353 -0.977555 0.325509 0.18184 -0.927889 0.198645 0.0701856 -0.977555 0.0400169 0.0141389 -0.999099 -0.125191 -0.0214661 -0.9919 -0.288611 -0.0494873 -0.956167 -0.276096 -0.0975509 -0.956167 -0.292823 2.45129e-10 -0.956167 0.351558 0.124213 -0.927889 -0.119762 -0.0423147 -0.9919 0.0418307 0.0071726 -0.999099 0.207649 0.0356049 -0.977555 -0.127018 -6.89555e-10 -0.9919 0.367493 0.0630131 -0.927889 0.0424412 -8.8773e-11 -0.999099 0.494357 0.174668 -0.851529 0.457727 0.255702 -0.851529 0.210679 8.79429e-10 -0.977555 0.576778 0.322208 -0.750672 0.622935 0.220097 -0.750672 0.679236 0.379444 -0.62822 0.733592 0.259195 -0.62822 0.372857 9.34176e-10 -0.927889 0.651172 0.111655 -0.750672 0.40793 0.32938 -0.851529 0.524307 4.5989e-09 -0.851529 0.766845 0.131489 -0.62822 0.516765 0.0886083 -0.851529 0.660675 -3.03961e-09 -0.750672 0.766844 0.619184 -0.169001 0.778036 -4.87794e-09 -0.62822 0.860457 0.48068 -0.169001 0.762154 0.425765 -0.487695 0.823145 0.290836 -0.487695 0.860457 0.14754 -0.487695 0.873014 -3.1708e-12 -0.487695 0.929315 0.328348 -0.169001 0.971439 0.16657 -0.169001 0.889018 0.31411 -0.33314 0.942877 -1.5769e-09 -0.33314 0.929315 0.159347 -0.33314 0.781831 0.62349 -1.74846e-07 0.889018 0.31411 0.33314 0.762154 0.425765 0.487695 0.679236 0.379444 0.62822 0.246337 0.613033 0.750672 0.163916 0.760573 0.62822 0.13919 0.645846 0.750672 0.195491 0.486499 0.851529 0.110461 0.512539 0.851529 0.139022 0.34597 0.927889 0.0785532 0.364488 0.927889 -0.0665963 -0.108159 0.9919 -0.153529 -0.249347 0.956167 0.0443857 0.20595 -0.977555 0.139022 0.345969 -0.927889 -0.630278 -0.352094 -0.691939 -0.519123 -0.29 -0.803997 -0.393034 -0.219562 -0.892926 -0.708968 -0.572452 -0.411901 0.290096 0.234236 -0.927889 0.514029 0.415049 -0.750672 0.60534 0.488778 -0.62822 0.679236 0.548445 -0.487695 0.823145 0.459837 -0.33314 0.657939 0.753071 -1.74846e-07 0.823145 0.459837 0.33314 0.367493 0.914542 0.169001 0.351375 0.936235 -1.74846e-07 0.679236 0.548445 0.487695 -0.512899 0.858449 -1.74846e-07 -0.550897 0.834573 -1.74846e-07 -0.753071 0.657939 -1.74846e-07 -0.781832 0.62349 -1.74846e-07 -0.711571 0.681986 0.169001 0.0330208 0.777335 0.62822 0.0280398 0.66008 0.750672 0.0222522 0.523835 0.851529 0.0158244 0.0393806 0.999099 -0.0473594 -0.117858 0.9919 -0.109181 -0.271707 0.956167 -0.64461 -0.520486 -0.559975 -0.561708 -0.453547 -0.691939 -0.462646 -0.37356 -0.803997 -0.350275 -0.282827 -0.892926 0.0280398 0.0318594 -0.999099 0.13919 0.158151 -0.977555 -0.153529 -0.249347 -0.956167 -0.0665964 -0.108159 -0.9919 0.346396 0.393583 -0.851529 0.246337 0.279893 -0.927889 0.436491 0.49595 -0.750672 0.514029 0.58405 -0.62822 0.290096 0.721931 -0.62822 0.325509 0.81006 -0.487695 0.457728 0.743397 -0.487695 0.651172 0.739875 -0.169001 0.516766 0.839281 -0.169001 0.512899 0.858449 -1.74846e-07 0.733592 0.592334 0.33314 0.576778 0.655348 0.487695 -0.691063 0.722795 -1.74846e-07 -0.816592 0.55192 0.169001 -0.858449 0.512899 -1.74846e-07 -0.880596 0.473869 -1.74846e-07 -0.974928 0.222521 -1.74846e-07 -0.98393 0.178557 -1.74846e-07 -0.953813 0.248354 0.169001 0.0280397 0.0318593 0.999099 0.0443858 0.205951 0.977555 0.00894144 0.0414884 0.999099 -0.02676 -0.124167 0.9919 -0.0616917 -0.286251 0.956167 -0.752931 -0.607949 0.251978 0.115742 -0.903848 -0.411901 -0.476978 -0.541952 -0.691939 -0.297438 -0.337955 -0.892926 0.110461 0.512539 -0.851529 0.195491 0.486499 -0.851529 0.0785531 0.364488 -0.927889 0.13919 0.645846 -0.750672 0.246337 0.613033 -0.750672 0.0370518 0.872227 -0.487695 0.198645 0.921715 -0.33314 0.183926 0.85342 -0.487695 0.274898 0.446463 -0.851529 0.195491 0.317498 -0.927889 0.346397 0.562584 -0.750672 0.40793 0.66252 -0.62822 0.367493 0.914542 -0.169001 0.494358 0.802888 -0.33314 0.622935 0.707792 -0.33314 0.576778 0.655348 -0.487695 0.733592 0.592334 -0.33314 0.393025 0.919528 -1.74846e-07 0.622935 0.707792 0.33314 0.457728 0.743397 0.487695 0.40793 0.66252 0.62822 0.346397 0.562584 0.750672 0.274898 0.446463 0.851529 0.195491 0.317498 0.927889 0.0158245 0.372521 0.927889 0.00894148 0.210489 0.977555 0.00180125 0.0424028 0.999099 -0.00539079 -0.126903 0.9919 -0.639357 -0.72645 0.251978 -0.658295 -0.747968 0.0848059 -0.507389 -0.824053 -0.251978 -0.434394 -0.7055 -0.559975 0.00180126 0.042403 -0.999099 -0.236045 -0.383362 -0.892926 0.0222522 0.0361399 -0.999099 0.110461 0.179399 -0.977555 -0.109181 -0.271707 -0.956167 0.207649 0.963494 -0.169001 0.222521 0.974928 -1.74846e-07 0.494357 0.802888 0.33314 0.325509 0.81006 0.487695 0.290096 0.721931 0.62822 -0.0665963 0.520061 0.851529 -0.0473594 0.369837 0.927889 -0.02676 0.208973 0.977555 0.0161335 -0.125989 0.9919 -0.477764 -0.775938 0.411901 -0.507389 -0.824053 0.251978 -0.522418 -0.848462 0.0848059 0.0161335 -0.125989 -0.9919 -0.221713 -0.551754 -0.803997 -0.167861 -0.417739 -0.892926 0.0222522 0.523835 -0.851529 0.0418307 0.984728 -0.169001 0.0448648 0.998993 -1.74846e-07 0.351558 0.874886 0.33314 -0.309017 0.951056 -1.74846e-07 0.183926 0.85342 0.487695 -0.809017 0.587785 -1.74846e-07 -0.951056 0.309017 -1.74846e-07 -0.898121 0.405977 0.169001 -0.936235 0.351375 -1.74846e-07 -1 -8.74228e-08 -1.74846e-07 -0.982065 0.0835861 0.169001 -0.998993 0.044865 -1.74846e-07 -0.297438 0.589934 0.750672 -0.462646 0.625538 0.62822 -0.392859 0.531181 0.750672 -0.236045 0.468167 0.851529 -0.31177 0.421542 0.851529 -0.167861 0.332933 0.927889 -0.0948486 0.188121 0.977555 -0.221713 0.299776 0.927889 -0.0124277 0.0405807 0.999099 -0.360825 -0.897949 0.251978 -0.371513 -0.924546 0.0848059 -0.371513 -0.924546 -0.0848059 -0.152101 -0.705752 -0.691939 -0.125277 -0.581287 -0.803997 -0.0948486 -0.440099 -0.892926 0.00894148 0.210489 -0.977555 0.0158245 0.372521 -0.927889 0.0280398 0.660079 -0.750672 0.163916 0.760573 -0.62822 0.0330208 0.777335 -0.62822 -0.255638 0.834747 -0.487695 -0.110888 0.865943 -0.487695 -0.227827 0.743932 -0.62822 0.351558 0.874886 -0.33314 -0.134233 0.99095 -1.74846e-07 0.198645 0.921715 0.33314 -0.443728 0.880082 0.169001 -0.473869 0.880595 -1.74846e-07 0.0370518 0.872228 0.487695 -0.99095 0.134233 -1.74846e-07 -0.98393 -0.178557 -1.74846e-07 -0.982065 -0.083586 0.169001 -0.99095 -0.134233 -1.74846e-07 -0.561708 0.538353 0.62822 -0.476978 0.457147 0.750672 -0.378527 0.362789 0.851529 -0.0616917 0.201445 0.977555 -0.0191071 0.0378967 0.999099 -0.191977 -0.890776 0.411901 -0.203881 -0.946012 0.251978 -0.20992 -0.974034 0.0848059 -0.0306407 -0.721306 -0.691939 -0.0252369 -0.594097 -0.803997 -0.236045 0.468167 -0.851529 -0.153529 0.501325 -0.851529 -0.167861 0.332933 -0.927889 -0.378527 0.362788 -0.851529 -0.392859 0.531181 -0.750672 -0.31177 0.421541 -0.851529 0.0857452 -0.279987 -0.956167 0.0371937 -0.12145 -0.9919 -0.0665963 0.52006 -0.851529 -0.0473594 0.369837 -0.927889 -0.0839174 0.655324 -0.750672 -0.0988245 0.771734 -0.62822 -0.350275 0.694728 -0.62822 -0.393034 0.779537 -0.487695 -0.288611 0.942413 -0.169001 -0.125191 0.977633 -0.169001 -0.266037 0.963963 -1.74846e-07 0.0400169 0.942028 0.33314 -0.110888 0.865943 0.487695 -0.0988245 0.771734 0.62822 -0.0839174 0.655324 0.750672 -0.998993 -0.0448647 -1.74846e-07 -0.953813 -0.248353 0.169001 -0.951057 -0.309017 -1.74846e-07 -0.936235 -0.351375 -1.74846e-07 -0.809017 -0.587785 -1.74846e-07 -0.781831 -0.62349 -1.74846e-07 -0.816592 -0.55192 0.169001 -0.00539077 0.0420973 0.999099 -0.125277 0.169386 0.977555 -0.0306407 -0.721306 0.691939 -0.0351629 -0.827763 0.559975 -0.0386735 -0.910407 0.411901 -0.0410719 -0.966861 0.251978 -0.0422883 -0.9955 0.0848059 -0.0422883 -0.9955 -0.0848059 -0.125277 0.169385 -0.977555 -0.221713 0.299776 -0.927889 -0.297438 0.589934 -0.750672 -0.00539079 0.0420975 -0.999099 -0.02676 0.208973 -0.977555 -0.193461 0.631715 -0.750672 -0.443728 0.880082 -0.169001 -0.276096 0.901548 -0.33314 -0.119762 0.935241 -0.33314 0.0400169 0.942028 -0.33314 -0.433884 0.900969 -1.74846e-07 -0.119762 0.935241 0.33314 -0.255638 0.834747 0.487695 -0.227826 0.743932 0.62822 -0.193461 0.631715 0.750672 -0.153529 0.501325 0.851529 -0.109181 0.356513 0.927889 -0.269186 0.257994 0.927889 -0.152101 0.145777 0.977555 0.0917013 -0.716109 0.691939 0.105235 -0.821799 0.559975 0.115742 -0.903848 0.411901 0.122919 -0.959895 0.251978 0.12656 -0.988327 0.0848059 0.12656 -0.988327 -0.0848059 0.122919 -0.959895 -0.251978 0.13183 -0.43047 -0.892926 0.410238 -0.813659 -0.411901 -0.0124277 0.0405809 -0.999099 -0.0616916 0.201444 -0.977555 -0.58608 0.792432 -0.169001 -0.587785 0.809017 -1.74846e-07 -0.276096 0.901548 0.33314 -0.393034 0.779537 0.487695 -0.350275 0.694728 0.62822 -0.602026 0.272133 0.750672 -0.752931 0.196048 0.62822 -0.639357 0.166476 0.750672 -0.308915 0.20879 0.927889 -0.339758 0.15358 0.927889 0.211405 -0.69031 0.691939 0.242607 -0.792193 0.559975 0.266828 -0.871286 0.411901 0.283374 -0.925314 0.251978 0.291768 -0.952722 0.0848059 0.291768 -0.952722 -0.0848059 0.283374 -0.925314 -0.251978 0.372998 -0.739798 -0.559975 0.202683 -0.401999 -0.892926 0.541847 -0.732625 -0.411901 -0.109181 0.356513 -0.927889 -0.462646 0.625539 -0.62822 -0.519123 0.701901 -0.487695 -0.424487 0.84192 -0.33314 -0.722795 0.691063 -1.74846e-07 -0.424487 0.84192 0.33314 -0.919528 0.393025 -1.74846e-07 -0.519123 0.701901 0.487695 -0.880596 -0.473869 -1.74846e-07 -0.858449 -0.512899 -1.74846e-07 -0.657939 -0.753071 -1.74846e-07 -0.711571 -0.681986 0.169001 -0.691063 -0.722795 -1.74846e-07 -0.775233 0.065982 0.62822 -0.658295 0.0560291 0.750672 -0.507389 0.132114 0.851529 -0.522418 0.0444644 0.851529 0.325027 -0.644653 0.691939 0.372998 -0.739798 0.559975 0.410238 -0.813659 0.411901 0.435677 -0.864114 0.251978 0.448582 -0.889709 0.0848059 0.448582 -0.889709 -0.0848059 0.435677 -0.864114 -0.251978 -0.0306407 0.0293667 -0.999099 -0.152101 0.145777 -0.977555 0.242606 -0.163973 -0.956167 0.105236 -0.0711268 -0.9919 -0.269186 0.257994 -0.927889 -0.476978 0.457147 -0.750672 -0.561708 0.538353 -0.62822 -0.708968 0.320474 -0.62822 -0.795515 0.359596 -0.487695 -0.723301 0.488866 -0.487695 -0.711571 0.681986 -0.169001 -0.834573 0.550897 -1.74846e-07 -0.560666 0.758071 0.33314 -0.630278 0.604072 0.487695 -0.753072 -0.657939 -1.74846e-07 -0.512899 -0.858449 -1.74846e-07 -0.58608 -0.792432 0.169001 -0.550897 -0.834573 -1.74846e-07 -0.795515 -0.359596 0.487695 -0.708968 -0.320474 0.62822 -0.752931 -0.196048 0.62822 -0.0306406 0.0293666 0.999099 0.353589 -0.478083 0.803997 0.429299 -0.580451 0.691939 0.492659 -0.666119 0.559975 0.541847 -0.732625 0.411901 0.575446 -0.778055 0.251978 0.592491 -0.801101 0.0848059 0.592491 -0.801101 -0.0848059 0.575446 -0.778054 -0.251978 0.266828 -0.120614 -0.956167 -0.507389 0.132114 -0.851529 -0.477764 0.215963 -0.851529 -0.360826 0.0939516 -0.927889 -0.639357 0.166476 -0.750672 -0.602026 0.272133 -0.750672 -0.434394 0.293599 -0.851529 -0.308915 0.20879 -0.927889 -0.547375 0.369961 -0.750672 -0.64461 0.43568 -0.62822 -0.752931 0.196048 -0.62822 -0.844845 0.21998 -0.487695 -0.898121 0.405976 -0.169001 -0.816592 0.55192 -0.169001 -0.781183 0.527988 -0.33314 -0.680716 0.652413 -0.33314 -0.630278 0.604072 -0.487695 -0.560666 0.758071 -0.33314 -0.900969 0.433884 -1.74846e-07 -0.680716 0.652414 0.33314 -0.723301 0.488866 0.487695 -0.64461 0.43568 0.62822 -0.547375 0.369961 0.750672 -0.434394 0.293599 0.851529 -0.443728 -0.880082 0.169001 -0.393025 -0.919528 -1.74846e-07 -0.351375 -0.936235 -1.74846e-07 0.325027 -0.311513 0.892926 0.429299 -0.41145 0.803997 0.521221 -0.499549 0.691939 0.598148 -0.573278 0.559975 0.657867 -0.630514 0.411901 0.698661 -0.669612 0.251978 0.719355 -0.689446 0.0848059 0.719355 -0.689446 -0.0848059 0.698661 -0.669612 -0.251978 0.686428 -0.463944 -0.559975 -0.035163 0.023766 -0.999099 -0.17455 0.117975 -0.977555 -0.953813 0.248354 -0.169001 -0.963963 0.266037 -1.74846e-07 -0.781183 0.527987 0.33314 -0.795515 0.359596 0.487695 -0.708968 0.320474 0.62822 -0.477764 0.215963 0.851529 -0.522418 -0.0444645 0.851529 0.372998 -0.252103 0.892926 0.492659 -0.33298 0.803997 0.598148 -0.404277 0.691939 0.686428 -0.463945 0.559975 0.754962 -0.510265 0.411901 0.801776 -0.541906 0.251978 0.825525 -0.557957 0.0848059 0.825525 -0.557958 -0.0848059 0.801776 -0.541906 -0.251978 0.598148 -0.404277 -0.691939 -0.522418 0.0444644 -0.851529 -0.982065 0.0835861 -0.169001 -0.995974 0.0896393 -1.74846e-07 -0.859177 0.388372 0.33314 -0.963963 -0.266037 -1.74846e-07 -0.844845 0.21998 0.487695 -0.62349 -0.781831 -1.74846e-07 -0.0448648 -0.998993 -1.74846e-07 -0.125191 -0.977633 0.169001 -0.0896393 -0.995974 -1.74846e-07 -0.64461 -0.43568 0.62822 -0.602026 -0.272133 0.750672 0.410238 -0.185439 0.892926 0.541847 -0.24493 0.803997 0.657867 -0.297375 0.691939 0.754962 -0.341264 0.559975 0.830337 -0.375336 0.411901 0.881826 -0.398611 0.251978 0.907946 -0.410417 0.0848059 0.907946 -0.410417 -0.0848059 0.881826 -0.39861 -0.251978 0.657867 -0.297375 -0.691939 -0.371513 0.0316204 -0.927889 -0.658295 0.056029 -0.750672 -0.775233 0.0659819 -0.62822 -0.869869 0.074037 -0.487695 -0.912454 0.237584 -0.33314 -0.859177 0.388372 -0.33314 -0.995974 -0.0896394 -1.74846e-07 -0.912454 0.237584 0.33314 -0.898121 -0.405977 0.169001 -0.900969 -0.433884 -1.74846e-07 -0.869869 0.0740368 0.487695 -0.222521 -0.974928 -1.74846e-07 -0.178557 -0.98393 -1.74846e-07 0.0896394 -0.995974 -1.74846e-07 0.134233 -0.99095 -1.74846e-07 0.0418306 -0.984728 0.169001 0.283374 -0.0737849 0.956167 0.435677 -0.113441 0.892926 0.575446 -0.149834 0.803997 0.698661 -0.181917 0.691939 0.801776 -0.208766 0.559975 0.881826 -0.22961 0.411901 0.936507 -0.243847 0.251978 0.964247 -0.25107 0.0848059 0.964247 -0.25107 -0.0848059 0.936507 -0.243847 -0.251978 0.698661 -0.181917 -0.691939 0.575446 -0.149834 -0.803997 0.283374 0.0737849 -0.956167 -0.522418 -0.0444643 -0.851529 -0.371513 -0.0316204 -0.927889 -0.658295 -0.0560291 -0.750672 -0.775233 -0.065982 -0.62822 -0.708968 -0.320474 -0.62822 -0.795515 -0.359596 -0.487695 -0.844845 -0.21998 -0.487695 -0.953813 -0.248354 -0.169001 -0.982065 -0.0835863 -0.169001 -0.974928 -0.222521 -1.74846e-07 -0.939481 0.0799616 0.33314 -0.869869 -0.0740367 0.487695 -0.775233 -0.0659822 0.62822 -0.658295 -0.0560293 0.750672 1.19249e-08 -1 -1.74846e-07 0.207649 -0.963494 0.169001 0.266037 -0.963963 -1.74846e-07 0.309017 -0.951056 -1.74846e-07 0.12656 -0.0107719 0.9919 0.291768 -0.0248331 0.956167 0.448582 -0.0381799 0.892926 0.592491 -0.0504284 0.803997 0.719355 -0.0612262 0.691939 0.825525 -0.0702625 0.559975 0.907946 -0.0772776 0.411901 0.964247 -0.0820695 0.251978 0.992808 -0.0845004 0.0848059 0.992808 -0.0845004 -0.0848059 0.964247 -0.0820695 -0.251978 0.719355 -0.0612262 -0.691939 0.592491 -0.0504286 -0.803997 -0.64461 -0.435681 -0.62822 -0.20992 -0.0178668 -0.977555 -0.507389 -0.132114 -0.851529 -0.639357 -0.166475 -0.750672 -0.752931 -0.196048 -0.62822 -0.898121 -0.405976 -0.169001 -0.912454 -0.237584 -0.33314 -0.939481 -0.0799618 -0.33314 -0.869869 -0.0740369 -0.487695 -0.939481 0.0799618 -0.33314 -0.919528 -0.393025 -1.74846e-07 -0.939481 -0.0799615 0.33314 -0.844845 -0.21998 0.487695 -0.639357 -0.166476 0.750672 -0.507389 -0.132114 0.851529 0.12656 0.0107718 0.9919 0.291768 0.0248331 0.956167 0.448582 0.0381799 0.892926 0.592491 0.0504284 0.803997 0.719355 0.0612263 0.691939 0.825525 0.0702627 0.559975 0.907946 0.0772777 0.411901 0.964247 0.0820694 0.251978 0.992808 0.0845004 0.0848059 0.992808 0.0845004 -0.0848059 0.964247 0.0820694 -0.251978 0.907946 0.0772775 -0.411901 0.825525 0.0702625 -0.559975 0.719355 0.0612261 -0.691939 0.592491 0.0504285 -0.803997 0.448582 0.03818 -0.892926 0.266828 0.120614 -0.956167 -0.816592 -0.55192 -0.169001 -0.834573 -0.550897 -1.74846e-07 -0.912454 -0.237584 0.33314 0.122919 0.0320057 0.9919 0.283374 0.0737849 0.956167 0.435677 0.113441 0.892926 0.575446 0.149834 0.803997 0.698661 0.181917 0.691939 0.801776 0.208766 0.559975 0.881826 0.22961 0.411901 0.936507 0.243848 0.251978 0.964247 0.25107 0.0848059 0.964247 0.25107 -0.0848059 0.936507 0.243847 -0.251978 0.881826 0.22961 -0.411901 0.801776 0.208766 -0.559975 0.698661 0.181917 -0.691939 0.575446 0.149834 -0.803997 0.435677 0.113442 -0.892926 -0.360826 -0.0939516 -0.927889 0.242606 0.163973 -0.956167 -0.711571 -0.681986 -0.169001 -0.722795 -0.691063 -1.74846e-07 -0.859177 -0.388372 0.33314 -0.433884 -0.900969 -1.74846e-07 -0.723301 -0.488866 0.487695 0.178557 -0.98393 -1.74846e-07 -0.0386735 -0.0174815 0.999099 0.115742 0.0523188 0.9919 0.266829 0.120614 0.956167 0.410238 0.185439 0.892926 0.541847 0.24493 0.803997 0.657867 0.297375 0.691939 0.754962 0.341264 0.559975 0.830337 0.375336 0.411901 0.881826 0.398611 0.251978 0.907946 0.410417 0.0848059 0.907946 0.410417 -0.0848059 0.881826 0.39861 -0.251978 0.830337 0.375336 -0.411901 0.754962 0.341264 -0.559975 0.657867 0.297375 -0.691939 0.541847 0.24493 -0.803997 0.410239 0.185439 -0.892926 0.174122 0.235429 -0.956167 -0.476978 -0.457147 -0.750672 -0.561708 -0.538353 -0.62822 -0.393034 -0.779537 -0.487695 -0.519123 -0.701901 -0.487695 -0.350275 -0.694728 -0.62822 -0.723301 -0.488866 -0.487695 -0.859177 -0.388372 -0.33314 -0.587785 -0.809017 -1.74846e-07 -0.781183 -0.527988 0.33314 -0.288611 -0.942413 0.169001 -0.266037 -0.963963 -1.74846e-07 -0.630278 -0.604072 0.487695 0.105235 0.0711267 0.9919 0.242607 0.163973 0.956167 0.372998 0.252103 0.892926 0.492659 0.33298 0.803997 0.598148 0.404277 0.691939 0.686428 0.463944 0.559975 0.754962 0.510265 0.411901 0.801776 0.541906 0.251978 0.825525 0.557957 0.0848059 0.825525 0.557958 -0.0848059 0.801776 0.541906 -0.251978 0.754962 0.510265 -0.411901 0.686428 0.463945 -0.559975 0.598148 0.404277 -0.691939 0.492659 0.33298 -0.803997 0.372998 0.252103 -0.892926 -0.462646 -0.625539 -0.62822 -0.255638 -0.834747 -0.487695 -0.443728 -0.880082 -0.169001 -0.58608 -0.792432 -0.169001 -0.560666 -0.758071 -0.33314 -0.630278 -0.604072 -0.487695 -0.781183 -0.527987 -0.33314 -0.473869 -0.880595 -1.74846e-07 -0.680716 -0.652414 0.33314 -0.519123 -0.701901 0.487695 -0.462646 -0.625538 0.62822 -0.0306406 -0.0293666 0.999099 0.0917012 0.0878885 0.9919 0.211405 0.202616 0.956167 0.325027 0.311513 0.892926 0.429299 0.41145 0.803997 0.521221 0.499549 0.691939 0.598148 0.573278 0.559975 0.657867 0.630514 0.411901 0.698661 0.669612 0.251978 0.719355 0.689446 0.0848059 0.719355 0.689446 -0.0848059 0.698661 0.669612 -0.251978 0.657867 0.630514 -0.411901 0.598148 0.573278 -0.559975 0.521221 0.49955 -0.691939 0.429299 0.41145 -0.803997 0.325027 0.311513 -0.892926 0.183926 -0.85342 -0.487695 -0.0306407 -0.0293667 -0.999099 -0.288611 -0.942413 -0.169001 -0.424487 -0.84192 -0.33314 -0.680716 -0.652414 -0.33314 -0.309017 -0.951056 -1.74846e-07 -0.560666 -0.758071 0.33314 -0.393034 -0.779537 0.487695 -0.125277 -0.169386 0.977555 -0.0252368 -0.0341225 0.999099 0.0755289 0.102122 0.9919 0.174122 0.235429 0.956167 0.267706 0.361962 0.892926 0.353589 0.478083 0.803997 0.429299 0.580451 0.691939 0.492659 0.666119 0.559975 0.541847 0.732625 0.411901 0.575446 0.778055 0.251978 0.592491 0.801101 0.0848059 0.592491 0.801101 -0.0848059 0.575446 0.778054 -0.251978 0.541847 0.732625 -0.411901 0.492659 0.666119 -0.559975 0.429299 0.580451 -0.691939 0.353589 0.478083 -0.803997 0.267706 0.361962 -0.892926 -0.025237 -0.0341226 -0.999099 -0.125191 -0.977633 -0.169001 -0.134233 -0.99095 -1.74846e-07 -0.424487 -0.84192 0.33314 -0.255639 -0.834747 0.487695 -0.167861 -0.332933 0.927889 -0.0948486 -0.188121 0.977555 -0.0191071 -0.0378967 0.999099 0.0571838 0.113417 0.9919 0.13183 0.261469 0.956167 0.202683 0.401998 0.892926 0.267706 0.530963 0.803997 0.325028 0.644653 0.691939 0.372998 0.739798 0.559975 0.410239 0.813659 0.411901 0.435677 0.864114 0.251978 0.448582 0.889709 0.0848059 0.448582 0.889709 -0.0848059 0.435677 0.864114 -0.251978 0.410238 0.81366 -0.411901 0.372998 0.739798 -0.559975 0.325028 0.644653 -0.691939 0.267706 0.530963 -0.803997 0.202684 0.401998 -0.892926 -0.0948485 -0.188121 -0.977555 -0.110888 -0.865943 -0.487695 -0.276096 -0.901548 -0.33314 0.0448649 -0.998993 -1.74846e-07 -0.276096 -0.901548 0.33314 0.367493 -0.914542 0.169001 0.393025 -0.919528 -1.74846e-07 -0.110888 -0.865943 0.487695 -0.109181 -0.356513 0.927889 -0.0616917 -0.201445 0.977555 -0.0124277 -0.0405807 0.999099 0.0371937 0.12145 0.9919 0.0857452 0.279987 0.956167 0.13183 0.43047 0.892926 0.174122 0.568568 0.803997 0.211405 0.69031 0.691939 0.242606 0.792193 0.559975 0.266829 0.871286 0.411901 0.283374 0.925314 0.251978 0.291768 0.952722 0.0848059 0.291768 0.952722 -0.0848059 0.283374 0.925314 -0.251978 0.266829 0.871286 -0.411901 0.242607 0.792193 -0.559975 0.211405 0.69031 -0.691939 0.174122 0.568568 -0.803997 0.13183 0.43047 -0.892926 0.0857452 0.279987 -0.956167 -0.0124278 -0.0405809 -0.999099 0.0418306 -0.984728 -0.169001 0.222521 -0.974928 -1.74846e-07 -0.119762 -0.935241 0.33314 -0.0665963 -0.520061 0.851529 -0.0473594 -0.369837 0.927889 -0.02676 -0.208973 0.977555 -0.00539078 -0.0420973 0.999099 0.0161335 0.125989 0.9919 0.0371937 0.290451 0.956167 0.0571838 0.446557 0.892926 0.0755289 0.589817 0.803997 0.0917012 0.716109 0.691939 0.105235 0.821799 0.559975 0.115742 0.903848 0.411901 0.122919 0.959895 0.251978 0.12656 0.988327 0.0848059 0.126561 0.988327 -0.0848059 0.122919 0.959895 -0.251978 0.115742 0.903848 -0.411901 0.105235 0.821799 -0.559975 0.0917012 0.716109 -0.691939 0.0755289 0.589817 -0.803997 0.0571839 0.446557 -0.892926 0.0371937 0.290451 -0.956167 0.0161335 0.125989 -0.9919 -0.00539079 -0.0420975 -0.999099 -0.0267601 -0.208973 -0.977555 0.367493 -0.914542 -0.169001 0.207649 -0.963494 -0.169001 0.198645 -0.921715 -0.33314 0.0400167 -0.942028 -0.33314 0.0370516 -0.872227 -0.487695 -0.119762 -0.935241 -0.33314 0.351375 -0.936235 -1.74846e-07 0.0400167 -0.942028 0.33314 0.0222521 -0.523835 0.851529 0.0158244 -0.372521 0.927889 0.00894155 -0.210489 0.977555 0.00180126 -0.0424028 0.999099 -0.00539082 0.126903 0.9919 -0.0124277 0.292559 0.956167 -0.0191071 0.449798 0.892926 -0.0252368 0.594097 0.803997 -0.0306406 0.721306 0.691939 -0.0351628 0.827763 0.559975 -0.0386735 0.910407 0.411901 -0.0410716 0.966861 0.251978 -0.0422886 0.9955 0.0848059 -0.0422886 0.9955 -0.0848059 -0.041072 0.966861 -0.251978 -0.0386735 0.910407 -0.411901 -0.0351628 0.827763 -0.559975 -0.0306406 0.721306 -0.691939 -0.0252368 0.594097 -0.803997 -0.0191071 0.449798 -0.892926 -0.0124277 0.292559 -0.956167 -0.00539077 0.126903 -0.9919 0.00180127 -0.042403 -0.999099 0.00894154 -0.210489 -0.977555 0.0158246 -0.372521 -0.927889 0.198645 -0.921715 0.33314 0.110461 -0.512539 0.851529 0.0785532 -0.364488 0.927889 0.0443858 -0.205951 0.977555 0.00894145 -0.0414884 0.999099 -0.02676 0.124167 0.9919 -0.0616917 0.286251 0.956167 -0.0948486 0.440099 0.892926 -0.125277 0.581287 0.803997 -0.152101 0.705752 0.691939 -0.17455 0.809914 0.559975 -0.191977 0.890776 0.411901 -0.203881 0.946012 0.251978 -0.20992 0.974034 0.0848059 -0.20992 0.974034 -0.0848059 -0.203881 0.946012 -0.251978 -0.191977 0.890776 -0.411901 -0.17455 0.809914 -0.559975 -0.152101 0.705752 -0.691939 -0.125277 0.581287 -0.803997 -0.0948486 0.440099 -0.892926 -0.0616917 0.28625 -0.956167 -0.02676 0.124167 -0.9919 0.00894148 -0.0414886 -0.999099 0.0443857 -0.20595 -0.977555 0.0785531 -0.364488 -0.927889 0.351558 -0.874885 0.33314 0.195491 -0.486499 0.851529 0.139022 -0.34597 0.927889 0.0785531 -0.195487 0.977555 0.0158244 -0.0393806 0.999099 -0.0473593 0.117858 0.9919 -0.109181 0.271707 0.956167 -0.167861 0.417739 0.892926 -0.221713 0.551754 0.803997 -0.269186 0.669895 0.691939 -0.308915 0.768765 0.559975 -0.339758 0.845519 0.411901 -0.360825 0.897949 0.251978 -0.371513 0.924546 0.0848059 -0.371513 0.924546 -0.0848059 -0.360825 0.897949 -0.251978 -0.339758 0.845519 -0.411901 -0.308915 0.768765 -0.559975 -0.269186 0.669895 -0.691939 -0.221713 0.551754 -0.803997 -0.167861 0.417739 -0.892926 -0.109181 0.271707 -0.956167 -0.0473594 0.117859 -0.9919 0.0158245 -0.0393807 -0.999099 0.078553 -0.195487 -0.977555 0.139022 -0.345969 -0.927889 0.351558 -0.874886 -0.33314 0.781831 -0.62349 -1.74846e-07 0.494357 -0.802888 0.33314 0.274898 -0.446463 0.851529 0.195491 -0.317498 0.927889 0.110461 -0.1794 0.977555 0.0222521 -0.0361398 0.999099 -0.0665963 0.108159 0.9919 -0.153529 0.249347 0.956167 -0.236045 0.383361 0.892926 -0.31177 0.506347 0.803997 -0.378527 0.614767 0.691939 -0.434394 0.7055 0.559975 -0.477764 0.775938 0.411901 -0.507389 0.824053 0.251978 -0.522418 0.848462 0.0848059 -0.522418 0.848462 -0.0848059 -0.507389 0.824053 -0.251978 -0.477764 0.775938 -0.411901 -0.434394 0.7055 -0.559975 -0.378527 0.614767 -0.691939 -0.31177 0.506347 -0.803997 -0.236045 0.383362 -0.892926 -0.153529 0.249347 -0.956167 -0.0665964 0.108159 -0.9919 0.0222522 -0.0361399 -0.999099 0.110461 -0.179399 -0.977555 0.195491 -0.317498 -0.927889 0.494357 -0.802888 -0.33314 0.858449 -0.512899 -1.74846e-07 0.622935 -0.707792 0.33314 0.514029 -0.58405 0.62822 0.436491 -0.49595 0.750672 0.346397 -0.393583 0.851529 0.246337 -0.279893 0.927889 0.139191 -0.158151 0.977555 0.0280397 -0.0318593 0.999099 -0.0839174 0.0953487 0.9919 -0.193461 0.219814 0.956167 -0.297438 0.337955 0.892926 -0.392859 0.446375 0.803997 -0.476978 0.541952 0.691939 -0.547375 0.621939 0.559975 -0.602026 0.684034 0.411901 -0.639357 0.72645 0.251978 -0.658295 0.747968 0.0848059 -0.658295 0.747968 -0.0848059 -0.639357 0.72645 -0.251978 -0.602026 0.684034 -0.411901 -0.547375 0.621939 -0.559975 -0.476978 0.541953 -0.691939 -0.392859 0.446375 -0.803997 -0.297438 0.337955 -0.892926 -0.193461 0.219814 -0.956167 -0.0839175 0.0953488 -0.9919 0.0280398 -0.0318594 -0.999099 0.13919 -0.158151 -0.977555 0.246337 -0.279893 -0.927889 0.823145 -0.459837 -0.33314 0.60534 -0.488777 -0.62822 0.679236 -0.548445 0.487695 0.733593 -0.592334 0.33314 0.60534 -0.488777 0.62822 0.514029 -0.415049 0.750672 0.40793 -0.32938 0.851529 0.290096 -0.234236 0.927889 0.163916 -0.132353 0.977555 0.0330206 -0.0266623 0.999099 -0.0988243 0.0797951 0.9919 -0.227827 0.183957 0.956167 -0.350275 0.282827 0.892926 -0.462646 0.37356 0.803997 -0.561708 0.453547 0.691939 -0.64461 0.520486 0.559975 -0.708968 0.572452 0.411901 -0.752931 0.607949 0.251978 -0.775233 0.625957 0.0848059 -0.775233 0.625957 -0.0848059 -0.752931 0.607949 -0.251978 -0.708968 0.572452 -0.411901 -0.64461 0.520486 -0.559975 -0.561708 0.453547 -0.691939 -0.462646 0.37356 -0.803997 -0.350275 0.282827 -0.892926 -0.227826 0.183957 -0.956167 -0.0988244 0.0797952 -0.9919 0.0330208 -0.0266624 -0.999099 0.163916 -0.132353 -0.977555 0.290096 -0.234236 -0.927889 0.40793 -0.32938 -0.851529 0.514028 -0.415049 -0.750672 0.823145 -0.459836 0.33314 0.576778 -0.322208 0.750672 0.457728 -0.255702 0.851529 0.325509 -0.18184 0.927889 0.183926 -0.102747 0.977555 0.0370516 -0.0206983 0.999099 -0.110888 0.0619459 0.9919 -0.255639 0.142808 0.956167 -0.393034 0.219562 0.892926 -0.519123 0.29 0.803997 -0.630278 0.352094 0.691939 -0.723301 0.40406 0.559975 -0.795515 0.444401 0.411901 -0.844845 0.471958 0.251978 -0.869869 0.485938 0.0848059 -0.869869 0.485938 -0.0848059 -0.844845 0.471958 -0.251978 -0.795515 0.444402 -0.411901 -0.723301 0.40406 -0.559975 -0.630278 0.352094 -0.691939 -0.519123 0.29 -0.803997 -0.393034 0.219562 -0.892926 -0.255638 0.142808 -0.956167 -0.110888 0.061946 -0.9919 0.0370518 -0.0206984 -0.999099 0.183926 -0.102747 -0.977555 0.325509 -0.18184 -0.927889 0.457727 -0.255702 -0.851529 0.576778 -0.322208 -0.750672 0.733592 -0.259195 0.62822 0.622935 -0.220097 0.750672 0.494357 -0.174667 0.851529 0.351558 -0.124213 0.927889 0.198645 -0.0701856 0.977555 0.0400167 -0.0141388 0.999099 -0.119762 0.0423147 0.9919 -0.276096 0.097551 0.956167 -0.424487 0.149981 0.892926 -0.560666 0.198096 0.803997 -0.680716 0.240512 0.691939 -0.781183 0.27601 0.559975 -0.859177 0.303566 0.411901 -0.912454 0.32239 0.251978 -0.939481 0.331939 0.0848059 -0.939481 0.331939 -0.0848059 -0.912453 0.322391 -0.251978 -0.859177 0.303567 -0.411901 -0.781183 0.27601 -0.559975 -0.680716 0.240512 -0.691939 -0.560666 0.198096 -0.803997 -0.424487 0.149981 -0.892926 -0.276096 0.0975508 -0.956167 -0.119762 0.0423147 -0.9919 0.0400169 -0.0141388 -0.999099 0.198645 -0.0701855 -0.977555 0.351558 -0.124213 -0.927889 0.494357 -0.174668 -0.851529 0.622935 -0.220097 -0.750672 0.929315 -0.159347 -0.33314 0.860457 -0.14754 -0.487695 0.860457 -0.14754 0.487695 0.766844 -0.131489 0.62822 0.651172 -0.111655 0.750672 0.516766 -0.0886084 0.851529 0.367493 -0.0630131 0.927889 0.207649 -0.035605 0.977555 0.0418306 -0.00717257 0.999099 -0.125191 0.0214661 0.9919 -0.288611 0.0494873 0.956167 -0.443728 0.0760848 0.892926 -0.58608 0.100494 0.803997 -0.711571 0.122011 0.691939 -0.816592 0.140019 0.559975 -0.898121 0.153998 0.411901 -0.953813 0.163548 0.251978 -0.982065 0.168392 0.0848059 -0.982065 0.168392 -0.0848059 -0.953813 0.163548 -0.251978 -0.898121 0.153998 -0.411901 -0.816592 0.140019 -0.559975 -0.711572 0.122011 -0.691939 -0.58608 0.100493 -0.803997 -0.443728 0.0760848 -0.892926 -0.288611 0.0494873 -0.956167 -0.125191 0.0214661 -0.9919 0.0418307 -0.0071726 -0.999099 0.207649 -0.035605 -0.977555 0.367493 -0.0630131 -0.927889 0.516765 -0.0886083 -0.851529 0.651172 -0.111655 -0.750672 0.766845 -0.131489 -0.62822</float_array>
          <technique_common>
            <accessor count="1472" source="#ID38" stride="3">
              <param name="X" type="float"/>
              <param name="Y" type="float"/>
              <param name="Z" type="float"/>
            </accessor>
          </technique_common>
        </source>
        <vertices id="ID39">
          <input semantic="POSITION" source="#ID35"/>
          <input semantic="NORMAL" source="#ID37"/>
        </vertices>
        <triangles count="2944" material="ID10">
          <input offset="0" semantic="VERTEX" source="#ID39"/>
          <p>0 1 2 3 0 4 4 0 2 5 6 7 8 3 9 10 11 6 12 5 13 14 3 15 10 16 17 9 14 18 16 19 20 21 22 23 24 14 15 14 24 25 26 27 28 29 28 27 30 31 22 32 33 34 35 30 28 36 37 32 38 39 25 26 40 27 41 34 33 34 42 43 44 26 43 25 24 38 33 32 45 46 36 39 47 48 36 37 36 49 37 50 32 51 52 36 47 53 54 52 49 36 48 51 36 55 45 32 47 54 48 15 3 4 12 56 57 58 59 60 0 61 1 2 1 62 63 64 65 62 1 66 67 68 58 69 70 71 72 66 1 73 62 66 74 75 76 71 77 78 73 66 79 69 78 80 66 81 79 79 82 83 83 73 79 78 84 85 81 80 86 83 82 87 88 82 86 87 82 89 85 90 80 85 91 92 93 88 90 88 94 89 87 89 95 96 95 89 93 92 97 96 98 95 99 94 93 96 94 100 101 102 103 100 99 104 105 98 96 106 107 108 105 109 98 110 104 106 105 100 111 112 109 113 105 113 109 110 108 114 104 115 111 116 112 113 117 116 113 116 118 112 115 110 119 120 116 121 121 117 122 122 123 124 120 118 116 125 126 123 127 128 129 124 126 130 131 128 132 133 134 125 135 134 136 131 137 138 139 140 141 142 143 144 145 138 146 141 147 148 149 147 150 151 140 142 152 153 150 154 155 153 152 147 140 156 157 158 154 152 151 159 160 154 161 162 163 164 159 165 165 157 166 167 168 169 159 151 144 166 170 167 166 169 164 163 170 156 162 171 172 173 174 175 167 175 174 175 163 172 176 177 178 179 173 172 179 171 180 181 182 183 184 185 179 186 184 187 148 149 138 181 188 187 189 190 191 184 180 181 192 193 194 183 195 188 196 189 197 198 199 200 188 201 193 195 202 201 145 136 133 202 203 204 205 196 206 205 207 208 209 210 203 211 212 213 209 200 214 215 148 137 212 216 209 217 218 219 211 219 216 220 217 221 222 208 223 211 224 217 134 225 126 226 227 228 190 189 196 130 225 229 230 231 232 227 220 233 233 234 227 196 205 208 235 232 231 235 236 237 238 239 130 222 232 208 232 235 237 121 124 239 240 241 237 46 242 47 243 244 245 239 246 120 247 248 249 248 247 250 242 251 248 47 248 252 250 252 248 252 253 47 134 133 136 53 47 253 254 255 256 257 258 259 260 261 262 260 263 264 265 266 267 268 269 270 271 272 273 274 275 276 277 278 273 279 280 281 282 283 284 285 286 287 288 284 283 289 290 291 292 293 294 295 296 297 298 299 289 300 301 302 302 303 304 305 306 197 307 305 308 309 294 293 307 310 222 311 312 313 314 315 316 235 231 317 317 236 235 317 310 318 247 249 319 319 241 317 231 310 317 241 319 249 319 250 247 250 319 252 311 320 314 252 321 253 205 305 307 321 53 253 299 304 290 322 323 324 284 325 326 295 297 327 325 328 329 330 331 329 279 332 272 291 333 283 334 328 335 287 336 337 338 339 340 341 342 343 342 344 340 341 281 345 271 346 280 347 348 349 350 351 352 353 265 347 354 347 355 356 357 271 265 358 355 359 360 361 263 362 360 363 364 365 366 367 368 369 354 370 371 358 372 373 366 261 374 375 376 377 378 379 374 380 381 382 383 384 257 384 385 367 373 386 384 259 387 382 387 388 389 390 256 391 392 393 394 395 396 397 398 399 400 392 401 402 403 404 405 404 406 136 145 398 407 408 409 410 411 412 405 413 407 414 415 416 417 408 418 419 420 411 419 410 421 246 238 422 423 424 414 425 118 120 120 246 425 426 422 417 427 419 428 246 429 425 422 430 429 426 418 431 421 432 428 246 422 429 433 434 435 124 121 122 426 436 430 430 422 426 437 438 400 439 440 441 436 431 442 116 117 121 443 444 445 433 446 441 447 448 433 431 439 442 443 449 450 442 439 451 452 444 453 451 439 446 446 454 451 455 456 447 443 457 453 448 454 446 456 458 448 459 455 460 457 450 461 448 458 454 456 459 462 433 441 434 463 464 461 458 456 462 465 466 457 467 468 469 459 468 470 441 446 439 465 461 471 472 473 467 466 474 473 468 475 470 444 443 453 468 467 475 476 474 465 475 467 477 473 477 467 478 464 479 452 453 472 480 477 473 473 474 480 481 482 479 481 483 484 474 485 480 486 478 482 469 472 467 479 487 481 485 476 488 482 484 489 488 476 490 490 491 488 492 44 43 478 479 482 486 491 490 489 493 486 33 494 41 494 33 45 486 493 491 495 496 483 486 490 478 497 498 489 499 500 501 499 37 500 502 498 497 484 496 497 37 49 500 321 503 500 503 321 502 321 500 48 51 48 500 53 321 54 321 48 54 46 47 36 55 32 50 504 26 44 46 39 38 505 39 32 26 34 43 25 505 18 9 506 507 14 25 18 8 507 59 14 9 3 72 61 70 0 3 8 72 69 81 0 8 61 508 509 510 61 72 1 511 512 513 81 66 72 103 513 514 79 81 86 515 107 101 86 82 79 108 515 516 89 82 88 516 127 114 96 89 94 407 440 418 100 105 96 124 123 126 105 111 113 441 413 434 111 117 113 517 518 432 435 519 447 431 436 426 120 121 239 455 519 520 239 238 246 521 460 520 422 238 417 522 435 434 418 426 417 469 452 472 440 439 431 472 453 466 443 445 449 459 470 462 446 433 448 487 479 523 456 448 447 487 524 481 455 459 456 483 524 525 460 469 468 478 490 471 526 527 495 474 476 485 472 466 473 504 44 492 474 466 465 492 43 494 490 476 471 497 496 503 45 499 494 493 489 498 489 486 482 37 499 50 49 52 500 502 497 503 503 501 500 51 500 52 39 36 32 42 34 41 528 35 28 39 505 25 529 505 34 530 531 19 18 529 506 532 60 507 9 18 506 16 10 6 9 507 8 533 534 74 59 61 8 535 536 537 61 59 70 510 538 539 70 69 72 512 540 514 81 69 80 106 99 97 86 80 90 515 541 542 90 88 86 516 542 543 93 94 88 114 129 119 99 100 94 417 238 229 100 104 111 125 134 126 115 117 111 434 406 522 122 117 115 435 522 544 544 545 519 440 431 418 124 130 239 520 545 546 238 130 229 547 521 546 417 229 408 438 544 522 418 408 407 450 548 463 413 441 440 463 549 523 449 550 551 460 468 459 433 435 447 552 487 553 455 447 519 552 554 524 520 460 455 525 554 555 469 521 452 556 557 558 30 559 560 465 471 476 453 457 466 35 528 559 465 457 461 559 27 492 464 478 471 496 495 501 526 495 525 489 484 497 484 482 481 499 527 494 45 55 499 503 496 501 501 527 499 50 499 55 505 32 34 40 26 504 561 23 22 505 529 18 26 562 529 30 22 28 562 532 506 563 67 60 507 506 532 6 5 12 507 60 59 564 537 76 58 70 59 565 566 567 70 58 71 568 569 570 78 69 71 571 107 97 85 80 78 541 103 572 90 85 92 542 573 574 92 93 90 543 574 575 97 99 93 575 137 132 106 104 99 408 229 576 110 115 104 577 376 375 115 119 122 522 403 438 122 119 123 544 438 437 545 437 578 413 440 407 130 126 225 546 578 424 576 229 225 579 547 424 576 409 408 419 411 410 407 409 405 580 581 582 406 434 413 580 583 584 585 586 587 521 469 460 435 544 519 588 552 589 520 519 545 588 590 554 546 521 520 555 590 591 452 547 444 581 590 588 592 21 560 461 464 471 450 457 443 559 593 560 450 463 461 524 487 552 523 479 464 594 559 492 555 595 526 484 483 496 524 483 481 494 596 492 43 42 494 501 495 527 527 596 494 42 41 494 26 529 34 528 28 29 597 530 21 529 562 506 598 562 28 21 530 22 598 563 532 599 600 67 60 532 563 68 600 601 60 67 58 84 77 602 68 71 58 84 603 91 68 77 71 571 91 102 77 84 78 604 572 514 91 85 84 573 572 605 92 91 571 574 606 607 92 571 97 215 575 607 107 106 97 576 225 135 106 108 110 409 576 608 110 114 119 405 409 609 129 123 119 438 610 400 129 125 123 437 400 611 578 611 414 406 413 405 135 225 134 421 612 517 135 608 576 579 423 613 409 608 609 611 400 401 405 609 404 445 550 449 403 522 406 449 551 548 548 614 549 547 452 521 545 544 437 553 549 615 546 545 578 427 551 616 424 547 546 591 584 556 444 579 445 581 580 584 20 19 617 463 523 464 449 548 450 597 21 592 548 549 463 554 552 588 487 523 553 526 595 596 591 558 595 483 525 495 525 524 554 27 559 29 27 40 492 527 526 596 596 594 492 40 504 492 28 562 26 561 22 31 618 16 20 562 598 532 619 598 22 16 530 19 619 599 563 620 621 600 67 563 599 601 621 508 67 600 68 603 602 511 77 68 601 603 513 102 77 601 602 540 622 604 602 603 84 623 605 604 102 91 603 606 605 624 571 102 101 127 543 132 101 107 571 215 625 141 107 515 108 608 135 626 516 114 108 609 608 627 127 129 114 404 609 628 125 129 128 254 401 391 125 128 133 611 401 415 629 612 410 403 406 404 135 136 626 423 416 630 608 626 627 631 613 630 628 609 627 415 401 254 404 628 402 550 616 551 610 438 403 551 427 614 614 428 615 579 444 547 578 437 611 589 615 432 414 424 578 419 427 420 423 579 424 518 581 588 445 613 550 580 632 583 11 10 633 549 553 523 551 614 548 618 20 617 549 614 615 617 19 592 552 553 589 595 558 594 21 23 560 525 555 526 555 554 590 30 560 31 30 35 559 596 595 594 594 593 559 29 559 528 598 28 22 531 530 597 634 6 11 598 619 563 635 619 530 63 65 636 599 635 620 637 509 621 620 600 599 638 565 536 600 621 601 639 640 641 508 602 601 642 643 644 602 508 511 645 646 647 511 513 603 648 649 650 103 102 513 651 650 652 101 103 541 139 625 653 541 515 101 626 136 398 515 542 516 627 626 397 516 543 127 628 627 654 127 132 128 402 628 655 133 128 131 610 402 656 145 133 131 415 254 390 390 657 416 610 403 402 398 397 626 630 657 658 397 654 627 659 631 658 628 654 655 256 390 254 656 402 655 616 420 427 400 610 392 517 660 582 410 412 629 613 445 579 611 415 414 632 580 661 423 414 416 632 662 583 630 613 423 663 662 664 631 616 550 665 666 667 590 581 584 615 589 553 427 428 614 634 11 633 615 428 432 633 10 617 518 588 589 558 557 593 587 557 663 555 591 595 591 590 584 560 668 592 23 561 560 594 558 593 593 668 560 31 560 561 619 22 530 17 16 618 669 56 12 619 635 599 670 635 16 671 672 533 620 670 637 673 538 509 621 620 637 74 76 537 621 509 508 569 674 643 510 511 508 675 676 677 511 510 512 647 678 679 512 514 513 649 680 652 572 103 514 651 653 681 541 572 573 139 682 142 541 573 542 146 399 398 574 543 542 399 683 397 575 132 543 683 684 654 131 132 137 684 685 655 145 131 138 685 393 656 398 145 146 577 375 389 389 686 657 392 610 656 683 654 397 658 686 687 684 655 654 395 659 687 685 656 655 577 389 256 393 392 656 688 689 690 391 401 392 691 692 693 629 694 695 631 550 613 415 390 416 696 632 697 630 416 657 696 698 662 658 631 630 664 698 699 616 659 420 700 701 665 702 57 703 432 518 589 421 428 419 663 556 583 432 421 517 703 5 633 582 581 518 557 587 668 585 587 664 591 556 558 556 584 583 592 586 617 19 531 592 593 557 668 668 586 592 531 597 592 635 530 16 7 6 634 57 704 65 635 670 620 6 705 670 57 65 12 705 673 637 706 707 538 509 637 673 539 707 708 509 538 510 709 676 642 539 512 510 710 711 712 512 539 540 713 714 715 604 514 540 716 625 607 605 572 604 682 651 717 605 606 573 718 146 149 574 573 606 719 399 718 574 607 575 720 683 719 215 137 575 721 684 720 148 138 137 722 685 721 146 138 149 723 393 722 399 146 718 255 391 723 399 719 683 686 375 381 683 720 684 687 381 396 684 721 685 690 258 724 393 685 722 384 383 385 391 393 723 693 688 725 255 254 391 693 692 726 612 727 660 659 616 631 390 389 657 660 728 661 658 657 686 689 729 698 687 659 658 699 729 667 420 395 411 688 729 689 64 63 730 517 582 518 612 421 410 703 731 702 612 660 517 662 632 696 661 580 582 732 703 633 699 666 585 556 663 557 662 663 583 617 733 633 10 17 617 668 587 586 586 733 617 17 618 617 6 670 16 669 12 13 734 671 64 670 705 637 735 705 12 64 671 65 735 706 673 736 737 707 538 673 706 708 737 738 538 707 539 623 622 739 708 540 539 623 740 624 708 622 540 716 624 681 622 623 604 741 717 652 624 605 623 143 717 742 606 624 716 743 718 150 606 716 607 744 719 743 215 607 625 745 720 744 148 215 141 746 721 745 149 148 147 747 722 746 718 149 150 748 723 747 719 718 743 749 255 748 720 719 744 749 577 256 745 721 720 396 380 386 746 722 721 394 386 750 747 723 722 751 374 376 748 255 723 412 694 629 255 749 256 629 695 727 727 752 728 395 420 659 686 389 375 697 728 753 687 686 381 387 695 388 396 395 687 667 726 700 411 394 412 688 693 726 534 533 754 660 661 582 629 727 612 734 64 730 727 728 660 698 696 689 632 661 697 585 666 733 57 56 703 663 664 587 664 662 698 5 703 13 5 7 633 586 585 733 633 733 732 7 634 633 705 6 12 636 65 704 755 74 534 705 735 673 756 735 65 74 671 533 706 756 736 737 757 758 707 706 736 738 758 645 707 737 708 740 739 648 622 708 738 740 650 681 622 738 739 759 760 761 739 740 623 762 742 741 681 624 740 763 161 156 681 653 716 764 743 153 716 653 625 765 744 764 139 141 625 766 745 765 140 147 141 767 746 766 150 147 152 768 747 767 743 150 153 769 748 768 744 743 764 770 749 769 745 744 765 376 577 770 746 745 766 771 367 380 747 746 767 772 750 373 748 747 768 773 771 751 769 749 748 694 388 695 770 577 749 695 387 752 752 259 753 394 411 395 381 375 374 774 753 258 380 396 381 384 387 382 394 396 386 692 775 700 750 694 412 689 696 774 776 777 701 728 697 661 695 752 727 755 534 754 728 752 753 754 533 730 696 697 774 666 665 732 63 702 730 664 699 585 699 698 729 57 702 704 56 669 703 733 666 732 732 731 703 13 703 669 735 12 65 672 671 734 778 535 537 735 756 706 779 756 671 641 640 780 736 779 757 781 646 758 757 737 736 570 569 643 737 758 738 782 783 715 645 739 738 784 785 786 739 645 648 761 787 788 648 650 740 789 790 161 651 681 650 764 155 791 651 682 653 765 791 792 682 139 653 766 792 793 140 139 142 767 793 794 152 140 151 768 794 795 153 152 154 769 795 796 764 153 155 770 796 797 765 764 791 376 797 751 766 765 792 374 751 771 767 766 793 355 371 370 767 794 768 264 772 261 768 795 769 773 379 368 796 770 769 798 724 257 770 797 376 724 799 725 385 800 801 750 412 394 374 771 380 691 693 802 386 380 367 691 803 692 373 750 386 775 803 804 772 388 694 805 806 807 729 688 726 753 774 697 387 259 752 535 778 808 753 259 258 808 76 754 690 689 774 665 701 731 776 701 775 699 667 666 667 729 726 702 777 730 63 636 702 732 665 731 731 777 702 704 702 636 756 65 671 75 74 755 809 566 565 756 779 736 74 810 779 536 565 537 757 810 781 811 678 646 758 757 781 643 642 676 758 646 645 714 812 785 647 648 645 813 814 815 648 647 649 816 817 818 649 652 650 819 165 144 651 652 717 160 820 155 143 682 717 820 821 791 142 682 143 821 822 792 142 144 151 822 823 793 159 154 151 823 824 794 160 155 154 824 825 795 820 791 155 825 826 796 821 792 791 826 827 797 822 793 792 827 773 751 823 794 793 773 368 771 824 795 794 352 369 828 796 795 825 354 348 347 797 796 826 829 830 831 827 751 797 829 832 833 801 828 369 772 694 750 771 368 367 834 691 835 373 367 366 834 836 803 261 772 373 804 836 837 388 264 382 838 839 806 840 567 841 258 690 774 257 259 384 842 841 808 258 257 724 841 536 808 725 688 690 843 808 754 804 844 776 667 700 665 700 726 692 730 845 754 533 672 730 731 701 777 777 845 730 672 734 730 74 779 671 778 537 564 567 846 640 779 810 757 847 810 537 567 640 565 847 811 781 848 849 678 646 781 811 679 849 850 646 678 647 741 680 851 679 649 647 852 853 854 649 679 680 819 742 158 741 652 680 164 855 160 717 741 742 855 856 820 143 742 819 856 857 821 143 819 144 857 858 822 165 159 144 858 859 823 164 160 159 859 860 824 855 820 160 860 861 825 856 821 820 861 862 826 857 822 821 862 863 827 858 823 822 863 379 773 859 824 823 379 378 368 860 825 824 378 262 366 825 861 826 364 864 377 827 826 862 383 800 385 827 863 773 385 801 798 798 865 799 264 388 772 366 368 378 799 866 802 261 366 262 830 833 836 260 264 261 837 833 805 382 263 383 830 829 833 639 641 867 724 725 690 798 257 385 846 567 840 798 799 724 803 691 834 693 725 802 776 844 845 837 807 844 700 775 701 775 692 803 76 808 564 76 75 754 777 776 845 845 843 754 75 755 754 537 810 74 809 565 638 868 570 639 810 847 781 869 847 565 639 570 640 869 848 811 870 871 849 678 811 848 850 871 759 678 849 679 762 851 872 680 679 850 762 763 158 680 850 851 790 873 162 741 851 762 169 874 855 158 742 762 874 875 856 157 819 158 875 876 857 819 157 165 876 877 858 166 164 165 877 878 859 169 855 164 878 879 860 874 856 855 879 880 861 875 857 856 880 881 862 876 858 857 881 882 863 877 859 858 882 377 379 878 860 859 377 864 378 879 861 860 864 883 262 880 862 861 883 362 260 881 863 862 800 828 801 882 379 863 801 369 865 865 370 866 263 382 264 262 378 864 835 866 371 260 262 883 354 369 352 362 263 260 805 832 838 383 360 800 829 884 832 674 569 885 799 802 725 801 865 798 868 639 867 799 865 866 836 834 830 691 802 835 844 807 843 567 566 841 775 804 776 804 803 836 536 841 638 536 535 808 845 844 843 843 842 808 564 808 778 847 537 565 780 640 846 886 643 674 847 869 811 887 869 640 711 710 888 848 887 870 889 760 871 870 849 848 890 814 784 871 850 849 763 872 789 759 851 850 891 892 893 851 759 872 894 178 895 763 762 872 168 896 874 158 763 156 896 897 875 156 170 157 897 898 876 170 166 157 898 899 877 167 169 166 899 900 878 168 874 169 900 901 879 896 875 874 901 902 880 897 876 875 902 903 881 898 877 876 903 904 882 899 878 877 904 364 377 900 879 878 364 363 864 901 880 879 363 905 883 902 881 880 905 361 362 903 882 881 352 348 354 377 882 904 358 267 831 347 349 353 360 383 263 883 864 363 884 829 906 905 362 883 884 907 832 361 360 362 838 907 908 359 828 800 830 834 372 909 910 839 866 835 802 369 370 865 886 674 885 866 370 371 885 569 867 372 834 835 807 806 842 641 840 867 804 837 844 837 836 833 841 911 840 566 809 841 843 807 842 842 911 841 638 841 809 869 565 640 568 570 868 912 677 676 869 887 848 913 887 570 914 915 782 870 913 889 916 787 760 871 870 889 715 714 785 871 760 759 917 918 892 761 872 759 919 920 921 872 761 789 174 922 168 789 161 763 922 923 896 156 161 163 923 924 897 170 163 175 924 925 898 175 167 170 925 926 899 174 168 167 926 927 900 922 896 168 927 928 901 923 897 896 928 929 902 924 898 897 929 930 903 925 899 898 930 931 904 926 900 899 931 365 364 927 901 900 365 269 363 928 902 901 269 932 905 929 903 902 932 933 361 930 904 903 933 350 359 931 364 904 273 356 271 353 934 338 359 800 360 363 269 905 935 884 936 361 905 932 935 937 907 933 359 361 908 937 938 828 350 352 939 940 941 942 675 943 371 372 835 354 355 370 677 912 943 371 355 358 943 642 885 831 830 372 806 839 911 909 839 908 837 805 807 805 833 832 840 910 867 641 780 840 842 806 911 911 910 840 780 846 840 887 640 570 644 643 886 675 944 710 887 913 870 643 945 913 675 710 676 945 916 889 946 947 787 760 889 916 788 947 948 760 787 761 949 921 891 788 789 761 950 951 952 790 789 788 922 174 953 161 790 162 923 922 954 162 172 163 924 923 955 172 173 175 925 924 956 173 953 174 926 925 957 953 954 922 927 926 958 954 955 923 928 927 959 955 956 924 929 928 960 956 957 925 930 929 961 957 958 926 931 930 962 958 959 927 365 931 963 959 960 928 269 365 270 960 961 929 932 269 268 961 962 930 933 932 964 962 963 931 350 933 965 963 270 365 353 338 266 356 966 939 350 828 359 964 932 268 267 967 906 964 965 933 968 969 937 350 965 351 938 969 970 352 351 348 346 969 968 712 711 971 358 831 372 265 355 347 943 972 942 265 267 358 907 884 935 906 829 831 973 943 885 938 974 909 805 838 806 907 838 832 867 975 885 569 568 867 911 839 910 910 975 867 568 868 867 643 913 570 912 676 709 976 914 712 913 945 889 977 945 676 712 914 710 977 946 916 978 818 947 787 916 946 948 818 979 787 947 788 171 873 980 948 790 788 173 185 953 948 873 790 953 981 954 162 873 171 954 982 955 172 171 179 955 983 956 179 185 173 956 984 957 185 981 953 957 985 958 981 982 954 958 986 959 982 983 955 959 987 960 983 984 956 960 988 961 984 985 957 961 989 962 985 986 958 962 990 963 986 987 959 963 991 270 987 988 960 270 992 268 988 989 961 268 993 964 989 990 962 964 994 965 990 991 963 965 995 351 991 992 270 351 996 348 993 268 992 266 340 967 994 964 993 936 967 344 995 965 994 339 338 997 995 996 351 970 357 939 348 996 349 346 271 357 783 782 998 267 906 831 353 266 265 976 712 971 266 967 267 937 935 968 884 906 936 909 974 975 970 941 974 838 908 839 908 907 937 642 943 709 642 644 885 910 909 975 885 975 973 644 886 885 945 643 676 888 710 944 999 715 783 945 977 916 1000 977 710 715 914 782 946 1000 978 814 785 784 947 946 978 979 817 895 947 818 948 180 980 182 979 873 948 185 186 981 873 979 980 981 1001 982 980 180 171 982 1002 983 180 184 179 983 1003 984 184 186 185 984 1004 985 186 1001 981 985 1005 986 1001 1002 982 986 1006 987 1002 1003 983 987 1007 988 1003 1004 984 988 1008 989 1004 1005 985 989 1009 990 1005 1006 986 990 1010 991 1006 1007 987 991 1011 992 1007 1008 988 992 1012 993 1008 1009 989 993 1013 994 1009 1010 990 994 1014 995 1010 1011 991 995 1015 996 1011 1012 992 996 1016 349 1012 1013 993 353 349 934 994 1013 1014 1017 344 341 995 1014 1015 1018 275 339 996 1015 1016 345 346 968 349 1016 934 968 935 1017 812 714 1019 967 936 906 338 340 266 999 783 998 967 340 344 998 782 971 935 936 1017 974 941 973 711 942 971 908 938 909 938 937 969 675 942 944 943 675 677 975 974 973 973 972 943 709 943 912 977 676 710 915 914 976 1020 785 812 977 1000 946 1021 1000 914 853 852 1022 978 1021 816 1023 894 817 816 818 978 1024 950 920 818 817 979 190 327 297 979 895 980 186 1025 1001 182 980 895 1001 1026 1002 181 180 182 1002 1027 1003 181 187 184 1003 1028 1004 187 1025 186 1004 1029 1005 1025 1026 1001 1005 1030 1006 1026 1027 1002 1006 1031 1007 1027 1028 1003 1007 1032 1008 1028 1029 1004 1008 1033 1009 1029 1030 1005 1009 1034 1010 1030 1031 1006 1010 1035 1011 1031 1032 1007 1011 1036 1012 1032 1033 1008 1012 1037 1013 1033 1034 1009 1013 1038 1014 1034 1035 1010 1014 1039 1015 1035 1036 1011 1015 1040 1016 1036 1037 1012 1016 1041 934 1037 1038 1013 934 997 338 1038 1039 1014 336 274 1042 1040 1015 1039 273 1043 356 1040 1041 1016 966 1043 1044 1041 997 934 1045 1046 1047 969 346 357 344 1017 936 339 342 340 1020 812 1019 344 342 341 1019 714 998 345 968 1017 941 940 972 1048 940 966 938 970 974 970 969 357 942 1049 971 711 888 942 973 941 972 972 1049 942 944 942 888 1000 710 914 713 715 999 1050 815 814 1000 1021 978 1051 1021 715 1052 1053 917 816 1051 1023 1054 176 894 817 816 1023 892 891 921 894 895 817 187 193 1025 182 895 178 1025 192 1026 182 178 183 1026 1055 1027 183 188 181 1027 1056 1028 188 193 187 1028 1057 1029 193 192 1025 1029 1058 1030 192 1055 1026 1030 1059 1031 1055 1056 1027 1031 1060 1032 1056 1057 1028 1032 1061 1033 1057 1058 1029 1033 1062 1034 1058 1059 1030 1034 1063 1035 1059 1060 1031 1035 1064 1036 1060 1061 1032 1036 1065 1037 1061 1062 1033 1037 1066 1038 1062 1063 1034 1038 1067 1039 1063 1064 1035 1039 1068 1040 1064 1065 1036 1040 1069 1041 1065 1066 1037 1041 1070 997 1066 1067 1038 997 1018 339 1067 1068 1039 342 339 275 1069 1040 1068 278 334 1043 1041 1069 1070 1044 334 1071 997 1070 1018 333 1072 1045 1073 813 1074 341 345 1017 343 342 275 1075 1074 1019 341 343 281 1074 784 1019 280 346 345 940 1048 1049 1076 1048 1044 970 939 941 939 357 356 971 1077 998 782 915 971 972 940 1049 1049 1077 971 915 976 971 1021 914 715 786 785 1020 813 1078 852 1021 1051 816 785 1079 1051 813 852 814 1079 1054 1023 1080 1081 176 894 1023 1054 177 1081 198 178 894 176 1082 1055 192 177 183 178 1083 1056 1055 195 183 177 1084 1057 1056 195 201 188 1085 1058 1057 201 194 193 1086 1059 1058 194 1082 192 1087 1060 1059 1082 1083 1055 1088 1061 1060 1083 1084 1056 1089 1062 1061 1084 1085 1057 1090 1063 1062 1085 1086 1058 1091 1064 1063 1086 1087 1059 1092 1065 1064 1087 1088 1060 1093 1066 1065 1088 1089 1061 1094 1067 1066 1089 1090 1062 1095 1068 1067 1090 1091 1063 1096 1069 1068 1091 1092 1064 1097 1070 1069 1092 1093 1065 1098 1018 1070 1093 1094 1066 276 275 1018 1094 1095 1067 274 343 275 1095 1096 1068 303 292 1099 1096 1097 1069 1100 281 343 1097 1098 1070 1071 335 1047 1018 1098 276 325 335 328 854 853 1101 281 280 345 1100 343 274 1074 1102 1073 1100 279 281 1043 273 278 271 280 272 1048 1076 1077 1071 1046 1076 939 966 940 1043 966 356 998 1103 1019 714 713 998 1049 1048 1077 1077 1103 998 713 999 998 785 1051 715 1050 814 890 1104 1052 854 1051 1079 1023 1105 1079 814 854 1052 852 1105 1080 1054 1106 199 1081 176 1054 1080 194 201 204 176 1081 177 1082 194 1107 198 195 177 1083 1082 1108 195 198 202 1084 1083 1109 201 202 204 1085 1084 1110 194 204 1107 1086 1085 1111 1082 1107 1108 1087 1086 1112 1083 1108 1109 1088 1087 1113 1084 1109 1110 1089 1088 1114 1085 1110 1111 1090 1089 1115 1086 1111 1112 1091 1090 1116 1087 1112 1113 1092 1091 1117 1088 1113 1114 1093 1092 1118 1089 1114 1115 1094 1093 1119 1090 1115 1116 1095 1094 1120 1091 1116 1117 1096 1095 1121 1092 1117 1118 1097 1096 1122 1093 1118 1119 1098 1097 1123 1094 1119 1120 276 1098 1124 1095 1120 1121 274 276 1042 1096 1121 1122 1100 274 336 1097 1122 1123 279 1100 1125 1123 1124 1098 1047 288 333 1042 276 1124 325 284 288 918 917 1126 279 272 280 336 1125 1100 1104 854 1101 1125 332 279 334 278 328 273 272 277 1076 1046 1103 813 815 1074 966 1044 1048 1044 1043 334 784 1074 890 784 786 1019 1077 1076 1103 1019 1103 1075 786 1020 1019 1079 785 814 1022 852 1078 1127 892 918 1079 1105 1054 1128 1105 852 892 1052 917 1080 1128 1106 199 1129 214 1106 1081 1080 1107 204 1130 1081 199 198 1108 1107 1131 200 202 198 1109 1108 1132 202 200 203 1110 1109 1133 204 203 1130 1111 1110 1134 1107 1130 1131 1112 1111 1135 1108 1131 1132 1113 1112 1136 1109 1132 1133 1114 1113 1137 1110 1133 1134 1115 1114 1138 1111 1134 1135 1116 1115 1139 1112 1135 1136 1117 1116 1140 1113 1136 1137 1118 1117 1141 1114 1137 1138 1119 1118 1142 1115 1138 1139 1120 1119 1143 1116 1139 1140 1121 1120 1144 1117 1140 1141 1122 1121 1145 1118 1141 1142 1123 1122 1146 1119 1142 1143 1124 1123 1147 1120 1143 1144 1042 1124 1148 1121 1144 1145 336 1042 337 1122 1145 1146 1125 336 287 1123 1146 1147 332 1125 286 1124 1147 1148 277 332 1149 1042 1148 337 328 278 330 1150 1151 1072 332 277 272 286 1125 287 1127 918 1126 286 1149 332 1126 917 1101 278 277 330 1046 1045 1075 853 1073 1101 1044 1071 1076 1071 334 335 813 1073 1078 815 1050 1074 1103 1046 1075 1075 1102 1074 890 1074 1050 1105 814 852 1053 1052 1104 1152 919 921 1105 1128 1080 1153 1128 1052 327 1154 1155 1106 1153 1129 1156 212 214 1106 1129 199 210 1157 1130 200 199 214 1157 1158 1131 203 200 209 1158 1159 1132 1130 203 210 1159 1160 1133 1131 1130 1157 1160 1161 1134 1132 1131 1158 1161 1162 1135 1133 1132 1159 1162 1163 1136 1134 1133 1160 1163 1164 1137 1135 1134 1161 1164 1165 1138 1136 1135 1162 1165 1166 1139 1137 1136 1163 1166 1167 1140 1138 1137 1164 1167 1168 1141 1139 1138 1165 1168 1169 1142 1140 1139 1166 1169 1170 1143 1141 1140 1167 1170 1171 1144 1142 1141 1168 1171 1172 1145 1143 1142 1169 1172 1173 1146 1144 1143 1170 1173 1174 1147 1145 1144 1171 1174 1175 1148 1146 1145 1172 1175 1176 337 1147 1146 1173 1176 285 287 1148 1147 1174 285 1177 286 337 1148 1175 1177 331 1149 287 337 1176 289 283 282 335 325 288 1149 330 277 1149 286 1177 919 1152 1178 330 1149 331 1178 891 1126 329 328 330 1045 1072 1102 1150 1072 291 1071 1047 1046 1047 335 288 1073 1151 1101 853 1022 1073 1075 1045 1102 1102 1151 1073 1078 1073 1022 1128 852 1052 893 892 1127 1179 951 950 1128 1153 1106 892 1180 1153 920 950 921 1180 1156 1129 1181 210 216 214 1129 1156 1182 1157 1181 212 209 214 1183 1158 1182 210 209 216 1184 1159 1183 1157 210 1181 1185 1160 1184 1158 1157 1182 1186 1161 1185 1159 1158 1183 1187 1162 1186 1160 1159 1184 1188 1163 1187 1161 1160 1185 1189 1164 1188 1162 1161 1186 1190 1165 1189 1163 1162 1187 1191 1166 1190 1164 1163 1188 1192 1167 1191 1165 1164 1189 1193 1168 1192 1166 1165 1190 1194 1169 1193 1167 1166 1191 1195 1170 1194 1168 1167 1192 1196 1171 1195 1169 1168 1193 1197 1172 1196 1170 1169 1194 1198 1173 1197 1171 1170 1195 1199 1174 1198 1172 1171 1196 1200 1175 1199 1173 1172 1197 1201 1176 1200 1174 1173 1198 1202 285 1201 1175 1174 1199 1203 1177 1202 1176 1175 1200 1204 331 1203 285 1176 1201 326 329 1204 1202 1177 285 1205 952 1206 1203 331 1177 1178 1207 1206 329 331 1204 1206 920 1178 325 329 326 1208 1178 1126 290 1209 1150 1047 333 1045 283 333 288 1101 1210 1126 917 1053 1101 1102 1072 1151 1151 1210 1101 1053 1104 1101 892 1153 1052 1152 921 949 1211 1154 952 1153 1180 1129 1212 1180 921 952 1154 950 1156 1212 213 1213 1181 219 213 212 1156 1214 1182 1213 216 212 211 1215 1183 1214 1181 216 219 1216 1184 1215 1182 1181 1213 1217 1185 1216 1183 1182 1214 1218 1186 1217 1184 1183 1215 1219 1187 1218 1185 1184 1216 1220 1188 1219 1186 1185 1217 1221 1189 1220 1187 1186 1218 1222 1190 1221 1188 1187 1219 1223 1191 1222 1189 1188 1220 1224 1192 1223 1190 1189 1221 1225 1193 1224 1191 1190 1222 1226 1194 1225 1192 1191 1223 1227 1195 1226 1193 1192 1224 1228 1196 1227 1194 1193 1225 1229 1197 1228 1195 1194 1226 1230 1198 1229 1196 1195 1227 1231 1199 1230 1197 1196 1228 1232 1200 1231 1198 1197 1229 1233 1201 1232 1199 1198 1230 1234 1202 1233 1200 1199 1231 1235 1203 1234 1201 1200 1232 1236 1204 1235 1202 1201 1233 1237 326 1236 1203 1202 1234 284 1237 282 1204 1203 1235 1211 952 1205 326 1204 1236 282 298 289 1237 284 326 1150 1209 1210 304 1099 1209 333 291 1072 291 283 289 891 1178 949 891 893 1126 1151 1150 1210 1210 1208 1126 893 1127 1126 921 1180 892 1179 950 1024 296 190 297 1180 1212 1156 1238 1212 950 1154 327 190 224 213 1238 1239 1213 218 213 224 211 1240 1214 1239 219 211 217 1241 1215 1240 1213 219 218 1242 1216 1241 1214 1213 1239 1243 1217 1242 1215 1214 1240 1244 1218 1243 1216 1215 1241 1245 1219 1244 1217 1216 1242 1246 1220 1245 1218 1217 1243 1247 1221 1246 1219 1218 1244 1248 1222 1247 1220 1219 1245 1249 1223 1248 1221 1220 1246 1250 1224 1249 1222 1221 1247 1251 1225 1250 1223 1222 1248 1252 1226 1251 1224 1223 1249 1253 1227 1252 1225 1224 1250 1254 1228 1253 1226 1225 1251 1255 1229 1254 1227 1226 1252 1256 1230 1255 1228 1227 1253 1257 1231 1256 1229 1228 1254 1258 1232 1257 1230 1229 1255 1259 1233 1258 1231 1230 1256 1260 1234 1259 1232 1231 1257 1261 1235 1260 1233 1232 1258 1262 1236 1261 1234 1233 1259 1263 1237 1262 1235 1234 1260 298 282 1263 1236 1235 1261 189 305 197 1237 1236 1262 300 299 298 282 1237 1263 1209 1099 1208 952 951 1206 291 290 1150 290 289 299 920 1206 1024 920 919 1178 1210 1209 1208 1208 1207 1178 949 1178 1152 1212 921 950 1155 1154 1211 306 196 197 1212 1238 213 1238 1154 1264 226 218 220 1264 221 224 1265 1239 226 217 224 221 1266 1240 1265 218 217 220 1267 1241 1266 1239 218 226 1268 1242 1267 1240 1239 1265 1269 1243 1268 1241 1240 1266 1270 1244 1269 1242 1241 1267 1271 1245 1270 1243 1242 1268 1272 1246 1271 1244 1243 1269 1273 1247 1272 1245 1244 1270 1274 1248 1273 1246 1245 1271 1275 1249 1274 1247 1246 1272 1276 1250 1275 1248 1247 1273 1277 1251 1276 1249 1248 1274 1278 1252 1277 1250 1249 1275 1279 1253 1278 1251 1250 1276 1280 1254 1279 1252 1251 1277 1281 1255 1280 1253 1252 1278 1282 1256 1281 1254 1253 1279 1283 1257 1282 1255 1254 1280 1284 1258 1283 1256 1255 1281 1285 1259 1284 1257 1256 1282 1286 1260 1285 1258 1257 1283 1287 1261 1286 1259 1258 1284 1288 1262 1287 1260 1259 1285 1289 1263 1288 1261 1260 1286 300 298 1289 1262 1261 1287 299 300 302 1262 1288 1263 305 189 295 1289 298 1263 1099 292 1207 327 1205 295 290 304 1209 304 299 302 1206 1290 1205 951 1179 1206 1208 1099 1207 1207 1290 1206 1024 1206 1179 1238 950 1154 191 190 296 1291 223 208 1238 1264 224 190 1292 1264 1265 228 1293 221 1292 233 1266 1293 1294 220 221 233 1267 1294 1295 226 220 227 1268 1295 1296 1265 226 228 1269 1296 1297 1266 1265 1293 1270 1297 1298 1267 1266 1294 1271 1298 1299 1268 1267 1295 1272 1299 1300 1269 1268 1296 1273 1300 1301 1270 1269 1297 1274 1301 1302 1271 1270 1298 1275 1302 1303 1272 1271 1299 1276 1303 1304 1273 1272 1300 1277 1304 1305 1274 1273 1301 1278 1305 1306 1275 1274 1302 1279 1306 1307 1276 1275 1303 1280 1307 1308 1277 1276 1304 1281 1308 1309 1278 1277 1305 1282 1309 1310 1279 1278 1306 1283 1310 1311 1280 1279 1307 1284 1311 1312 1281 1280 1308 1285 1312 1313 1282 1281 1309 1286 1313 1314 1283 1282 1310 1287 1314 1315 1284 1283 1311 1288 1315 1316 1285 1284 1312 1289 1316 1317 1286 1285 1313 300 1317 301 1287 1286 1314 302 301 322 1288 1287 1315 303 322 293 1289 1288 1316 1318 294 313 1317 300 1289 292 294 1290 313 294 309 304 303 1099 303 302 322 1205 1318 295 327 1155 1205 1207 292 1290 1290 1318 1205 1155 1211 1205 1264 1154 190 206 196 306 222 1319 232 1264 1292 221 1320 1292 196 228 227 1321 1320 234 233 1293 228 1322 234 1321 227 1294 1293 1323 1321 1322 228 1295 1294 1324 1322 1323 1293 1296 1295 1325 1323 1324 1294 1297 1296 1326 1324 1325 1295 1298 1297 1327 1325 1326 1296 1299 1298 1328 1326 1327 1297 1300 1299 1329 1327 1328 1298 1301 1300 1330 1328 1329 1299 1302 1301 1331 1329 1330 1300 1303 1302 1332 1330 1331 1301 1304 1303 1333 1331 1332 1302 1305 1304 1334 1332 1333 1303 1306 1305 1335 1333 1334 1304 1307 1306 1336 1334 1335 1305 1308 1307 1337 1335 1336 1306 1309 1308 1338 1336 1337 1307 1310 1309 1339 1337 1338 1308 1311 1310 1340 1338 1339 1309 1312 1311 1341 1339 1340 1310 1313 1312 1342 1340 1341 1311 1314 1313 1343 1341 1342 1312 1315 1314 1344 1342 1343 1313 1316 1315 1345 1343 1344 1314 1317 1316 1346 1344 1345 1315 301 1317 1347 1345 1346 1316 322 301 323 1346 1347 1317 293 322 324 1347 323 301 310 307 1348 311 313 1349 303 293 292 324 309 293 295 312 305 189 191 295 1290 294 1318 1318 312 295 191 296 295 196 1292 190 1291 208 207 234 1350 1321 1292 1320 233 1351 1320 208 1321 1352 1322 1351 1350 234 1322 1353 1323 1350 1352 1321 1323 1354 1324 1352 1353 1322 1324 1355 1325 1353 1354 1323 1325 1356 1326 1354 1355 1324 1326 1357 1327 1355 1356 1325 1327 1358 1328 1356 1357 1326 1328 1359 1329 1357 1358 1327 1329 1360 1330 1358 1359 1328 1330 1361 1331 1359 1360 1329 1331 1362 1332 1360 1361 1330 1332 1363 1333 1361 1362 1331 1333 1364 1334 1362 1363 1332 1334 1365 1335 1363 1364 1333 1335 1366 1336 1364 1365 1334 1336 1367 1337 1365 1366 1335 1337 1368 1338 1366 1367 1336 1338 1369 1339 1367 1368 1337 1339 1370 1340 1368 1369 1338 1340 1371 1341 1369 1370 1339 1341 1372 1342 1370 1371 1340 1342 1373 1343 1371 1372 1341 1343 1374 1344 1372 1373 1342 1344 1375 1345 1373 1374 1343 1345 1376 1346 1374 1375 1344 1346 1377 1347 1375 1376 1345 1347 1378 323 1376 1377 1346 323 1379 324 1377 1378 1347 324 1380 309 1378 1379 323 309 1349 313 324 1379 1380 222 223 307 309 1380 1349 205 307 207 205 206 305 1318 313 312 305 312 308 206 306 305 1320 196 208 230 232 1319 1350 244 1352 1320 1351 234 232 1381 1351 1352 243 1353 1381 244 1350 1353 1382 1354 244 243 1352 1354 1383 1355 243 1382 1353 1355 1384 1356 1382 1383 1354 1356 1385 1357 1383 1384 1355 1357 1386 1358 1384 1385 1356 1358 1387 1359 1385 1386 1357 1359 1388 1360 1386 1387 1358 1360 1389 1361 1387 1388 1359 1361 1390 1362 1388 1389 1360 1362 1391 1363 1389 1390 1361 1363 1392 1364 1390 1391 1362 1364 1393 1365 1391 1392 1363 1365 1394 1366 1392 1393 1364 1366 1395 1367 1393 1394 1365 1367 1396 1368 1394 1395 1366 1368 1397 1369 1395 1396 1367 1369 1398 1370 1396 1397 1368 1370 1399 1371 1397 1398 1369 1371 1400 1372 1398 1399 1370 1372 1401 1373 1399 1400 1371 1373 1402 1374 1400 1401 1372 1374 1403 1375 1401 1402 1373 1375 1404 1376 1402 1403 1374 1376 1405 1377 1403 1404 1375 1377 1406 1378 1404 1405 1376 1378 1407 1379 1405 1406 1377 1379 1408 1380 1406 1407 1378 1380 1409 1349 1407 1408 1379 1349 320 311 1408 1409 1380 308 311 314 1409 320 1349 222 310 1319 223 1291 307 312 311 308 308 1348 307 207 307 1291 1351 208 232 240 237 236 1410 1382 243 1351 1381 1350 237 251 1381 1411 1383 1382 251 245 244 1412 1384 1383 245 1410 243 1413 1385 1384 1410 1411 1382 1414 1386 1385 1411 1412 1383 1415 1387 1386 1412 1413 1384 1416 1388 1387 1413 1414 1385 1417 1389 1388 1414 1415 1386 1418 1390 1389 1415 1416 1387 1419 1391 1390 1416 1417 1388 1420 1392 1391 1417 1418 1389 1421 1393 1392 1418 1419 1390 1422 1394 1393 1419 1420 1391 1423 1395 1394 1420 1421 1392 1424 1396 1395 1421 1422 1393 1425 1397 1396 1422 1423 1394 1426 1398 1397 1423 1424 1395 1427 1399 1398 1424 1425 1396 1428 1400 1399 1425 1426 1397 1429 1401 1400 1426 1427 1398 1430 1402 1401 1427 1428 1399 1431 1403 1402 1428 1429 1400 1432 1404 1403 1429 1430 1401 1433 1405 1404 1430 1431 1402 1434 1406 1405 1431 1432 1403 1435 1407 1406 1432 1433 1404 1436 1408 1407 1433 1434 1405 1437 1409 1408 1434 1435 1406 1438 320 1409 1435 1436 1407 315 314 320 1436 1437 1408 316 1348 314 1437 1438 1409 319 317 1439 1438 315 320 1440 318 316 231 230 310 308 314 1348 1348 318 310 1319 310 230 232 237 1381 248 241 249 242 1441 245 1381 251 244 242 245 251 1441 1442 1410 1441 1410 245 1442 1443 1411 1442 1411 1410 1443 1444 1412 1443 1412 1411 1444 1445 1413 1444 1413 1412 1445 1446 1414 1445 1414 1413 1446 1447 1415 1446 1415 1414 1447 1448 1416 1447 1416 1415 1448 1449 1417 1448 1417 1416 1449 1450 1418 1449 1418 1417 1450 1451 1419 1450 1419 1418 1451 1452 1420 1451 1420 1419 1452 1453 1421 1452 1421 1420 1453 1454 1422 1453 1422 1421 1454 1455 1423 1454 1423 1422 1455 1456 1424 1455 1424 1423 1456 1457 1425 1456 1425 1424 1457 1458 1426 1457 1426 1425 1458 1459 1427 1458 1427 1426 1459 1460 1428 1459 1428 1427 1460 1461 1429 1460 1429 1428 1461 1462 1430 1461 1430 1429 1462 1463 1431 1462 1431 1430 1463 1464 1432 1463 1432 1431 1464 1465 1433 1464 1433 1432 1465 1466 1434 1465 1434 1433 1466 1467 1435 1466 1435 1434 1467 1468 1436 1467 1436 1435 1468 1469 1437 1468 1437 1436 1469 1470 1438 1469 1438 1437 1470 1471 315 1470 315 1438 1471 1440 316 1471 316 315 1440 1439 318 241 240 317 1348 316 318 1439 317 318 240 236 317 248 237 241 251 237 248 1441 46 38 47 242 248 1442 38 24 46 1441 242 1443 24 15 38 1442 1441 1444 15 4 24 1443 1442 1445 4 2 15 1444 1443 1446 2 62 4 1445 1444 1447 62 73 2 1446 1445 1448 73 83 62 1447 1446 1449 83 87 73 1448 1447 1450 87 95 83 1449 1448 1451 95 98 87 1450 1449 1452 98 109 95 1451 1450 1453 109 112 98 1452 1451 1454 112 118 109 1453 1452 1455 118 425 112 1454 1453 1456 425 429 118 1455 1454 1457 429 430 425 1456 1455 1458 430 436 429 1457 1456 1459 436 442 430 1458 1457 1460 442 451 436 1459 1458 1461 451 454 442 1460 1459 1462 454 458 451 1461 1460 1463 458 462 454 1462 1461 1464 462 470 458 1463 1462 1465 470 475 462 1464 1463 1466 475 477 470 1465 1464 1467 477 480 475 1466 1465 1468 480 485 477 1467 1466 1469 485 488 480 1468 1467 1470 488 491 485 1469 1468 1471 491 493 488 1470 1469 1440 493 498 491 1471 1470 1439 498 502 493 1440 1471 319 502 321 498 1439 1440 319 321 252 502 319 1439</p>
        </triangles>
      </mesh>
    </geometry>
  </library_geometries>

  <library_visual_scenes>
    <visual_scene id="ID1">
      <node id="ID2">
        <node>
          <matrix>1 0 0 0 0 1 0 0 0 0 1 0 0 0 0 1</matrix>
          <instance_node url="#ID3"/>
        </node>
        <node>
          <matrix>1 0 0 0 0 1 0 0 0 0 1 0 0 0 0 1</matrix>
          <instance_node url="#ID11"/>
        </node>
        <node>
          <matrix>1 0 0 0 0 1 0 0 0 0 1 0 0 0 0 1</matrix>
          <instance_node url="#ID19"/>
        </node>
        <node>
          <matrix>1 0 0 0 0 1 0 0 0 0 1 0 0 0 0 1</matrix>
          <instance_node url="#ID26"/>
        </node>
        <node>
          <matrix>1 0 0 0 0 1 0 0 0 0 1 0 0 0 0 1</matrix>
          <instance_node url="#ID33"/>
        </node>
      </node>
    </visual_scene>
  </library_visual_scenes>

  <scene>
    <instance_visual_scene url="#ID1"/>
  </scene>

  <library_nodes>
    <node id="ID3">
      <instance_geometry url="#ID4">
        <bind_material>
          <technique_common>
            <instance_material symbol="ID10" target="#ID10"/>
          </technique_common>
        </bind_material>
      </instance_geometry>
    </node>
    <node id="ID11">
      <instance_geometry url="#ID12">
        <bind_material>
          <technique_common>
            <instance_material symbol="ID18" target="#ID18"/>
          </technique_common>
        </bind_material>
      </instance_geometry>
    </node>
    <node id="ID19">
      <instance_geometry url="#ID20">
        <bind_material>
          <technique_common>
            <instance_material symbol="ID10" target="#ID10"/>
          </technique_common>
        </bind_material>
      </instance_geometry>
    </node>
    <node id="ID26">
      <instance_geometry url="#ID27">
        <bind_material>
          <technique_common>
            <instance_material symbol="ID10" target="#ID10"/>
          </technique_common>
        </bind_material>
      </instance_geometry>
    </node>
    <node id="ID33">
      <instance_geometry url="#ID34">
        <bind_material>
          <technique_common>
            <instance_material symbol="ID10" target="#ID10"/>
          </technique_common>
        </bind_material>
      </instance_geometry>
    </node>
  </library_nodes>

</COLLADA>
