<?xml version="1.0" encoding="UTF-8" standalone="no" ?>
<COLLADA version="1.4.1" xmlns="http://www.collada.org/2005/11/COLLADASchema">

  <asset>
    <contributor>
      <authoring_tool>ONSHAPE BY PTC INC, 1.211</authoring_tool>
    </contributor>
    <created>2026-02-23T05:20:47</created>
    <modified>2026-02-23T05:20:47</modified>
    <unit meter="1" name="meters"/>
    <up_axis>Z_UP</up_axis>
  </asset>

  <library_materials>
    <material id="ID9" name="ID9">
      <instance_effect url="#ID9-fx"/>
    </material>
  </library_materials>

  <library_effects>
    <effect id="ID9-fx" name="ID9">
      <profile_COMMON>
        <technique sid="COMMON">
          <lambert>
            <diffuse>
              <color sid="diffuse">0.2 0.22 0.25 1</color>
            </diffuse>
            <transparent opaque="A_ONE">
              <color sid="transparent">1 1 1 1</color>
            </transparent>
            <transparency>
              <float sid="transparency">1</float>
            </transparency>
          </lambert>
        </technique>
        <extra>
          <technique profile="OTHER">
            <double_sided>1</double_sided>
          </technique>
        </extra>
      </profile_COMMON>
    </effect>
  </library_effects>

  <library_geometries>
    <geometry id="ID3">
      <mesh>
        <source id="ID4">
          <float_array count="11670" id="ID5">0.00515838 -0.0023479 0.01075 0.015 -0.013 0.01075 0.005136 -0.00250284 0.01075 -0.00319667 0.00290206 0.01075 -0.00317739 0.00261082 0.01075 -0.00332158 0.00367704 0.01075 -0.00317157 0.00231842 0.01075 -0.00322939 0.00319211 0.01075 -0.015 0.013 0.01075 -0.0029281 -0.00413974 0.01075 -0.0019247 -0.00403256 0.01075 -0.00292894 -0.00414287 0.01075 -0.00317157 -0.00190404 0.01075 -0.00332243 -0.00319879 0.01075 -0.00317327 -0.00231426 0.01075 -0.00317336 -0.00232794 0.01075 -0.015 -0.013 0.01075 -0.00317379 -0.00238264 0.01075 -0.00317365 -0.00236897 0.01075 -0.00317354 -0.00235529 0.01075 -0.00317345 -0.00234162 0.01075 -0.00317647 -0.00247831 0.01075 -0.00317715 -0.00249197 0.01075 -0.00317397 -0.00239631 0.01075 -0.0031742 -0.00240999 0.01075 -0.00317789 -0.00250563 0.01075 -0.00317868 -0.00251928 0.01075 -0.00331768 -0.00318573 0.01075 -0.00318138 -0.00256022 0.01075 -0.00318239 -0.00257385 0.01075 -0.00317953 -0.00253293 0.01075 -0.00318043 -0.00254658 0.01075 -0.001947 -0.00398028 0.01075 -0.00291148 -0.00406362 0.01075 -0.00291093 -0.00406042 0.01075 -0.00194371 -0.00398902 0.01075 -0.00291204 -0.00406681 0.01075 -0.00318708 -0.00262835 0.01075 -0.00318581 -0.00261474 0.01075 -0.0031846 -0.00260111 0.01075 -0.0029132 -0.0040732 0.01075 -0.00291262 -0.00407001 0.01075 -0.00194032 -0.00399779 0.01075 -0.0029138 -0.0040764 0.01075 -0.00291441 -0.00407959 0.01075 -0.00319133 -0.00266915 0.01075 -0.00331277 -0.00317278 0.01075 -0.00318984 -0.00265556 0.01075 -0.00330795 -0.00315992 0.01075 -0.00319453 -0.00269632 0.01075 -0.0031929 -0.00268274 0.01075 -0.00291967 -0.00410503 0.01075 -0.00193311 -0.00401546 0.01075 -0.00192915 -0.00402419 0.01075 -0.00319804 -0.00272344 0.01075 -0.00319991 -0.00273699 0.01075 -0.00330322 -0.00314711 0.01075 -0.00186239 -0.00406726 0.01075 -0.00185915 -0.0040674 0.01075 -0.00296285 -0.00421874 0.01075 -0.00296604 -0.00421927 0.01075 -0.00296926 -0.00421895 0.01075 -0.00329855 -0.00313433 0.01075 -0.0032039 -0.00276405 0.01075 -0.00320186 -0.00275053 0.01075 -0.00321806 -0.00284487 0.01075 -0.00322074 -0.00285828 0.01075 -0.00320824 -0.00279105 0.01075 -0.00320603 -0.00277756 0.01075 -0.00327181 -0.0030569 0.01075 -0.00327608 -0.00306991 0.01075 -0.00325223 -0.00299133 0.01075 -0.00328488 -0.00309581 0.01075 -0.00328939 -0.00310869 0.01075 -0.00323543 -0.00292506 0.01075 -0.00324867 -0.00297812 0.01075 -0.00326765 -0.00304385 0.01075 -0.0032559 -0.0030045 0.01075 -0.00325969 -0.00301765 0.01075 -0.00298403 -0.00421462 0.01075 -0.00299243 -0.00421153 0.01075 -0.00323233 -0.00291174 0.01075 -0.00329395 -0.00312153 0.01075 -0.00324187 -0.00295164 0.01075 -0.0032386 -0.00293836 0.01075 -0.00321055 -0.00280453 0.01075 -0.00321296 -0.00281799 0.01075 -0.00322351 -0.00287167 0.01075 -0.00324522 -0.00296489 0.01075 -0.00328044 -0.00308288 0.01075 -0.00317532 -0.00245099 0.01075 -0.00317586 -0.00246465 0.01075 -0.0031745 -0.00242366 0.01075 -0.00318346 -0.00258749 0.01075 -0.00317487 -0.00243732 0.01075 -0.00318843 -0.00264196 0.01075 -0.00321546 -0.00283144 0.01075 -0.00319625 -0.00270989 0.01075 -0.0032636 -0.00303077 0.01075 -0.00322637 -0.00288505 0.01075 -0.00322931 -0.0028984 0.01075 -0.00317305 -0.00228691 0.01075 -0.00317317 -0.00230059 0.01075 -0.00317278 -0.00225957 0.01075 -0.00317292 -0.00227324 0.01075 -0.00317264 -0.00224589 0.01075 -0.00317249 -0.00223222 0.01075 -0.0031722 -0.00220487 0.01075 -0.00317234 -0.00221854 0.01075 -0.00317192 -0.00217752 0.01075 -0.00317205 -0.0021912 0.01075 -0.00332625 -0.00321199 0.01075 -0.00317179 -0.00216385 0.01075 -0.00317157 -0.0021365 0.01075 -0.00317168 -0.00215018 0.01075 -0.00317149 -0.00212283 0.01075 -0.00317142 -0.00210916 0.01075 -0.00317132 -0.00208181 0.01075 -0.00317136 -0.00209548 0.01075 -0.00317127 -0.00205446 0.01075 -0.00317129 -0.00206814 0.01075 -0.00317127 -0.00204079 0.01075 -0.00317127 -0.00202711 0.01075 -0.0031713 -0.00199976 0.01075 -0.00317128 -0.00201344 0.01075 -0.00317136 -0.00197241 0.01075 -0.00317133 -0.00198609 0.01075 -0.00317139 -0.00195874 0.01075 -0.00317144 -0.00194506 0.01075 -0.00317152 -0.00191771 0.01075 -0.00317148 -0.00193139 0.01075 -0.00332801 -0.00323892 0.01075 -0.00332832 -0.00322536 0.01075 -0.00332321 -0.00326606 0.01075 -0.00332597 -0.00325254 0.01075 -0.00331689 -0.00329271 0.01075 -0.00332018 -0.00327945 0.01075 -0.00330963 -0.00331898 0.01075 -0.00331337 -0.00330588 0.01075 -0.00330159 -0.00334507 0.01075 -0.00330569 -0.00333204 0.01075 -0.00329304 -0.00337106 0.01075 -0.00329737 -0.00335807 0.01075 -0.00328425 -0.00339699 0.01075 -0.00328866 -0.00338403 0.01075 -0.0032755 -0.00342293 0.01075 -0.00327117 -0.00343591 0.01075 -0.00327986 -0.00340996 0.01075 -0.00326687 -0.0034489 0.01075 -0.0032626 -0.00346189 0.01075 -0.00325834 -0.00347488 0.01075 -0.00324989 -0.00350088 0.01075 -0.00325411 -0.00348788 0.01075 -0.00324567 -0.00351388 0.01075 -0.00324146 -0.00352688 0.01075 -0.00311361 -0.00394112 0.01075 -0.00305486 -0.00409786 0.01075 -0.00305233 -0.00410631 0.01075 -0.00305736 -0.00408942 0.01075 -0.00304977 -0.00411475 0.01075 -0.00304714 -0.00412321 0.01075 -0.00304443 -0.00413168 0.01075 -0.00304161 -0.00414017 0.01075 -0.00303867 -0.00414868 0.01075 -0.00303231 -0.00416576 0.01075 -0.00303558 -0.00415721 0.01075 -0.00302481 -0.00418243 0.01075 -0.00302879 -0.00417424 0.01075 -0.00301467 -0.00419697 0.01075 -0.00302017 -0.00419009 0.01075 -0.00300058 -0.00420766 0.01075 -0.00300811 -0.00420285 0.01075 -0.00297553 -0.00421727 0.01075 -0.00297242 -0.0042182 0.01075 -0.00184946 -0.00406686 0.01075 0.0014391 -0.00403815 0.01075 0.00144343 -0.00403902 0.01075 -0.00292487 -0.00412716 0.01075 -0.0029241 -0.004124 0.01075 -0.0029163 -0.00408914 0.01075 -0.00193679 -0.0040066 0.01075 -0.00291695 -0.00409232 0.01075 -0.00291761 -0.0040955 0.01075 -0.00291502 -0.00408278 0.01075 -0.00291566 -0.00408596 0.01075 0.00159693 -0.00378278 0.01075 0.0029333 -0.00350669 0.01075 0.00159528 -0.00378697 0.01075 -0.00290986 -0.00405401 0.01075 -0.00291039 -0.00405721 0.01075 -0.00290934 -0.0040508 0.01075 -0.00195018 -0.00397157 0.01075 -0.00290884 -0.0040476 0.01075 -0.00290834 -0.00404439 0.01075 -0.00290786 -0.00404117 0.01075 -0.00290739 -0.00403796 0.01075 -0.00195328 -0.00396287 0.01075 -0.00290692 -0.00403475 0.01075 -0.0019563 -0.00395417 0.01075 -0.00290647 -0.00403153 0.01075 -0.00290604 -0.00402831 0.01075 -0.00290561 -0.00402509 0.01075 -0.00195927 -0.00394547 0.01075 -0.00290519 -0.00402187 0.01075 -0.00196219 -0.00393675 0.01075 -0.00290401 -0.0040122 0.01075 -0.0029044 -0.00401543 0.01075 -0.00290479 -0.00401865 0.01075 -0.00290328 -0.00400575 0.01075 -0.00196508 -0.003928 0.01075 -0.00290364 -0.00400898 0.01075 -0.00290294 -0.00400252 0.01075 -0.00196795 -0.00391922 0.01075 -0.0029026 -0.00399929 0.01075 -0.00197081 -0.0039104 0.01075 -0.00290196 -0.00399283 0.01075 -0.00290165 -0.00398959 0.01075 -0.00290227 -0.00399606 0.01075 -0.00197362 -0.00390155 0.01075 -0.00290136 -0.00398636 0.01075 -0.0029008 -0.00397989 0.01075 -0.00197638 -0.00389266 0.01075 -0.00290108 -0.00398313 0.01075 -0.00290029 -0.00397341 0.01075 -0.00197907 -0.00388376 0.01075 -0.00290054 -0.00397665 0.01075 -0.00290004 -0.00397018 0.01075 0.0033799 -0.0037848 0.01075 0.00147392 -0.00403026 0.01075 0.0014777 -0.00402774 0.01075 -0.00289958 -0.0039637 0.01075 -0.00289981 -0.00396694 0.01075 -0.00289916 -0.00395722 0.01075 -0.00198166 -0.00387483 0.01075 -0.00289937 -0.00396046 0.01075 -0.00198416 -0.00386588 0.01075 -0.00289877 -0.00395073 0.01075 -0.00289896 -0.00395398 0.01075 -0.00289841 -0.00394425 0.01075 -0.00289858 -0.00394749 0.01075 -0.00289824 -0.00394101 0.01075 -0.00198664 -0.00385693 0.01075 -0.00289808 -0.00393776 0.01075 -0.00289792 -0.00393452 0.01075 -0.00198917 -0.003848 0.01075 -0.00199469 -0.00383023 0.01075 -0.00289778 -0.00393127 0.01075 -0.00199186 -0.0038391 0.01075 -0.00289764 -0.00392803 0.01075 -0.0028975 -0.00392479 0.01075 -0.00289737 -0.00392154 0.01075 -0.00289725 -0.0039183 0.01075 -0.00199731 -0.00382131 0.01075 -0.00289713 -0.00391505 0.01075 -0.00289702 -0.0039118 0.01075 -0.00289691 -0.00390856 0.01075 -0.00289681 -0.00390531 0.01075 -0.00289662 -0.00389882 0.01075 -0.00289653 -0.00389557 0.01075 -0.00289672 -0.00390207 0.01075 -0.00289637 -0.00388908 0.01075 -0.00199924 -0.00381225 0.01075 -0.00289645 -0.00389233 0.01075 -0.00289622 -0.00388259 0.01075 -0.00289629 -0.00388584 0.01075 -0.00289608 -0.0038761 0.01075 -0.00289615 -0.00387934 0.01075 -0.00289595 -0.0038696 0.01075 -0.00289602 -0.00387285 0.01075 -0.00289583 -0.00386311 0.01075 -0.00289589 -0.00386635 0.01075 -0.00289572 -0.00385661 0.01075 -0.00289567 -0.00385337 0.01075 -0.00289578 -0.00385986 0.01075 -0.00289562 -0.00385012 0.01075 -0.00200046 -0.00380304 0.01075 -0.00289552 -0.00384363 0.01075 -0.00289557 -0.00384687 0.01075 -0.00289541 -0.00383713 0.01075 -0.00289546 -0.00384038 0.01075 -0.00286132 -0.00288252 0.01075 -0.00220843 -0.00328482 0.01075 -0.00222335 -0.00316806 0.01075 -0.00221961 -0.00322687 0.01075 -0.0022171 -0.00310939 0.01075 -0.00220289 -0.00305212 0.01075 -0.00216372 -0.00294091 0.01075 -0.00218444 -0.0029961 0.01075 -0.00212037 -0.00283125 0.01075 -0.002142 -0.0028861 0.01075 0.00150667 -0.00399372 0.01075 0.00150891 -0.00398979 0.01075 0.00307163 -0.00361561 0.01075 -0.00210222 -0.00277517 0.01075 -0.00204649 -0.00183415 0.01075 -0.00286132 0.00215818 0.01075 -0.00196637 0.00361908 0.01075 0.00156686 -0.003858 0.01075 0.00156856 -0.00385383 0.01075 0.00178459 -0.00322443 0.01075 0.00178973 -0.00321017 0.01075 0.00261943 -0.00308622 0.01075 0.00270484 -0.00324013 0.01075 0.00174938 -0.00332439 0.01075 0.00175431 -0.00331009 0.01075 0.00250252 -0.00275459 0.01075 0.0017488 -0.00286603 0.01075 0.00174403 -0.00285165 0.01075 0.00255378 -0.00292293 0.01075 0.00182433 -0.0030786 0.01075 0.00182466 -0.00306357 0.01075 0.00171127 -0.00273515 0.01075 0.00246158 -0.00258341 0.01075 0.00171481 -0.00274987 0.01075 0.00173057 -0.00280828 0.01075 0.00172638 -0.00279375 0.01075 0.00168793 -0.00261633 0.01075 0.00169037 -0.00263127 0.01075 0.00169855 -0.00267595 0.01075 0.00169569 -0.00266108 0.01075 0.00167857 -0.00254127 0.01075 0.00167729 -0.00252619 0.01075 0.00242909 -0.00241043 0.01075 0.00168171 -0.00257136 0.01075 0.00168359 -0.00258638 0.01075 -0.00018329 -0.00289275 0.01075 -0.00169022 0.00361908 0.01075 0.00123329 0.00361908 0.01075 -0.00285987 0.00234998 0.01075 -0.00285012 0.00254139 0.01075 -0.00282597 0.00273118 0.01075 0.00234589 0.0025573 0.01075 0.00149751 0.00361908 0.01075 0.00232668 0.00285115 0.01075 -0.00277908 0.00291735 0.01075 0.0022939 0.00314371 0.01075 -0.00228356 0.0095971 0.01075 0.015 0.013 0.01075 1.73195e-17 0.0113877 0.01075 -0.00327556 0.003481 0.01075 0.00235155 0.00226217 0.01075 -0.00272324 0.00310086 0.01075 0.00165775 -0.00177789 0.01075 0.00229359 0.003735 0.01075 0.0047449 0.00359692 0.01075 0.00279988 0.00305484 0.01075 0.00484889 0.00371113 0.01075 0.00510605 -0.00265644 0.01075 0.00506616 -0.00280777 0.01075 0.00495624 -0.00310075 0.01075 0.0050164 -0.0029562 0.01075 -0.00291829 -0.00409868 0.01075 0.00267438 -0.00116818 0.01075 0.00267373 -0.00102955 0.01075 0.00489491 -0.00104193 0.01075 -0.00291898 -0.00410185 0.01075 0.00489491 -0.00114947 0.01075 0.00489491 -0.00125702 0.01075 -0.00292038 -0.00410819 0.01075 0.00489491 -0.00136456 0.01075 0.0026757 -0.00130681 0.01075 0.00489491 -0.0014721 0.01075 0.00267835 -0.00144542 0.01075 -0.00292184 -0.00411453 0.01075 -0.0029211 -0.00411136 0.01075 0.00489492 -0.00157965 0.01075 0.00268912 -0.00172248 0.01075 0.00268277 -0.00158399 0.01075 0.0048949 -0.00168719 0.01075 0.00269748 -0.00186087 0.01075 -0.00292333 -0.00412085 0.01075 -0.00292258 -0.00411769 0.01075 0.00489127 -0.00190225 0.01075 0.00488444 -0.00200959 0.01075 0.00270781 -0.00199912 0.01075 0.00487402 -0.00211665 0.01075 0.00272016 -0.0021372 0.01075 -0.000275342 -0.00377917 0.01075 -0.00184634 -0.00406597 0.01075 -0.00184344 -0.00406453 0.01075 0.00273562 -0.00227499 0.01075 0.00486027 -0.00222333 0.01075 0.00484342 -0.00232956 0.01075 -0.00292566 -0.00413031 0.01075 0.00473912 -0.00274661 0.01075 0.00282155 -0.00268139 0.01075 0.00477197 -0.00264418 0.01075 -0.00292646 -0.00413345 0.01075 0.00312246 -0.00313797 0.01075 0.00302282 -0.0030416 0.01075 0.00469996 -0.0028468 0.01075 -0.00292727 -0.0041366 0.01075 0.00139092 -0.00367622 0.01075 -5.54401e-05 -0.00379111 0.01075 0.00139353 -0.00365303 0.01075 0.00465266 -0.0029434 0.01075 0.00459657 -0.00303519 0.01075 0.00335059 -0.00329468 0.01075 0.00347708 -0.00335147 0.01075 -0.00183856 -0.00406028 0.01075 -0.00183652 -0.00405776 0.01075 0.00374415 -0.00342447 0.01075 0.00360864 -0.00339507 0.01075 0.00453276 -0.00312178 0.01075 0.00399008 -0.00343203 0.01075 0.00446257 -0.00320325 0.01075 0.00438479 -0.00327788 0.01075 -0.00293156 -0.00415226 0.01075 -0.00293247 -0.00415538 0.01075 0.00419933 -0.0033852 0.01075 0.00409626 -0.00341687 0.01075 -0.00191352 -0.00404718 0.01075 -0.00295091 -0.00420387 0.01075 -0.00294946 -0.00420096 0.01075 0.00388234 -0.00343483 0.01075 0.00403195 -0.00386612 0.01075 0.00387639 -0.00388144 0.01075 0.00293659 -0.00293294 0.01075 0.00286995 -0.00281152 0.01075 0.00433141 -0.00377832 0.01075 0.00418477 -0.00383242 0.01075 0.00323191 -0.0032231 0.01075 0.00459024 -0.00360453 0.01075 0.00446767 -0.00370176 0.01075 0.0047957 -0.00336883 0.01075 0.00469892 -0.00349185 0.01075 0.00429701 -0.00333974 0.01075 0.00488211 -0.00323834 0.01075 0.00487646 0.00282878 0.01075 0.00273723 0.00282407 0.01075 0.00278386 -0.00254795 0.01075 0.00482332 -0.00243522 0.01075 0.00479971 -0.00254021 0.01075 0.00517533 -0.00219234 0.01075 0.0051867 -0.00203632 0.01075 0.00519242 -0.00187996 0.01075 0.00519353 -0.0017235 0.01075 0.00519316 -0.00156706 0.01075 0.00519325 -0.00141062 0.01075 0.00519322 -0.00125418 0.01075 0.00519323 -0.00109773 0.01075 0.00519323 0.00163996 0.01075 0.00522365 0.00239439 0.01075 0.00535517 0.00302074 0.01075 0.00521709 0.00218034 0.01075 0.00489491 0.0022383 0.01075 0.00267528 0.00235129 0.01075 0.00489407 0.00253434 0.01075 0.00524764 0.00260718 0.01075 0.00528781 0.00281749 0.01075 0.00269628 0.00258881 0.01075 0.00484208 0.0031216 0.01075 0.00267373 0.00211215 0.01075 0.00489457 -0.00179474 0.01075 0.00275592 -0.0024122 0.01075 0.00489491 -0.000934384 0.01075 0.00489491 -0.000826841 0.01075 0.00489491 -0.000719297 0.01075 0.00479093 0.00341281 0.01075 0.00229564 0.0095971 0.01075 -0.00322953 0.00378102 0.01075 0.00174448 -0.0033387 0.01075 -0.00205828 -0.00224666 0.01075 -0.00206116 -0.00230554 0.01075 0.00224756 0.00343498 0.01075 -0.00204846 -0.00189307 0.01075 -0.00205068 -0.00201097 0.01075 -0.0020499 -0.00195201 0.01075 -0.00205459 -0.00212881 0.01075 -0.00205217 -0.0020699 0.01075 -0.00205585 -0.00218776 0.01075 -0.0020641 -0.00236442 0.01075 -0.00207001 -0.00242308 0.01075 -0.00207446 -0.00248187 0.01075 -0.00207929 -0.00254063 0.01075 -0.00208286 -0.00259948 0.01075 -0.00208685 -0.00265831 0.01075 -0.00209337 -0.00271689 0.01075 -0.00178611 -0.00383837 0.01075 -0.00178588 -0.00383514 0.01075 -0.00179591 -0.00392206 0.01075 -0.0017954 -0.00391886 0.01075 0.00138841 -0.00369941 0.01075 0.00138608 -0.0037226 0.01075 -0.00293067 -0.00414914 0.01075 -0.00292979 -0.00414601 0.01075 0.00138237 -0.00376894 0.01075 0.00138404 -0.00374578 0.01075 -0.00191956 -0.00404031 0.01075 -0.00293339 -0.00415849 0.01075 -0.00293434 -0.00416159 0.01075 -0.00293531 -0.00416469 0.01075 -0.00293733 -0.00417087 0.01075 -0.00293631 -0.00416778 0.01075 -0.00293944 -0.00417701 0.01075 -0.00293837 -0.00417394 0.01075 -0.00294055 -0.00418006 0.01075 -0.00294169 -0.0041831 0.01075 -0.0029441 -0.00418913 0.01075 -0.00294288 -0.00418612 0.01075 -0.00294538 -0.00419212 0.01075 0.00140546 -0.00399737 0.01075 0.00140731 -0.00400146 0.01075 0.00139503 -0.00397635 0.01075 -0.00294806 -0.00419803 0.01075 -0.00294669 -0.00419509 0.01075 -0.00188059 -0.00406369 0.01075 -0.00296002 -0.00421717 0.01075 -0.00295241 -0.00420675 0.01075 -0.00295398 -0.00420959 0.01075 -0.0029557 -0.00421234 0.01075 -0.00190641 -0.00405295 0.01075 -0.00189831 -0.00405754 0.01075 -0.00295767 -0.00421492 0.01075 -0.00188958 -0.00406108 0.01075 -0.00187151 -0.00406564 0.01075 -0.00185591 -0.00406744 0.01075 -0.00185267 -0.0040673 0.01075 0.00142094 -0.00402481 0.01075 0.00142403 -0.00402828 0.01075 0.00142742 -0.00403148 0.01075 0.00145245 -0.00403873 0.01075 0.00145699 -0.00403775 0.01075 0.0037204 -0.00387123 0.01075 -0.00184085 -0.00406257 0.01075 -0.00183466 -0.0040551 0.01075 0.00354699 -0.00384045 0.01075 0.00146147 -0.00403633 0.01075 -0.00183295 -0.00405235 0.01075 -0.00183132 -0.00404955 0.01075 -0.00182976 -0.00404671 0.01075 -0.00182825 -0.00404384 0.01075 -0.0018268 -0.00404094 0.01075 -0.00182541 -0.00403801 0.01075 -0.00182408 -0.00403505 0.01075 -0.00182281 -0.00403207 0.01075 -0.00182158 -0.00402907 0.01075 -0.00182041 -0.00402605 0.01075 -0.00181929 -0.00402301 0.01075 -0.00181821 -0.00401995 0.01075 -0.00181717 -0.00401688 0.01075 -0.00181617 -0.00401379 0.01075 -0.00181521 -0.0040107 0.01075 -0.00181428 -0.00400759 0.01075 -0.00181338 -0.00400448 0.01075 -0.00181251 -0.00400136 0.01075 -0.00181166 -0.00399823 0.01075 -0.00181084 -0.00399509 0.01075 -0.00181005 -0.00399195 0.01075 -0.00180927 -0.0039888 0.01075 -0.00180852 -0.00398565 0.01075 -0.00180778 -0.00398249 0.01075 -0.00180706 -0.00397933 0.01075 -0.00180635 -0.00397617 0.01075 -0.00180565 -0.003973 0.01075 -0.00180496 -0.00396983 0.01075 -0.00180428 -0.00396666 0.01075 -0.00180361 -0.00396349 0.01075 -0.00180295 -0.00396032 0.01075 -0.00180231 -0.00395714 0.01075 -0.00180167 -0.00395396 0.01075 -0.00180105 -0.00395078 0.01075 -0.00180043 -0.0039476 0.01075 -0.00179983 -0.00394441 0.01075 -0.00179924 -0.00394122 0.01075 -0.00179866 -0.00393803 0.01075 -0.00179809 -0.00393484 0.01075 -0.00179753 -0.00393165 0.01075 -0.00179698 -0.00392846 0.01075 -0.00179644 -0.00392526 0.01075 -0.00179489 -0.00391566 0.01075 -0.0017944 -0.00391245 0.01075 -0.00179392 -0.00390925 0.01075 -0.00179344 -0.00390604 0.01075 -0.00179298 -0.00390283 0.01075 -0.00179253 -0.00389962 0.01075 -0.0017921 -0.00389641 0.01075 -0.00179167 -0.00389319 0.01075 -0.00179125 -0.00388998 0.01075 -0.00179085 -0.00388676 0.01075 -0.00179045 -0.00388355 0.01075 -0.00179007 -0.00388033 0.01075 -0.0017897 -0.00387711 0.01075 -0.00178934 -0.00387388 0.01075 -0.00178899 -0.00387066 0.01075 -0.00178865 -0.00386744 0.01075 -0.00178832 -0.00386421 0.01075 -0.00178801 -0.00386098 0.01075 -0.00178771 -0.00385776 0.01075 -0.00178741 -0.00385453 0.01075 -0.00178713 -0.0038513 0.01075 -0.00178686 -0.00384807 0.01075 -0.0017866 -0.00384484 0.01075 -0.00178635 -0.00384161 0.01075 -0.00178566 -0.0038319 0.01075 -0.00178546 -0.00382867 0.01075 -0.00178526 -0.00382543 0.01075 -0.00178506 -0.0038222 0.01075 -0.00178488 -0.00381896 0.01075 -0.00178471 -0.00381572 0.01075 -0.00178454 -0.00381249 0.01075 -0.00178439 -0.00380925 0.01075 -0.00178424 -0.00380601 0.01075 -0.0017841 -0.00380277 0.01075 -0.00178397 -0.00379953 0.01075 -0.00178384 -0.00379629 0.01075 -0.00178372 -0.00379305 0.01075 -0.00178361 -0.00378981 0.01075 -0.0017835 -0.00378657 0.01075 -0.0017834 -0.00378333 0.01075 -0.00178331 -0.00378009 0.01075 -0.00178322 -0.00377685 0.01075 -0.00178314 -0.00377361 0.01075 -0.00178306 -0.00377037 0.01075 -0.00178299 -0.00376713 0.01075 -0.00178293 -0.00376389 0.01075 -0.00178287 -0.00376065 0.01075 -0.00178281 -0.0037574 0.01075 -0.00178275 -0.00375416 0.01075 -0.00178271 -0.00375092 0.01075 -0.00178266 -0.00374768 0.01075 -0.00178262 -0.00374444 0.01075 -0.00178258 -0.0037412 0.01075 -0.00178254 -0.00373795 0.01075 -0.00178251 -0.00373471 0.01075 -0.00178248 -0.00373147 0.01075 -0.00178245 -0.00372823 0.01075 -0.00178243 -0.00372499 0.01075 -0.0017824 -0.00372175 0.01075 -0.00178238 -0.0037185 0.01075 -0.00178236 -0.00371526 0.01075 -0.00178234 -0.00371202 0.01075 -0.00178232 -0.00370878 0.01075 -0.0017823 -0.00370554 0.01075 -0.00178228 -0.0037023 0.01075 -0.00178227 -0.00369905 0.01075 -0.0017584 -0.0029848 0.01075 -0.00166635 0.00198601 0.01075 0.00146581 -0.00403457 0.01075 0.00138021 -0.00390886 0.01075 0.00138203 -0.00393217 0.01075 0.00235155 -0.00100568 0.01075 0.00167245 -0.00243548 0.01075 0.00167197 -0.00242036 0.01075 0.00137137 -0.00292854 0.01075 0.00123329 0.0020542 0.01075 0.00178719 -0.00296471 0.01075 0.00178098 -0.00295098 0.01075 0.00146996 -0.00403254 0.01075 0.00322135 -0.00370849 0.01075 0.00148796 -0.004019 0.01075 0.00148471 -0.0040221 0.01075 0.00148129 -0.00402502 0.01075 0.00138116 -0.00379209 0.01075 0.00138042 -0.00381525 0.01075 0.00138004 -0.00383847 0.01075 0.0013799 -0.00386179 0.01075 0.00137989 -0.00388527 0.01075 0.00138671 -0.00395476 0.01075 0.00140921 -0.00400553 0.01075 0.00141332 -0.00401352 0.01075 0.0014112 -0.00400956 0.01075 0.00141814 -0.00402117 0.01075 0.00141562 -0.0040174 0.01075 0.00143107 -0.00403427 0.01075 0.00143497 -0.00403654 0.01075 0.0014479 -0.00403918 0.01075 0.00149396 -0.00401233 0.01075 0.00149104 -0.00401574 0.01075 0.00149939 -0.00400516 0.01075 0.00149674 -0.0040088 0.01075 0.00150434 -0.0039976 0.01075 0.00150192 -0.00400142 0.01075 0.0015111 -0.00398583 0.01075 0.00151528 -0.00397784 0.01075 0.00151322 -0.00398185 0.01075 0.00151927 -0.00396976 0.01075 0.0015173 -0.00397381 0.01075 0.00152309 -0.00396161 0.01075 0.0015212 -0.0039657 0.01075 0.00152678 -0.00395341 0.01075 0.00152495 -0.00395752 0.01075 0.00153037 -0.00394516 0.01075 0.00152858 -0.00394929 0.01075 0.00153391 -0.00393689 0.01075 0.00153215 -0.00394103 0.01075 0.00153743 -0.00392861 0.01075 0.00153567 -0.00393275 0.01075 0.00154093 -0.00392033 0.01075 0.00153918 -0.00392447 0.01075 0.00154443 -0.00391203 0.01075 0.00154268 -0.00391618 0.01075 0.00154792 -0.00390374 0.01075 0.00154617 -0.00390789 0.01075 0.00155139 -0.00389543 0.01075 0.00154965 -0.00389959 0.01075 0.00155485 -0.00388713 0.01075 0.00155312 -0.00389128 0.01075 0.0015583 -0.00387881 0.01075 0.00155658 -0.00388297 0.01075 0.00156002 -0.00387465 0.01075 0.00156173 -0.00387049 0.01075 0.00156345 -0.00386633 0.01075 0.00156515 -0.00386216 0.01075 0.00157025 -0.00384966 0.01075 0.00157363 -0.00384132 0.01075 0.00157194 -0.00384549 0.01075 0.00157699 -0.00383297 0.01075 0.00157531 -0.00383714 0.01075 0.00158034 -0.00382461 0.01075 0.00157867 -0.00382879 0.01075 0.00158368 -0.00381625 0.01075 0.00158201 -0.00382043 0.01075 0.001587 -0.00380789 0.01075 0.00158534 -0.00381207 0.01075 0.00159032 -0.00379952 0.01075 0.00158866 -0.00380371 0.01075 0.00159363 -0.00379115 0.01075 0.00159197 -0.00379534 0.01075 0.00160022 -0.0037744 0.01075 0.00159858 -0.00377859 0.01075 0.00160351 -0.00376603 0.01075 0.00160187 -0.00377022 0.01075 0.0016068 -0.00375765 0.01075 0.00160515 -0.00376184 0.01075 0.00161008 -0.00374927 0.01075 0.00160844 -0.00375346 0.01075 0.00161172 -0.00374508 0.01075 0.00281002 -0.00338129 0.01075 0.00173957 -0.00335301 0.01075 0.00176424 -0.0032815 0.01075 0.00175926 -0.0032958 0.01075 0.00177432 -0.00325295 0.01075 0.00176925 -0.00326722 0.01075 0.00177943 -0.00323869 0.01075 0.00179476 -0.00319588 0.01075 0.00180422 -0.00316716 0.01075 0.00179962 -0.00318155 0.01075 0.00181239 -0.0031381 0.01075 0.00180849 -0.00315268 0.01075 0.00181916 -0.0031086 0.01075 0.00181593 -0.00312341 0.01075 0.00182208 -0.00309365 0.01075 0.00182235 -0.0030487 0.01075 0.00181804 -0.00303406 0.01075 0.00181251 -0.00301972 0.01075 0.00180644 -0.00300572 0.01075 0.00180009 -0.00299196 0.01075 0.00179361 -0.00297833 0.01075 0.00177506 -0.00293709 0.01075 0.00176398 -0.00290891 0.01075 0.0017694 -0.00292306 0.01075 0.0017537 -0.00288037 0.01075 0.00175875 -0.00289468 0.01075 0.0017394 -0.00283723 0.01075 0.00173491 -0.00282278 0.01075 0.00172236 -0.00277917 0.01075 0.0017185 -0.00276454 0.01075 0.00170788 -0.0027204 0.01075 0.00170464 -0.00270562 0.01075 0.00170153 -0.0026908 0.01075 0.00169296 -0.00264619 0.01075 0.00168567 -0.00260137 0.01075 0.00168004 -0.00255633 0.01075 0.00167617 -0.00251109 0.01075 0.0016752 -0.00249598 0.01075 0.00167436 -0.00248086 0.01075 0.00167363 -0.00246574 0.01075 0.001673 -0.00245061 0.01075 0.00167155 -0.00240523 0.01075 0.00167119 -0.0023901 0.01075 0.00167088 -0.00237497 0.01075 0.00240463 -0.00223616 0.01075 0.00167062 -0.00235984 0.01075 0.00167039 -0.00234471 0.01075 0.00167018 -0.00232957 0.01075 0.00167001 -0.00231444 0.01075 0.00166984 -0.00229931 0.01075 0.00166968 -0.00228418 0.01075 0.00238807 -0.00206092 0.01075 0.00237594 -0.0018853 0.01075 0.00236691 -0.00170952 0.01075 0.0023563 -0.00135767 0.01075 0.00236053 -0.00153362 0.01075 0.00235348 -0.00118169 0.01075 0.00220154 0.00361908 0.01075 0.015 0.013 0 0.015 -0.013 0.01075 0.015 0.013 0.01075 0.015 -0.013 0 0.015 0.013 0.01075 -0.015 0.013 0.01075 -0.015 0.013 0 0.015 0.013 0 -0.015 0.013 0.01075 -0.015 -0.013 0.01075 -0.015 -0.013 0 -0.015 0.013 0 0.015 -0.013 0 -0.015 -0.013 0.01075 0.015 -0.013 0.01075 -0.015 -0.013 0 0.0146385 -0.0173992 0 0.0147791 -0.0174475 0 0.017075 -0.02115 0 0.0141488 -0.0168672 0 -0.0141129 -0.0167271 0 0.0141123 -0.0167231 0 0.0158512 -0.0162828 0 0.0158871 0.0142729 0 0.0158877 -0.0164269 0 0.0157102 -0.0160222 0 0.015 -0.013 0 0.0157915 -0.0161466 0 -0.015871 -0.0163482 0 -0.017075 0.019 0 -0.0158877 0.0142769 0 -0.0157102 0.0149778 0 -0.0157915 0.0148534 0 -0.015 0.013 0 -0.0154923 0.0136715 0 -0.0153615 0.0136008 0 -0.0142898 0.0138722 0 -0.0143904 0.0137628 0 -0.0158512 0.0147172 0 -0.0158877 0.0145731 0 -0.0159 0.014425 0 -0.0145077 0.0151784 0 -0.0146385 0.0152492 0 -0.0147791 0.0152975 0 -0.0149257 0.0153219 0 -0.0154923 0.0151784 0 -0.0156096 0.0150872 0 -0.0152209 0.0152975 0 -0.0153615 0.0152492 0 -0.0150743 0.0153219 0 -0.0143904 0.0150872 0 -0.0142898 0.0149778 0 -0.0141 0.014425 0 0.0141032 0.0145013 0 0.0141032 0.0143487 0 0.0142543 0.014929 0 -0.0142085 0.0148534 0 0.0151896 0.0135452 0 0.015 0.013 0 0.0150382 0.0135258 0 -0.0142085 0.0139966 0 0.0142543 0.013921 0 0.0143502 0.0138023 0 0.0148857 0.0135323 0 0.0144648 0.0137014 0 0.0147365 0.0135645 0 0.0145948 0.0136214 0 -0.0146385 0.0136008 0 -0.0145077 0.0136715 0 -0.0149257 0.0135281 0 -0.0147791 0.0135525 0 -0.0152209 0.0135525 0 -0.0150743 0.0135281 0 -0.0157102 0.0138722 0 -0.0156096 0.0137628 0 -0.015 -0.013 0 -0.0158512 0.0141328 0 -0.0157915 0.0139966 0 -0.017075 -0.02115 0 0.0141488 -0.0162828 0 0.0142085 -0.0161466 0 -0.0141514 -0.0162752 0 -0.0142143 -0.0161361 0 0.0143904 -0.0159128 0 0.0142898 -0.0160222 0 0.0146385 -0.0157508 0 0.0145077 -0.0158216 0 0.0149257 -0.0156781 0 0.0147791 -0.0157025 0 0.0152209 -0.0157025 0 0.0150743 -0.0156781 0 0.0154923 -0.0158216 0 0.0153615 -0.0157508 0 0.0156096 -0.0159128 0 0.017075 0.019 0 0.0159 0.014425 0 0.0159 -0.016575 0 0.0158512 -0.0168672 0 0.0158877 -0.0167231 0 0.0157102 -0.0171278 0 0.0157915 -0.0170034 0 0.0154923 -0.0173284 0 0.0156096 -0.0172372 0 0.0152209 -0.0174475 0 0.0153615 -0.0173992 0 0.0149257 -0.0174719 0 0.0150743 -0.0174719 0 0.0145077 -0.0173284 0 0.0142898 -0.0171278 0 0.0143904 -0.0172372 0 -0.0142143 -0.0170139 0 -0.0142998 -0.0171404 0 -0.0158201 -0.0162043 0 -0.0141514 -0.0168748 0 0.0141 -0.016575 0 -0.0141129 -0.0164229 0 0.0141123 -0.0164269 0 -0.0141 -0.016575 0 -0.0144054 -0.0172506 0 0.0142085 -0.0170034 0 -0.0146644 -0.0174101 0 -0.0145281 -0.0173414 0 -0.0149618 -0.0174742 0 -0.0148104 -0.0174548 0 -0.0152635 -0.0174356 0 -0.0151143 -0.0174677 0 -0.0155352 -0.0172986 0 -0.0154052 -0.0173786 0 -0.0157457 -0.017079 0 -0.0156498 -0.0171977 0 -0.015871 -0.0168018 0 -0.0158201 -0.0169457 0 -0.0158968 -0.0164987 0 -0.0158968 -0.0166513 0 -0.0156498 -0.0159523 0 -0.0157457 -0.016071 0 -0.0154052 -0.0157714 0 -0.0155352 -0.0158514 0 -0.0151143 -0.0156823 0 -0.0152635 -0.0157144 0 -0.0148104 -0.0156952 0 -0.0149618 -0.0156758 0 -0.0145281 -0.0158086 0 -0.0146644 -0.0157399 0 -0.0142998 -0.0160096 0 -0.0144054 -0.0158994 0 0.0153356 0.0135899 0 0.0154719 0.0136586 0 0.0155946 0.0137494 0 0.0157002 0.0138596 0 0.0158486 0.0141252 0 0.0157857 0.0139861 0 0.0143502 0.0150477 0 -0.0141488 0.0141328 0 0.0141799 0.0140543 0 -0.0141123 0.0142769 0 0.014129 0.0141982 0 -0.0141123 0.0145731 0 0.014129 0.0146518 0 -0.0141488 0.0147172 0 0.0141799 0.0147957 0 0.0145948 0.0152286 0 0.0144648 0.0151486 0 0.0148857 0.0153177 0 0.0147365 0.0152855 0 0.0151896 0.0153048 0 0.0150382 0.0153242 0 0.0154719 0.0151914 0 0.0153356 0.0152601 0 0.0157002 0.0149904 0 0.0155946 0.0151006 0 0.0158486 0.0147248 0 0.0157857 0.0148639 0 0.0158871 0.0145771 0 0.017075 0.019 -0.0016 -0.017075 0.019 -0.0016 0.0143502 0.0150477 -0.0016 0.0146385 -0.0157508 -0.0016 0.0145948 0.0136214 -0.0016 0.0145077 -0.0158216 -0.0016 0.0159 0.014425 -0.0016 0.0158871 0.0142729 -0.0016 0.0142898 -0.0160222 -0.0016 -0.0142898 0.0138722 -0.0016 -0.0142998 -0.0160096 -0.0016 0.017075 -0.02115 -0.0016 0.0154719 0.0136586 -0.0016 0.0153356 0.0135899 -0.0016 0.0153615 -0.0157508 -0.0016 0.0157102 -0.0160222 -0.0016 0.0157915 -0.0161466 -0.0016 0.0157857 0.0139861 -0.0016 0.0147365 0.0135645 -0.0016 0.0147791 -0.0157025 -0.0016 0.0148857 0.0135323 -0.0016 0.0144648 0.0137014 -0.0016 0.0143904 -0.0159128 -0.0016 0.0143502 0.0138023 -0.0016 0.0142543 0.013921 -0.0016 0.014129 0.0141982 -0.0016 -0.0141488 0.0141328 -0.0016 0.0141799 0.0140543 -0.0016 0.0141488 -0.0162828 -0.0016 0.0142085 -0.0161466 -0.0016 -0.0142143 -0.0161361 -0.0016 0.0141799 0.0147957 -0.0016 -0.0141488 0.0147172 -0.0016 0.014129 0.0146518 -0.0016 -0.0142085 0.0148534 -0.0016 0.0142543 0.014929 -0.0016 -0.0142898 0.0149778 -0.0016 -0.0143904 0.0150872 -0.0016 -0.0158877 0.0145731 -0.0016 -0.0158512 0.0147172 -0.0016 -0.0145077 0.0136715 -0.0016 -0.0144054 -0.0158994 -0.0016 -0.0143904 0.0137628 -0.0016 -0.0145077 0.0151784 -0.0016 -0.0153615 0.0152492 -0.0016 -0.0152209 0.0152975 -0.0016 0.0145948 0.0152286 -0.0016 0.0144648 0.0151486 -0.0016 0.0148857 0.0153177 -0.0016 0.0147365 0.0152855 -0.0016 0.0151896 0.0153048 -0.0016 0.0150382 0.0153242 -0.0016 0.0154719 0.0151914 -0.0016 0.0153356 0.0152601 -0.0016 0.0157002 0.0149904 -0.0016 0.0155946 0.0151006 -0.0016 0.0158486 0.0147248 -0.0016 0.0157857 0.0148639 -0.0016 0.0158871 0.0145771 -0.0016 -0.0146385 0.0152492 -0.0016 -0.0159 0.014425 -0.0016 -0.0157102 0.0149778 -0.0016 -0.0157915 0.0148534 -0.0016 -0.0154923 0.0151784 -0.0016 -0.0156096 0.0150872 -0.0016 -0.0147791 0.0152975 -0.0016 -0.0149257 0.0153219 -0.0016 -0.0150743 0.0153219 -0.0016 -0.0141123 0.0145731 -0.0016 0.0141032 0.0145013 -0.0016 -0.0141 0.014425 -0.0016 0.0141032 0.0143487 -0.0016 -0.0141123 0.0142769 -0.0016 -0.0142085 0.0139966 -0.0016 -0.0145281 -0.0158086 -0.0016 -0.0146385 0.0136008 -0.0016 -0.0149257 0.0135281 -0.0016 -0.0150743 0.0135281 -0.0016 -0.0149618 -0.0156758 -0.0016 -0.0142998 -0.0171404 -0.0016 -0.0144054 -0.0172506 -0.0016 -0.017075 -0.02115 -0.0016 -0.0154923 0.0136715 -0.0016 -0.0154052 -0.0157714 -0.0016 -0.0153615 0.0136008 -0.0016 -0.0152635 -0.0157144 -0.0016 -0.0151143 -0.0156823 -0.0016 -0.0152209 0.0135525 -0.0016 -0.0156096 0.0137628 -0.0016 -0.0157102 0.0138722 -0.0016 -0.0156498 -0.0159523 -0.0016 -0.0155352 -0.0158514 -0.0016 -0.0157915 0.0139966 -0.0016 -0.0157457 -0.016071 -0.0016 -0.0158512 0.0141328 -0.0016 -0.0158201 -0.0162043 -0.0016 -0.0146644 -0.0174101 -0.0016 -0.0145281 -0.0173414 -0.0016 -0.0158877 0.0142769 -0.0016 -0.0154052 -0.0173786 -0.0016 -0.0155352 -0.0172986 -0.0016 -0.015871 -0.0163482 -0.0016 -0.0141514 -0.0162752 -0.0016 0.0141123 -0.0164269 -0.0016 -0.0148104 -0.0156952 -0.0016 -0.0146644 -0.0157399 -0.0016 -0.0147791 0.0135525 -0.0016 0.0142898 -0.0171278 -0.0016 -0.0142143 -0.0170139 -0.0016 0.0142085 -0.0170034 -0.0016 0.0141488 -0.0168672 -0.0016 -0.0141514 -0.0168748 -0.0016 0.0146385 -0.0173992 -0.0016 0.0147791 -0.0174475 -0.0016 0.0143904 -0.0172372 -0.0016 0.0145077 -0.0173284 -0.0016 -0.0149618 -0.0174742 -0.0016 -0.0148104 -0.0174548 -0.0016 -0.0152635 -0.0174356 -0.0016 -0.0151143 -0.0174677 -0.0016 -0.0157457 -0.017079 -0.0016 -0.0156498 -0.0171977 -0.0016 -0.015871 -0.0168018 -0.0016 -0.0158201 -0.0169457 -0.0016 -0.0158968 -0.0164987 -0.0016 -0.0158968 -0.0166513 -0.0016 -0.0141129 -0.0164229 -0.0016 0.0141 -0.016575 -0.0016 -0.0141 -0.016575 -0.0016 -0.0141129 -0.0167271 -0.0016 0.0141123 -0.0167231 -0.0016 0.0149257 -0.0156781 -0.0016 0.0150743 -0.0156781 -0.0016 0.0150382 0.0135258 -0.0016 0.0152209 -0.0157025 -0.0016 0.0151896 0.0135452 -0.0016 0.0154923 -0.0158216 -0.0016 0.0156096 -0.0159128 -0.0016 0.0155946 0.0137494 -0.0016 0.0157002 0.0138596 -0.0016 0.0158486 0.0141252 -0.0016 0.0158512 -0.0162828 -0.0016 0.0158877 -0.0164269 -0.0016 0.0159 -0.016575 -0.0016 0.0158512 -0.0168672 -0.0016 0.0158877 -0.0167231 -0.0016 0.0157102 -0.0171278 -0.0016 0.0157915 -0.0170034 -0.0016 0.0154923 -0.0173284 -0.0016 0.0156096 -0.0172372 -0.0016 0.0152209 -0.0174475 -0.0016 0.0153615 -0.0173992 -0.0016 0.0149257 -0.0174719 -0.0016 0.0150743 -0.0174719 -0.0016 0.017075 0.019 -0.0016 0.017075 -0.02115 -0.0016 0.017075 -0.02115 0 0.017075 0.019 0 0.017075 -0.02115 0 -0.017075 -0.02115 -0.0016 -0.017075 -0.02115 0 0.017075 -0.02115 -0.0016 -0.017075 0.019 0 -0.017075 -0.02115 -0.0016 -0.017075 0.019 -0.0016 -0.017075 -0.02115 0 0.017075 0.019 0 -0.017075 0.019 -0.0016 0.017075 0.019 -0.0016 -0.017075 0.019 0 0.0149257 -0.0174719 0 0.0150743 -0.0174719 -0.0016 0.0150743 -0.0174719 0 0.0141 -0.016575 -0.0016 0.0141 -0.016575 0 0.0141123 -0.0164269 0 0.0152209 -0.0174475 0 0.0152209 -0.0174475 -0.0016 0.0153615 -0.0173992 -0.0016 0.0153615 -0.0173992 0 0.0154923 -0.0173284 -0.0016 0.0154923 -0.0173284 0 0.0156096 -0.0172372 0 0.0156096 -0.0172372 -0.0016 0.0157102 -0.0171278 -0.0016 0.0157102 -0.0171278 0 0.0157915 -0.0170034 -0.0016 0.0157915 -0.0170034 0 0.0158512 -0.0168672 0 0.0158512 -0.0168672 -0.0016 0.0158877 -0.0167231 -0.0016 0.0158877 -0.0167231 0 0.0159 -0.016575 -0.0016 0.0159 -0.016575 0 0.0149257 -0.0174719 -0.0016 0.0147791 -0.0174475 0 0.0147791 -0.0174475 -0.0016 0.0146385 -0.0173992 0 0.0146385 -0.0173992 -0.0016 0.0145077 -0.0173284 -0.0016 0.0145077 -0.0173284 0 0.0143904 -0.0172372 0 0.0143904 -0.0172372 -0.0016 0.0142898 -0.0171278 0 0.0142898 -0.0171278 -0.0016 0.0142085 -0.0170034 -0.0016 0.0142085 -0.0170034 0 0.0141488 -0.0168672 0 0.0141488 -0.0168672 -0.0016 0.0141123 -0.0167231 0 0.0141123 -0.0167231 -0.0016 0.0141488 -0.0162828 -0.0016 0.0141123 -0.0164269 -0.0016 0.0141488 -0.0162828 0 0.0143904 -0.0159128 -0.0016 0.0142898 -0.0160222 -0.0016 0.0143904 -0.0159128 0 0.0142085 -0.0161466 -0.0016 0.0142085 -0.0161466 0 0.0142898 -0.0160222 0 0.0146385 -0.0157508 -0.0016 0.0147791 -0.0157025 0 0.0147791 -0.0157025 -0.0016 0.0145077 -0.0158216 0 0.0146385 -0.0157508 0 0.0145077 -0.0158216 -0.0016 0.0152209 -0.0157025 0 0.0152209 -0.0157025 -0.0016 0.0150743 -0.0156781 -0.0016 0.0150743 -0.0156781 0 0.0149257 -0.0156781 -0.0016 0.0149257 -0.0156781 0 0.0156096 -0.0159128 -0.0016 0.0154923 -0.0158216 -0.0016 0.0156096 -0.0159128 0 0.0153615 -0.0157508 -0.0016 0.0153615 -0.0157508 0 0.0154923 -0.0158216 0 0.0157915 -0.0161466 0 0.0157102 -0.0160222 -0.0016 0.0157102 -0.0160222 0 0.0158512 -0.0162828 0 0.0157915 -0.0161466 -0.0016 0.0158512 -0.0162828 -0.0016 0.0158877 -0.0164269 0 0.0158877 -0.0164269 -0.0016 -0.0141514 -0.0168748 0 -0.0141514 -0.0168748 -0.0016 -0.0141129 -0.0167271 -0.0016 -0.0141 -0.016575 -0.0016 -0.0141 -0.016575 0 -0.0141129 -0.0167271 0 -0.0142998 -0.0171404 -0.0016 -0.0144054 -0.0172506 0 -0.0144054 -0.0172506 -0.0016 -0.0142998 -0.0171404 0 -0.0142143 -0.0170139 -0.0016 -0.0142143 -0.0170139 0 -0.0148104 -0.0174548 0 -0.0148104 -0.0174548 -0.0016 -0.0146644 -0.0174101 -0.0016 -0.0146644 -0.0174101 0 -0.0145281 -0.0173414 -0.0016 -0.0145281 -0.0173414 0 -0.0152635 -0.0174356 -0.0016 -0.0151143 -0.0174677 -0.0016 -0.0152635 -0.0174356 0 -0.0149618 -0.0174742 -0.0016 -0.0149618 -0.0174742 0 -0.0151143 -0.0174677 0 -0.0155352 -0.0172986 -0.0016 -0.0156498 -0.0171977 0 -0.0156498 -0.0171977 -0.0016 -0.0154052 -0.0173786 0 -0.0155352 -0.0172986 0 -0.0154052 -0.0173786 -0.0016 -0.015871 -0.0168018 0 -0.015871 -0.0168018 -0.0016 -0.0158201 -0.0169457 -0.0016 -0.0158201 -0.0169457 0 -0.0157457 -0.017079 -0.0016 -0.0157457 -0.017079 0 -0.015871 -0.0163482 -0.0016 -0.0158968 -0.0164987 -0.0016 -0.015871 -0.0163482 0 -0.0158968 -0.0166513 -0.0016 -0.0158968 -0.0166513 0 -0.0158968 -0.0164987 0 -0.0157457 -0.016071 -0.0016 -0.0156498 -0.0159523 0 -0.0156498 -0.0159523 -0.0016 -0.0158201 -0.0162043 0 -0.0157457 -0.016071 0 -0.0158201 -0.0162043 -0.0016 -0.0152635 -0.0157144 0 -0.0152635 -0.0157144 -0.0016 -0.0154052 -0.0157714 -0.0016 -0.0154052 -0.0157714 0 -0.0155352 -0.0158514 -0.0016 -0.0155352 -0.0158514 0 -0.0148104 -0.0156952 0 -0.0149618 -0.0156758 -0.0016 -0.0149618 -0.0156758 0 -0.0151143 -0.0156823 -0.0016 -0.0151143 -0.0156823 0 -0.0146644 -0.0157399 0 -0.0148104 -0.0156952 -0.0016 -0.0146644 -0.0157399 -0.0016 -0.0145281 -0.0158086 0 -0.0144054 -0.0158994 0 -0.0145281 -0.0158086 -0.0016 -0.0142998 -0.0160096 0 -0.0144054 -0.0158994 -0.0016 -0.0142998 -0.0160096 -0.0016 -0.0142143 -0.0161361 0 -0.0141514 -0.0162752 0 -0.0142143 -0.0161361 -0.0016 -0.0141129 -0.0164229 0 -0.0141514 -0.0162752 -0.0016 -0.0141129 -0.0164229 -0.0016 -0.0150743 0.0135281 0 -0.0149257 0.0135281 -0.0016 -0.0149257 0.0135281 0 -0.0159 0.014425 -0.0016 -0.0159 0.014425 0 -0.0158877 0.0145731 0 -0.0147791 0.0135525 0 -0.0147791 0.0135525 -0.0016 -0.0146385 0.0136008 -0.0016 -0.0146385 0.0136008 0 -0.0145077 0.0136715 -0.0016 -0.0145077 0.0136715 0 -0.0143904 0.0137628 0 -0.0143904 0.0137628 -0.0016 -0.0142898 0.0138722 -0.0016 -0.0142898 0.0138722 0 -0.0142085 0.0139966 -0.0016 -0.0142085 0.0139966 0 -0.0141488 0.0141328 0 -0.0141488 0.0141328 -0.0016 -0.0141123 0.0142769 -0.0016 -0.0141123 0.0142769 0 -0.0141 0.014425 -0.0016 -0.0141 0.014425 0 -0.0150743 0.0135281 -0.0016 -0.0152209 0.0135525 0 -0.0152209 0.0135525 -0.0016 -0.0153615 0.0136008 0 -0.0153615 0.0136008 -0.0016 -0.0154923 0.0136715 -0.0016 -0.0154923 0.0136715 0 -0.0156096 0.0137628 0 -0.0156096 0.0137628 -0.0016 -0.0157102 0.0138722 0 -0.0157102 0.0138722 -0.0016 -0.0157915 0.0139966 -0.0016 -0.0157915 0.0139966 0 -0.0158512 0.0141328 0 -0.0158512 0.0141328 -0.0016 -0.0158877 0.0142769 0 -0.0158877 0.0142769 -0.0016 -0.0158512 0.0147172 -0.0016 -0.0158877 0.0145731 -0.0016 -0.0158512 0.0147172 0 -0.0156096 0.0150872 -0.0016 -0.0157102 0.0149778 -0.0016 -0.0156096 0.0150872 0 -0.0157915 0.0148534 -0.0016 -0.0157915 0.0148534 0 -0.0157102 0.0149778 0 -0.0153615 0.0152492 -0.0016 -0.0152209 0.0152975 0 -0.0152209 0.0152975 -0.0016 -0.0154923 0.0151784 0 -0.0153615 0.0152492 0 -0.0154923 0.0151784 -0.0016 -0.0147791 0.0152975 0 -0.0147791 0.0152975 -0.0016 -0.0149257 0.0153219 -0.0016 -0.0149257 0.0153219 0 -0.0150743 0.0153219 -0.0016 -0.0150743 0.0153219 0 -0.0143904 0.0150872 -0.0016 -0.0145077 0.0151784 -0.0016 -0.0143904 0.0150872 0 -0.0146385 0.0152492 -0.0016 -0.0146385 0.0152492 0 -0.0145077 0.0151784 0 -0.0142085 0.0148534 0 -0.0142898 0.0149778 -0.0016 -0.0142898 0.0149778 0 -0.0141488 0.0147172 0 -0.0142085 0.0148534 -0.0016 -0.0141488 0.0147172 -0.0016 -0.0141123 0.0145731 0 -0.0141123 0.0145731 -0.0016 0.0158486 0.0141252 0 0.0158486 0.0141252 -0.0016 0.0158871 0.0142729 -0.0016 0.0159 0.014425 -0.0016 0.0159 0.014425 0 0.0158871 0.0142729 0 0.0157002 0.0138596 -0.0016 0.0155946 0.0137494 0 0.0155946 0.0137494 -0.0016 0.0157002 0.0138596 0 0.0157857 0.0139861 -0.0016 0.0157857 0.0139861 0 0.0151896 0.0135452 0 0.0151896 0.0135452 -0.0016 0.0153356 0.0135899 -0.0016 0.0153356 0.0135899 0 0.0154719 0.0136586 -0.0016 0.0154719 0.0136586 0 0.0147365 0.0135645 -0.0016 0.0148857 0.0135323 -0.0016 0.0147365 0.0135645 0 0.0150382 0.0135258 -0.0016 0.0150382 0.0135258 0 0.0148857 0.0135323 0 0.0144648 0.0137014 -0.0016 0.0143502 0.0138023 0 0.0143502 0.0138023 -0.0016 0.0145948 0.0136214 0 0.0144648 0.0137014 0 0.0145948 0.0136214 -0.0016 0.014129 0.0141982 0 0.014129 0.0141982 -0.0016 0.0141799 0.0140543 -0.0016 0.0141799 0.0140543 0 0.0142543 0.013921 -0.0016 0.0142543 0.013921 0 0.014129 0.0146518 -0.0016 0.0141032 0.0145013 -0.0016 0.014129 0.0146518 0 0.0141032 0.0143487 -0.0016 0.0141032 0.0143487 0 0.0141032 0.0145013 0 0.0142543 0.014929 -0.0016 0.0143502 0.0150477 0 0.0143502 0.0150477 -0.0016 0.0141799 0.0147957 0 0.0142543 0.014929 0 0.0141799 0.0147957 -0.0016 0.0147365 0.0152855 0 0.0147365 0.0152855 -0.0016 0.0145948 0.0152286 -0.0016 0.0145948 0.0152286 0 0.0144648 0.0151486 -0.0016 0.0144648 0.0151486 0 0.0151896 0.0153048 0 0.0150382 0.0153242 -0.0016 0.0150382 0.0153242 0 0.0148857 0.0153177 -0.0016 0.0148857 0.0153177 0 0.0153356 0.0152601 0 0.0151896 0.0153048 -0.0016 0.0153356 0.0152601 -0.0016 0.0154719 0.0151914 0 0.0155946 0.0151006 0 0.0154719 0.0151914 -0.0016 0.0157002 0.0149904 0 0.0155946 0.0151006 -0.0016 0.0157002 0.0149904 -0.0016 0.0157857 0.0148639 0 0.0158486 0.0147248 0 0.0157857 0.0148639 -0.0016 0.0158871 0.0145771 0 0.0158486 0.0147248 -0.0016 0.0158871 0.0145771 -0.0016 0.00229564 0.0095971 0.01075 -0.00228356 0.0095971 0.00915 0.00229564 0.0095971 0.00915 -0.00228356 0.0095971 0.01075 1.73195e-17 0.0113877 0.01075 -0.00228356 0.0095971 0.00915 -0.00228356 0.0095971 0.01075 1.82077e-17 0.0113877 0.00915 0.00229564 0.0095971 0.01075 1.82077e-17 0.0113877 0.00915 1.73195e-17 0.0113877 0.01075 0.00229564 0.0095971 0.00915 0.00229564 0.0095971 0.00915 -0.00228356 0.0095971 0.00915 1.82077e-17 0.0113877 0.00915 0.00229359 0.003735 0.01075 0.00279988 0.00305484 0.00915 0.00229359 0.003735 0.00915 0.00279988 0.00305484 0.01075 0.00269628 0.00258881 0.00915 0.00273723 0.00282407 0.01075 0.00269628 0.00258881 0.01075 0.00279988 0.00305484 0.01075 0.00273723 0.00282407 0.00915 0.00279988 0.00305484 0.00915 0.00267528 0.00235129 0.00915 0.00267528 0.00235129 0.01075 0.00267373 0.00211215 0.00915 0.00267373 0.00211215 0.01075 0.00267373 -0.00102955 0.01075 0.00267373 0.00211215 0.00915 0.00267373 0.00211215 0.01075 0.00267373 -0.00102955 0.00915 0.00278386 -0.00254795 0.00915 0.00275592 -0.0024122 0.01075 0.00278386 -0.00254795 0.01075 0.00273562 -0.00227499 0.01075 0.00275592 -0.0024122 0.00915 0.00273562 -0.00227499 0.00915 0.00272016 -0.0021372 0.01075 0.00272016 -0.0021372 0.00915 0.00270781 -0.00199912 0.01075 0.00269748 -0.00186087 0.01075 0.00270781 -0.00199912 0.00915 0.00269748 -0.00186087 0.00915 0.00268912 -0.00172248 0.01075 0.00268912 -0.00172248 0.00915 0.00268277 -0.00158399 0.01075 0.00267835 -0.00144542 0.01075 0.00268277 -0.00158399 0.00915 0.00267835 -0.00144542 0.00915 0.0026757 -0.00130681 0.01075 0.0026757 -0.00130681 0.00915 0.00267438 -0.00116818 0.01075 0.00267373 -0.00102955 0.01075 0.00267438 -0.00116818 0.00915 0.00267373 -0.00102955 0.00915 0.00282155 -0.00268139 0.00915 0.00282155 -0.00268139 0.01075 0.00286995 -0.00281152 0.00915 0.00293659 -0.00293294 0.00915 0.00286995 -0.00281152 0.01075 0.00293659 -0.00293294 0.01075 0.00302282 -0.0030416 0.00915 0.00302282 -0.0030416 0.01075 0.00312246 -0.00313797 0.00915 0.00323191 -0.0032231 0.00915 0.00312246 -0.00313797 0.01075 0.00323191 -0.0032231 0.01075 0.00335059 -0.00329468 0.00915 0.00335059 -0.00329468 0.01075 0.00347708 -0.00335147 0.00915 0.00360864 -0.00339507 0.00915 0.00347708 -0.00335147 0.01075 0.00360864 -0.00339507 0.01075 0.00374415 -0.00342447 0.00915 0.00374415 -0.00342447 0.01075 0.00388234 -0.00343483 0.00915 0.00388234 -0.00343483 0.01075 0.00484342 -0.00232956 0.01075 0.00484342 -0.00232956 0.00915 0.00482332 -0.00243522 0.01075 0.00482332 -0.00243522 0.00915 0.00479971 -0.00254021 0.01075 0.00477197 -0.00264418 0.01075 0.00479971 -0.00254021 0.00915 0.00477197 -0.00264418 0.00915 0.00473912 -0.00274661 0.01075 0.00473912 -0.00274661 0.00915 0.00469996 -0.0028468 0.01075 0.00465266 -0.0029434 0.01075 0.00469996 -0.0028468 0.00915 0.00465266 -0.0029434 0.00915 0.00459657 -0.00303519 0.01075 0.00459657 -0.00303519 0.00915 0.00453276 -0.00312178 0.01075 0.00446257 -0.00320325 0.01075 0.00453276 -0.00312178 0.00915 0.00446257 -0.00320325 0.00915 0.00438479 -0.00327788 0.01075 0.00438479 -0.00327788 0.00915 0.00429701 -0.00333974 0.01075 0.00419933 -0.0033852 0.01075 0.00429701 -0.00333974 0.00915 0.00419933 -0.0033852 0.00915 0.00409626 -0.00341687 0.01075 0.00409626 -0.00341687 0.00915 0.00399008 -0.00343203 0.01075 0.00388234 -0.00343483 0.01075 0.00399008 -0.00343203 0.00915 0.00388234 -0.00343483 0.00915 0.00486027 -0.00222333 0.00915 0.00486027 -0.00222333 0.01075 0.00487402 -0.00211665 0.00915 0.00487402 -0.00211665 0.01075 0.00488444 -0.00200959 0.00915 0.00489127 -0.00190225 0.00915 0.00488444 -0.00200959 0.01075 0.00489127 -0.00190225 0.01075 0.00489457 -0.00179474 0.00915 0.00489457 -0.00179474 0.01075 0.0048949 -0.00168719 0.00915 0.00489492 -0.00157965 0.00915 0.0048949 -0.00168719 0.01075 0.00489492 -0.00157965 0.01075 0.00489491 -0.0014721 0.00915 0.00489491 -0.0014721 0.01075 0.00489491 -0.00136456 0.00915 0.00489491 -0.00125702 0.00915 0.00489491 -0.00136456 0.01075 0.00489491 -0.00125702 0.01075 0.00489491 -0.00114947 0.00915 0.00489491 -0.00114947 0.01075 0.00489491 -0.00104193 0.00915 0.00489491 -0.000934384 0.00915 0.00489491 -0.00104193 0.01075 0.00489491 -0.000934384 0.01075 0.00489491 -0.000826841 0.00915 0.00489491 -0.000826841 0.01075 0.00489491 -0.000719297 0.00915 0.00489491 -0.000719297 0.01075 0.00489491 0.0022383 0.01075 0.00489491 0.0022383 0.00915 0.00489491 -0.000719297 0.00915 0.00489491 -0.000719297 0.01075 0.00487646 0.00282878 0.00915 0.00489407 0.00253434 0.01075 0.00487646 0.00282878 0.01075 0.00489491 0.0022383 0.01075 0.00489407 0.00253434 0.00915 0.00489491 0.0022383 0.00915 0.00484208 0.0031216 0.00915 0.00484208 0.0031216 0.01075 0.00479093 0.00341281 0.00915 0.00479093 0.00341281 0.01075 0.00479093 0.00341281 0.01075 0.0047449 0.00359692 0.00915 0.00479093 0.00341281 0.00915 0.0047449 0.00359692 0.01075 0.0047449 0.00359692 0.01075 0.00484889 0.00371113 0.00915 0.0047449 0.00359692 0.00915 0.00484889 0.00371113 0.01075 0.00484889 0.00371113 0.01075 0.00535517 0.00302074 0.00915 0.00484889 0.00371113 0.00915 0.00535517 0.00302074 0.01075 0.00524764 0.00260718 0.00915 0.00528781 0.00281749 0.01075 0.00524764 0.00260718 0.01075 0.00535517 0.00302074 0.01075 0.00528781 0.00281749 0.00915 0.00535517 0.00302074 0.00915 0.00522365 0.00239439 0.00915 0.00522365 0.00239439 0.01075 0.00521709 0.00218034 0.00915 0.00521709 0.00218034 0.01075 0.00521709 0.00218034 0.01075 0.00519323 0.00163996 0.00915 0.00521709 0.00218034 0.00915 0.00519323 0.00163996 0.01075 0.00519323 -0.00109773 0.01075 0.00519323 0.00163996 0.00915 0.00519323 0.00163996 0.01075 0.00519323 -0.00109773 0.00915 0.0050164 -0.0029562 0.00915 0.00506616 -0.00280777 0.00915 0.00506616 -0.00280777 0.01075 0.00510605 -0.00265644 0.00915 0.00510605 -0.00265644 0.01075 0.005136 -0.00250284 0.01075 0.005136 -0.00250284 0.00915 0.00515838 -0.0023479 0.00915 0.00515838 -0.0023479 0.01075 0.00517533 -0.00219234 0.00915 0.00517533 -0.00219234 0.01075 0.0051867 -0.00203632 0.01075 0.0051867 -0.00203632 0.00915 0.00519242 -0.00187996 0.00915 0.00519242 -0.00187996 0.01075 0.00519353 -0.0017235 0.00915 0.00519353 -0.0017235 0.01075 0.00519316 -0.00156706 0.01075 0.00519316 -0.00156706 0.00915 0.00519325 -0.00141062 0.00915 0.00519325 -0.00141062 0.01075 0.00519322 -0.00125418 0.00915 0.00519322 -0.00125418 0.01075 0.00519323 -0.00109773 0.01075 0.00519323 -0.00109773 0.00915 0.0050164 -0.0029562 0.01075 0.00495624 -0.00310075 0.01075 0.00495624 -0.00310075 0.00915 0.00488211 -0.00323834 0.01075 0.00488211 -0.00323834 0.00915 0.0047957 -0.00336883 0.00915 0.0047957 -0.00336883 0.01075 0.00469892 -0.00349185 0.01075 0.00469892 -0.00349185 0.00915 0.00459024 -0.00360453 0.01075 0.00459024 -0.00360453 0.00915 0.00446767 -0.00370176 0.00915 0.00446767 -0.00370176 0.01075 0.00433141 -0.00377832 0.01075 0.00433141 -0.00377832 0.00915 0.00418477 -0.00383242 0.01075 0.00418477 -0.00383242 0.00915 0.00403195 -0.00386612 0.00915 0.00403195 -0.00386612 0.01075 0.00387639 -0.00388144 0.01075 0.00387639 -0.00388144 0.00915 0.0037204 -0.00387123 0.00915 0.0037204 -0.00387123 0.01075 0.00255378 -0.00292293 0.01075 0.00250252 -0.00275459 0.01075 0.00250252 -0.00275459 0.00915 0.00255378 -0.00292293 0.00915 0.00261943 -0.00308622 0.01075 0.00261943 -0.00308622 0.00915 0.00270484 -0.00324013 0.01075 0.00281002 -0.00338129 0.01075 0.00270484 -0.00324013 0.00915 0.00281002 -0.00338129 0.00915 0.0029333 -0.00350669 0.01075 0.0029333 -0.00350669 0.00915 0.00307163 -0.00361561 0.01075 0.00322135 -0.00370849 0.01075 0.00307163 -0.00361561 0.00915 0.00322135 -0.00370849 0.00915 0.0033799 -0.0037848 0.01075 0.0033799 -0.0037848 0.00915 0.00354699 -0.00384045 0.01075 0.0037204 -0.00387123 0.01075 0.00354699 -0.00384045 0.00915 0.0037204 -0.00387123 0.00915 0.00246158 -0.00258341 0.00915 0.00242909 -0.00241043 0.00915 0.00246158 -0.00258341 0.01075 0.00242909 -0.00241043 0.01075 0.00240463 -0.00223616 0.00915 0.00240463 -0.00223616 0.01075 0.00238807 -0.00206092 0.00915 0.00237594 -0.0018853 0.00915 0.00238807 -0.00206092 0.01075 0.00237594 -0.0018853 0.01075 0.00236691 -0.00170952 0.00915 0.00236691 -0.00170952 0.01075 0.00236053 -0.00153362 0.00915 0.0023563 -0.00135767 0.00915 0.00236053 -0.00153362 0.01075 0.0023563 -0.00135767 0.01075 0.00235348 -0.00118169 0.00915 0.00235348 -0.00118169 0.01075 0.00235155 -0.00100568 0.00915 0.00235155 -0.00100568 0.01075 0.00235155 0.00226217 0.01075 0.00235155 0.00226217 0.00915 0.00235155 -0.00100568 0.00915 0.00235155 -0.00100568 0.01075 0.00232668 0.00285115 0.00915 0.00234589 0.0025573 0.01075 0.00232668 0.00285115 0.01075 0.00235155 0.00226217 0.01075 0.00234589 0.0025573 0.00915 0.00235155 0.00226217 0.00915 0.0022939 0.00314371 0.00915 0.0022939 0.00314371 0.01075 0.00224756 0.00343498 0.00915 0.00224756 0.00343498 0.01075 0.00224756 0.00343498 0.01075 0.00220154 0.00361908 0.00915 0.00224756 0.00343498 0.00915 0.00220154 0.00361908 0.01075 0.00220154 0.00361908 0.01075 0.00229359 0.003735 0.00915 0.00220154 0.00361908 0.00915 0.00229359 0.003735 0.01075 0.00229359 0.003735 0.00915 0.00224756 0.00343498 0.00915 0.00220154 0.00361908 0.00915 0.0022939 0.00314371 0.00915 0.00487646 0.00282878 0.00915 0.00484208 0.0031216 0.00915 0.00528781 0.00281749 0.00915 0.00279988 0.00305484 0.00915 0.00234589 0.0025573 0.00915 0.00269628 0.00258881 0.00915 0.00267528 0.00235129 0.00915 0.00232668 0.00285115 0.00915 0.00273723 0.00282407 0.00915 0.00267373 0.00211215 0.00915 0.00235155 0.00226217 0.00915 0.00235348 -0.00118169 0.00915 0.0026757 -0.00130681 0.00915 0.0023563 -0.00135767 0.00915 0.00286995 -0.00281152 0.00915 0.00281002 -0.00338129 0.00915 0.00270484 -0.00324013 0.00915 0.00255378 -0.00292293 0.00915 0.00278386 -0.00254795 0.00915 0.00261943 -0.00308622 0.00915 0.00293659 -0.00293294 0.00915 0.0029333 -0.00350669 0.00915 0.00302282 -0.0030416 0.00915 0.00307163 -0.00361561 0.00915 0.00282155 -0.00268139 0.00915 0.00312246 -0.00313797 0.00915 0.00323191 -0.0032231 0.00915 0.00322135 -0.00370849 0.00915 0.0033799 -0.0037848 0.00915 0.00335059 -0.00329468 0.00915 0.00246158 -0.00258341 0.00915 0.00242909 -0.00241043 0.00915 0.00273562 -0.00227499 0.00915 0.00360864 -0.00339507 0.00915 0.00354699 -0.00384045 0.00915 0.00347708 -0.00335147 0.00915 0.00374415 -0.00342447 0.00915 0.00387639 -0.00388144 0.00915 0.0037204 -0.00387123 0.00915 0.00409626 -0.00341687 0.00915 0.00418477 -0.00383242 0.00915 0.00403195 -0.00386612 0.00915 0.00399008 -0.00343203 0.00915 0.00465266 -0.0029434 0.00915 0.0047957 -0.00336883 0.00915 0.00469892 -0.00349185 0.00915 0.00519353 -0.0017235 0.00915 0.00489457 -0.00179474 0.00915 0.0048949 -0.00168719 0.00915 0.00489491 -0.00104193 0.00915 0.00489491 -0.000934384 0.00915 0.00519323 -0.00109773 0.00915 0.00489492 -0.00157965 0.00915 0.00519316 -0.00156706 0.00915 0.00489491 -0.00114947 0.00915 0.00519322 -0.00125418 0.00915 0.00489491 -0.0014721 0.00915 0.00519325 -0.00141062 0.00915 0.00489491 -0.00136456 0.00915 0.00489491 -0.00125702 0.00915 0.00479971 -0.00254021 0.00915 0.00482332 -0.00243522 0.00915 0.00506616 -0.00280777 0.00915 0.005136 -0.00250284 0.00915 0.00510605 -0.00265644 0.00915 0.00484342 -0.00232956 0.00915 0.00489491 -0.000826841 0.00915 0.0050164 -0.0029562 0.00915 0.00477197 -0.00264418 0.00915 0.00489491 -0.000719297 0.00915 0.00488211 -0.00323834 0.00915 0.00469996 -0.0028468 0.00915 0.00473912 -0.00274661 0.00915 0.00459024 -0.00360453 0.00915 0.00446767 -0.00370176 0.00915 0.00446257 -0.00320325 0.00915 0.00453276 -0.00312178 0.00915 0.00419933 -0.0033852 0.00915 0.00433141 -0.00377832 0.00915 0.00438479 -0.00327788 0.00915 0.00489491 0.0022383 0.00915 0.00519323 0.00163996 0.00915 0.00521709 0.00218034 0.00915 0.00535517 0.00302074 0.00915 0.00479093 0.00341281 0.00915 0.0047449 0.00359692 0.00915 0.00484889 0.00371113 0.00915 0.00524764 0.00260718 0.00915 0.00522365 0.00239439 0.00915 0.00489407 0.00253434 0.00915 0.00388234 -0.00343483 0.00915 0.00237594 -0.0018853 0.00915 0.00268912 -0.00172248 0.00915 0.00269748 -0.00186087 0.00915 0.00519242 -0.00187996 0.00915 0.00489127 -0.00190225 0.00915 0.0051867 -0.00203632 0.00915 0.00488444 -0.00200959 0.00915 0.00487402 -0.00211665 0.00915 0.00517533 -0.00219234 0.00915 0.00515838 -0.0023479 0.00915 0.00486027 -0.00222333 0.00915 0.00495624 -0.00310075 0.00915 0.00459657 -0.00303519 0.00915 0.00429701 -0.00333974 0.00915 0.00270781 -0.00199912 0.00915 0.00238807 -0.00206092 0.00915 0.00240463 -0.00223616 0.00915 0.00272016 -0.0021372 0.00915 0.00250252 -0.00275459 0.00915 0.00275592 -0.0024122 0.00915 0.00236691 -0.00170952 0.00915 0.00268277 -0.00158399 0.00915 0.00267835 -0.00144542 0.00915 0.00236053 -0.00153362 0.00915 0.00267438 -0.00116818 0.00915 0.00235155 -0.00100568 0.00915 0.00267373 -0.00102955 0.00915 -0.00018329 -0.00289275 0.01075 0.00123329 0.00361908 0.00915 -0.00018329 -0.00289275 0.00915 0.00123329 0.00361908 0.01075 0.00149751 0.00361908 0.01075 0.00149751 0.00361908 0.00915 0.00123329 0.00361908 0.00915 0.00123329 0.00361908 0.01075 0.00149751 0.00361908 0.01075 0.00165775 -0.00177789 0.00915 0.00149751 0.00361908 0.00915 0.00165775 -0.00177789 0.01075 0.00165775 -0.00177789 0.01075 0.00166968 -0.00228418 0.00915 0.00165775 -0.00177789 0.00915 0.00166968 -0.00228418 0.01075 0.00173491 -0.00282278 0.01075 0.0017394 -0.00283723 0.00915 0.00173491 -0.00282278 0.00915 0.00173057 -0.00280828 0.00915 0.00173057 -0.00280828 0.01075 0.00172638 -0.00279375 0.00915 0.00172638 -0.00279375 0.01075 0.00172236 -0.00277917 0.01075 0.00172236 -0.00277917 0.00915 0.0017185 -0.00276454 0.00915 0.0017185 -0.00276454 0.01075 0.00171481 -0.00274987 0.00915 0.00171481 -0.00274987 0.01075 0.00171127 -0.00273515 0.01075 0.00171127 -0.00273515 0.00915 0.00170788 -0.0027204 0.00915 0.00170788 -0.0027204 0.01075 0.00170464 -0.00270562 0.00915 0.00170464 -0.00270562 0.01075 0.00170153 -0.0026908 0.01075 0.00170153 -0.0026908 0.00915 0.00169855 -0.00267595 0.00915 0.00169855 -0.00267595 0.01075 0.00169569 -0.00266108 0.00915 0.00169569 -0.00266108 0.01075 0.00169296 -0.00264619 0.01075 0.00169296 -0.00264619 0.00915 0.00169037 -0.00263127 0.00915 0.00169037 -0.00263127 0.01075 0.00168793 -0.00261633 0.00915 0.00168793 -0.00261633 0.01075 0.00168567 -0.00260137 0.01075 0.00168567 -0.00260137 0.00915 0.00168359 -0.00258638 0.00915 0.00168359 -0.00258638 0.01075 0.00168171 -0.00257136 0.00915 0.00168171 -0.00257136 0.01075 0.00168004 -0.00255633 0.01075 0.00168004 -0.00255633 0.00915 0.00167857 -0.00254127 0.00915 0.00167857 -0.00254127 0.01075 0.00167729 -0.00252619 0.00915 0.00167729 -0.00252619 0.01075 0.00167617 -0.00251109 0.01075 0.00167617 -0.00251109 0.00915 0.0016752 -0.00249598 0.00915 0.0016752 -0.00249598 0.01075 0.00167436 -0.00248086 0.00915 0.00167436 -0.00248086 0.01075 0.00167363 -0.00246574 0.01075 0.00167363 -0.00246574 0.00915 0.001673 -0.00245061 0.00915 0.001673 -0.00245061 0.01075 0.00167245 -0.00243548 0.00915 0.00167245 -0.00243548 0.01075 0.00167197 -0.00242036 0.01075 0.00167197 -0.00242036 0.00915 0.00167155 -0.00240523 0.00915 0.00167155 -0.00240523 0.01075 0.00167119 -0.0023901 0.00915 0.00167119 -0.0023901 0.01075 0.00167088 -0.00237497 0.01075 0.00167088 -0.00237497 0.00915 0.00167062 -0.00235984 0.00915 0.00167062 -0.00235984 0.01075 0.00167039 -0.00234471 0.00915 0.00167039 -0.00234471 0.01075 0.00167018 -0.00232957 0.01075 0.00167018 -0.00232957 0.00915 0.00167001 -0.00231444 0.00915 0.00167001 -0.00231444 0.01075 0.00166984 -0.00229931 0.00915 0.00166984 -0.00229931 0.01075 0.00166968 -0.00228418 0.01075 0.00166968 -0.00228418 0.00915 0.0017394 -0.00283723 0.01075 0.00174403 -0.00285165 0.00915 0.00174403 -0.00285165 0.01075 0.0017488 -0.00286603 0.01075 0.0017488 -0.00286603 0.00915 0.0017537 -0.00288037 0.01075 0.0017537 -0.00288037 0.00915 0.00175875 -0.00289468 0.00915 0.00175875 -0.00289468 0.01075 0.00176398 -0.00290891 0.01075 0.00176398 -0.00290891 0.00915 0.0017694 -0.00292306 0.01075 0.0017694 -0.00292306 0.00915 0.00177506 -0.00293709 0.00915 0.00177506 -0.00293709 0.01075 0.00178098 -0.00295098 0.01075 0.00178098 -0.00295098 0.00915 0.00178719 -0.00296471 0.01075 0.00178719 -0.00296471 0.00915 0.00179361 -0.00297833 0.00915 0.00179361 -0.00297833 0.01075 0.00180009 -0.00299196 0.01075 0.00180009 -0.00299196 0.00915 0.00180644 -0.00300572 0.01075 0.00180644 -0.00300572 0.00915 0.00181251 -0.00301972 0.00915 0.00181251 -0.00301972 0.01075 0.00181804 -0.00303406 0.01075 0.00181804 -0.00303406 0.00915 0.00182235 -0.0030487 0.01075 0.00182235 -0.0030487 0.00915 0.00182466 -0.00306357 0.00915 0.00182466 -0.00306357 0.01075 0.00182433 -0.0030786 0.01075 0.00182433 -0.0030786 0.00915 0.00182208 -0.00309365 0.01075 0.00182208 -0.00309365 0.00915 0.00181916 -0.0031086 0.00915 0.00181916 -0.0031086 0.01075 0.00181593 -0.00312341 0.01075 0.00181593 -0.00312341 0.00915 0.00181239 -0.0031381 0.01075 0.00181239 -0.0031381 0.00915 0.00180849 -0.00315268 0.00915 0.00180849 -0.00315268 0.01075 0.00180422 -0.00316716 0.01075 0.00180422 -0.00316716 0.00915 0.00179962 -0.00318155 0.01075 0.00179962 -0.00318155 0.00915 0.00179476 -0.00319588 0.00915 0.00179476 -0.00319588 0.01075 0.00178973 -0.00321017 0.01075 0.00178973 -0.00321017 0.00915 0.00178459 -0.00322443 0.01075 0.00178459 -0.00322443 0.00915 0.00177943 -0.00323869 0.00915 0.00177943 -0.00323869 0.01075 0.00177432 -0.00325295 0.01075 0.00177432 -0.00325295 0.00915 0.00176925 -0.00326722 0.01075 0.00176925 -0.00326722 0.00915 0.00176424 -0.0032815 0.00915 0.00176424 -0.0032815 0.01075 0.00175926 -0.0032958 0.01075 0.00175926 -0.0032958 0.00915 0.00175431 -0.00331009 0.01075 0.00175431 -0.00331009 0.00915 0.00174938 -0.00332439 0.00915 0.00174938 -0.00332439 0.01075 0.00174448 -0.0033387 0.01075 0.00174448 -0.0033387 0.00915 0.00173957 -0.00335301 0.00915 0.00173957 -0.00335301 0.01075 0.00173957 -0.00335301 0.01075 0.00161172 -0.00374508 0.00915 0.00173957 -0.00335301 0.00915 0.00161172 -0.00374508 0.01075 0.00153567 -0.00393275 0.01075 0.00153391 -0.00393689 0.00915 0.00153567 -0.00393275 0.00915 0.00153743 -0.00392861 0.00915 0.00153743 -0.00392861 0.01075 0.00153918 -0.00392447 0.00915 0.00153918 -0.00392447 0.01075 0.00154093 -0.00392033 0.01075 0.00154093 -0.00392033 0.00915 0.00154268 -0.00391618 0.00915 0.00154268 -0.00391618 0.01075 0.00154443 -0.00391203 0.00915 0.00154443 -0.00391203 0.01075 0.00154617 -0.00390789 0.01075 0.00154617 -0.00390789 0.00915 0.00154792 -0.00390374 0.00915 0.00154792 -0.00390374 0.01075 0.00154965 -0.00389959 0.00915 0.00154965 -0.00389959 0.01075 0.00155139 -0.00389543 0.01075 0.00155139 -0.00389543 0.00915 0.00155312 -0.00389128 0.00915 0.00155312 -0.00389128 0.01075 0.00155485 -0.00388713 0.00915 0.00155485 -0.00388713 0.01075 0.00155658 -0.00388297 0.01075 0.00155658 -0.00388297 0.00915 0.0015583 -0.00387881 0.00915 0.0015583 -0.00387881 0.01075 0.00156002 -0.00387465 0.00915 0.00156002 -0.00387465 0.01075 0.00156173 -0.00387049 0.01075 0.00156173 -0.00387049 0.00915 0.00156345 -0.00386633 0.00915 0.00156345 -0.00386633 0.01075 0.00156515 -0.00386216 0.00915 0.00156515 -0.00386216 0.01075 0.00156686 -0.003858 0.01075 0.00156686 -0.003858 0.00915 0.00156856 -0.00385383 0.00915 0.00156856 -0.00385383 0.01075 0.00157025 -0.00384966 0.00915 0.00157025 -0.00384966 0.01075 0.00157194 -0.00384549 0.01075 0.00157194 -0.00384549 0.00915 0.00157363 -0.00384132 0.00915 0.00157363 -0.00384132 0.01075 0.00157531 -0.00383714 0.00915 0.00157531 -0.00383714 0.01075 0.00157699 -0.00383297 0.01075 0.00157699 -0.00383297 0.00915 0.00157867 -0.00382879 0.00915 0.00157867 -0.00382879 0.01075 0.00158034 -0.00382461 0.00915 0.00158034 -0.00382461 0.01075 0.00158201 -0.00382043 0.01075 0.00158201 -0.00382043 0.00915 0.00158368 -0.00381625 0.00915 0.00158368 -0.00381625 0.01075 0.00158534 -0.00381207 0.00915 0.00158534 -0.00381207 0.01075 0.001587 -0.00380789 0.01075 0.001587 -0.00380789 0.00915 0.00158866 -0.00380371 0.00915 0.00158866 -0.00380371 0.01075 0.00159032 -0.00379952 0.00915 0.00159032 -0.00379952 0.01075 0.00159197 -0.00379534 0.01075 0.00159197 -0.00379534 0.00915 0.00159363 -0.00379115 0.00915 0.00159363 -0.00379115 0.01075 0.00159528 -0.00378697 0.00915 0.00159528 -0.00378697 0.01075 0.00159693 -0.00378278 0.01075 0.00159693 -0.00378278 0.00915 0.00159858 -0.00377859 0.00915 0.00159858 -0.00377859 0.01075 0.00160022 -0.0037744 0.00915 0.00160022 -0.0037744 0.01075 0.00160187 -0.00377022 0.01075 0.00160187 -0.00377022 0.00915 0.00160351 -0.00376603 0.00915 0.00160351 -0.00376603 0.01075 0.00160515 -0.00376184 0.00915 0.00160515 -0.00376184 0.01075 0.0016068 -0.00375765 0.01075 0.0016068 -0.00375765 0.00915 0.00160844 -0.00375346 0.00915 0.00160844 -0.00375346 0.01075 0.00161008 -0.00374927 0.00915 0.00161008 -0.00374927 0.01075 0.00161172 -0.00374508 0.01075 0.00161172 -0.00374508 0.00915 0.00153391 -0.00393689 0.01075 0.00153215 -0.00394103 0.00915 0.00153215 -0.00394103 0.01075 0.00153037 -0.00394516 0.01075 0.00153037 -0.00394516 0.00915 0.00152858 -0.00394929 0.01075 0.00152858 -0.00394929 0.00915 0.00152678 -0.00395341 0.00915 0.00152678 -0.00395341 0.01075 0.00152495 -0.00395752 0.01075 0.00152495 -0.00395752 0.00915 0.00152309 -0.00396161 0.01075 0.00152309 -0.00396161 0.00915 0.0015212 -0.0039657 0.00915 0.0015212 -0.0039657 0.01075 0.00151927 -0.00396976 0.01075 0.00151927 -0.00396976 0.00915 0.0015173 -0.00397381 0.01075 0.0015173 -0.00397381 0.00915 0.00151528 -0.00397784 0.00915 0.00151528 -0.00397784 0.01075 0.00151322 -0.00398185 0.01075 0.00151322 -0.00398185 0.00915 0.0015111 -0.00398583 0.01075 0.0015111 -0.00398583 0.00915 0.00150891 -0.00398979 0.00915 0.00150891 -0.00398979 0.01075 0.00150667 -0.00399372 0.01075 0.00150667 -0.00399372 0.00915 0.00150434 -0.0039976 0.01075 0.00150434 -0.0039976 0.00915 0.00150192 -0.00400142 0.00915 0.00150192 -0.00400142 0.01075 0.00149939 -0.00400516 0.01075 0.00149939 -0.00400516 0.00915 0.00149674 -0.0040088 0.01075 0.00149674 -0.0040088 0.00915 0.00149396 -0.00401233 0.00915 0.00149396 -0.00401233 0.01075 0.00149104 -0.00401574 0.01075 0.00149104 -0.00401574 0.00915 0.00148796 -0.004019 0.01075 0.00148796 -0.004019 0.00915 0.00148471 -0.0040221 0.00915 0.00148471 -0.0040221 0.01075 0.00148129 -0.00402502 0.01075 0.00148129 -0.00402502 0.00915 0.0014777 -0.00402774 0.01075 0.0014777 -0.00402774 0.00915 0.00147392 -0.00403026 0.00915 0.00147392 -0.00403026 0.01075 0.00146996 -0.00403254 0.01075 0.00146996 -0.00403254 0.00915 0.00146581 -0.00403457 0.01075 0.00146581 -0.00403457 0.00915 0.00146147 -0.00403633 0.00915 0.00146147 -0.00403633 0.01075 0.00145699 -0.00403775 0.01075 0.00145699 -0.00403775 0.00915 0.00145245 -0.00403873 0.01075 0.00145245 -0.00403873 0.00915 0.0014479 -0.00403918 0.00915 0.0014479 -0.00403918 0.01075 0.00144343 -0.00403902 0.01075 0.00144343 -0.00403902 0.00915 0.0014391 -0.00403815 0.01075 0.0014391 -0.00403815 0.00915 0.00143497 -0.00403654 0.00915 0.00143497 -0.00403654 0.01075 0.00143107 -0.00403427 0.01075 0.00143107 -0.00403427 0.00915 0.00142742 -0.00403148 0.01075 0.00142742 -0.00403148 0.00915 0.00142403 -0.00402828 0.00915 0.00142403 -0.00402828 0.01075 0.00142094 -0.00402481 0.01075 0.00142094 -0.00402481 0.00915 0.00141814 -0.00402117 0.01075 0.00141814 -0.00402117 0.00915 0.00141562 -0.0040174 0.00915 0.00141562 -0.0040174 0.01075 0.00141332 -0.00401352 0.01075 0.00141332 -0.00401352 0.00915 0.0014112 -0.00400956 0.01075 0.0014112 -0.00400956 0.00915 0.00140921 -0.00400553 0.00915 0.00140921 -0.00400553 0.01075 0.00140731 -0.00400146 0.01075 0.00140731 -0.00400146 0.00915 0.00140546 -0.00399737 0.00915 0.00140546 -0.00399737 0.01075 0.00138004 -0.00383847 0.00915 0.00138004 -0.00383847 0.01075 0.00138042 -0.00381525 0.00915 0.0013799 -0.00386179 0.01075 0.0013799 -0.00386179 0.00915 0.00137989 -0.00388527 0.00915 0.00137989 -0.00388527 0.01075 0.00138021 -0.00390886 0.00915 0.00138021 -0.00390886 0.01075 0.00138203 -0.00393217 0.01075 0.00138203 -0.00393217 0.00915 0.00138671 -0.00395476 0.00915 0.00138671 -0.00395476 0.01075 0.00139503 -0.00397635 0.00915 0.00139503 -0.00397635 0.01075 0.00140546 -0.00399737 0.01075 0.00140546 -0.00399737 0.00915 0.00138042 -0.00381525 0.01075 0.00138116 -0.00379209 0.01075 0.00138116 -0.00379209 0.00915 0.00138237 -0.00376894 0.00915 0.00138237 -0.00376894 0.01075 0.00138404 -0.00374578 0.01075 0.00138404 -0.00374578 0.00915 0.00138608 -0.0037226 0.01075 0.00138608 -0.0037226 0.00915 0.00138841 -0.00369941 0.00915 0.00138841 -0.00369941 0.01075 0.00139092 -0.00367622 0.01075 0.00139092 -0.00367622 0.00915 0.00139353 -0.00365303 0.00915 0.00139353 -0.00365303 0.01075 0.00139353 -0.00365303 0.01075 0.00137137 -0.00292854 0.00915 0.00139353 -0.00365303 0.00915 0.00137137 -0.00292854 0.01075 0.00137137 -0.00292854 0.01075 0.00123329 0.0020542 0.00915 0.00137137 -0.00292854 0.00915 0.00123329 0.0020542 0.01075 0.00123329 0.0020542 0.01075 -5.54401e-05 -0.00379111 0.00915 0.00123329 0.0020542 0.00915 -5.54401e-05 -0.00379111 0.01075 -5.54401e-05 -0.00379111 0.01075 -0.000275342 -0.00377917 0.00915 -5.54401e-05 -0.00379111 0.00915 -0.000275342 -0.00377917 0.01075 -0.000275342 -0.00377917 0.01075 -0.00166635 0.00198601 0.00915 -0.000275342 -0.00377917 0.00915 -0.00166635 0.00198601 0.01075 -0.00166635 0.00198601 0.01075 -0.0017584 -0.0029848 0.00915 -0.00166635 0.00198601 0.00915 -0.0017584 -0.0029848 0.01075 -0.0017584 -0.0029848 0.01075 -0.00178227 -0.00369905 0.00915 -0.0017584 -0.0029848 0.00915 -0.00178227 -0.00369905 0.01075 -0.00179167 -0.00389319 0.01075 -0.0017921 -0.00389641 0.01075 -0.0017921 -0.00389641 0.00915 -0.00179167 -0.00389319 0.00915 -0.00179125 -0.00388998 0.01075 -0.00179125 -0.00388998 0.00915 -0.00179085 -0.00388676 0.01075 -0.00179045 -0.00388355 0.01075 -0.00179085 -0.00388676 0.00915 -0.00179045 -0.00388355 0.00915 -0.00179007 -0.00388033 0.01075 -0.00179007 -0.00388033 0.00915 -0.0017897 -0.00387711 0.01075 -0.00178934 -0.00387388 0.01075 -0.0017897 -0.00387711 0.00915 -0.00178934 -0.00387388 0.00915 -0.00178899 -0.00387066 0.01075 -0.00178899 -0.00387066 0.00915 -0.00178865 -0.00386744 0.01075 -0.00178832 -0.00386421 0.01075 -0.00178865 -0.00386744 0.00915 -0.00178832 -0.00386421 0.00915 -0.00178801 -0.00386098 0.01075 -0.00178801 -0.00386098 0.00915 -0.00178771 -0.00385776 0.01075 -0.00178741 -0.00385453 0.01075 -0.00178771 -0.00385776 0.00915 -0.00178741 -0.00385453 0.00915 -0.00178713 -0.0038513 0.01075 -0.00178713 -0.0038513 0.00915 -0.00178686 -0.00384807 0.01075 -0.0017866 -0.00384484 0.01075 -0.00178686 -0.00384807 0.00915 -0.0017866 -0.00384484 0.00915 -0.00178635 -0.00384161 0.01075 -0.00178635 -0.00384161 0.00915 -0.00178611 -0.00383837 0.01075 -0.00178588 -0.00383514 0.01075 -0.00178611 -0.00383837 0.00915 -0.00178588 -0.00383514 0.00915 -0.00178566 -0.0038319 0.01075 -0.00178566 -0.0038319 0.00915 -0.00178546 -0.00382867 0.01075 -0.00178526 -0.00382543 0.01075 -0.00178546 -0.00382867 0.00915 -0.00178526 -0.00382543 0.00915 -0.00178506 -0.0038222 0.01075 -0.00178506 -0.0038222 0.00915 -0.00178488 -0.00381896 0.01075 -0.00178471 -0.00381572 0.01075 -0.00178488 -0.00381896 0.00915 -0.00178471 -0.00381572 0.00915 -0.00178454 -0.00381249 0.01075 -0.00178454 -0.00381249 0.00915 -0.00178439 -0.00380925 0.01075 -0.00178424 -0.00380601 0.01075 -0.00178439 -0.00380925 0.00915 -0.00178424 -0.00380601 0.00915 -0.0017841 -0.00380277 0.01075 -0.0017841 -0.00380277 0.00915 -0.00178397 -0.00379953 0.01075 -0.00178384 -0.00379629 0.01075 -0.00178397 -0.00379953 0.00915 -0.00178384 -0.00379629 0.00915 -0.00178372 -0.00379305 0.01075 -0.00178372 -0.00379305 0.00915 -0.00178361 -0.00378981 0.01075 -0.0017835 -0.00378657 0.01075 -0.00178361 -0.00378981 0.00915 -0.0017835 -0.00378657 0.00915 -0.0017834 -0.00378333 0.01075 -0.0017834 -0.00378333 0.00915 -0.00178331 -0.00378009 0.01075 -0.00178322 -0.00377685 0.01075 -0.00178331 -0.00378009 0.00915 -0.00178322 -0.00377685 0.00915 -0.00178314 -0.00377361 0.01075 -0.00178314 -0.00377361 0.00915 -0.00178306 -0.00377037 0.01075 -0.00178299 -0.00376713 0.01075 -0.00178306 -0.00377037 0.00915 -0.00178299 -0.00376713 0.00915 -0.00178293 -0.00376389 0.01075 -0.00178293 -0.00376389 0.00915 -0.00178287 -0.00376065 0.01075 -0.00178281 -0.0037574 0.01075 -0.00178287 -0.00376065 0.00915 -0.00178281 -0.0037574 0.00915 -0.00178275 -0.00375416 0.01075 -0.00178275 -0.00375416 0.00915 -0.00178271 -0.00375092 0.01075 -0.00178266 -0.00374768 0.01075 -0.00178271 -0.00375092 0.00915 -0.00178266 -0.00374768 0.00915 -0.00178262 -0.00374444 0.01075 -0.00178262 -0.00374444 0.00915 -0.00178258 -0.0037412 0.01075 -0.00178254 -0.00373795 0.01075 -0.00178258 -0.0037412 0.00915 -0.00178254 -0.00373795 0.00915 -0.00178251 -0.00373471 0.01075 -0.00178251 -0.00373471 0.00915 -0.00178248 -0.00373147 0.01075 -0.00178245 -0.00372823 0.01075 -0.00178248 -0.00373147 0.00915 -0.00178245 -0.00372823 0.00915 -0.00178243 -0.00372499 0.01075 -0.00178243 -0.00372499 0.00915 -0.0017824 -0.00372175 0.01075 -0.00178238 -0.0037185 0.01075 -0.0017824 -0.00372175 0.00915 -0.00178238 -0.0037185 0.00915 -0.00178236 -0.00371526 0.01075 -0.00178236 -0.00371526 0.00915 -0.00178234 -0.00371202 0.01075 -0.00178232 -0.00370878 0.01075 -0.00178234 -0.00371202 0.00915 -0.00178232 -0.00370878 0.00915 -0.0017823 -0.00370554 0.01075 -0.0017823 -0.00370554 0.00915 -0.00178228 -0.0037023 0.01075 -0.00178227 -0.00369905 0.01075 -0.00178228 -0.0037023 0.00915 -0.00178227 -0.00369905 0.00915 -0.00179253 -0.00389962 0.00915 -0.00179298 -0.00390283 0.00915 -0.00179253 -0.00389962 0.01075 -0.00179298 -0.00390283 0.01075 -0.00179344 -0.00390604 0.00915 -0.00179344 -0.00390604 0.01075 -0.00179392 -0.00390925 0.00915 -0.0017944 -0.00391245 0.00915 -0.00179392 -0.00390925 0.01075 -0.0017944 -0.00391245 0.01075 -0.00179489 -0.00391566 0.00915 -0.00179489 -0.00391566 0.01075 -0.0017954 -0.00391886 0.00915 -0.00179591 -0.00392206 0.00915 -0.0017954 -0.00391886 0.01075 -0.00179591 -0.00392206 0.01075 -0.00179644 -0.00392526 0.00915 -0.00179644 -0.00392526 0.01075 -0.00179698 -0.00392846 0.00915 -0.00179753 -0.00393165 0.00915 -0.00179698 -0.00392846 0.01075 -0.00179753 -0.00393165 0.01075 -0.00179809 -0.00393484 0.00915 -0.00179809 -0.00393484 0.01075 -0.00179866 -0.00393803 0.00915 -0.00179924 -0.00394122 0.00915 -0.00179866 -0.00393803 0.01075 -0.00179924 -0.00394122 0.01075 -0.00179983 -0.00394441 0.00915 -0.00179983 -0.00394441 0.01075 -0.00180043 -0.0039476 0.00915 -0.00180105 -0.00395078 0.00915 -0.00180043 -0.0039476 0.01075 -0.00180105 -0.00395078 0.01075 -0.00180167 -0.00395396 0.00915 -0.00180167 -0.00395396 0.01075 -0.00180231 -0.00395714 0.00915 -0.00180295 -0.00396032 0.00915 -0.00180231 -0.00395714 0.01075 -0.00180295 -0.00396032 0.01075 -0.00180361 -0.00396349 0.00915 -0.00180361 -0.00396349 0.01075 -0.00180428 -0.00396666 0.00915 -0.00180496 -0.00396983 0.00915 -0.00180428 -0.00396666 0.01075 -0.00180496 -0.00396983 0.01075 -0.00180565 -0.003973 0.00915 -0.00180565 -0.003973 0.01075 -0.00180635 -0.00397617 0.00915 -0.00180706 -0.00397933 0.00915 -0.00180635 -0.00397617 0.01075 -0.00180706 -0.00397933 0.01075 -0.00180778 -0.00398249 0.00915 -0.00180778 -0.00398249 0.01075 -0.00180852 -0.00398565 0.00915 -0.00180927 -0.0039888 0.00915 -0.00180852 -0.00398565 0.01075 -0.00180927 -0.0039888 0.01075 -0.00181005 -0.00399195 0.00915 -0.00181005 -0.00399195 0.01075 -0.00181084 -0.00399509 0.00915 -0.00181166 -0.00399823 0.00915 -0.00181084 -0.00399509 0.01075 -0.00181166 -0.00399823 0.01075 -0.00181251 -0.00400136 0.00915 -0.00181251 -0.00400136 0.01075 -0.00181338 -0.00400448 0.00915 -0.00181428 -0.00400759 0.00915 -0.00181338 -0.00400448 0.01075 -0.00181428 -0.00400759 0.01075 -0.00181521 -0.0040107 0.00915 -0.00181521 -0.0040107 0.01075 -0.00181617 -0.00401379 0.00915 -0.00181717 -0.00401688 0.00915 -0.00181617 -0.00401379 0.01075 -0.00181717 -0.00401688 0.01075 -0.00181821 -0.00401995 0.00915 -0.00181821 -0.00401995 0.01075 -0.00181929 -0.00402301 0.00915 -0.00182041 -0.00402605 0.00915 -0.00181929 -0.00402301 0.01075 -0.00182041 -0.00402605 0.01075 -0.00182158 -0.00402907 0.00915 -0.00182158 -0.00402907 0.01075 -0.00182281 -0.00403207 0.00915 -0.00182408 -0.00403505 0.00915 -0.00182281 -0.00403207 0.01075 -0.00182408 -0.00403505 0.01075 -0.00182542 -0.00403801 0.00915 -0.00182541 -0.00403801 0.01075 -0.0018268 -0.00404094 0.00915 -0.00182825 -0.00404384 0.00915 -0.0018268 -0.00404094 0.01075 -0.00182825 -0.00404384 0.01075 -0.00182976 -0.00404671 0.00915 -0.00182976 -0.00404671 0.01075 -0.00183132 -0.00404955 0.00915 -0.00183295 -0.00405235 0.00915 -0.00183132 -0.00404955 0.01075 -0.00183295 -0.00405235 0.01075 -0.00183467 -0.0040551 0.00915 -0.00183466 -0.0040551 0.01075 -0.00183652 -0.00405776 0.00915 -0.00183857 -0.00406027 0.00915 -0.00183652 -0.00405776 0.01075 -0.00183856 -0.00406028 0.01075 -0.00184086 -0.00406257 0.00915 -0.00184085 -0.00406257 0.01075 -0.00184344 -0.00406452 0.00915 -0.00184634 -0.00406598 0.00915 -0.00184344 -0.00406453 0.01075 -0.00184634 -0.00406597 0.01075 -0.00184945 -0.00406687 0.00915 -0.00184946 -0.00406686 0.01075 -0.00185267 -0.00406731 0.00915 -0.00185591 -0.00406745 0.00915 -0.00185267 -0.0040673 0.01075 -0.00185591 -0.00406744 0.01075 -0.00185915 -0.0040674 0.00915 -0.00185915 -0.0040674 0.01075 -0.00186239 -0.00406726 0.00915 -0.00186239 -0.00406726 0.01075 -0.0019563 -0.00395417 0.00915 -0.00195328 -0.00396287 0.01075 -0.0019563 -0.00395417 0.01075 -0.00195018 -0.00397157 0.01075 -0.00195328 -0.00396287 0.00915 -0.00195018 -0.00397157 0.00915 -0.001947 -0.00398028 0.01075 -0.001947 -0.00398028 0.00915 -0.00194371 -0.00398902 0.01075 -0.00194032 -0.00399779 0.01075 -0.00194371 -0.00398902 0.00915 -0.00194032 -0.00399779 0.00915 -0.00193679 -0.0040066 0.01075 -0.00193679 -0.0040066 0.00915 -0.00193311 -0.00401546 0.01075 -0.00192915 -0.00402419 0.01075 -0.00193311 -0.00401546 0.00915 -0.00192915 -0.00402419 0.00915 -0.0019247 -0.00403256 0.01075 -0.0019247 -0.00403256 0.00915 -0.00191956 -0.00404031 0.01075 -0.00191352 -0.00404718 0.01075 -0.00191956 -0.00404031 0.00915 -0.00191352 -0.00404718 0.00915 -0.00190641 -0.00405295 0.01075 -0.00190641 -0.00405295 0.00915 -0.00189831 -0.00405754 0.01075 -0.00188958 -0.00406108 0.01075 -0.00189831 -0.00405754 0.00915 -0.00188958 -0.00406108 0.00915 -0.00188059 -0.00406369 0.01075 -0.00188059 -0.00406369 0.00915 -0.00187151 -0.00406564 0.01075 -0.00186239 -0.00406726 0.01075 -0.00187151 -0.00406564 0.00915 -0.00186239 -0.00406726 0.00915 -0.00195927 -0.00394547 0.00915 -0.00195927 -0.00394547 0.01075 -0.00196219 -0.00393675 0.00915 -0.00196508 -0.003928 0.00915 -0.00196219 -0.00393675 0.01075 -0.00196508 -0.003928 0.01075 -0.00196795 -0.00391922 0.00915 -0.00196795 -0.00391922 0.01075 -0.00197081 -0.0039104 0.00915 -0.00197362 -0.00390155 0.00915 -0.00197081 -0.0039104 0.01075 -0.00197362 -0.00390155 0.01075 -0.00197638 -0.00389266 0.00915 -0.00197638 -0.00389266 0.01075 -0.00197907 -0.00388376 0.00915 -0.00198166 -0.00387483 0.00915 -0.00197907 -0.00388376 0.01075 -0.00198166 -0.00387483 0.01075 -0.00198416 -0.00386588 0.00915 -0.00198416 -0.00386588 0.01075 -0.00198664 -0.00385693 0.00915 -0.00198917 -0.003848 0.00915 -0.00198664 -0.00385693 0.01075 -0.00198917 -0.003848 0.01075 -0.00199186 -0.0038391 0.00915 -0.00199186 -0.0038391 0.01075 -0.00199469 -0.00383023 0.00915 -0.00199731 -0.00382131 0.00915 -0.00199469 -0.00383023 0.01075 -0.00199731 -0.00382131 0.01075 -0.00199924 -0.00381225 0.00915 -0.00199924 -0.00381225 0.01075 -0.00200046 -0.00380304 0.00915 -0.00200046 -0.00380304 0.01075 -0.00200046 -0.00380304 0.01075 -0.00220843 -0.00328482 0.00915 -0.00200046 -0.00380304 0.00915 -0.00220843 -0.00328482 0.01075 -0.00208286 -0.00259948 0.01075 -0.00207929 -0.00254063 0.00915 -0.00208286 -0.00259948 0.00915 -0.00208685 -0.00265831 0.00915 -0.00208685 -0.00265831 0.01075 -0.00209337 -0.00271689 0.00915 -0.00209337 -0.00271689 0.01075 -0.00210222 -0.00277517 0.01075 -0.00210222 -0.00277517 0.00915 -0.00212037 -0.00283125 0.00915 -0.00212037 -0.00283125 0.01075 -0.002142 -0.0028861 0.00915 -0.002142 -0.0028861 0.01075 -0.00216372 -0.00294091 0.01075 -0.00216372 -0.00294091 0.00915 -0.00218444 -0.0029961 0.00915 -0.00218444 -0.0029961 0.01075 -0.00220289 -0.00305212 0.00915 -0.00220289 -0.00305212 0.01075 -0.0022171 -0.00310939 0.01075 -0.0022171 -0.00310939 0.00915 -0.00222335 -0.00316806 0.00915 -0.00222335 -0.00316806 0.01075 -0.00221961 -0.00322687 0.00915 -0.00221961 -0.00322687 0.01075 -0.00220843 -0.00328482 0.01075 -0.00220843 -0.00328482 0.00915 -0.00207929 -0.00254063 0.01075 -0.00207446 -0.00248187 0.00915 -0.00207446 -0.00248187 0.01075 -0.00207001 -0.00242308 0.01075 -0.00207001 -0.00242308 0.00915 -0.0020641 -0.00236442 0.01075 -0.0020641 -0.00236442 0.00915 -0.00206116 -0.00230554 0.00915 -0.00206116 -0.00230554 0.01075 -0.00205828 -0.00224666 0.01075 -0.00205828 -0.00224666 0.00915 -0.00205585 -0.00218776 0.01075 -0.00205585 -0.00218776 0.00915 -0.00205459 -0.00212881 0.00915 -0.00205459 -0.00212881 0.01075 -0.00205217 -0.0020699 0.01075 -0.00205217 -0.0020699 0.00915 -0.00205068 -0.00201097 0.01075 -0.00205068 -0.00201097 0.00915 -0.0020499 -0.00195201 0.00915 -0.0020499 -0.00195201 0.01075 -0.00204846 -0.00189307 0.01075 -0.00204846 -0.00189307 0.00915 -0.00204649 -0.00183415 0.00915 -0.00204649 -0.00183415 0.01075 -0.00204649 -0.00183415 0.01075 -0.00196637 0.00361908 0.00915 -0.00204649 -0.00183415 0.00915 -0.00196637 0.00361908 0.01075 -0.00169022 0.00361908 0.01075 -0.00169022 0.00361908 0.00915 -0.00196637 0.00361908 0.00915 -0.00196637 0.00361908 0.01075 -0.00169022 0.00361908 0.01075 -0.00018329 -0.00289275 0.00915 -0.00169022 0.00361908 0.00915 -0.00018329 -0.00289275 0.01075 0.00149751 0.00361908 0.00915 0.00165775 -0.00177789 0.00915 0.00123329 0.0020542 0.00915 -0.000275342 -0.00377917 0.00915 -0.00166635 0.00198601 0.00915 -0.00018329 -0.00289275 0.00915 0.00152309 -0.00396161 0.00915 0.0013799 -0.00386179 0.00915 0.00152495 -0.00395752 0.00915 0.00138004 -0.00383847 0.00915 0.00152858 -0.00394929 0.00915 0.00152678 -0.00395341 0.00915 0.00153391 -0.00393689 0.00915 0.00153215 -0.00394103 0.00915 0.00153037 -0.00394516 0.00915 0.00153567 -0.00393275 0.00915 0.0015212 -0.0039657 0.00915 0.00153743 -0.00392861 0.00915 0.00138042 -0.00381525 0.00915 0.00153918 -0.00392447 0.00915 0.00138116 -0.00379209 0.00915 0.00154268 -0.00391618 0.00915 0.00154093 -0.00392033 0.00915 0.00154443 -0.00391203 0.00915 0.00154617 -0.00390789 0.00915 0.00138237 -0.00376894 0.00915 0.00154792 -0.00390374 0.00915 0.00154965 -0.00389959 0.00915 0.00155139 -0.00389543 0.00915 0.00138608 -0.0037226 0.00915 0.0015583 -0.00387881 0.00915 0.00138404 -0.00374578 0.00915 0.00155312 -0.00389128 0.00915 0.00156515 -0.00386216 0.00915 0.00138841 -0.00369941 0.00915 0.00156686 -0.003858 0.00915 0.00156002 -0.00387465 0.00915 0.00158534 -0.00381207 0.00915 0.00158368 -0.00381625 0.00915 0.00139353 -0.00365303 0.00915 0.00157025 -0.00384966 0.00915 0.00157194 -0.00384549 0.00915 0.00159528 -0.00378697 0.00915 0.00159363 -0.00379115 0.00915 0.00159197 -0.00379534 0.00915 0.00161172 -0.00374508 0.00915 0.00161008 -0.00374927 0.00915 0.0016068 -0.00375765 0.00915 0.00160515 -0.00376184 0.00915 0.00173957 -0.00335301 0.00915 0.00137137 -0.00292854 0.00915 0.00174448 -0.0033387 0.00915 0.0017394 -0.00283723 0.00915 0.00174403 -0.00285165 0.00915 0.0017537 -0.00288037 0.00915 0.00174938 -0.00332439 0.00915 0.0017488 -0.00286603 0.00915 0.00175875 -0.00289468 0.00915 0.00175926 -0.0032958 0.00915 0.00175431 -0.00331009 0.00915 0.00176424 -0.0032815 0.00915 0.00176398 -0.00290891 0.00915 0.00176925 -0.00326722 0.00915 0.00177432 -0.00325295 0.00915 0.0017694 -0.00292306 0.00915 0.00177506 -0.00293709 0.00915 0.00178098 -0.00295098 0.00915 0.00178459 -0.00322443 0.00915 0.00177943 -0.00323869 0.00915 0.00178719 -0.00296471 0.00915 0.00179476 -0.00319588 0.00915 0.00178973 -0.00321017 0.00915 0.00179962 -0.00318155 0.00915 0.00179361 -0.00297833 0.00915 0.00180009 -0.00299196 0.00915 0.00180849 -0.00315268 0.00915 0.00180422 -0.00316716 0.00915 0.00181251 -0.00301972 0.00915 0.00181593 -0.00312341 0.00915 0.00180644 -0.00300572 0.00915 0.00181239 -0.0031381 0.00915 0.00182433 -0.0030786 0.00915 0.00182208 -0.00309365 0.00915 0.00182235 -0.0030487 0.00915 0.00181916 -0.0031086 0.00915 0.00181804 -0.00303406 0.00915 0.00182466 -0.00306357 0.00915 0.00160187 -0.00377022 0.00915 0.00160022 -0.0037744 0.00915 0.00159032 -0.00379952 0.00915 0.00158866 -0.00380371 0.00915 0.00157531 -0.00383714 0.00915 0.00157363 -0.00384132 0.00915 0.00139092 -0.00367622 0.00915 0.00158034 -0.00382461 0.00915 0.00157867 -0.00382879 0.00915 0.00156345 -0.00386633 0.00915 0.00156856 -0.00385383 0.00915 0.00156173 -0.00387049 0.00915 0.00155485 -0.00388713 0.00915 0.00155658 -0.00388297 0.00915 0.00151927 -0.00396976 0.00915 0.0015173 -0.00397381 0.00915 0.00151528 -0.00397784 0.00915 0.00151322 -0.00398185 0.00915 0.00137989 -0.00388527 0.00915 0.00150891 -0.00398979 0.00915 0.00150667 -0.00399372 0.00915 0.0015111 -0.00398583 0.00915 0.00138203 -0.00393217 0.00915 0.00138021 -0.00390886 0.00915 0.00139503 -0.00397635 0.00915 0.00138671 -0.00395476 0.00915 0.00140546 -0.00399737 0.00915 0.00150434 -0.0039976 0.00915 0.00149939 -0.00400516 0.00915 0.00149674 -0.0040088 0.00915 0.00150192 -0.00400142 0.00915 0.00149396 -0.00401233 0.00915 0.00149104 -0.00401574 0.00915 0.00148471 -0.0040221 0.00915 0.00148129 -0.00402502 0.00915 0.00148796 -0.004019 0.00915 0.00146996 -0.00403254 0.00915 0.00146581 -0.00403457 0.00915 0.0014777 -0.00402774 0.00915 0.00147392 -0.00403026 0.00915 0.00143497 -0.00403654 0.00915 0.00143107 -0.00403427 0.00915 0.00144343 -0.00403902 0.00915 0.00146147 -0.00403633 0.00915 0.0014479 -0.00403918 0.00915 0.00141814 -0.00402117 0.00915 0.00141562 -0.0040174 0.00915 0.00142403 -0.00402828 0.00915 0.00140921 -0.00400553 0.00915 0.00145699 -0.00403775 0.00915 0.00145245 -0.00403873 0.00915 0.00141332 -0.00401352 0.00915 0.00140731 -0.00400146 0.00915 0.0014112 -0.00400956 0.00915 0.00142094 -0.00402481 0.00915 0.0014391 -0.00403815 0.00915 0.00142742 -0.00403148 0.00915 0.00157699 -0.00383297 0.00915 0.00158201 -0.00382043 0.00915 0.001587 -0.00380789 0.00915 0.00159693 -0.00378278 0.00915 0.00159858 -0.00377859 0.00915 0.00160351 -0.00376603 0.00915 0.00160844 -0.00375346 0.00915 0.00173491 -0.00282278 0.00915 0.00173057 -0.00280828 0.00915 0.00172236 -0.00277917 0.00915 0.00172638 -0.00279375 0.00915 0.00171481 -0.00274987 0.00915 0.0017185 -0.00276454 0.00915 0.00171127 -0.00273515 0.00915 0.00170788 -0.0027204 0.00915 0.00170153 -0.0026908 0.00915 0.00170464 -0.00270562 0.00915 0.00169569 -0.00266108 0.00915 0.00169855 -0.00267595 0.00915 0.00169296 -0.00264619 0.00915 0.00169037 -0.00263127 0.00915 0.00168567 -0.00260137 0.00915 0.00168793 -0.00261633 0.00915 0.00168171 -0.00257136 0.00915 0.00168359 -0.00258638 0.00915 0.00168004 -0.00255633 0.00915 0.00167857 -0.00254127 0.00915 0.00167617 -0.00251109 0.00915 0.00167729 -0.00252619 0.00915 0.00167436 -0.00248086 0.00915 0.0016752 -0.00249598 0.00915 0.00167363 -0.00246574 0.00915 0.001673 -0.00245061 0.00915 0.00167245 -0.00243548 0.00915 0.00167155 -0.00240523 0.00915 0.00167197 -0.00242036 0.00915 0.00167119 -0.0023901 0.00915 0.00167088 -0.00237497 0.00915 0.00167039 -0.00234471 0.00915 0.00167062 -0.00235984 0.00915 0.00167001 -0.00231444 0.00915 0.00167018 -0.00232957 0.00915 0.00166984 -0.00229931 0.00915 0.00166968 -0.00228418 0.00915 -5.54401e-05 -0.00379111 0.00915 0.00123329 0.00361908 0.00915 -0.00182158 -0.00402907 0.00915 -0.00186239 -0.00406726 0.00915 -0.00182041 -0.00402605 0.00915 -0.00183295 -0.00405235 0.00915 -0.00183467 -0.0040551 0.00915 -0.00185267 -0.00406731 0.00915 -0.00196637 0.00361908 0.00915 -0.00169022 0.00361908 0.00915 -0.00180496 -0.00396983 0.00915 -0.00193679 -0.0040066 0.00915 -0.00180428 -0.00396666 0.00915 -0.00180565 -0.003973 0.00915 -0.00194032 -0.00399779 0.00915 -0.00180361 -0.00396349 0.00915 -0.00180167 -0.00395396 0.00915 -0.00180231 -0.00395714 0.00915 -0.00188958 -0.00406108 0.00915 -0.00180295 -0.00396032 0.00915 -0.00190641 -0.00405295 0.00915 -0.0019247 -0.00403256 0.00915 -0.00192915 -0.00402419 0.00915 -0.00191352 -0.00404718 0.00915 -0.00193311 -0.00401546 0.00915 -0.00191956 -0.00404031 0.00915 -0.00189831 -0.00405754 0.00915 -0.00180635 -0.00397617 0.00915 -0.00180706 -0.00397933 0.00915 -0.00188059 -0.00406369 0.00915 -0.00180852 -0.00398565 0.00915 -0.00180778 -0.00398249 0.00915 -0.00181005 -0.00399195 0.00915 -0.00180927 -0.0039888 0.00915 -0.00181084 -0.00399509 0.00915 -0.00181166 -0.00399823 0.00915 -0.00181251 -0.00400136 0.00915 -0.00187151 -0.00406564 0.00915 -0.00181338 -0.00400448 0.00915 -0.00181521 -0.0040107 0.00915 -0.00181617 -0.00401379 0.00915 -0.00181428 -0.00400759 0.00915 -0.00181717 -0.00401688 0.00915 -0.00181821 -0.00401995 0.00915 -0.00181929 -0.00402301 0.00915 -0.00182281 -0.00403207 0.00915 -0.00182408 -0.00403505 0.00915 -0.00182542 -0.00403801 0.00915 -0.00185915 -0.0040674 0.00915 -0.00185591 -0.00406745 0.00915 -0.00182825 -0.00404384 0.00915 -0.0018268 -0.00404094 0.00915 -0.00182976 -0.00404671 0.00915 -0.00184086 -0.00406257 0.00915 -0.00184634 -0.00406598 0.00915 -0.00183857 -0.00406027 0.00915 -0.00184344 -0.00406452 0.00915 -0.00183652 -0.00405776 0.00915 -0.00183132 -0.00404955 0.00915 -0.00184945 -0.00406687 0.00915 -0.00194371 -0.00398902 0.00915 -0.00180043 -0.0039476 0.00915 -0.00180105 -0.00395078 0.00915 -0.001947 -0.00398028 0.00915 -0.00179983 -0.00394441 0.00915 -0.00179866 -0.00393803 0.00915 -0.00179924 -0.00394122 0.00915 -0.00179809 -0.00393484 0.00915 -0.00179753 -0.00393165 0.00915 -0.00179698 -0.00392846 0.00915 -0.00195018 -0.00397157 0.00915 -0.00179644 -0.00392526 0.00915 -0.00179591 -0.00392206 0.00915 -0.0017954 -0.00391886 0.00915 -0.00195328 -0.00396287 0.00915 -0.00179489 -0.00391566 0.00915 -0.0017944 -0.00391245 0.00915 -0.0019563 -0.00395417 0.00915 -0.00179392 -0.00390925 0.00915 -0.00179344 -0.00390604 0.00915 -0.00179298 -0.00390283 0.00915 -0.0017921 -0.00389641 0.00915 -0.00179253 -0.00389962 0.00915 -0.00195927 -0.00394547 0.00915 -0.00179167 -0.00389319 0.00915 -0.00179085 -0.00388676 0.00915 -0.00179125 -0.00388998 0.00915 -0.00179045 -0.00388355 0.00915 -0.00196219 -0.00393675 0.00915 -0.0017897 -0.00387711 0.00915 -0.00179007 -0.00388033 0.00915 -0.00178899 -0.00387066 0.00915 -0.00178934 -0.00387388 0.00915 -0.00196508 -0.003928 0.00915 -0.00178865 -0.00386744 0.00915 -0.00178801 -0.00386098 0.00915 -0.00178832 -0.00386421 0.00915 -0.00178771 -0.00385776 0.00915 -0.00178741 -0.00385453 0.00915 -0.00178713 -0.0038513 0.00915 -0.00196795 -0.00391922 0.00915 -0.00178686 -0.00384807 0.00915 -0.0017866 -0.00384484 0.00915 -0.00178611 -0.00383837 0.00915 -0.00178635 -0.00384161 0.00915 -0.00197081 -0.0039104 0.00915 -0.00178588 -0.00383514 0.00915 -0.00178546 -0.00382867 0.00915 -0.00178566 -0.0038319 0.00915 -0.00178526 -0.00382543 0.00915 -0.00197362 -0.00390155 0.00915 -0.00178488 -0.00381896 0.00915 -0.00178506 -0.0038222 0.00915 -0.00178454 -0.00381249 0.00915 -0.00178471 -0.00381572 0.00915 -0.00197638 -0.00389266 0.00915 -0.00178439 -0.00380925 0.00915 -0.0017841 -0.00380277 0.00915 -0.00178424 -0.00380601 0.00915 -0.00197907 -0.00388376 0.00915 -0.00178384 -0.00379629 0.00915 -0.00178397 -0.00379953 0.00915 -0.00198166 -0.00387483 0.00915 -0.00178372 -0.00379305 0.00915 -0.0017835 -0.00378657 0.00915 -0.00178361 -0.00378981 0.00915 -0.00198416 -0.00386588 0.00915 -0.0017834 -0.00378333 0.00915 -0.00178331 -0.00378009 0.00915 -0.00178314 -0.00377361 0.00915 -0.00178322 -0.00377685 0.00915 -0.00198664 -0.00385693 0.00915 -0.00178306 -0.00377037 0.00915 -0.00178293 -0.00376389 0.00915 -0.00178299 -0.00376713 0.00915 -0.00178281 -0.0037574 0.00915 -0.00178287 -0.00376065 0.00915 -0.00198917 -0.003848 0.00915 -0.00178275 -0.00375416 0.00915 -0.00178266 -0.00374768 0.00915 -0.00178271 -0.00375092 0.00915 -0.00178262 -0.00374444 0.00915 -0.00178258 -0.0037412 0.00915 -0.00199186 -0.0038391 0.00915 -0.00178254 -0.00373795 0.00915 -0.00200046 -0.00380304 0.00915 -0.00178251 -0.00373471 0.00915 -0.00178245 -0.00372823 0.00915 -0.00178248 -0.00373147 0.00915 -0.00199731 -0.00382131 0.00915 -0.00199469 -0.00383023 0.00915 -0.00199924 -0.00381225 0.00915 -0.00178243 -0.00372499 0.00915 -0.00178238 -0.0037185 0.00915 -0.0017824 -0.00372175 0.00915 -0.00178236 -0.00371526 0.00915 -0.00178234 -0.00371202 0.00915 -0.0017823 -0.00370554 0.00915 -0.00178232 -0.00370878 0.00915 -0.00178227 -0.00369905 0.00915 -0.00178228 -0.0037023 0.00915 -0.00220843 -0.00328482 0.00915 -0.0017584 -0.0029848 0.00915 -0.0022171 -0.00310939 0.00915 -0.00221961 -0.00322687 0.00915 -0.00222335 -0.00316806 0.00915 -0.00220289 -0.00305212 0.00915 -0.00218444 -0.0029961 0.00915 -0.00207929 -0.00254063 0.00915 -0.00208286 -0.00259948 0.00915 -0.00216372 -0.00294091 0.00915 -0.00212037 -0.00283125 0.00915 -0.002142 -0.0028861 0.00915 -0.00209337 -0.00271689 0.00915 -0.00210222 -0.00277517 0.00915 -0.00208685 -0.00265831 0.00915 -0.00207446 -0.00248187 0.00915 -0.00207001 -0.00242308 0.00915 -0.00206116 -0.00230554 0.00915 -0.00205828 -0.00224666 0.00915 -0.0020641 -0.00236442 0.00915 -0.00205585 -0.00218776 0.00915 -0.00205459 -0.00212881 0.00915 -0.00205217 -0.0020699 0.00915 -0.00205068 -0.00201097 0.00915 -0.0020499 -0.00195201 0.00915 -0.00204846 -0.00189307 0.00915 -0.00204649 -0.00183415 0.00915 -0.00327556 0.003481 0.01075 -0.00332158 0.00367704 0.00915 -0.00327556 0.003481 0.00915 -0.00332158 0.00367704 0.01075 -0.00332158 0.00367704 0.01075 -0.00322953 0.00378102 0.00915 -0.00332158 0.00367704 0.00915 -0.00322953 0.00378102 0.01075 -0.00322953 0.00378102 0.01075 -0.00272324 0.00310086 0.00915 -0.00322953 0.00378102 0.00915 -0.00272324 0.00310086 0.01075 -0.00285012 0.00254139 0.00915 -0.00282597 0.00273118 0.00915 -0.00282597 0.00273118 0.01075 -0.00277908 0.00291735 0.00915 -0.00277908 0.00291735 0.01075 -0.00272324 0.00310086 0.01075 -0.00272324 0.00310086 0.00915 -0.00285012 0.00254139 0.01075 -0.00285987 0.00234998 0.01075 -0.00285987 0.00234998 0.00915 -0.00286132 0.00215818 0.00915 -0.00286132 0.00215818 0.01075 -0.00286132 -0.00288252 0.01075 -0.00286132 0.00215818 0.00915 -0.00286132 0.00215818 0.01075 -0.00286132 -0.00288252 0.00915 -0.00286132 -0.00288252 0.01075 -0.00289541 -0.00383713 0.00915 -0.00286132 -0.00288252 0.00915 -0.00289541 -0.00383713 0.01075 -0.00290786 -0.00404117 0.00915 -0.00290739 -0.00403796 0.00915 -0.00290739 -0.00403796 0.01075 -0.00290692 -0.00403475 0.00915 -0.00290692 -0.00403475 0.01075 -0.00290647 -0.00403153 0.01075 -0.00290647 -0.00403153 0.00915 -0.00290604 -0.00402831 0.00915 -0.00290604 -0.00402831 0.01075 -0.00290561 -0.00402509 0.00915 -0.00290561 -0.00402509 0.01075 -0.00290519 -0.00402187 0.01075 -0.00290519 -0.00402187 0.00915 -0.00290479 -0.00401865 0.00915 -0.00290479 -0.00401865 0.01075 -0.0029044 -0.00401543 0.00915 -0.0029044 -0.00401543 0.01075 -0.00290401 -0.0040122 0.01075 -0.00290401 -0.0040122 0.00915 -0.00290364 -0.00400898 0.00915 -0.00290364 -0.00400898 0.01075 -0.00290328 -0.00400575 0.00915 -0.00290328 -0.00400575 0.01075 -0.00290294 -0.00400252 0.01075 -0.00290294 -0.00400252 0.00915 -0.0029026 -0.00399929 0.00915 -0.0029026 -0.00399929 0.01075 -0.00290227 -0.00399606 0.00915 -0.00290227 -0.00399606 0.01075 -0.00290196 -0.00399283 0.01075 -0.00290196 -0.00399283 0.00915 -0.00290165 -0.00398959 0.00915 -0.00290165 -0.00398959 0.01075 -0.00290136 -0.00398636 0.00915 -0.00290136 -0.00398636 0.01075 -0.00290108 -0.00398313 0.01075 -0.00290108 -0.00398313 0.00915 -0.0029008 -0.00397989 0.00915 -0.0029008 -0.00397989 0.01075 -0.00290054 -0.00397665 0.00915 -0.00290054 -0.00397665 0.01075 -0.00290029 -0.00397341 0.01075 -0.00290029 -0.00397341 0.00915 -0.00290004 -0.00397018 0.00915 -0.00290004 -0.00397018 0.01075 -0.00289981 -0.00396694 0.00915 -0.00289981 -0.00396694 0.01075 -0.00289958 -0.0039637 0.01075 -0.00289958 -0.0039637 0.00915 -0.00289937 -0.00396046 0.00915 -0.00289937 -0.00396046 0.01075 -0.00289916 -0.00395722 0.00915 -0.00289916 -0.00395722 0.01075 -0.00289896 -0.00395398 0.01075 -0.00289896 -0.00395398 0.00915 -0.00289877 -0.00395073 0.00915 -0.00289877 -0.00395073 0.01075 -0.00289858 -0.00394749 0.00915 -0.00289858 -0.00394749 0.01075 -0.00289841 -0.00394425 0.01075 -0.00289841 -0.00394425 0.00915 -0.00289824 -0.00394101 0.00915 -0.00289824 -0.00394101 0.01075 -0.00289808 -0.00393776 0.00915 -0.00289808 -0.00393776 0.01075 -0.00289792 -0.00393452 0.01075 -0.00289792 -0.00393452 0.00915 -0.00289778 -0.00393127 0.00915 -0.00289778 -0.00393127 0.01075 -0.00289764 -0.00392803 0.00915 -0.00289764 -0.00392803 0.01075 -0.0028975 -0.00392479 0.01075 -0.0028975 -0.00392479 0.00915 -0.00289737 -0.00392154 0.00915 -0.00289737 -0.00392154 0.01075 -0.00289725 -0.0039183 0.00915 -0.00289725 -0.0039183 0.01075 -0.00289713 -0.00391505 0.01075 -0.00289713 -0.00391505 0.00915 -0.00289702 -0.0039118 0.00915 -0.00289702 -0.0039118 0.01075 -0.00289691 -0.00390856 0.00915 -0.00289691 -0.00390856 0.01075 -0.00289681 -0.00390531 0.01075 -0.00289681 -0.00390531 0.00915 -0.00289672 -0.00390207 0.00915 -0.00289672 -0.00390207 0.01075 -0.00289662 -0.00389882 0.00915 -0.00289662 -0.00389882 0.01075 -0.00289653 -0.00389557 0.01075 -0.00289653 -0.00389557 0.00915 -0.00289645 -0.00389233 0.00915 -0.00289645 -0.00389233 0.01075 -0.00289637 -0.00388908 0.00915 -0.00289637 -0.00388908 0.01075 -0.00289629 -0.00388584 0.01075 -0.00289629 -0.00388584 0.00915 -0.00289622 -0.00388259 0.00915 -0.00289622 -0.00388259 0.01075 -0.00289615 -0.00387934 0.00915 -0.00289615 -0.00387934 0.01075 -0.00289608 -0.0038761 0.01075 -0.00289608 -0.0038761 0.00915 -0.00289602 -0.00387285 0.00915 -0.00289602 -0.00387285 0.01075 -0.00289595 -0.0038696 0.00915 -0.00289595 -0.0038696 0.01075 -0.00289589 -0.00386635 0.01075 -0.00289589 -0.00386635 0.00915 -0.00289583 -0.00386311 0.00915 -0.00289583 -0.00386311 0.01075 -0.00289578 -0.00385986 0.00915 -0.00289578 -0.00385986 0.01075 -0.00289572 -0.00385661 0.01075 -0.00289572 -0.00385661 0.00915 -0.00289567 -0.00385337 0.00915 -0.00289567 -0.00385337 0.01075 -0.00289562 -0.00385012 0.00915 -0.00289562 -0.00385012 0.01075 -0.00289557 -0.00384687 0.01075 -0.00289557 -0.00384687 0.00915 -0.00289552 -0.00384363 0.00915 -0.00289552 -0.00384363 0.01075 -0.00289546 -0.00384038 0.00915 -0.00289546 -0.00384038 0.01075 -0.00289541 -0.00383713 0.01075 -0.00289541 -0.00383713 0.00915 -0.00290786 -0.00404117 0.01075 -0.00290834 -0.00404439 0.01075 -0.00290834 -0.00404439 0.00915 -0.00290884 -0.0040476 0.01075 -0.00290884 -0.0040476 0.00915 -0.00290934 -0.0040508 0.00915 -0.00290934 -0.0040508 0.01075 -0.00290986 -0.00405401 0.01075 -0.00290986 -0.00405401 0.00915 -0.00291039 -0.00405721 0.01075 -0.00291039 -0.00405721 0.00915 -0.00291093 -0.00406042 0.00915 -0.00291093 -0.00406042 0.01075 -0.00291148 -0.00406362 0.01075 -0.00291148 -0.00406362 0.00915 -0.00291204 -0.00406681 0.01075 -0.00291204 -0.00406681 0.00915 -0.00291262 -0.00407001 0.00915 -0.00291262 -0.00407001 0.01075 -0.0029132 -0.0040732 0.01075 -0.0029132 -0.0040732 0.00915 -0.0029138 -0.0040764 0.01075 -0.0029138 -0.0040764 0.00915 -0.00291441 -0.00407959 0.00915 -0.00291441 -0.00407959 0.01075 -0.00291502 -0.00408278 0.01075 -0.00291502 -0.00408278 0.00915 -0.00291566 -0.00408596 0.01075 -0.00291566 -0.00408596 0.00915 -0.0029163 -0.00408914 0.00915 -0.0029163 -0.00408914 0.01075 -0.00291695 -0.00409232 0.01075 -0.00291695 -0.00409232 0.00915 -0.00291761 -0.0040955 0.01075 -0.00291761 -0.0040955 0.00915 -0.00291829 -0.00409868 0.00915 -0.00291829 -0.00409868 0.01075 -0.00291898 -0.00410185 0.01075 -0.00291898 -0.00410185 0.00915 -0.00291967 -0.00410503 0.01075 -0.00291967 -0.00410503 0.00915 -0.00292038 -0.00410819 0.00915 -0.00292038 -0.00410819 0.01075 -0.0029211 -0.00411136 0.01075 -0.0029211 -0.00411136 0.00915 -0.00292184 -0.00411453 0.01075 -0.00292184 -0.00411453 0.00915 -0.00292258 -0.00411769 0.00915 -0.00292258 -0.00411769 0.01075 -0.00292333 -0.00412085 0.01075 -0.00292333 -0.00412085 0.00915 -0.0029241 -0.004124 0.01075 -0.0029241 -0.004124 0.00915 -0.00292487 -0.00412716 0.00915 -0.00292487 -0.00412716 0.01075 -0.00292566 -0.00413031 0.01075 -0.00292566 -0.00413031 0.00915 -0.00292646 -0.00413345 0.01075 -0.00292646 -0.00413345 0.00915 -0.00292727 -0.0041366 0.00915 -0.00292727 -0.0041366 0.01075 -0.0029281 -0.00413974 0.01075 -0.0029281 -0.00413974 0.00915 -0.00292894 -0.00414287 0.01075 -0.00292894 -0.00414287 0.00915 -0.00292979 -0.00414601 0.00915 -0.00292979 -0.00414601 0.01075 -0.00293067 -0.00414914 0.01075 -0.00293067 -0.00414914 0.00915 -0.00293156 -0.00415226 0.01075 -0.00293156 -0.00415226 0.00915 -0.00293247 -0.00415538 0.00915 -0.00293247 -0.00415538 0.01075 -0.00293339 -0.00415849 0.01075 -0.00293339 -0.00415849 0.00915 -0.00293434 -0.00416159 0.01075 -0.00293434 -0.00416159 0.00915 -0.00293531 -0.00416469 0.00915 -0.00293531 -0.00416469 0.01075 -0.00293631 -0.00416778 0.01075 -0.00293631 -0.00416778 0.00915 -0.00293733 -0.00417087 0.01075 -0.00293733 -0.00417087 0.00915 -0.00293837 -0.00417394 0.00915 -0.00293837 -0.00417394 0.01075 -0.00293944 -0.00417701 0.01075 -0.00293944 -0.00417701 0.00915 -0.00294055 -0.00418006 0.01075 -0.00294055 -0.00418006 0.00915 -0.00294169 -0.0041831 0.00915 -0.00294169 -0.0041831 0.01075 -0.00294288 -0.00418612 0.01075 -0.00294288 -0.00418612 0.00915 -0.0029441 -0.00418913 0.01075 -0.0029441 -0.00418913 0.00915 -0.00294538 -0.00419212 0.00915 -0.00294538 -0.00419212 0.01075 -0.00294669 -0.00419509 0.01075 -0.00294669 -0.00419509 0.00915 -0.00294806 -0.00419803 0.01075 -0.00294806 -0.00419803 0.00915 -0.00294946 -0.00420096 0.00915 -0.00294946 -0.00420096 0.01075 -0.00295091 -0.00420387 0.01075 -0.00295091 -0.00420387 0.00915 -0.00295241 -0.00420675 0.01075 -0.00295241 -0.00420675 0.00915 -0.00295398 -0.00420959 0.00915 -0.00295398 -0.00420959 0.01075 -0.0029557 -0.00421234 0.01075 -0.0029557 -0.00421234 0.00915 -0.00295767 -0.00421492 0.01075 -0.00295767 -0.00421492 0.00915 -0.00296002 -0.00421717 0.00915 -0.00296002 -0.00421717 0.01075 -0.00296285 -0.00421874 0.01075 -0.00296285 -0.00421874 0.00915 -0.00296604 -0.00421927 0.01075 -0.00296604 -0.00421927 0.00915 -0.00296926 -0.00421895 0.00915 -0.00296926 -0.00421895 0.01075 -0.00297242 -0.0042182 0.01075 -0.00297242 -0.0042182 0.00915 -0.00297553 -0.00421727 0.00915 -0.00297553 -0.00421727 0.01075 -0.00303231 -0.00416576 0.01075 -0.00303231 -0.00416576 0.00915 -0.00302879 -0.00417424 0.01075 -0.00302879 -0.00417424 0.00915 -0.00302481 -0.00418243 0.01075 -0.00302017 -0.00419009 0.01075 -0.00302481 -0.00418243 0.00915 -0.00302017 -0.00419009 0.00915 -0.00301467 -0.00419697 0.01075 -0.00301467 -0.00419697 0.00915 -0.00300811 -0.00420285 0.01075 -0.00300058 -0.00420766 0.01075 -0.00300811 -0.00420285 0.00915 -0.00300058 -0.00420766 0.00915 -0.00299243 -0.00421153 0.01075 -0.00299243 -0.00421153 0.00915 -0.00298403 -0.00421462 0.01075 -0.00297553 -0.00421727 0.01075 -0.00298403 -0.00421462 0.00915 -0.00297553 -0.00421727 0.00915 -0.00303558 -0.00415721 0.00915 -0.00303558 -0.00415721 0.01075 -0.00303867 -0.00414868 0.00915 -0.00303867 -0.00414868 0.01075 -0.00304161 -0.00414017 0.00915 -0.00304443 -0.00413168 0.00915 -0.00304161 -0.00414017 0.01075 -0.00304443 -0.00413168 0.01075 -0.00304714 -0.00412321 0.00915 -0.00304714 -0.00412321 0.01075 -0.00304977 -0.00411475 0.00915 -0.00305233 -0.00410631 0.00915 -0.00304977 -0.00411475 0.01075 -0.00305233 -0.00410631 0.01075 -0.00305486 -0.00409786 0.00915 -0.00305486 -0.00409786 0.01075 -0.00305736 -0.00408942 0.00915 -0.00305736 -0.00408942 0.01075 -0.00305736 -0.00408942 0.01075 -0.00311361 -0.00394112 0.00915 -0.00305736 -0.00408942 0.00915 -0.00311361 -0.00394112 0.01075 -0.00311361 -0.00394112 0.01075 -0.00324146 -0.00352688 0.00915 -0.00311361 -0.00394112 0.00915 -0.00324146 -0.00352688 0.01075 -0.00319991 -0.00273699 0.01075 -0.00319804 -0.00272344 0.00915 -0.00319991 -0.00273699 0.00915 -0.00320186 -0.00275053 0.00915 -0.00320186 -0.00275053 0.01075 -0.0032039 -0.00276405 0.00915 -0.0032039 -0.00276405 0.01075 -0.00320603 -0.00277756 0.01075 -0.00320603 -0.00277756 0.00915 -0.00320824 -0.00279105 0.00915 -0.00320824 -0.00279105 0.01075 -0.00321055 -0.00280453 0.00915 -0.00321055 -0.00280453 0.01075 -0.00321296 -0.00281799 0.01075 -0.00321296 -0.00281799 0.00915 -0.00321546 -0.00283144 0.00915 -0.00321546 -0.00283144 0.01075 -0.00321806 -0.00284487 0.00915 -0.00321806 -0.00284487 0.01075 -0.00322074 -0.00285828 0.01075 -0.00322074 -0.00285828 0.00915 -0.00322351 -0.00287167 0.00915 -0.00322351 -0.00287167 0.01075 -0.00322637 -0.00288505 0.00915 -0.00322637 -0.00288505 0.01075 -0.00322931 -0.0028984 0.01075 -0.00322931 -0.0028984 0.00915 -0.00323233 -0.00291174 0.00915 -0.00323233 -0.00291174 0.01075 -0.00323543 -0.00292506 0.00915 -0.00323543 -0.00292506 0.01075 -0.0032386 -0.00293836 0.01075 -0.0032386 -0.00293836 0.00915 -0.00324187 -0.00295164 0.00915 -0.00324187 -0.00295164 0.01075 -0.00324522 -0.00296489 0.00915 -0.00324522 -0.00296489 0.01075 -0.00324867 -0.00297812 0.01075 -0.00324867 -0.00297812 0.00915 -0.00325223 -0.00299133 0.00915 -0.00325223 -0.00299133 0.01075 -0.0032559 -0.0030045 0.00915 -0.0032559 -0.0030045 0.01075 -0.00325969 -0.00301765 0.01075 -0.00325969 -0.00301765 0.00915 -0.0032636 -0.00303077 0.00915 -0.0032636 -0.00303077 0.01075 -0.00326765 -0.00304385 0.00915 -0.00326765 -0.00304385 0.01075 -0.00327181 -0.0030569 0.01075 -0.00327181 -0.0030569 0.00915 -0.00327608 -0.00306991 0.00915 -0.00327608 -0.00306991 0.01075 -0.00328044 -0.00308288 0.00915 -0.00328044 -0.00308288 0.01075 -0.00328488 -0.00309581 0.01075 -0.00328488 -0.00309581 0.00915 -0.00328939 -0.00310869 0.00915 -0.00328939 -0.00310869 0.01075 -0.00329395 -0.00312153 0.00915 -0.00329395 -0.00312153 0.01075 -0.00329855 -0.00313433 0.01075 -0.00329855 -0.00313433 0.00915 -0.00330322 -0.00314711 0.00915 -0.00330322 -0.00314711 0.01075 -0.00330795 -0.00315992 0.00915 -0.00330795 -0.00315992 0.01075 -0.00331277 -0.00317278 0.01075 -0.00331277 -0.00317278 0.00915 -0.00331768 -0.00318573 0.00915 -0.00331768 -0.00318573 0.01075 -0.00332243 -0.00319879 0.00915 -0.00332243 -0.00319879 0.01075 -0.00332625 -0.00321199 0.01075 -0.00332625 -0.00321199 0.00915 -0.00332832 -0.00322536 0.00915 -0.00332832 -0.00322536 0.01075 -0.00332801 -0.00323892 0.00915 -0.00332801 -0.00323892 0.01075 -0.00332597 -0.00325254 0.01075 -0.00332597 -0.00325254 0.00915 -0.00332321 -0.00326606 0.00915 -0.00332321 -0.00326606 0.01075 -0.00332018 -0.00327945 0.00915 -0.00332018 -0.00327945 0.01075 -0.00331689 -0.00329271 0.01075 -0.00331689 -0.00329271 0.00915 -0.00331337 -0.00330588 0.00915 -0.00331337 -0.00330588 0.01075 -0.00330963 -0.00331898 0.00915 -0.00330963 -0.00331898 0.01075 -0.00330569 -0.00333204 0.01075 -0.00330569 -0.00333204 0.00915 -0.00330159 -0.00334507 0.00915 -0.00330159 -0.00334507 0.01075 -0.00329737 -0.00335807 0.00915 -0.00329737 -0.00335807 0.01075 -0.00329304 -0.00337106 0.01075 -0.00329304 -0.00337106 0.00915 -0.00328866 -0.00338403 0.00915 -0.00328866 -0.00338403 0.01075 -0.00328425 -0.00339699 0.00915 -0.00328425 -0.00339699 0.01075 -0.00327986 -0.00340996 0.01075 -0.00327986 -0.00340996 0.00915 -0.0032755 -0.00342293 0.00915 -0.0032755 -0.00342293 0.01075 -0.00327117 -0.00343591 0.00915 -0.00327117 -0.00343591 0.01075 -0.00326687 -0.0034489 0.01075 -0.00326687 -0.0034489 0.00915 -0.0032626 -0.00346189 0.00915 -0.0032626 -0.00346189 0.01075 -0.00325834 -0.00347488 0.00915 -0.00325834 -0.00347488 0.01075 -0.00325411 -0.00348788 0.01075 -0.00325411 -0.00348788 0.00915 -0.00324989 -0.00350088 0.00915 -0.00324989 -0.00350088 0.01075 -0.00324567 -0.00351388 0.00915 -0.00324567 -0.00351388 0.01075 -0.00324146 -0.00352688 0.01075 -0.00324146 -0.00352688 0.00915 -0.00319804 -0.00272344 0.01075 -0.00319625 -0.00270989 0.00915 -0.00319625 -0.00270989 0.01075 -0.00319453 -0.00269632 0.01075 -0.00319453 -0.00269632 0.00915 -0.0031929 -0.00268274 0.01075 -0.0031929 -0.00268274 0.00915 -0.00319133 -0.00266915 0.00915 -0.00319133 -0.00266915 0.01075 -0.00318984 -0.00265556 0.01075 -0.00318984 -0.00265556 0.00915 -0.00318843 -0.00264196 0.01075 -0.00318843 -0.00264196 0.00915 -0.00318708 -0.00262835 0.00915 -0.00318708 -0.00262835 0.01075 -0.00318581 -0.00261474 0.01075 -0.00318581 -0.00261474 0.00915 -0.0031846 -0.00260111 0.01075 -0.0031846 -0.00260111 0.00915 -0.00318346 -0.00258749 0.00915 -0.00318346 -0.00258749 0.01075 -0.00318239 -0.00257385 0.01075 -0.00318239 -0.00257385 0.00915 -0.00318138 -0.00256022 0.01075 -0.00318138 -0.00256022 0.00915 -0.00318043 -0.00254658 0.00915 -0.00318043 -0.00254658 0.01075 -0.00317953 -0.00253293 0.01075 -0.00317953 -0.00253293 0.00915 -0.00317868 -0.00251928 0.01075 -0.00317868 -0.00251928 0.00915 -0.00317789 -0.00250563 0.00915 -0.00317789 -0.00250563 0.01075 -0.00317715 -0.00249197 0.01075 -0.00317715 -0.00249197 0.00915 -0.00317647 -0.00247831 0.01075 -0.00317647 -0.00247831 0.00915 -0.00317586 -0.00246465 0.00915 -0.00317586 -0.00246465 0.01075 -0.00317532 -0.00245099 0.01075 -0.00317532 -0.00245099 0.00915 -0.00317487 -0.00243732 0.01075 -0.00317487 -0.00243732 0.00915 -0.0031745 -0.00242366 0.00915 -0.0031745 -0.00242366 0.01075 -0.0031742 -0.00240999 0.01075 -0.0031742 -0.00240999 0.00915 -0.00317397 -0.00239631 0.01075 -0.00317397 -0.00239631 0.00915 -0.00317379 -0.00238264 0.00915 -0.00317379 -0.00238264 0.01075 -0.00317365 -0.00236897 0.01075 -0.00317365 -0.00236897 0.00915 -0.00317354 -0.00235529 0.01075 -0.00317354 -0.00235529 0.00915 -0.00317345 -0.00234162 0.00915 -0.00317345 -0.00234162 0.01075 -0.00317336 -0.00232794 0.01075 -0.00317336 -0.00232794 0.00915 -0.00317327 -0.00231426 0.01075 -0.00317327 -0.00231426 0.00915 -0.00317317 -0.00230059 0.00915 -0.00317317 -0.00230059 0.01075 -0.00317305 -0.00228691 0.01075 -0.00317305 -0.00228691 0.00915 -0.00317292 -0.00227324 0.01075 -0.00317292 -0.00227324 0.00915 -0.00317278 -0.00225957 0.00915 -0.00317278 -0.00225957 0.01075 -0.00317264 -0.00224589 0.01075 -0.00317264 -0.00224589 0.00915 -0.00317249 -0.00223222 0.01075 -0.00317249 -0.00223222 0.00915 -0.00317234 -0.00221854 0.00915 -0.00317234 -0.00221854 0.01075 -0.0031722 -0.00220487 0.01075 -0.0031722 -0.00220487 0.00915 -0.00317205 -0.0021912 0.01075 -0.00317205 -0.0021912 0.00915 -0.00317192 -0.00217752 0.00915 -0.00317192 -0.00217752 0.01075 -0.00317179 -0.00216385 0.01075 -0.00317179 -0.00216385 0.00915 -0.00317168 -0.00215018 0.01075 -0.00317168 -0.00215018 0.00915 -0.00317157 -0.0021365 0.00915 -0.00317157 -0.0021365 0.01075 -0.00317149 -0.00212283 0.01075 -0.00317149 -0.00212283 0.00915 -0.00317142 -0.00210916 0.01075 -0.00317142 -0.00210916 0.00915 -0.00317136 -0.00209548 0.00915 -0.00317136 -0.00209548 0.01075 -0.00317132 -0.00208181 0.01075 -0.00317132 -0.00208181 0.00915 -0.00317129 -0.00206814 0.01075 -0.00317129 -0.00206814 0.00915 -0.00317127 -0.00205446 0.00915 -0.00317127 -0.00205446 0.01075 -0.00317127 -0.00204079 0.01075 -0.00317127 -0.00204079 0.00915 -0.00317127 -0.00202711 0.01075 -0.00317127 -0.00202711 0.00915 -0.00317128 -0.00201344 0.00915 -0.00317128 -0.00201344 0.01075 -0.0031713 -0.00199976 0.01075 -0.0031713 -0.00199976 0.00915 -0.00317133 -0.00198609 0.01075 -0.00317133 -0.00198609 0.00915 -0.00317136 -0.00197241 0.00915 -0.00317136 -0.00197241 0.01075 -0.00317139 -0.00195874 0.01075 -0.00317139 -0.00195874 0.00915 -0.00317144 -0.00194506 0.01075 -0.00317144 -0.00194506 0.00915 -0.00317148 -0.00193139 0.00915 -0.00317148 -0.00193139 0.01075 -0.00317152 -0.00191771 0.01075 -0.00317152 -0.00191771 0.00915 -0.00317157 -0.00190404 0.00915 -0.00317157 -0.00190404 0.01075 -0.00317157 0.00231842 0.01075 -0.00317157 0.00231842 0.00915 -0.00317157 -0.00190404 0.00915 -0.00317157 -0.00190404 0.01075 -0.00319667 0.00290206 0.00915 -0.00317739 0.00261082 0.01075 -0.00319667 0.00290206 0.01075 -0.00317157 0.00231842 0.01075 -0.00317739 0.00261082 0.00915 -0.00317157 0.00231842 0.00915 -0.00322939 0.00319211 0.00915 -0.00322939 0.00319211 0.01075 -0.00327556 0.003481 0.00915 -0.00327556 0.003481 0.01075 -0.00286132 -0.00288252 0.00915 -0.00317128 -0.00201344 0.00915 -0.0031713 -0.00199976 0.00915 -0.00282597 0.00273118 0.00915 -0.00285012 0.00254139 0.00915 -0.00322953 0.00378102 0.00915 -0.00311361 -0.00394112 0.00915 -0.00319991 -0.00273699 0.00915 -0.00319804 -0.00272344 0.00915 -0.00317739 0.00261082 0.00915 -0.00285987 0.00234998 0.00915 -0.00317157 0.00231842 0.00915 -0.00317127 -0.00202711 0.00915 -0.00304161 -0.00414017 0.00915 -0.00303867 -0.00414868 0.00915 -0.00304443 -0.00413168 0.00915 -0.00317127 -0.00204079 0.00915 -0.00304714 -0.00412321 0.00915 -0.00317127 -0.00205446 0.00915 -0.00304977 -0.00411475 0.00915 -0.00305233 -0.00410631 0.00915 -0.00317129 -0.00206814 0.00915 -0.00303558 -0.00415721 0.00915 -0.00305486 -0.00409786 0.00915 -0.00317132 -0.00208181 0.00915 -0.00305736 -0.00408942 0.00915 -0.00317136 -0.00209548 0.00915 -0.00317142 -0.00210916 0.00915 -0.00317149 -0.00212283 0.00915 -0.00317157 -0.0021365 0.00915 -0.00317168 -0.00215018 0.00915 -0.00317179 -0.00216385 0.00915 -0.0031722 -0.00220487 0.00915 -0.00317234 -0.00221854 0.00915 -0.00317192 -0.00217752 0.00915 -0.00317264 -0.00224589 0.00915 -0.00317345 -0.00234162 0.00915 -0.00317278 -0.00225957 0.00915 -0.00317354 -0.00235529 0.00915 -0.00317365 -0.00236897 0.00915 -0.00317336 -0.00232794 0.00915 -0.00317327 -0.00231426 0.00915 -0.00317317 -0.00230059 0.00915 -0.00317305 -0.00228691 0.00915 -0.00317292 -0.00227324 0.00915 -0.00317249 -0.00223222 0.00915 -0.00317379 -0.00238264 0.00915 -0.00317205 -0.0021912 0.00915 -0.00317397 -0.00239631 0.00915 -0.0031745 -0.00242366 0.00915 -0.0031742 -0.00240999 0.00915 -0.00317532 -0.00245099 0.00915 -0.00317487 -0.00243732 0.00915 -0.00317647 -0.00247831 0.00915 -0.00317586 -0.00246465 0.00915 -0.00317789 -0.00250563 0.00915 -0.00317715 -0.00249197 0.00915 -0.00317953 -0.00253293 0.00915 -0.00317868 -0.00251928 0.00915 -0.00318346 -0.00258749 0.00915 -0.00318239 -0.00257385 0.00915 -0.00318138 -0.00256022 0.00915 -0.00318043 -0.00254658 0.00915 -0.00318708 -0.00262835 0.00915 -0.00318843 -0.00264196 0.00915 -0.0031846 -0.00260111 0.00915 -0.00318581 -0.00261474 0.00915 -0.0031929 -0.00268274 0.00915 -0.00319133 -0.00266915 0.00915 -0.00318984 -0.00265556 0.00915 -0.00319453 -0.00269632 0.00915 -0.00319625 -0.00270989 0.00915 -0.00324146 -0.00352688 0.00915 -0.0032039 -0.00276405 0.00915 -0.00320186 -0.00275053 0.00915 -0.00321055 -0.00280453 0.00915 -0.00321296 -0.00281799 0.00915 -0.00320603 -0.00277756 0.00915 -0.00320824 -0.00279105 0.00915 -0.00322074 -0.00285828 0.00915 -0.00321806 -0.00284487 0.00915 -0.00321546 -0.00283144 0.00915 -0.00322931 -0.0028984 0.00915 -0.00322637 -0.00288505 0.00915 -0.00322351 -0.00287167 0.00915 -0.00324187 -0.00295164 0.00915 -0.0032386 -0.00293836 0.00915 -0.00323543 -0.00292506 0.00915 -0.00323233 -0.00291174 0.00915 -0.00324867 -0.00297812 0.00915 -0.00324522 -0.00296489 0.00915 -0.00324567 -0.00351388 0.00915 -0.00325223 -0.00299133 0.00915 -0.00324989 -0.00350088 0.00915 -0.00325411 -0.00348788 0.00915 -0.0032559 -0.0030045 0.00915 -0.00325834 -0.00347488 0.00915 -0.00325969 -0.00301765 0.00915 -0.0032626 -0.00346189 0.00915 -0.00326687 -0.0034489 0.00915 -0.0032636 -0.00303077 0.00915 -0.00327117 -0.00343591 0.00915 -0.00327181 -0.0030569 0.00915 -0.00326765 -0.00304385 0.00915 -0.00327608 -0.00306991 0.00915 -0.0032755 -0.00342293 0.00915 -0.00328044 -0.00308288 0.00915 -0.00327986 -0.00340996 0.00915 -0.00328425 -0.00339699 0.00915 -0.00328488 -0.00309581 0.00915 -0.00328866 -0.00338403 0.00915 -0.00328939 -0.00310869 0.00915 -0.00329304 -0.00337106 0.00915 -0.00329737 -0.00335807 0.00915 -0.00329395 -0.00312153 0.00915 -0.00330159 -0.00334507 0.00915 -0.00329855 -0.00313433 0.00915 -0.00330795 -0.00315992 0.00915 -0.00330322 -0.00314711 0.00915 -0.00330569 -0.00333204 0.00915 -0.00331277 -0.00317278 0.00915 -0.00330963 -0.00331898 0.00915 -0.00331337 -0.00330588 0.00915 -0.00331689 -0.00329271 0.00915 -0.00331768 -0.00318573 0.00915 -0.00332321 -0.00326606 0.00915 -0.00332243 -0.00319879 0.00915 -0.00332018 -0.00327945 0.00915 -0.00332625 -0.00321199 0.00915 -0.00332597 -0.00325254 0.00915 -0.00332801 -0.00323892 0.00915 -0.00332832 -0.00322536 0.00915 -0.00302017 -0.00419009 0.00915 -0.00303231 -0.00416576 0.00915 -0.00302879 -0.00417424 0.00915 -0.00302481 -0.00418243 0.00915 -0.00301467 -0.00419697 0.00915 -0.00317133 -0.00198609 0.00915 -0.00300811 -0.00420285 0.00915 -0.00317136 -0.00197241 0.00915 -0.00300058 -0.00420766 0.00915 -0.00317144 -0.00194506 0.00915 -0.00317139 -0.00195874 0.00915 -0.00289541 -0.00383713 0.00915 -0.00296604 -0.00421927 0.00915 -0.00296926 -0.00421895 0.00915 -0.00297553 -0.00421727 0.00915 -0.00298403 -0.00421462 0.00915 -0.00292038 -0.00410819 0.00915 -0.0029211 -0.00411136 0.00915 -0.00294946 -0.00420096 0.00915 -0.00295091 -0.00420387 0.00915 -0.00293837 -0.00417394 0.00915 -0.00293944 -0.00417701 0.00915 -0.0029008 -0.00397989 0.00915 -0.00290108 -0.00398313 0.00915 -0.00289622 -0.00388259 0.00915 -0.00296285 -0.00421874 0.00915 -0.00295398 -0.00420959 0.00915 -0.00296002 -0.00421717 0.00915 -0.0029557 -0.00421234 0.00915 -0.00295767 -0.00421492 0.00915 -0.00295241 -0.00420675 0.00915 -0.00293339 -0.00415849 0.00915 -0.00293247 -0.00415538 0.00915 -0.00291695 -0.00409232 0.00915 -0.0029163 -0.00408914 0.00915 -0.00292258 -0.00411769 0.00915 -0.00292333 -0.00412085 0.00915 -0.00291204 -0.00406681 0.00915 -0.00291262 -0.00407001 0.00915 -0.00291441 -0.00407959 0.00915 -0.00291502 -0.00408278 0.00915 -0.00290786 -0.00404117 0.00915 -0.00290739 -0.00403796 0.00915 -0.00290934 -0.0040508 0.00915 -0.00290986 -0.00405401 0.00915 -0.00289546 -0.00384038 0.00915 -0.00290561 -0.00402509 0.00915 -0.00290647 -0.00403153 0.00915 -0.00290604 -0.00402831 0.00915 -0.00289552 -0.00384363 0.00915 -0.00289557 -0.00384687 0.00915 -0.00290479 -0.00401865 0.00915 -0.00290519 -0.00402187 0.00915 -0.00290364 -0.00400898 0.00915 -0.00289567 -0.00385337 0.00915 -0.00289572 -0.00385661 0.00915 -0.00290401 -0.0040122 0.00915 -0.0029044 -0.00401543 0.00915 -0.00289562 -0.00385012 0.00915 -0.0029026 -0.00399929 0.00915 -0.00290294 -0.00400252 0.00915 -0.00289583 -0.00386311 0.00915 -0.00289578 -0.00385986 0.00915 -0.00290328 -0.00400575 0.00915 -0.00289602 -0.00387285 0.00915 -0.00290196 -0.00399283 0.00915 -0.00289595 -0.0038696 0.00915 -0.00289589 -0.00386635 0.00915 -0.00290227 -0.00399606 0.00915 -0.00289615 -0.00387934 0.00915 -0.00290136 -0.00398636 0.00915 -0.00289608 -0.0038761 0.00915 -0.00290165 -0.00398959 0.00915 -0.00289629 -0.00388584 0.00915 -0.00290054 -0.00397665 0.00915 -0.00289645 -0.00389233 0.00915 -0.00290004 -0.00397018 0.00915 -0.00290029 -0.00397341 0.00915 -0.00289637 -0.00388908 0.00915 -0.00289662 -0.00389882 0.00915 -0.00289672 -0.00390207 0.00915 -0.00289958 -0.0039637 0.00915 -0.00289653 -0.00389557 0.00915 -0.00289981 -0.00396694 0.00915 -0.00289916 -0.00395722 0.00915 -0.00289691 -0.00390856 0.00915 -0.00289896 -0.00395398 0.00915 -0.00289937 -0.00396046 0.00915 -0.00289681 -0.00390531 0.00915 -0.00289737 -0.00392154 0.00915 -0.00289841 -0.00394425 0.00915 -0.00289725 -0.0039183 0.00915 -0.00289713 -0.00391505 0.00915 -0.00289877 -0.00395073 0.00915 -0.00289702 -0.0039118 0.00915 -0.00289792 -0.00393452 0.00915 -0.00289808 -0.00393776 0.00915 -0.00289778 -0.00393127 0.00915 -0.0028975 -0.00392479 0.00915 -0.00289764 -0.00392803 0.00915 -0.00289824 -0.00394101 0.00915 -0.00289858 -0.00394749 0.00915 -0.00290692 -0.00403475 0.00915 -0.00290834 -0.00404439 0.00915 -0.00290884 -0.0040476 0.00915 -0.00291039 -0.00405721 0.00915 -0.00291148 -0.00406362 0.00915 -0.00291093 -0.00406042 0.00915 -0.0029132 -0.0040732 0.00915 -0.0029138 -0.0040764 0.00915 -0.00291566 -0.00408596 0.00915 -0.00291761 -0.0040955 0.00915 -0.00291829 -0.00409868 0.00915 -0.00291898 -0.00410185 0.00915 -0.00291967 -0.00410503 0.00915 -0.00292184 -0.00411453 0.00915 -0.0029241 -0.004124 0.00915 -0.00292487 -0.00412716 0.00915 -0.00292566 -0.00413031 0.00915 -0.00292727 -0.0041366 0.00915 -0.00292646 -0.00413345 0.00915 -0.0029281 -0.00413974 0.00915 -0.00292894 -0.00414287 0.00915 -0.00292979 -0.00414601 0.00915 -0.00293067 -0.00414914 0.00915 -0.00293156 -0.00415226 0.00915 -0.00293434 -0.00416159 0.00915 -0.00293531 -0.00416469 0.00915 -0.00293631 -0.00416778 0.00915 -0.00293733 -0.00417087 0.00915 -0.00294055 -0.00418006 0.00915 -0.00294169 -0.0041831 0.00915 -0.00294288 -0.00418612 0.00915 -0.0029441 -0.00418913 0.00915 -0.00294538 -0.00419212 0.00915 -0.00294806 -0.00419803 0.00915 -0.00294669 -0.00419509 0.00915 -0.00297242 -0.0042182 0.00915 -0.00299243 -0.00421153 0.00915 -0.00317148 -0.00193139 0.00915 -0.00317157 -0.00190404 0.00915 -0.00317152 -0.00191771 0.00915 -0.00286132 0.00215818 0.00915 -0.00319667 0.00290206 0.00915 -0.00322939 0.00319211 0.00915 -0.00277908 0.00291735 0.00915 -0.00327556 0.003481 0.00915 -0.00272324 0.00310086 0.00915 -0.00332158 0.00367704 0.00915</float_array>
          <technique_common>
            <accessor count="3890" source="#ID5" stride="3">
              <param name="X" type="float"/>
              <param name="Y" type="float"/>
              <param name="Z" type="float"/>
            </accessor>
          </technique_common>
        </source>
        <source id="ID6">
          <float_array count="11670" id="ID7">0 0 1 0 0 1 0 0 1 0 0 1 0 0 1 0 0 1 0 0 1 0 0 1 0 0 1 0 0 1 0 0 1 0 0 1 0 0 1 0 0 1 0 0 1 0 0 1 0 0 1 0 0 1 0 0 1 0 0 1 0 0 1 0 0 1 0 0 1 0 0 1 0 0 1 0 0 1 0 0 1 0 0 1 0 0 1 0 0 1 0 0 1 0 0 1 0 0 1 0 0 1 0 0 1 0 0 1 0 0 1 0 0 1 0 0 1 0 0 1 0 0 1 0 0 1 0 0 1 0 0 1 0 0 1 0 0 1 0 0 1 0 0 1 0 0 1 0 0 1 0 0 1 0 0 1 0 0 1 0 0 1 0 0 1 0 0 1 0 0 1 0 0 1 0 0 1 0 0 1 0 0 1 0 0 1 0 0 1 0 0 1 0 0 1 0 0 1 0 0 1 0 0 1 0 0 1 0 0 1 0 0 1 0 0 1 0 0 1 0 0 1 0 0 1 0 0 1 0 0 1 0 0 1 0 0 1 0 0 1 0 0 1 0 0 1 0 0 1 0 0 1 0 0 1 0 0 1 0 0 1 0 0 1 0 0 1 0 0 1 0 0 1 0 0 1 0 0 1 0 0 1 0 0 1 0 0 1 0 0 1 0 0 1 0 0 1 0 0 1 0 0 1 0 0 1 0 0 1 0 0 1 0 0 1 0 0 1 0 0 1 0 0 1 0 0 1 0 0 1 0 0 1 0 0 1 0 0 1 0 0 1 0 0 1 0 0 1 0 0 1 0 0 1 0 0 1 0 0 1 0 0 1 0 0 1 0 0 1 0 0 1 0 0 1 0 0 1 0 0 1 0 0 1 0 0 1 0 0 1 0 0 1 0 0 1 0 0 1 0 0 1 0 0 1 0 0 1 0 0 1 0 0 1 0 0 1 0 0 1 0 0 1 0 0 1 0 0 1 0 0 1 0 0 1 0 0 1 0 0 1 0 0 1 0 0 1 0 0 1 0 0 1 0 0 1 0 0 1 0 0 1 0 0 1 0 0 1 0 0 1 0 0 1 0 0 1 0 0 1 0 0 1 0 0 1 0 0 1 0 0 1 0 0 1 0 0 1 0 0 1 0 0 1 0 0 1 0 0 1 0 0 1 0 0 1 0 0 1 0 0 1 0 0 1 0 0 1 0 0 1 0 0 1 0 0 1 0 0 1 0 0 1 0 0 1 0 0 1 0 0 1 0 0 1 0 0 1 0 0 1 0 0 1 0 0 1 0 0 1 0 0 1 0 0 1 0 0 1 0 0 1 0 0 1 0 0 1 0 0 1 0 0 1 0 0 1 0 0 1 0 0 1 0 0 1 0 0 1 0 0 1 0 0 1 0 0 1 0 0 1 0 0 1 0 0 1 0 0 1 0 0 1 0 0 1 0 0 1 0 0 1 0 0 1 0 0 1 0 0 1 0 0 1 0 0 1 0 0 1 0 0 1 0 0 1 0 0 1 0 0 1 0 0 1 0 0 1 0 0 1 0 0 1 0 0 1 0 0 1 0 0 1 0 0 1 0 0 1 0 0 1 0 0 1 0 0 1 0 0 1 0 0 1 0 0 1 0 0 1 0 0 1 0 0 1 0 0 1 0 0 1 0 0 1 0 0 1 0 0 1 0 0 1 0 0 1 0 0 1 0 0 1 0 0 1 0 0 1 0 0 1 0 0 1 0 0 1 0 0 1 0 0 1 0 0 1 0 0 1 0 0 1 0 0 1 0 0 1 0 0 1 0 0 1 0 0 1 0 0 1 0 0 1 0 0 1 0 0 1 0 0 1 0 0 1 0 0 1 0 0 1 0 0 1 0 0 1 0 0 1 0 0 1 0 0 1 0 0 1 0 0 1 0 0 1 0 0 1 0 0 1 0 0 1 0 0 1 0 0 1 0 0 1 0 0 1 0 0 1 0 0 1 0 0 1 0 0 1 0 0 1 0 0 1 0 0 1 0 0 1 0 0 1 0 0 1 0 0 1 0 0 1 0 0 1 0 0 1 0 0 1 0 0 1 0 0 1 0 0 1 0 0 1 0 0 1 0 0 1 0 0 1 0 0 1 0 0 1 0 0 1 0 0 1 0 0 1 0 0 1 0 0 1 0 0 1 0 0 1 0 0 1 0 0 1 0 0 1 0 0 1 0 0 1 0 0 1 0 0 1 0 0 1 0 0 1 0 0 1 0 0 1 0 0 1 0 0 1 0 0 1 0 0 1 0 0 1 0 0 1 0 0 1 0 0 1 0 0 1 0 0 1 0 0 1 0 0 1 0 0 1 0 0 1 0 0 1 0 0 1 0 0 1 0 0 1 0 0 1 0 0 1 0 0 1 0 0 1 0 0 1 0 0 1 0 0 1 0 0 1 0 0 1 0 0 1 0 0 1 0 0 1 0 0 1 0 0 1 0 0 1 0 0 1 0 0 1 0 0 1 0 0 1 0 0 1 0 0 1 0 0 1 0 0 1 0 0 1 0 0 1 0 0 1 0 0 1 0 0 1 0 0 1 0 0 1 0 0 1 0 0 1 0 0 1 0 0 1 0 0 1 0 0 1 0 0 1 0 0 1 0 0 1 0 0 1 0 0 1 0 0 1 0 0 1 0 0 1 0 0 1 0 0 1 0 0 1 0 0 1 0 0 1 0 0 1 0 0 1 0 0 1 0 0 1 0 0 1 0 0 1 0 0 1 0 0 1 0 0 1 0 0 1 0 0 1 0 0 1 0 0 1 0 0 1 0 0 1 0 0 1 0 0 1 0 0 1 0 0 1 0 0 1 0 0 1 0 0 1 0 0 1 0 0 1 0 0 1 0 0 1 0 0 1 0 0 1 0 0 1 0 0 1 0 0 1 0 0 1 0 0 1 0 0 1 0 0 1 0 0 1 0 0 1 0 0 1 0 0 1 0 0 1 0 0 1 0 0 1 0 0 1 0 0 1 0 0 1 0 0 1 0 0 1 0 0 1 0 0 1 0 0 1 0 0 1 0 0 1 0 0 1 0 0 1 0 0 1 0 0 1 0 0 1 0 0 1 0 0 1 0 0 1 0 0 1 0 0 1 0 0 1 0 0 1 0 0 1 0 0 1 0 0 1 0 0 1 0 0 1 0 0 1 0 0 1 0 0 1 0 0 1 0 0 1 0 0 1 0 0 1 0 0 1 0 0 1 0 0 1 0 0 1 0 0 1 0 0 1 0 0 1 0 0 1 0 0 1 0 0 1 0 0 1 0 0 1 0 0 1 0 0 1 0 0 1 0 0 1 0 0 1 0 0 1 0 0 1 0 0 1 0 0 1 0 0 1 0 0 1 0 0 1 0 0 1 0 0 1 0 0 1 0 0 1 0 0 1 0 0 1 0 0 1 0 0 1 0 0 1 0 0 1 0 0 1 0 0 1 0 0 1 0 0 1 0 0 1 0 0 1 0 0 1 0 0 1 0 0 1 0 0 1 0 0 1 0 0 1 0 0 1 0 0 1 0 0 1 0 0 1 0 0 1 0 0 1 0 0 1 0 0 1 0 0 1 0 0 1 0 0 1 0 0 1 0 0 1 0 0 1 0 0 1 0 0 1 0 0 1 0 0 1 0 0 1 0 0 1 0 0 1 0 0 1 0 0 1 0 0 1 0 0 1 0 0 1 0 0 1 0 0 1 0 0 1 0 0 1 0 0 1 0 0 1 0 0 1 0 0 1 0 0 1 0 0 1 0 0 1 0 0 1 0 0 1 0 0 1 0 0 1 0 0 1 0 0 1 0 0 1 0 0 1 0 0 1 0 0 1 0 0 1 0 0 1 0 0 1 0 0 1 0 0 1 0 0 1 0 0 1 0 0 1 0 0 1 0 0 1 0 0 1 0 0 1 0 0 1 0 0 1 0 0 1 0 0 1 0 0 1 0 0 1 0 0 1 0 0 1 0 0 1 0 0 1 0 0 1 0 0 1 0 0 1 0 0 1 0 0 1 0 0 1 0 0 1 0 0 1 0 0 1 0 0 1 0 0 1 0 0 1 0 0 1 0 0 1 0 0 1 0 0 1 0 0 1 0 0 1 0 0 1 0 0 1 0 0 1 0 0 1 0 0 1 0 0 1 0 0 1 0 0 1 0 0 1 0 0 1 0 0 1 0 0 1 0 0 1 0 0 1 0 0 1 0 0 1 0 0 1 0 0 1 0 0 1 0 0 1 0 0 1 0 0 1 0 0 1 0 0 1 0 0 1 0 0 1 0 0 1 0 0 1 0 0 1 0 0 1 0 0 1 0 0 1 0 0 1 0 0 1 0 0 1 0 0 1 0 0 1 0 0 1 0 0 1 0 0 1 0 0 1 0 0 1 0 0 1 0 0 1 0 0 1 0 0 1 0 0 1 0 0 1 0 0 1 0 0 1 0 0 1 0 0 1 0 0 1 0 0 1 0 0 1 0 0 1 0 0 1 0 0 1 0 0 1 0 0 1 0 0 1 0 0 1 0 0 1 0 0 1 0 0 1 0 0 1 0 0 1 0 0 1 0 0 1 0 0 1 0 0 1 0 0 1 0 0 1 0 0 1 0 0 1 0 0 1 0 0 1 0 0 1 0 0 1 0 0 1 0 0 1 0 0 1 0 0 1 0 0 1 0 0 1 0 0 1 0 0 1 0 0 1 0 0 1 0 0 1 0 0 1 0 0 1 0 0 1 0 0 1 0 0 1 0 0 1 0 0 1 0 0 1 0 0 1 0 0 1 0 0 1 0 0 1 0 0 1 0 0 1 0 0 1 0 0 1 0 0 1 0 0 1 0 0 1 0 0 1 0 0 1 0 0 1 0 0 1 0 0 1 0 0 1 0 0 1 0 0 1 0 0 1 0 0 1 0 0 1 0 0 1 0 0 1 0 0 1 0 0 1 0 0 1 0 0 1 0 0 1 0 0 1 0 0 1 0 0 1 0 0 1 0 0 1 0 0 1 0 0 1 0 0 1 0 0 1 0 0 1 0 0 1 0 0 1 0 0 1 0 0 1 0 0 1 0 0 1 0 0 1 0 0 1 0 0 1 0 0 1 0 0 1 0 0 1 0 0 1 0 0 1 0 0 1 0 0 1 0 0 1 0 0 1 0 0 1 0 0 1 0 0 1 0 0 1 0 0 1 0 0 1 0 0 1 0 0 1 0 0 1 0 0 1 0 0 1 0 0 1 0 0 1 0 0 1 0 0 1 0 0 1 0 0 1 0 0 1 0 0 1 0 0 1 0 0 1 0 0 1 0 0 1 0 0 1 1 0 0 1 0 0 1 0 0 1 0 0 0 1 0 0 1 0 0 1 0 0 1 0 -1 -0 -0 -1 -0 -0 -1 -0 -0 -1 -0 -0 -0 -1 -0 -0 -1 -0 -0 -1 -0 -0 -1 -0 0 0 1 0 0 1 0 0 1 0 0 1 0 0 1 0 0 1 0 0 1 0 0 1 0 0 1 0 0 1 0 0 1 0 0 1 0 0 1 0 0 1 0 0 1 0 0 1 0 0 1 0 0 1 0 0 1 0 0 1 0 0 1 0 0 1 0 0 1 0 0 1 0 0 1 0 0 1 0 0 1 0 0 1 0 0 1 0 0 1 0 0 1 0 0 1 0 0 1 0 0 1 0 0 1 0 0 1 0 0 1 0 0 1 0 0 1 0 0 1 0 0 1 0 0 1 0 0 1 0 0 1 0 0 1 0 0 1 0 0 1 0 0 1 0 0 1 0 0 1 0 0 1 0 0 1 0 0 1 0 0 1 0 0 1 0 0 1 0 0 1 0 0 1 0 0 1 0 0 1 0 0 1 0 0 1 0 0 1 0 0 1 0 0 1 0 0 1 0 0 1 0 0 1 0 0 1 0 0 1 0 0 1 0 0 1 0 0 1 0 0 1 0 0 1 0 0 1 0 0 1 0 0 1 0 0 1 0 0 1 0 0 1 0 0 1 0 0 1 0 0 1 0 0 1 0 0 1 0 0 1 0 0 1 0 0 1 0 0 1 0 0 1 0 0 1 0 0 1 0 0 1 0 0 1 0 0 1 0 0 1 0 0 1 0 0 1 0 0 1 0 0 1 0 0 1 0 0 1 0 0 1 0 0 1 0 0 1 0 0 1 0 0 1 0 0 1 0 0 1 0 0 1 0 0 1 0 0 1 0 0 1 0 0 1 0 0 1 0 0 1 0 0 1 0 0 1 0 0 1 0 0 1 0 0 1 0 0 1 0 0 1 0 0 1 0 0 1 0 0 1 0 0 1 0 0 1 0 0 1 0 0 1 0 0 1 0 0 1 0 0 1 0 0 1 0 0 1 0 0 1 0 0 1 0 0 1 0 0 1 0 0 1 0 0 1 0 0 1 0 0 1 0 0 1 0 0 1 0 0 1 0 0 1 0 0 1 0 0 1 0 0 1 0 0 1 0 0 1 0 0 1 0 0 1 0 0 1 0 0 1 0 0 1 -0 -0 -1 -0 -0 -1 -0 -0 -1 -0 -0 -1 -0 -0 -1 -0 -0 -1 -0 -0 -1 -0 -0 -1 -0 -0 -1 -0 -0 -1 -0 -0 -1 -0 -0 -1 -0 -0 -1 -0 -0 -1 -0 -0 -1 -0 -0 -1 -0 -0 -1 -0 -0 -1 -0 -0 -1 -0 -0 -1 -0 -0 -1 -0 -0 -1 -0 -0 -1 -0 -0 -1 -0 -0 -1 -0 -0 -1 -0 -0 -1 -0 -0 -1 -0 -0 -1 -0 -0 -1 -0 -0 -1 -0 -0 -1 -0 -0 -1 -0 -0 -1 -0 -0 -1 -0 -0 -1 -0 -0 -1 -0 -0 -1 -0 -0 -1 -0 -0 -1 -0 -0 -1 -0 -0 -1 -0 -0 -1 -0 -0 -1 -0 -0 -1 -0 -0 -1 -0 -0 -1 -0 -0 -1 -0 -0 -1 -0 -0 -1 -0 -0 -1 -0 -0 -1 -0 -0 -1 -0 -0 -1 -0 -0 -1 -0 -0 -1 -0 -0 -1 -0 -0 -1 -0 -0 -1 -0 -0 -1 -0 -0 -1 -0 -0 -1 -0 -0 -1 -0 -0 -1 -0 -0 -1 -0 -0 -1 -0 -0 -1 -0 -0 -1 -0 -0 -1 -0 -0 -1 -0 -0 -1 -0 -0 -1 -0 -0 -1 -0 -0 -1 -0 -0 -1 -0 -0 -1 -0 -0 -1 -0 -0 -1 -0 -0 -1 -0 -0 -1 -0 -0 -1 -0 -0 -1 -0 -0 -1 -0 -0 -1 -0 -0 -1 -0 -0 -1 -0 -0 -1 -0 -0 -1 -0 -0 -1 -0 -0 -1 -0 -0 -1 -0 -0 -1 -0 -0 -1 -0 -0 -1 -0 -0 -1 -0 -0 -1 -0 -0 -1 -0 -0 -1 -0 -0 -1 -0 -0 -1 -0 -0 -1 -0 -0 -1 -0 -0 -1 -0 -0 -1 -0 -0 -1 -0 -0 -1 -0 -0 -1 -0 -0 -1 -0 -0 -1 -0 -0 -1 -0 -0 -1 -0 -0 -1 -0 -0 -1 -0 -0 -1 -0 -0 -1 -0 -0 -1 -0 -0 -1 -0 -0 -1 -0 -0 -1 -0 -0 -1 -0 -0 -1 -0 -0 -1 -0 -0 -1 -0 -0 -1 -0 -0 -1 -0 -0 -1 -0 -0 -1 -0 -0 -1 -0 -0 -1 -0 -0 -1 -0 -0 -1 -0 -0 -1 -0 -0 -1 -0 -0 -1 -0 -0 -1 -0 -0 -1 -0 -0 -1 -0 -0 -1 -0 -0 -1 -0 -0 -1 -0 -0 -1 -0 -0 -1 -0 -0 -1 -0 -0 -1 -0 -0 -1 -0 -0 -1 -0 -0 -1 -0 -0 -1 -0 -0 -1 -0 -0 -1 -0 -0 -1 -0 -0 -1 -0 -0 -1 -0 -0 -1 1 0 0 1 0 0 1 0 0 1 0 0 -2.03189e-16 -1 -0 -2.03189e-16 -1 -0 -2.03189e-16 -1 -0 -2.03189e-16 -1 -0 -1 -0 -0 -1 -0 -0 -1 -0 -0 -1 -0 -0 0 1 0 0 1 0 0 1 0 0 1 0 0.0825794 0.996584 0 -0.0825794 0.996584 0 -0.0825794 0.996584 0 1 8.74228e-08 0 1 8.74228e-08 0 0.986361 -0.164595 0 -0.245485 0.9694 0 -0.245486 0.9694 0 -0.401695 0.915773 0 -0.401695 0.915773 0 -0.546948 0.837166 0 -0.546948 0.837166 0 -0.677282 0.735724 0 -0.677282 0.735724 0 -0.78914 0.614213 0 -0.789141 0.614213 0 -0.879474 0.475948 0 -0.879474 0.475947 0 -0.945817 0.324699 0 -0.945817 0.3247 0 -0.986361 0.164595 0 -0.986361 0.164595 0 -1 -1.74846e-07 -0 -1 3.01992e-07 0 0.0825794 0.996584 0 0.245486 0.9694 0 0.245486 0.9694 0 0.401695 0.915773 0 0.401695 0.915773 0 0.546948 0.837167 0 0.546948 0.837167 0 0.677282 0.735724 0 0.677282 0.735724 0 0.78914 0.614213 0 0.78914 0.614213 0 0.879474 0.475947 0 0.879474 0.475947 0 0.945817 0.324699 0 0.945817 0.324699 0 0.986361 0.164595 0 0.986361 0.164595 0 0.945817 -0.3247 0 0.986361 -0.164595 0 0.945817 -0.324699 0 0.677282 -0.735724 0 0.789141 -0.614213 0 0.677282 -0.735724 0 0.879474 -0.475947 0 0.879474 -0.475947 0 0.78914 -0.614213 0 0.401695 -0.915773 0 0.245485 -0.9694 0 0.245485 -0.9694 0 0.546948 -0.837166 0 0.401695 -0.915773 0 0.546948 -0.837166 0 -0.245485 -0.9694 -0 -0.245485 -0.9694 -0 -0.0825794 -0.996584 -0 -0.0825794 -0.996584 -0 0.0825794 -0.996584 0 0.0825792 -0.996584 0 -0.677282 -0.735724 -0 -0.546948 -0.837166 -0 -0.677282 -0.735724 -0 -0.401695 -0.915773 -0 -0.401695 -0.915773 -0 -0.546948 -0.837166 -0 -0.879474 -0.475947 -0 -0.789141 -0.614213 -0 -0.789141 -0.614213 -0 -0.945817 -0.324699 -0 -0.879474 -0.475947 -0 -0.945817 -0.324699 -0 -0.986361 -0.164595 -0 -0.986361 -0.164595 -0 -0.942877 0.33314 0 -0.942877 0.33314 0 -0.985616 0.169001 0 -1 -1.74846e-07 -0 -1 3.01992e-07 0 -0.985616 0.169001 0 -0.778036 0.62822 0 -0.660675 0.750672 0 -0.660675 0.750672 0 -0.778036 0.62822 0 -0.873014 0.487695 0 -0.873014 0.487695 0 -0.210679 0.977555 0 -0.210679 0.977555 0 -0.372856 0.927889 0 -0.372857 0.927889 0 -0.524307 0.851529 0 -0.524307 0.851529 0 0.292823 0.956167 0 0.127018 0.9919 0 0.292823 0.956167 0 -0.0424415 0.999099 0 -0.042441 0.999099 0 0.127018 0.9919 0 0.594633 0.803997 0 0.721956 0.691939 0 0.721956 0.691939 0 0.450204 0.892926 0 0.594633 0.803997 0 0.450204 0.892926 0 0.967733 0.251978 0 0.967733 0.251978 0 0.911228 0.411901 0 0.911228 0.411901 0 0.82851 0.559975 0 0.82851 0.559975 0 0.967733 -0.251978 0 0.996397 -0.0848059 0 0.967733 -0.251978 0 0.996397 0.0848059 0 0.996397 0.0848059 0 0.996397 -0.0848059 0 0.82851 -0.559975 0 0.721956 -0.691939 0 0.721956 -0.691939 0 0.911228 -0.411901 0 0.82851 -0.559975 0 0.911229 -0.411901 0 0.292823 -0.956167 0 0.292823 -0.956167 0 0.450204 -0.892926 0 0.450204 -0.892926 0 0.594633 -0.803997 0 0.594633 -0.803997 0 -0.210679 -0.977555 -0 -0.0424412 -0.999099 -0 -0.0424412 -0.999099 -0 0.127018 -0.9919 0 0.127018 -0.9919 0 -0.372857 -0.927889 -0 -0.210679 -0.977555 -0 -0.372856 -0.927889 -0 -0.524307 -0.851529 -0 -0.660675 -0.750672 -0 -0.524307 -0.851529 -0 -0.778036 -0.62822 -0 -0.660675 -0.750672 -0 -0.778036 -0.62822 -0 -0.873014 -0.487695 -0 -0.942877 -0.33314 -0 -0.873014 -0.487695 -0 -0.985616 -0.169001 -0 -0.942877 -0.33314 -0 -0.985616 -0.169001 -0 0.0825794 0.996584 0 -0.0825794 0.996584 0 -0.0825794 0.996584 0 1 8.74228e-08 0 1 8.74228e-08 0 0.986361 -0.164595 0 -0.245485 0.9694 0 -0.245486 0.9694 0 -0.401695 0.915773 0 -0.401695 0.915773 0 -0.546948 0.837166 0 -0.546948 0.837166 0 -0.677282 0.735724 0 -0.677282 0.735724 0 -0.78914 0.614213 0 -0.789141 0.614213 0 -0.879474 0.475948 0 -0.879474 0.475947 0 -0.945817 0.324699 0 -0.945817 0.3247 0 -0.986361 0.164595 0 -0.986361 0.164595 0 -1 -1.74846e-07 -0 -1 3.01992e-07 0 0.0825794 0.996584 0 0.245486 0.9694 0 0.245486 0.9694 0 0.401695 0.915773 0 0.401695 0.915773 0 0.546948 0.837167 0 0.546948 0.837167 0 0.677282 0.735724 0 0.677282 0.735724 0 0.78914 0.614213 0 0.78914 0.614213 0 0.879474 0.475947 0 0.879474 0.475947 0 0.945817 0.324699 0 0.945817 0.324699 0 0.986361 0.164595 0 0.986361 0.164595 0 0.945817 -0.3247 0 0.986361 -0.164595 0 0.945817 -0.324699 0 0.677282 -0.735724 0 0.789141 -0.614213 0 0.677282 -0.735724 0 0.879474 -0.475947 0 0.879474 -0.475947 0 0.78914 -0.614213 0 0.401695 -0.915773 0 0.245485 -0.9694 0 0.245485 -0.9694 0 0.546948 -0.837166 0 0.401695 -0.915773 0 0.546948 -0.837166 0 -0.245485 -0.9694 -0 -0.245485 -0.9694 -0 -0.0825794 -0.996584 -0 -0.0825794 -0.996584 -0 0.0825794 -0.996584 0 0.0825792 -0.996584 0 -0.677282 -0.735724 -0 -0.546948 -0.837166 -0 -0.677282 -0.735724 -0 -0.401695 -0.915773 -0 -0.401695 -0.915773 -0 -0.546948 -0.837166 -0 -0.879474 -0.475947 -0 -0.789141 -0.614213 -0 -0.789141 -0.614213 -0 -0.945817 -0.324699 -0 -0.879474 -0.475947 -0 -0.945817 -0.324699 -0 -0.986361 -0.164595 -0 -0.986361 -0.164595 -0 -0.942877 0.33314 0 -0.942877 0.33314 0 -0.985616 0.169001 0 -1 -1.74846e-07 -0 -1 3.01992e-07 0 -0.985616 0.169001 0 -0.778036 0.62822 0 -0.660675 0.750672 0 -0.660675 0.750672 0 -0.778036 0.62822 0 -0.873014 0.487695 0 -0.873014 0.487695 0 -0.210679 0.977555 0 -0.210679 0.977555 0 -0.372856 0.927889 0 -0.372857 0.927889 0 -0.524307 0.851529 0 -0.524307 0.851529 0 0.292823 0.956167 0 0.127018 0.9919 0 0.292823 0.956167 0 -0.0424415 0.999099 0 -0.042441 0.999099 0 0.127018 0.9919 0 0.594633 0.803997 0 0.721956 0.691939 0 0.721956 0.691939 0 0.450204 0.892926 0 0.594633 0.803997 0 0.450204 0.892926 0 0.967733 0.251978 0 0.967733 0.251978 0 0.911228 0.411901 0 0.911228 0.411901 0 0.82851 0.559975 0 0.82851 0.559975 0 0.967733 -0.251978 0 0.996397 -0.0848059 0 0.967733 -0.251978 0 0.996397 0.0848059 0 0.996397 0.0848059 0 0.996397 -0.0848059 0 0.82851 -0.559975 0 0.721956 -0.691939 0 0.721956 -0.691939 0 0.911228 -0.411901 0 0.82851 -0.559975 0 0.911229 -0.411901 0 0.292823 -0.956167 0 0.292823 -0.956167 0 0.450204 -0.892926 0 0.450204 -0.892926 0 0.594633 -0.803997 0 0.594633 -0.803997 0 -0.210679 -0.977555 -0 -0.0424412 -0.999099 -0 -0.0424412 -0.999099 -0 0.127018 -0.9919 0 0.127018 -0.9919 0 -0.372857 -0.927889 -0 -0.210679 -0.977555 -0 -0.372856 -0.927889 -0 -0.524307 -0.851529 -0 -0.660675 -0.750672 -0 -0.524307 -0.851529 -0 -0.778036 -0.62822 -0 -0.660675 -0.750672 -0 -0.778036 -0.62822 -0 -0.873014 -0.487695 -0 -0.942877 -0.33314 -0 -0.873014 -0.487695 -0 -0.985616 -0.169001 -0 -0.942877 -0.33314 -0 -0.985616 -0.169001 -0 0 1 0 0 1 0 0 1 0 0 1 0 0.617043 -0.786929 0 0.617043 -0.786929 0 0.617043 -0.786929 0 0.617043 -0.786929 0 -0.615027 -0.788506 -0 -0.615027 -0.788506 -0 -0.615027 -0.788506 -0 -0.615027 -0.788506 -0 0 0 1 0 0 1 0 0 1 -0.802166 -0.597101 0 -0.802166 -0.597101 0 -0.802166 -0.597101 0 -0.802166 -0.597101 0 -0.991071 0.133332 0 -0.972956 0.230989 0 -0.991071 0.133332 0 -0.968809 0.24781 0 -0.972956 0.230989 0 -0.968809 0.24781 0 -0.999625 0.0273875 0 -0.999625 0.0273875 0 -0.999961 0.00886712 0 -0.999961 0.00886712 0 -1 0 0 -1 0 0 -1 0 0 -1 0 0 -0.971711 -0.236173 0 -0.985422 -0.17013 0 -0.971711 -0.236173 0 -0.991993 -0.126295 0 -0.985422 -0.17013 0 -0.991993 -0.126295 0 -0.995134 -0.0985331 0 -0.995134 -0.0985331 0 -0.996689 -0.0813093 0 -0.997718 -0.0675192 0 -0.996689 -0.0813093 0 -0.997718 -0.0675192 0 -0.998592 -0.0530505 0 -0.998592 -0.0530505 0 -0.999251 -0.0386955 0 -0.999681 -0.0252686 0 -0.999251 -0.0386955 0 -0.999681 -0.0252686 0 -0.999909 -0.0135141 0 -0.999909 -0.0135141 0 -0.99998 -0.00629137 0 -0.999992 -0.00388387 0 -0.99998 -0.00629137 0 -0.999992 -0.00388387 0 -0.951754 -0.306861 0 -0.951754 -0.306861 0 -0.915282 -0.402814 0 -0.829574 -0.558397 0 -0.915282 -0.402815 0 -0.829574 -0.558397 0 -0.736717 -0.676201 0 -0.736717 -0.676201 0 -0.654483 -0.756076 0 -0.570268 -0.821459 0 -0.654483 -0.756076 0 -0.570268 -0.821459 0 -0.459694 -0.888077 0 -0.459694 -0.888077 0 -0.361505 -0.93237 0 -0.266589 -0.96381 0 -0.361505 -0.93237 0 -0.266589 -0.96381 0 -0.145435 -0.989368 0 -0.145435 -0.989368 0 -0.0367628 -0.999324 0 -0.0367628 -0.999324 0 0.985203 -0.17139 0 0.985203 -0.17139 0 0.979242 -0.202695 0 0.979242 -0.202695 0 0.971497 -0.237053 0 0.960002 -0.279995 0 0.971497 -0.237053 0 0.960002 -0.279995 0 0.943187 -0.332261 0 0.943187 -0.332261 0 0.916902 -0.399112 0 0.876892 -0.480687 0 0.916902 -0.399112 0 0.876892 -0.480687 0 0.828296 -0.560291 0 0.828296 -0.560291 0 0.782464 -0.622695 0 0.729176 -0.684326 0 0.782464 -0.622695 0 0.729176 -0.684326 0 0.645661 -0.763624 0 0.645661 -0.763624 0 0.495062 -0.868858 0 0.355939 -0.934509 0 0.495062 -0.868858 0 0.355939 -0.934509 0 0.22344 -0.974718 0 0.22344 -0.974718 0 0.0653983 -0.997859 0 0.0063521 -0.99998 0 0.0653983 -0.997859 0 0.0063521 -0.99998 0 0.989815 -0.142357 0 0.989815 -0.142357 0 0.993621 -0.112775 0 0.993621 -0.112775 0 0.996757 -0.0804715 0 0.998905 -0.0467844 0 0.996757 -0.0804715 0 0.998905 -0.0467843 0 0.999889 -0.014891 0 0.999889 -0.014891 0 1 0.000940348 0 1 -2.53047e-05 0 1 0.000940338 0 1 -2.53047e-05 0 1 9.02823e-06 0 1 9.02781e-06 0 1 -1.43372e-05 0 1 1.17366e-05 0 1 -1.43372e-05 0 1 1.17366e-05 0 1 -3.65364e-06 0 1 -3.65364e-06 0 1 -5.63064e-07 0 1 1.12937e-06 0 1 -5.63057e-07 0 1 1.12937e-06 0 1 -5.3192e-08 0 1 -5.31935e-08 0 1 -4.72214e-07 0 1 -4.72214e-07 0 1 0 0 1 0 0 1 0 0 1 0 0 0.997183 0.0750101 0 0.999641 0.0268056 0 0.997183 0.0750101 0 0.999971 0.00760549 0 0.999641 0.0268056 0 0.999971 0.00760549 0 0.989757 0.142762 0 0.989757 0.142762 0 0.969149 0.246476 0 0.969149 0.246476 0 0.970142 0.242536 0 0.970142 0.242536 0 0.970142 0.242536 0 0.970142 0.242536 0 0.739441 -0.673222 0 0.739441 -0.673222 0 0.739441 -0.673222 0 0.739441 -0.673222 0 -0.806405 -0.591364 0 -0.806405 -0.591364 0 -0.806405 -0.591364 0 -0.806405 -0.591364 0 -0.988502 0.151209 0 -0.967133 0.254272 0 -0.988502 0.151209 0 -0.940093 0.340918 0 -0.967133 0.254272 0 -0.940093 0.340918 0 -0.997711 0.0676254 0 -0.997711 0.0676254 0 -0.999931 0.011736 0 -0.999931 0.011736 0 -0.999026 0.044121 0 -0.999026 0.044121 0 -0.999026 0.044121 0 -0.999026 0.044121 0 -1 0 0 -1 0 0 -1 0 0 -1 0 0 -0.936487 0.350704 0 -0.957653 0.287925 0 -0.957653 0.287925 0 -0.975469 0.220137 0 -0.975469 0.220137 0 -0.986474 0.163916 0 -0.986474 0.163916 0 -0.992012 0.12614 0 -0.992012 0.12614 0 -0.995843 0.0910849 0 -0.995843 0.091085 0 -0.998555 0.0537348 0 -0.998555 0.0537348 0 -0.999802 0.0199038 0 -0.999802 0.0199038 0 -0.999997 -0.00259861 0 -0.999997 -0.00259861 0 -1 0.000701154 0 -1 0.000701154 0 -1 -9.98788e-05 0 -1 -9.98789e-05 0 -1 -6.0685e-05 0 -1 -6.0685e-05 0 -1 9.83423e-05 0 -1 9.83423e-05 0 -0.936487 0.350704 0 -0.906639 0.421906 0 -0.906639 0.421906 0 -0.855163 0.518358 0 -0.855164 0.518358 0 -0.808666 0.588269 0 -0.808666 0.588269 0 -0.759057 0.651024 0 -0.759057 0.651024 0 -0.675117 0.737711 0 -0.675117 0.737711 0 -0.562658 0.826689 0 -0.562658 0.826689 0 -0.417669 0.908599 0 -0.41767 0.908599 0 -0.273003 0.962013 0 -0.273003 0.962013 0 -0.158851 0.987303 0 -0.158851 0.987303 0 -0.0275035 0.999622 0 -0.0275035 0.999622 0 0.1192 0.99287 0 0.1192 0.99287 0 0.944989 0.327103 0 0.966243 0.257634 0 0.966243 0.257634 0 0.944989 0.327103 0 0.904882 0.425663 0 0.904882 0.425663 0 0.838073 0.545558 0 0.761756 0.647864 0 0.838073 0.545558 0 0.761756 0.647864 0 0.661241 0.750174 0 0.661241 0.750174 0 0.573143 0.819455 0 0.485062 0.87448 0 0.573143 0.819455 0 0.485062 0.87448 0 0.380118 0.924938 0 0.380118 0.924938 0 0.235202 0.971947 0 0.145974 0.989288 0 0.235202 0.971947 0 0.145974 0.989288 0 0.978466 0.206406 0 0.986539 0.163526 0 0.978466 0.206406 0 0.986539 0.163526 0 0.993506 0.113776 0 0.993506 0.113776 0 0.996931 0.0782886 0 0.998221 0.0596232 0 0.996931 0.0782886 0 0.998221 0.0596232 0 0.999052 0.0435423 0 0.999052 0.0435423 0 0.999558 0.0297157 0 0.999819 0.0190121 0 0.999558 0.0297157 0 0.999819 0.0190121 0 0.999921 0.0125856 0 0.999921 0.0125856 0 0.999945 0.0104435 0 0.999945 0.0104435 0 1 0 0 1 0 0 1 0 0 1 0 0 0.996169 0.0874495 0 0.999087 0.0427221 0 0.996169 0.0874495 0 0.999998 0.00201583 0 0.999087 0.0427221 0 0.999998 0.00201583 0 0.991978 0.12641 0 0.991978 0.12641 0 0.96821 0.25014 0 0.96821 0.25014 0 0.970142 0.242536 0 0.970142 0.242536 0 0.970142 0.242536 0 0.970142 0.242536 0 0.783111 -0.621882 0 0.783111 -0.621882 0 0.783111 -0.621882 0 0.783111 -0.621882 0 1.18278e-12 -3.47337e-13 1 1.18278e-12 -3.47337e-13 1 1.18278e-12 -3.47337e-13 1 1.18278e-12 -3.47337e-13 1 1.18278e-12 -3.47337e-13 1 1.18278e-12 -3.47337e-13 1 1.18278e-12 -3.47337e-13 1 1.18278e-12 -3.47337e-13 1 1.18278e-12 -3.47337e-13 1 1.18278e-12 -3.47337e-13 1 1.18278e-12 -3.47337e-13 1 1.18278e-12 -3.47337e-13 1 1.18278e-12 -3.47337e-13 1 1.18278e-12 -3.47337e-13 1 1.18278e-12 -3.47337e-13 1 1.18278e-12 -3.47337e-13 1 1.18278e-12 -3.47337e-13 1 1.18278e-12 -3.47337e-13 1 1.18278e-12 -3.47337e-13 1 1.18278e-12 -3.47337e-13 1 1.18278e-12 -3.47337e-13 1 1.18278e-12 -3.47337e-13 1 1.18278e-12 -3.47337e-13 1 1.18278e-12 -3.47337e-13 1 1.18278e-12 -3.47337e-13 1 1.18278e-12 -3.47337e-13 1 1.18278e-12 -3.47337e-13 1 1.18278e-12 -3.47337e-13 1 1.18278e-12 -3.47337e-13 1 1.18278e-12 -3.47337e-13 1 1.18278e-12 -3.47337e-13 1 1.18278e-12 -3.47337e-13 1 1.18278e-12 -3.47337e-13 1 1.18278e-12 -3.47337e-13 1 1.18278e-12 -3.47337e-13 1 1.18278e-12 -3.47337e-13 1 1.18278e-12 -3.47337e-13 1 1.18278e-12 -3.47337e-13 1 1.18278e-12 -3.47337e-13 1 1.18278e-12 -3.47337e-13 1 1.18278e-12 -3.47337e-13 1 1.18278e-12 -3.47337e-13 1 1.18278e-12 -3.47337e-13 1 1.18278e-12 -3.47337e-13 1 1.18278e-12 -3.47337e-13 1 1.18278e-12 -3.47337e-13 1 1.18278e-12 -3.47337e-13 1 1.18278e-12 -3.47337e-13 1 1.18278e-12 -3.47337e-13 1 1.18278e-12 -3.47337e-13 1 1.18278e-12 -3.47337e-13 1 1.18278e-12 -3.47337e-13 1 1.18278e-12 -3.47337e-13 1 1.18278e-12 -3.47337e-13 1 1.18278e-12 -3.47337e-13 1 1.18278e-12 -3.47337e-13 1 1.18278e-12 -3.47337e-13 1 1.18278e-12 -3.47337e-13 1 1.18278e-12 -3.47337e-13 1 1.18278e-12 -3.47337e-13 1 1.18278e-12 -3.47337e-13 1 1.18278e-12 -3.47337e-13 1 1.18278e-12 -3.47337e-13 1 1.18278e-12 -3.47337e-13 1 1.18278e-12 -3.47337e-13 1 1.18278e-12 -3.47337e-13 1 1.18278e-12 -3.47337e-13 1 1.18278e-12 -3.47337e-13 1 1.18278e-12 -3.47337e-13 1 1.18278e-12 -3.47337e-13 1 1.18278e-12 -3.47337e-13 1 1.18278e-12 -3.47337e-13 1 1.18278e-12 -3.47337e-13 1 1.18278e-12 -3.47337e-13 1 1.18278e-12 -3.47337e-13 1 1.18278e-12 -3.47337e-13 1 1.18278e-12 -3.47337e-13 1 1.18278e-12 -3.47337e-13 1 1.18278e-12 -3.47337e-13 1 1.18278e-12 -3.47337e-13 1 1.18278e-12 -3.47337e-13 1 1.18278e-12 -3.47337e-13 1 1.18278e-12 -3.47337e-13 1 1.18278e-12 -3.47337e-13 1 1.18278e-12 -3.47337e-13 1 1.18278e-12 -3.47337e-13 1 1.18278e-12 -3.47337e-13 1 1.18278e-12 -3.47337e-13 1 1.18278e-12 -3.47337e-13 1 1.18278e-12 -3.47337e-13 1 1.18278e-12 -3.47337e-13 1 1.18278e-12 -3.47337e-13 1 1.18278e-12 -3.47337e-13 1 1.18278e-12 -3.47337e-13 1 1.18278e-12 -3.47337e-13 1 1.18278e-12 -3.47337e-13 1 1.18278e-12 -3.47337e-13 1 1.18278e-12 -3.47337e-13 1 1.18278e-12 -3.47337e-13 1 1.18278e-12 -3.47337e-13 1 1.18278e-12 -3.47337e-13 1 1.18278e-12 -3.47337e-13 1 1.18278e-12 -3.47337e-13 1 1.18278e-12 -3.47337e-13 1 1.18278e-12 -3.47337e-13 1 1.18278e-12 -3.47337e-13 1 1.18278e-12 -3.47337e-13 1 1.18278e-12 -3.47337e-13 1 1.18278e-12 -3.47337e-13 1 1.18278e-12 -3.47337e-13 1 1.18278e-12 -3.47337e-13 1 1.18278e-12 -3.47337e-13 1 1.18278e-12 -3.47337e-13 1 1.18278e-12 -3.47337e-13 1 1.18278e-12 -3.47337e-13 1 1.18278e-12 -3.47337e-13 1 1.18278e-12 -3.47337e-13 1 1.18278e-12 -3.47337e-13 1 1.18278e-12 -3.47337e-13 1 1.18278e-12 -3.47337e-13 1 1.18278e-12 -3.47337e-13 1 1.18278e-12 -3.47337e-13 1 0.977146 -0.212568 0 0.977146 -0.212568 0 0.977146 -0.212568 0 0.977146 -0.212568 0 0 -1 0 0 -1 0 0 -1 0 0 -1 0 -0.99956 -0.0296774 0 -0.99956 -0.0296774 0 -0.99956 -0.0296774 0 -0.99956 -0.0296774 0 -0.999722 -0.0235625 0 -0.999722 -0.0235625 0 -0.999722 -0.0235625 0 -0.999722 -0.0235625 0 -0.956489 -0.291768 0 -0.953516 -0.301344 0 -0.956489 -0.291768 0 -0.959479 -0.281781 0 -0.959479 -0.281781 0 -0.962471 -0.271383 0 -0.962471 -0.271383 0 -0.965453 -0.260576 0 -0.965453 -0.260576 0 -0.968369 -0.249521 0 -0.968369 -0.249521 0 -0.971053 -0.238863 0 -0.971053 -0.238863 0 -0.973503 -0.228674 0 -0.973503 -0.228674 0 -0.975735 -0.218956 0 -0.975735 -0.218956 0 -0.977763 -0.209712 0 -0.977763 -0.209712 0 -0.979603 -0.200945 0 -0.979603 -0.200945 0 -0.981267 -0.192655 0 -0.981267 -0.192655 0 -0.982796 -0.184696 0 -0.982796 -0.184696 0 -0.984396 -0.175969 0 -0.984396 -0.175969 0 -0.986085 -0.166243 0 -0.986085 -0.166243 0 -0.987834 -0.155509 0 -0.987834 -0.155509 0 -0.989612 -0.143763 0 -0.989612 -0.143763 0 -0.991382 -0.130999 0 -0.991382 -0.130999 0 -0.993107 -0.117213 0 -0.993107 -0.117213 0 -0.994642 -0.103378 0 -0.994642 -0.103378 0 -0.995879 -0.090695 0 -0.995879 -0.0906949 0 -0.996861 -0.0791736 0 -0.996861 -0.0791736 0 -0.997629 -0.0688178 0 -0.997629 -0.0688178 0 -0.998221 -0.0596292 0 -0.998221 -0.0596292 0 -0.998667 -0.0516079 0 -0.998667 -0.0516079 0 -0.998998 -0.0447535 0 -0.998998 -0.0447535 0 -0.999237 -0.0390568 0 -0.999237 -0.0390568 0 -0.999419 -0.0340798 0 -0.999419 -0.0340798 0 -0.999563 -0.0295749 0 -0.999563 -0.0295749 0 -0.999674 -0.0255429 0 -0.999674 -0.0255429 0 -0.999758 -0.0219844 0 -0.999758 -0.0219844 0 -0.999821 -0.0188998 0 -0.999821 -0.0188998 0 -0.999867 -0.0162895 0 -0.999867 -0.0162895 0 -0.9999 -0.0141536 0 -0.9999 -0.0141536 0 -0.999922 -0.0124923 0 -0.999922 -0.0124923 0 -0.999936 -0.0113056 0 -0.999936 -0.0113056 0 -0.999944 -0.0105935 0 -0.999944 -0.0105935 0 -0.999946 -0.0103562 0 -0.999946 -0.0103562 0 -0.953516 -0.301344 0 -0.950571 -0.310509 0 -0.950571 -0.310509 0 -0.947666 -0.319264 0 -0.947666 -0.319264 0 -0.944723 -0.327869 0 -0.944723 -0.327869 0 -0.941046 -0.338279 0 -0.941046 -0.338279 0 -0.936416 -0.350891 0 -0.936416 -0.350891 0 -0.930733 -0.365699 0 -0.930733 -0.365699 0 -0.923875 -0.382693 0 -0.923875 -0.382693 0 -0.915704 -0.401853 0 -0.915704 -0.401853 0 -0.906989 -0.421155 0 -0.906989 -0.421155 0 -0.902927 -0.429795 0 -0.902927 -0.429795 0 -0.904604 -0.426253 0 -0.904604 -0.426253 0 -0.911815 -0.410601 0 -0.911815 -0.410601 0 -0.923792 -0.382895 0 -0.923792 -0.382895 0 -0.944292 -0.329109 0 -0.944292 -0.329109 0 -0.973913 -0.226921 0 -0.973913 -0.226921 0 -0.997641 -0.0686479 0 -0.997641 -0.0686479 0 -0.995038 0.099491 0 -0.995038 0.099491 0 -0.983557 0.1806 0 -0.983557 0.1806 0 -0.979357 0.202139 0 -0.979357 0.202139 0 -0.97478 0.22317 0 -0.97478 0.22317 0 -0.969249 0.246081 0 -0.969249 0.246081 0 -0.962658 0.270722 0 -0.962658 0.270722 0 -0.955603 0.294659 0 -0.955603 0.294659 0 -0.949571 0.313553 0 -0.949571 0.313553 0 -0.944883 0.327409 0 -0.944883 0.327409 0 -0.941746 0.336324 0 -0.941746 0.336324 0 -0.940291 0.340371 0 -0.940291 0.340371 0 -0.940576 0.339582 0 -0.940576 0.339582 0 -0.941868 0.335982 0 -0.941868 0.335982 0 -0.942991 0.332818 0 -0.942991 0.332818 0 -0.943934 0.330135 0 -0.943934 0.330135 0 -0.9447 0.327937 0 -0.9447 0.327937 0 -0.945292 0.326224 0 -0.945292 0.326224 0 -0.945714 0.325 0 -0.945714 0.325 0 -0.945966 0.324265 0 -0.945966 0.324265 0 -0.94605 0.32402 0 -0.94605 0.32402 0 -0.95073 0.310021 0 -0.95073 0.310021 0 -0.95073 0.310021 0 -0.95073 0.310021 0 -0.920458 0.390842 0 -0.920154 0.391557 0 -0.920458 0.390842 0 -0.920684 0.390309 0 -0.920684 0.390309 0 -0.920918 0.389756 0 -0.920918 0.389756 0 -0.921161 0.389181 0 -0.921161 0.389181 0 -0.921412 0.388586 0 -0.921412 0.388586 0 -0.921672 0.38797 0 -0.921672 0.38797 0 -0.92194 0.387332 0 -0.92194 0.387332 0 -0.922216 0.386674 0 -0.922216 0.386674 0 -0.922501 0.385995 0 -0.922501 0.385995 0 -0.922794 0.385294 0 -0.922794 0.385294 0 -0.923095 0.384573 0 -0.923095 0.384573 0 -0.923404 0.38383 0 -0.923404 0.38383 0 -0.923721 0.383066 0 -0.923721 0.383066 0 -0.924046 0.382281 0 -0.924046 0.382281 0 -0.924379 0.381475 0 -0.924379 0.381475 0 -0.92472 0.380648 0 -0.92472 0.380648 0 -0.925069 0.379799 0 -0.925069 0.379799 0 -0.925426 0.378929 0 -0.925426 0.378929 0 -0.92579 0.378038 0 -0.92579 0.378038 0 -0.926162 0.377125 0 -0.926162 0.377125 0 -0.926537 0.376204 0 -0.926537 0.376204 0 -0.926897 0.375315 0 -0.926897 0.375315 0 -0.927242 0.374463 0 -0.927242 0.374463 0 -0.927571 0.373646 0 -0.927571 0.373646 0 -0.927885 0.372866 0 -0.927885 0.372866 0 -0.928184 0.372122 0 -0.928184 0.372122 0 -0.928468 0.371413 0 -0.928468 0.371413 0 -0.928736 0.370741 0 -0.928736 0.370741 0 -0.92899 0.370105 0 -0.92899 0.370105 0 -0.929229 0.369505 0 -0.929229 0.369505 0 -0.929453 0.368941 0 -0.929453 0.368941 0 -0.929662 0.368414 0 -0.929662 0.368414 0 -0.929856 0.367923 0 -0.929856 0.367923 0 -0.930036 0.367468 0 -0.930036 0.367468 0 -0.930202 0.367049 0 -0.930202 0.367049 0 -0.930352 0.366667 0 -0.930352 0.366667 0 -0.930489 0.366321 0 -0.930489 0.366321 0 -0.93061 0.366011 0 -0.93061 0.366011 0 -0.930718 0.365738 0 -0.930718 0.365738 0 -0.930811 0.365501 0 -0.930811 0.365501 0 -0.930889 0.365301 0 -0.930889 0.365301 0 -0.930954 0.365137 0 -0.930954 0.365137 0 -0.931004 0.36501 0 -0.931004 0.36501 0 -0.931039 0.364919 0 -0.931039 0.364919 0 -0.931061 0.364864 0 -0.931061 0.364864 0 -0.931068 0.364846 0 -0.931068 0.364846 0 -0.920154 0.391557 0 -0.919448 0.393211 0 -0.919448 0.393211 0 -0.918305 0.395874 0 -0.918305 0.395874 0 -0.916714 0.399543 0 -0.916714 0.399543 0 -0.914666 0.404212 0 -0.914666 0.404212 0 -0.912143 0.409872 0 -0.912143 0.409872 0 -0.909129 0.416515 0 -0.909129 0.416515 0 -0.905602 0.424129 0 -0.905602 0.424129 0 -0.901539 0.432698 0 -0.901539 0.432698 0 -0.896914 0.442204 0 -0.896914 0.442204 0 -0.8917 0.452626 0 -0.8917 0.452626 0 -0.885867 0.463938 0 -0.885867 0.463938 0 -0.879386 0.47611 0 -0.879385 0.47611 0 -0.872178 0.489188 0 -0.872178 0.489188 0 -0.863097 0.505039 0 -0.863096 0.505039 0 -0.851466 0.524411 0 -0.851465 0.524411 0 -0.836991 0.547216 0 -0.836991 0.547216 0 -0.819328 0.573326 0 -0.819328 0.573326 0 -0.798086 0.602543 0 -0.798086 0.602543 0 -0.772854 0.634584 0 -0.772854 0.634584 0 -0.743219 0.669048 0 -0.743219 0.669048 0 -0.709109 0.705099 0 -0.709109 0.705099 0 -0.67066 0.741765 0 -0.670661 0.741764 0 -0.627617 0.778522 0 -0.627617 0.778522 0 -0.579824 0.814742 0 -0.579824 0.814742 0 -0.527273 0.849696 0 -0.527273 0.849696 0 -0.470142 0.882591 0 -0.470142 0.882591 0 -0.408829 0.912611 0 -0.408829 0.912611 0 -0.340943 0.940084 0 -0.340943 0.940084 0 -0.259113 0.965847 0 -0.259113 0.965847 0 -0.158896 0.987295 0 -0.158896 0.987295 0 -0.0359423 0.999354 0 -0.0359423 0.999354 0 0.112325 0.993672 0 0.112325 0.993672 0 0.282924 0.959142 0 0.282924 0.959142 0 0.438684 0.898641 0 0.438684 0.898641 0 0.55917 0.829053 0 0.55917 0.829053 0 0.650202 0.759762 0 0.650202 0.759762 0 0.718977 0.695033 0 0.718977 0.695033 0 0.771717 0.635966 0 0.771717 0.635966 0 0.813555 0.581488 0 0.813555 0.581488 0 0.846692 0.532083 0 0.846692 0.532083 0 0.871896 0.48969 0 0.871896 0.48969 0 0.890146 0.455676 0 0.890146 0.455676 0 0.902396 0.430908 0 0.902396 0.430908 0 0.909417 0.415885 0 0.909417 0.415885 0 0.911702 0.410853 0 0.911702 0.410853 0 0.999947 -0.010314 0 0.999947 -0.010314 0 0.999728 -0.0233218 0 0.999997 -0.00235098 0 0.999997 -0.00235098 0 1 0.000848057 0 1 0.000848057 0 0.999359 0.0358005 0 0.999359 0.0358005 0 0.991486 0.130213 0 0.991486 0.130213 0 0.958557 0.284899 0 0.958557 0.284899 0 0.908975 0.41685 0 0.908975 0.41685 0 0.888894 0.458113 0 0.888894 0.458113 0 0.999728 -0.0233217 0 0.999146 -0.0413233 0 0.999146 -0.0413233 0 0.998036 -0.0626408 0 0.998036 -0.0626408 0 0.996746 -0.0806098 0 0.996746 -0.0806098 0 0.995523 -0.0945185 0 0.995523 -0.0945185 0 0.994534 -0.104413 0 0.994534 -0.104413 0 0.993895 -0.110331 0 0.993895 -0.110331 0 0.993674 -0.112301 0 0.993674 -0.112301 0 0.999533 0.0305739 0 0.999533 0.0305739 0 0.999533 0.0305739 0 0.999533 0.0305739 0 0.999616 0.0277006 0 0.999616 0.0277006 0 0.999616 0.0277006 0 0.999616 0.0277006 0 -0.976548 0.215302 0 -0.976548 0.215302 0 -0.976548 0.215302 0 -0.976548 0.215302 0 0.0541839 0.998531 0 0.0541839 0.998531 0 0.0541839 0.998531 0 0.0541839 0.998531 0 0.972105 0.234547 0 0.972105 0.234547 0 0.972105 0.234547 0 0.972105 0.234547 0 -0.999829 0.0185153 0 -0.999829 0.0185153 0 -0.999829 0.0185153 0 -0.999829 0.0185153 0 -0.999442 0.0333943 0 -0.999442 0.0333943 0 -0.999442 0.0333943 0 -0.999442 0.0333943 0 -0.991502 0.13009 0 -0.991046 0.133524 0 -0.991046 0.133524 0 -0.991502 0.13009 0 -0.991947 0.126652 0 -0.991947 0.126652 0 -0.992381 0.12321 0 -0.992802 0.119764 0 -0.992381 0.12321 0 -0.992802 0.119763 0 -0.993213 0.116314 0 -0.993213 0.116314 0 -0.993611 0.112861 0 -0.993997 0.109405 0 -0.993611 0.112861 0 -0.993997 0.109405 0 -0.994372 0.105945 0 -0.994372 0.105945 0 -0.994735 0.102484 0 -0.995086 0.0990193 0 -0.994735 0.102484 0 -0.995086 0.0990193 0 -0.995424 0.0955527 0 -0.995424 0.0955527 0 -0.995751 0.0920841 0 -0.996066 0.0886137 0 -0.995751 0.0920841 0 -0.996066 0.0886137 0 -0.996366 0.0851709 0 -0.996366 0.0851709 0 -0.996649 0.0818 0 -0.996914 0.0785014 0 -0.996649 0.0818 0 -0.996914 0.0785014 0 -0.997163 0.0752754 0 -0.997163 0.0752754 0 -0.997396 0.0721221 0 -0.997614 0.0690416 0 -0.997396 0.0721221 0 -0.997614 0.0690416 0 -0.997817 0.066034 0 -0.997817 0.066034 0 -0.998007 0.0630994 0 -0.998184 0.0602378 0 -0.998007 0.0630994 0 -0.998184 0.0602378 0 -0.998348 0.0574493 0 -0.998348 0.0574493 0 -0.998501 0.054734 0 -0.998642 0.0520918 0 -0.998501 0.054734 0 -0.998642 0.0520918 0 -0.998773 0.0495229 0 -0.998773 0.0495229 0 -0.998894 0.047027 0 -0.999005 0.0446044 0 -0.998894 0.047027 0 -0.999005 0.0446044 0 -0.999107 0.0422549 0 -0.999107 0.0422549 0 -0.999201 0.0399785 0 -0.999286 0.0377753 0 -0.999201 0.0399785 0 -0.999286 0.0377753 0 -0.999364 0.0356451 0 -0.999364 0.0356451 0 -0.999436 0.0335879 0 -0.9995 0.0316036 0 -0.999436 0.0335879 0 -0.9995 0.0316036 0 -0.999559 0.0296923 0 -0.999559 0.0296923 0 -0.999612 0.0278539 0 -0.99966 0.0260882 0 -0.999612 0.0278539 0 -0.99966 0.0260882 0 -0.999702 0.0243953 0 -0.999702 0.0243953 0 -0.999741 0.022775 0 -0.999775 0.0212274 0 -0.999741 0.022775 0 -0.999775 0.0212274 0 -0.999805 0.0197522 0 -0.999805 0.0197522 0 -0.999832 0.0183496 0 -0.999855 0.0170193 0 -0.999832 0.0183496 0 -0.999855 0.0170193 0 -0.999876 0.0157614 0 -0.999876 0.0157614 0 -0.999894 0.0145758 0 -0.999909 0.0134624 0 -0.999894 0.0145758 0 -0.999909 0.0134624 0 -0.999923 0.0124211 0 -0.999923 0.0124211 0 -0.999934 0.0114519 0 -0.999944 0.0105547 0 -0.999934 0.0114519 0 -0.999944 0.0105547 0 -0.999953 0.00972955 0 -0.999953 0.00972955 0 -0.99996 0.00897631 0 -0.999966 0.00829495 0 -0.99996 0.00897631 0 -0.999966 0.00829495 0 -0.99997 0.00768543 0 -0.99997 0.00768543 0 -0.999974 0.00714771 0 -0.999978 0.00668176 0 -0.999974 0.00714771 0 -0.999978 0.00668176 0 -0.99998 0.00628754 0 -0.99998 0.00628754 0 -0.999982 0.00596504 0 -0.999984 0.00571423 0 -0.999982 0.00596504 0 -0.999984 0.00571423 0 -0.999985 0.00553509 0 -0.999985 0.00553509 0 -0.999985 0.00542761 0 -0.999985 0.00539178 0 -0.999985 0.00542761 0 -0.999985 0.00539178 0 -0.990577 0.136954 0 -0.990098 0.140379 0 -0.990577 0.136954 0 -0.990098 0.140379 0 -0.989607 0.143799 0 -0.989607 0.143799 0 -0.989105 0.147214 0 -0.988591 0.150624 0 -0.989105 0.147214 0 -0.988591 0.150624 0 -0.988066 0.154028 0 -0.988066 0.154028 0 -0.987531 0.157427 0 -0.986984 0.16082 0 -0.987531 0.157427 0 -0.986984 0.16082 0 -0.986426 0.164206 0 -0.986426 0.164206 0 -0.985857 0.167587 0 -0.985278 0.170961 0 -0.985857 0.167587 0 -0.985278 0.170961 0 -0.984688 0.174328 0 -0.984688 0.174328 0 -0.984087 0.177688 0 -0.983475 0.181041 0 -0.984087 0.177688 0 -0.983475 0.181041 0 -0.982854 0.184387 0 -0.982854 0.184387 0 -0.982221 0.187726 0 -0.981579 0.191057 0 -0.982221 0.187726 0 -0.981579 0.191057 0 -0.980926 0.19438 0 -0.980926 0.19438 0 -0.980263 0.197696 0 -0.979591 0.201003 0 -0.980263 0.197696 0 -0.979591 0.201003 0 -0.978908 0.204302 0 -0.978908 0.204302 0 -0.978216 0.207592 0 -0.977513 0.210874 0 -0.978216 0.207592 0 -0.977513 0.210873 0 -0.976802 0.214146 0 -0.976802 0.214146 0 -0.976074 0.217437 0 -0.975235 0.221172 0 -0.976074 0.217437 0 -0.975235 0.221171 0 -0.974244 0.225497 0 -0.974244 0.225496 0 -0.973092 0.230417 0 -0.971768 0.235937 0 -0.973092 0.230416 0 -0.971768 0.235937 0 -0.97026 0.242066 0 -0.97026 0.242066 0 -0.968552 0.248811 0 -0.966628 0.256182 0 -0.968552 0.248811 0 -0.966629 0.256182 0 -0.964471 0.26419 0 -0.964471 0.26419 0 -0.962057 0.272847 0 -0.959366 0.282164 0 -0.962058 0.272846 0 -0.959366 0.282164 0 -0.956371 0.292156 0 -0.956371 0.292155 0 -0.953043 0.302834 0 -0.949352 0.314213 0 -0.953043 0.302834 0 -0.949352 0.314213 0 -0.945263 0.32631 0 -0.945262 0.326312 0 -0.940621 0.339458 0 -0.93533 0.353777 0 -0.94062 0.339462 0 -0.935328 0.353782 0 -0.929375 0.369137 0 -0.929373 0.369142 0 -0.922756 0.385384 0 -0.915488 0.402345 0 -0.922754 0.385389 0 -0.915486 0.40235 0 -0.907601 0.419835 0 -0.907598 0.41984 0 -0.899139 0.437663 0 -0.890163 0.455641 0 -0.899137 0.437668 0 -0.890161 0.455647 0 -0.880745 0.473592 0 -0.880743 0.473595 0 -0.870961 0.491352 0 -0.858417 0.512953 0 -0.870968 0.491339 0 -0.858442 0.51291 0 -0.83635 0.548196 0 -0.836382 0.548147 0 -0.801086 0.598549 0 -0.746262 0.665652 0 -0.801125 0.598497 0 -0.746312 0.665597 0 -0.661606 0.749851 0 -0.661628 0.749833 0 -0.533616 0.845727 0 -0.357711 0.933832 0 -0.533521 0.845787 0 -0.357498 0.933914 0 -0.197506 0.980302 0 -0.197463 0.98031 0 -0.0822561 0.996611 0 -0.0080609 0.999968 0 -0.0823072 0.996607 0 -0.00810378 0.999967 0 0.0328819 0.999459 0 0.0328793 0.999459 0 0.0459304 0.998945 0 0.0459304 0.998945 0 0.945576 0.325402 0 0.943356 0.331783 0 0.945576 0.325402 0 0.940748 0.339106 0 0.943356 0.331783 0 0.940748 0.339106 0 0.937748 0.347317 0 0.937748 0.347317 0 0.934351 0.356355 0 0.930556 0.36615 0 0.934351 0.356355 0 0.930556 0.36615 0 0.926366 0.376625 0 0.926366 0.376625 0 0.919096 0.394034 0 0.899462 0.436998 0 0.919096 0.394034 0 0.899463 0.436998 0 0.861995 0.506916 0 0.861995 0.506916 0 0.798098 0.602528 0 0.696946 0.717123 0 0.798098 0.602528 0 0.696946 0.717123 0 0.558559 0.829465 0 0.558559 0.829465 0 0.430338 0.902668 0 0.323781 0.946132 0 0.430338 0.902668 0 0.323781 0.946132 0 0.239353 0.970932 0 0.239353 0.970932 0 0.186421 0.98247 0 0.168552 0.985693 0 0.186421 0.98247 0 0.168552 0.985693 0 0.947415 0.320007 0 0.947415 0.320007 0 0.948883 0.315629 0 0.949987 0.312291 0 0.948883 0.315629 0 0.949987 0.312291 0 0.950866 0.309604 0 0.950866 0.309604 0 0.952159 0.305604 0 0.953933 0.300021 0 0.952159 0.305604 0 0.953933 0.300021 0 0.956162 0.292838 0 0.956162 0.292838 0 0.958816 0.284027 0 0.961858 0.27355 0 0.958816 0.284027 0 0.961858 0.27355 0 0.963835 0.2665 0 0.963835 0.2665 0 0.963281 0.268496 0 0.960139 0.279525 0 0.963281 0.268496 0 0.960139 0.279525 0 0.954114 0.299444 0 0.954114 0.299444 0 0.95362 0.301013 0 0.967386 0.253306 0 0.95362 0.301013 0 0.967386 0.253306 0 0.987107 0.16006 0 0.987107 0.16006 0 0.993066 0.11756 0 0.993066 0.11756 0 0.928055 0.372443 0 0.928055 0.372443 0 0.928055 0.372443 0 0.928055 0.372443 0 0.998412 -0.0563256 0 0.997628 -0.0688323 0 0.998412 -0.0563257 0 0.996093 -0.0883109 0 0.996093 -0.0883109 0 0.992826 -0.119565 0 0.992826 -0.119565 0 0.972244 -0.233969 0 0.972244 -0.233969 0 0.935606 -0.353046 0 0.935606 -0.353046 0 0.928527 -0.371264 0 0.928527 -0.371264 0 0.931785 -0.363011 0 0.931785 -0.363011 0 0.941846 -0.336044 0 0.941846 -0.336044 0 0.958404 -0.285416 0 0.958404 -0.285416 0 0.98291 -0.184089 0 0.98291 -0.184089 0 0.999738 -0.0229001 0 0.999738 -0.0229001 0 0.989368 0.145434 0 0.989368 0.145434 0 0.977471 0.211071 0 0.977471 0.211071 0 0.997628 -0.0688323 0 0.99603 -0.0890225 0 0.99603 -0.0890225 0 0.997302 -0.0734052 0 0.997302 -0.0734052 0 0.996233 -0.0867193 0 0.996233 -0.0867193 0 0.999433 -0.0336574 0 0.999433 -0.0336574 0 0.998165 -0.0605593 0 0.998165 -0.0605593 0 0.999814 -0.0192861 0 0.999814 -0.0192861 0 0.999399 -0.0346527 0 0.999399 -0.0346527 0 0.99924 -0.0389774 0 0.99924 -0.0389775 0 0.999898 -0.0142854 0 0.999898 -0.0142854 0 0.999856 -0.0169593 0 0.999856 -0.0169593 0 0.999536 -0.030447 0 0.999536 -0.030447 0 0.999389 -0.0349418 0 0.999389 -0.0349418 0 0.999892 -0.0146905 0 0.999892 -0.0146905 0 0.999892 -0.0146905 0 0.999892 -0.0146905 0 0 -1 0 0 -1 0 0 -1 0 0 -1 0 -0.974253 -0.225456 0 -0.974253 -0.225456 0 -0.974253 -0.225456 0 -0.974253 -0.225456 0 -1.61088e-12 -4.75186e-14 1 -1.61088e-12 -4.75186e-14 1 -1.61088e-12 -4.75186e-14 1 -1.61088e-12 -4.75186e-14 1 -1.61088e-12 -4.75186e-14 1 -1.61088e-12 -4.75186e-14 1 -1.61088e-12 -4.75186e-14 1 -1.61088e-12 -4.75186e-14 1 -1.61088e-12 -4.75186e-14 1 -1.61088e-12 -4.75186e-14 1 -1.61088e-12 -4.75186e-14 1 -1.61088e-12 -4.75186e-14 1 -1.61088e-12 -4.75186e-14 1 -1.61088e-12 -4.75186e-14 1 -1.61088e-12 -4.75186e-14 1 -1.61088e-12 -4.75186e-14 1 -1.61088e-12 -4.75186e-14 1 -1.61088e-12 -4.75186e-14 1 -1.61088e-12 -4.75186e-14 1 -1.61088e-12 -4.75186e-14 1 -1.61088e-12 -4.75186e-14 1 -1.61088e-12 -4.75186e-14 1 -1.61088e-12 -4.75186e-14 1 -1.61088e-12 -4.75186e-14 1 -1.61088e-12 -4.75186e-14 1 -1.61088e-12 -4.75186e-14 1 -1.61088e-12 -4.75186e-14 1 -1.61088e-12 -4.75186e-14 1 -1.61088e-12 -4.75186e-14 1 -1.61088e-12 -4.75186e-14 1 -1.61088e-12 -4.75186e-14 1 -1.61088e-12 -4.75186e-14 1 -1.61088e-12 -4.75186e-14 1 -1.61088e-12 -4.75186e-14 1 -1.61088e-12 -4.75186e-14 1 -1.61088e-12 -4.75186e-14 1 -1.61088e-12 -4.75186e-14 1 -1.61088e-12 -4.75186e-14 1 -1.61088e-12 -4.75186e-14 1 -1.61088e-12 -4.75186e-14 1 -1.61088e-12 -4.75186e-14 1 -1.61088e-12 -4.75186e-14 1 -1.61088e-12 -4.75186e-14 1 -1.61088e-12 -4.75186e-14 1 -1.61088e-12 -4.75186e-14 1 -1.61088e-12 -4.75186e-14 1 -1.61088e-12 -4.75186e-14 1 -1.61088e-12 -4.75186e-14 1 -1.61088e-12 -4.75186e-14 1 -1.61088e-12 -4.75186e-14 1 -1.61088e-12 -4.75186e-14 1 -1.61088e-12 -4.75186e-14 1 -1.61088e-12 -4.75186e-14 1 -1.61088e-12 -4.75186e-14 1 -1.61088e-12 -4.75186e-14 1 -1.61088e-12 -4.75186e-14 1 -1.61088e-12 -4.75186e-14 1 -1.61088e-12 -4.75186e-14 1 -1.61088e-12 -4.75186e-14 1 -1.61088e-12 -4.75186e-14 1 -1.61088e-12 -4.75186e-14 1 -1.61088e-12 -4.75186e-14 1 -1.61088e-12 -4.75186e-14 1 -1.61088e-12 -4.75186e-14 1 -1.61088e-12 -4.75186e-14 1 -1.61088e-12 -4.75186e-14 1 -1.61088e-12 -4.75186e-14 1 -1.61088e-12 -4.75186e-14 1 -1.61088e-12 -4.75186e-14 1 -1.61088e-12 -4.75186e-14 1 -1.61088e-12 -4.75186e-14 1 -1.61088e-12 -4.75186e-14 1 -1.61088e-12 -4.75186e-14 1 -1.61088e-12 -4.75186e-14 1 -1.61088e-12 -4.75186e-14 1 -1.61088e-12 -4.75186e-14 1 -1.61088e-12 -4.75186e-14 1 -1.61088e-12 -4.75186e-14 1 -1.61088e-12 -4.75186e-14 1 -1.61088e-12 -4.75186e-14 1 -1.61088e-12 -4.75186e-14 1 -1.61088e-12 -4.75186e-14 1 -1.61088e-12 -4.75186e-14 1 -1.61088e-12 -4.75186e-14 1 -1.61088e-12 -4.75186e-14 1 -1.61088e-12 -4.75186e-14 1 -1.61088e-12 -4.75186e-14 1 -1.61088e-12 -4.75186e-14 1 -1.61088e-12 -4.75186e-14 1 -1.61088e-12 -4.75186e-14 1 -1.61088e-12 -4.75186e-14 1 -1.61088e-12 -4.75186e-14 1 -1.61088e-12 -4.75186e-14 1 -1.61088e-12 -4.75186e-14 1 -1.61088e-12 -4.75186e-14 1 -1.61088e-12 -4.75186e-14 1 -1.61088e-12 -4.75186e-14 1 -1.61088e-12 -4.75186e-14 1 -1.61088e-12 -4.75186e-14 1 -1.61088e-12 -4.75186e-14 1 -1.61088e-12 -4.75186e-14 1 -1.61088e-12 -4.75186e-14 1 -1.61088e-12 -4.75186e-14 1 -1.61088e-12 -4.75186e-14 1 -1.61088e-12 -4.75186e-14 1 -1.61088e-12 -4.75186e-14 1 -1.61088e-12 -4.75186e-14 1 -1.61088e-12 -4.75186e-14 1 -1.61088e-12 -4.75186e-14 1 -1.61088e-12 -4.75186e-14 1 -1.61088e-12 -4.75186e-14 1 -1.61088e-12 -4.75186e-14 1 -1.61088e-12 -4.75186e-14 1 -1.61088e-12 -4.75186e-14 1 -1.61088e-12 -4.75186e-14 1 -1.61088e-12 -4.75186e-14 1 -1.61088e-12 -4.75186e-14 1 -1.61088e-12 -4.75186e-14 1 -1.61088e-12 -4.75186e-14 1 -1.61088e-12 -4.75186e-14 1 -1.61088e-12 -4.75186e-14 1 -1.61088e-12 -4.75186e-14 1 -1.61088e-12 -4.75186e-14 1 -1.61088e-12 -4.75186e-14 1 -1.61088e-12 -4.75186e-14 1 -1.61088e-12 -4.75186e-14 1 -1.61088e-12 -4.75186e-14 1 -1.61088e-12 -4.75186e-14 1 -1.61088e-12 -4.75186e-14 1 -1.61088e-12 -4.75186e-14 1 -1.61088e-12 -4.75186e-14 1 -1.61088e-12 -4.75186e-14 1 -1.61088e-12 -4.75186e-14 1 -1.61088e-12 -4.75186e-14 1 -1.61088e-12 -4.75186e-14 1 -1.61088e-12 -4.75186e-14 1 -1.61088e-12 -4.75186e-14 1 -1.61088e-12 -4.75186e-14 1 -1.61088e-12 -4.75186e-14 1 -1.61088e-12 -4.75186e-14 1 -1.61088e-12 -4.75186e-14 1 -1.61088e-12 -4.75186e-14 1 -1.61088e-12 -4.75186e-14 1 -1.61088e-12 -4.75186e-14 1 -1.61088e-12 -4.75186e-14 1 -1.61088e-12 -4.75186e-14 1 -1.61088e-12 -4.75186e-14 1 -1.61088e-12 -4.75186e-14 1 -1.61088e-12 -4.75186e-14 1 -1.61088e-12 -4.75186e-14 1 -1.61088e-12 -4.75186e-14 1 -1.61088e-12 -4.75186e-14 1 -1.61088e-12 -4.75186e-14 1 -1.61088e-12 -4.75186e-14 1 -1.61088e-12 -4.75186e-14 1 -1.61088e-12 -4.75186e-14 1 -1.61088e-12 -4.75186e-14 1 -1.61088e-12 -4.75186e-14 1 -1.61088e-12 -4.75186e-14 1 -1.61088e-12 -4.75186e-14 1 -1.61088e-12 -4.75186e-14 1 -1.61088e-12 -4.75186e-14 1 -1.61088e-12 -4.75186e-14 1 -1.61088e-12 -4.75186e-14 1 -1.61088e-12 -4.75186e-14 1 -1.61088e-12 -4.75186e-14 1 -1.61088e-12 -4.75186e-14 1 -1.61088e-12 -4.75186e-14 1 -1.61088e-12 -4.75186e-14 1 -1.61088e-12 -4.75186e-14 1 -1.61088e-12 -4.75186e-14 1 -1.61088e-12 -4.75186e-14 1 -1.61088e-12 -4.75186e-14 1 -1.61088e-12 -4.75186e-14 1 -1.61088e-12 -4.75186e-14 1 -1.61088e-12 -4.75186e-14 1 -1.61088e-12 -4.75186e-14 1 -1.61088e-12 -4.75186e-14 1 -1.61088e-12 -4.75186e-14 1 -1.61088e-12 -4.75186e-14 1 -1.61088e-12 -4.75186e-14 1 -1.61088e-12 -4.75186e-14 1 -1.61088e-12 -4.75186e-14 1 -1.61088e-12 -4.75186e-14 1 -1.61088e-12 -4.75186e-14 1 -1.61088e-12 -4.75186e-14 1 -1.61088e-12 -4.75186e-14 1 -1.61088e-12 -4.75186e-14 1 -1.61088e-12 -4.75186e-14 1 -1.61088e-12 -4.75186e-14 1 -1.61088e-12 -4.75186e-14 1 -1.61088e-12 -4.75186e-14 1 -1.61088e-12 -4.75186e-14 1 -1.61088e-12 -4.75186e-14 1 -1.61088e-12 -4.75186e-14 1 -1.61088e-12 -4.75186e-14 1 -1.61088e-12 -4.75186e-14 1 -1.61088e-12 -4.75186e-14 1 -1.61088e-12 -4.75186e-14 1 -1.61088e-12 -4.75186e-14 1 -1.61088e-12 -4.75186e-14 1 -1.61088e-12 -4.75186e-14 1 -1.61088e-12 -4.75186e-14 1 -1.61088e-12 -4.75186e-14 1 -1.61088e-12 -4.75186e-14 1 -1.61088e-12 -4.75186e-14 1 -1.61088e-12 -4.75186e-14 1 -1.61088e-12 -4.75186e-14 1 -1.61088e-12 -4.75186e-14 1 -1.61088e-12 -4.75186e-14 1 -1.61088e-12 -4.75186e-14 1 -1.61088e-12 -4.75186e-14 1 -1.61088e-12 -4.75186e-14 1 -1.61088e-12 -4.75186e-14 1 -1.61088e-12 -4.75186e-14 1 -1.61088e-12 -4.75186e-14 1 -1.61088e-12 -4.75186e-14 1 -1.61088e-12 -4.75186e-14 1 -1.61088e-12 -4.75186e-14 1 -1.61088e-12 -4.75186e-14 1 -1.61088e-12 -4.75186e-14 1 -1.61088e-12 -4.75186e-14 1 -1.61088e-12 -4.75186e-14 1 -1.61088e-12 -4.75186e-14 1 -1.61088e-12 -4.75186e-14 1 -1.61088e-12 -4.75186e-14 1 -1.61088e-12 -4.75186e-14 1 -1.61088e-12 -4.75186e-14 1 -1.61088e-12 -4.75186e-14 1 -1.61088e-12 -4.75186e-14 1 -1.61088e-12 -4.75186e-14 1 -1.61088e-12 -4.75186e-14 1 -1.61088e-12 -4.75186e-14 1 -1.61088e-12 -4.75186e-14 1 -1.61088e-12 -4.75186e-14 1 -1.61088e-12 -4.75186e-14 1 -1.61088e-12 -4.75186e-14 1 -1.61088e-12 -4.75186e-14 1 -1.61088e-12 -4.75186e-14 1 -1.61088e-12 -4.75186e-14 1 -1.61088e-12 -4.75186e-14 1 -1.61088e-12 -4.75186e-14 1 -1.61088e-12 -4.75186e-14 1 -1.61088e-12 -4.75186e-14 1 -1.61088e-12 -4.75186e-14 1 -1.61088e-12 -4.75186e-14 1 -1.61088e-12 -4.75186e-14 1 -1.61088e-12 -4.75186e-14 1 -1.61088e-12 -4.75186e-14 1 -1.61088e-12 -4.75186e-14 1 -1.61088e-12 -4.75186e-14 1 -1.61088e-12 -4.75186e-14 1 -1.61088e-12 -4.75186e-14 1 -1.61088e-12 -4.75186e-14 1 -1.61088e-12 -4.75186e-14 1 -1.61088e-12 -4.75186e-14 1 -1.61088e-12 -4.75186e-14 1 -1.61088e-12 -4.75186e-14 1 -1.61088e-12 -4.75186e-14 1 -1.61088e-12 -4.75186e-14 1 -1.61088e-12 -4.75186e-14 1 -1.61088e-12 -4.75186e-14 1 -1.61088e-12 -4.75186e-14 1 -1.61088e-12 -4.75186e-14 1 -1.61088e-12 -4.75186e-14 1 -1.61088e-12 -4.75186e-14 1 -1.61088e-12 -4.75186e-14 1 -1.61088e-12 -4.75186e-14 1 -1.61088e-12 -4.75186e-14 1 -1.61088e-12 -4.75186e-14 1 -1.61088e-12 -4.75186e-14 1 -1.61088e-12 -4.75186e-14 1 -1.61088e-12 -4.75186e-14 1 -1.61088e-12 -4.75186e-14 1 -1.61088e-12 -4.75186e-14 1 -1.61088e-12 -4.75186e-14 1 -1.61088e-12 -4.75186e-14 1 -1.61088e-12 -4.75186e-14 1 -1.61088e-12 -4.75186e-14 1 -1.61088e-12 -4.75186e-14 1 -1.61088e-12 -4.75186e-14 1 -1.61088e-12 -4.75186e-14 1 -1.61088e-12 -4.75186e-14 1 -1.61088e-12 -4.75186e-14 1 -1.61088e-12 -4.75186e-14 1 -1.61088e-12 -4.75186e-14 1 -1.61088e-12 -4.75186e-14 1 -1.61088e-12 -4.75186e-14 1 -1.61088e-12 -4.75186e-14 1 -1.61088e-12 -4.75186e-14 1 -1.61088e-12 -4.75186e-14 1 -1.61088e-12 -4.75186e-14 1 -1.61088e-12 -4.75186e-14 1 -1.61088e-12 -4.75186e-14 1 -1.61088e-12 -4.75186e-14 1 -1.61088e-12 -4.75186e-14 1 -1.61088e-12 -4.75186e-14 1 -1.61088e-12 -4.75186e-14 1 -1.61088e-12 -4.75186e-14 1 -1.61088e-12 -4.75186e-14 1 -1.61088e-12 -4.75186e-14 1 -1.61088e-12 -4.75186e-14 1 -1.61088e-12 -4.75186e-14 1 -1.61088e-12 -4.75186e-14 1 -1.61088e-12 -4.75186e-14 1 -1.61088e-12 -4.75186e-14 1 -1.61088e-12 -4.75186e-14 1 -1.61088e-12 -4.75186e-14 1 -1.61088e-12 -4.75186e-14 1 -1.61088e-12 -4.75186e-14 1 -1.61088e-12 -4.75186e-14 1 -1.61088e-12 -4.75186e-14 1 -1.61088e-12 -4.75186e-14 1 -1.61088e-12 -4.75186e-14 1 -1.61088e-12 -4.75186e-14 1 -1.61088e-12 -4.75186e-14 1 -1.61088e-12 -4.75186e-14 1 -1.61088e-12 -4.75186e-14 1 -1.61088e-12 -4.75186e-14 1 -1.61088e-12 -4.75186e-14 1 -1.61088e-12 -4.75186e-14 1 -1.61088e-12 -4.75186e-14 1 -1.61088e-12 -4.75186e-14 1 -1.61088e-12 -4.75186e-14 1 -1.61088e-12 -4.75186e-14 1 -1.61088e-12 -4.75186e-14 1 -1.61088e-12 -4.75186e-14 1 -1.61088e-12 -4.75186e-14 1 -1.61088e-12 -4.75186e-14 1 -1.61088e-12 -4.75186e-14 1 -1.61088e-12 -4.75186e-14 1 -1.61088e-12 -4.75186e-14 1 -1.61088e-12 -4.75186e-14 1 -1.61088e-12 -4.75186e-14 1 -1.61088e-12 -4.75186e-14 1 -1.61088e-12 -4.75186e-14 1 -1.61088e-12 -4.75186e-14 1 -1.61088e-12 -4.75186e-14 1 -1.61088e-12 -4.75186e-14 1 -1.61088e-12 -4.75186e-14 1 -1.61088e-12 -4.75186e-14 1 -1.61088e-12 -4.75186e-14 1 -1.61088e-12 -4.75186e-14 1 -1.61088e-12 -4.75186e-14 1 -1.61088e-12 -4.75186e-14 1 -1.61088e-12 -4.75186e-14 1 -1.61088e-12 -4.75186e-14 1 -1.61088e-12 -4.75186e-14 1 -1.61088e-12 -4.75186e-14 1 -1.61088e-12 -4.75186e-14 1 -1.61088e-12 -4.75186e-14 1 -1.61088e-12 -4.75186e-14 1 -1.61088e-12 -4.75186e-14 1 -1.61088e-12 -4.75186e-14 1 -1.61088e-12 -4.75186e-14 1 -1.61088e-12 -4.75186e-14 1 -1.61088e-12 -4.75186e-14 1 -1.61088e-12 -4.75186e-14 1 -1.61088e-12 -4.75186e-14 1 -1.61088e-12 -4.75186e-14 1 -1.61088e-12 -4.75186e-14 1 -1.61088e-12 -4.75186e-14 1 -1.61088e-12 -4.75186e-14 1 -1.61088e-12 -4.75186e-14 1 -1.61088e-12 -4.75186e-14 1 -1.61088e-12 -4.75186e-14 1 -1.61088e-12 -4.75186e-14 1 -1.61088e-12 -4.75186e-14 1 -1.61088e-12 -4.75186e-14 1 -1.61088e-12 -4.75186e-14 1 -1.61088e-12 -4.75186e-14 1 -1.61088e-12 -4.75186e-14 1 -1.61088e-12 -4.75186e-14 1 -1.61088e-12 -4.75186e-14 1 -1.61088e-12 -4.75186e-14 1 -1.61088e-12 -4.75186e-14 1 0.973528 0.228567 0 0.973528 0.228567 0 0.973528 0.228567 0 0.973528 0.228567 0 0.748762 -0.662839 0 0.748762 -0.662839 0 0.748762 -0.662839 0 0.748762 -0.662839 0 -0.802166 -0.597101 0 -0.802166 -0.597101 0 -0.802166 -0.597101 0 -0.802166 -0.597101 0 -0.997405 0.071998 0 -0.979731 0.200319 0 -0.979731 0.200319 0 -0.95284 0.303474 0 -0.95284 0.303474 0 -0.966226 0.257696 0 -0.966226 0.257696 0 -0.997405 0.071998 0 -0.999851 0.0172411 0 -0.999851 0.0172411 0 -0.999967 0.0081351 0 -0.999967 0.0081351 0 -1 0 0 -1 0 0 -1 0 0 -1 0 0 -0.999363 0.0356915 0 -0.999363 0.0356915 0 -0.999363 0.0356915 0 -0.999363 0.0356915 0 -0.989119 0.147118 0 -0.989631 0.143636 0 -0.989631 0.143636 0 -0.99013 0.140155 0 -0.99013 0.140155 0 -0.990616 0.136678 0 -0.990616 0.136678 0 -0.991089 0.133203 0 -0.991089 0.133203 0 -0.991549 0.129732 0 -0.991549 0.129732 0 -0.991996 0.126266 0 -0.991996 0.126266 0 -0.992431 0.122803 0 -0.992431 0.122803 0 -0.992853 0.119346 0 -0.992853 0.119346 0 -0.993262 0.115894 0 -0.993262 0.115894 0 -0.993658 0.112447 0 -0.993658 0.112447 0 -0.994041 0.109006 0 -0.994041 0.109006 0 -0.994412 0.105572 0 -0.994412 0.105572 0 -0.99477 0.102145 0 -0.99477 0.102145 0 -0.995115 0.0987253 0 -0.995115 0.0987253 0 -0.995445 0.0953372 0 -0.995445 0.0953372 0 -0.995757 0.0920193 0 -0.995757 0.0920194 0 -0.996052 0.0887722 0 -0.996052 0.0887722 0 -0.99633 0.0855959 0 -0.99633 0.0855959 0 -0.996592 0.0824905 0 -0.996592 0.0824905 0 -0.996838 0.0794561 0 -0.996838 0.0794561 0 -0.99707 0.0764926 0 -0.99707 0.0764926 0 -0.997288 0.0736001 0 -0.997288 0.0736001 0 -0.997492 0.0707787 0 -0.997492 0.0707787 0 -0.997683 0.0680282 0 -0.997683 0.0680282 0 -0.997862 0.0653487 0 -0.997862 0.0653487 0 -0.99803 0.0627402 0 -0.99803 0.0627402 0 -0.998186 0.0602026 0 -0.998186 0.0602026 0 -0.998332 0.0577359 0 -0.998332 0.0577359 0 -0.998468 0.05534 0 -0.998468 0.05534 0 -0.998594 0.0530149 0 -0.998594 0.0530149 0 -0.998711 0.0507605 0 -0.998711 0.0507605 0 -0.998819 0.0485767 0 -0.998819 0.0485767 0 -0.99892 0.0464634 0 -0.99892 0.0464634 0 -0.999013 0.0444206 0 -0.999013 0.0444206 0 -0.999099 0.0424482 0 -0.999099 0.0424482 0 -0.999178 0.0405461 0 -0.999178 0.0405461 0 -0.99925 0.0387142 0 -0.99925 0.0387142 0 -0.999317 0.0369524 0 -0.999317 0.0369524 0 -0.999378 0.0352606 0 -0.999378 0.0352606 0 -0.999434 0.0336387 0 -0.999434 0.0336387 0 -0.999485 0.0320867 0 -0.999485 0.0320867 0 -0.999532 0.0306044 0 -0.999532 0.0306044 0 -0.999574 0.0291917 0 -0.999574 0.0291917 0 -0.999612 0.0278487 0 -0.999612 0.0278487 0 -0.999647 0.026575 0 -0.999647 0.026575 0 -0.999678 0.0253708 0 -0.999678 0.0253708 0 -0.999706 0.0242359 0 -0.999706 0.0242359 0 -0.999732 0.0231702 0 -0.999732 0.0231702 0 -0.999754 0.0221736 0 -0.999754 0.0221736 0 -0.999774 0.0212461 0 -0.999774 0.0212461 0 -0.999792 0.0203876 0 -0.999792 0.0203876 0 -0.999808 0.019598 0 -0.999808 0.019598 0 -0.999822 0.0188773 0 -0.999822 0.0188773 0 -0.999834 0.0182255 0 -0.999834 0.0182255 0 -0.999844 0.0176423 0 -0.999844 0.0176423 0 -0.999853 0.0171279 0 -0.999853 0.0171279 0 -0.999861 0.0166822 0 -0.999861 0.0166822 0 -0.999867 0.0163051 0 -0.999867 0.0163051 0 -0.999872 0.0159966 0 -0.999872 0.0159966 0 -0.999876 0.0157567 0 -0.999876 0.0157567 0 -0.999879 0.0155853 0 -0.999879 0.0155853 0 -0.99988 0.0154825 0 -0.99988 0.0154825 0 -0.999881 0.0154483 0 -0.999881 0.0154483 0 -0.989119 0.147118 0 -0.988594 0.150603 0 -0.988594 0.150603 0 -0.988057 0.154089 0 -0.988057 0.154089 0 -0.987507 0.157577 0 -0.987507 0.157577 0 -0.986944 0.161065 0 -0.986944 0.161065 0 -0.986368 0.164553 0 -0.986368 0.164553 0 -0.98578 0.168041 0 -0.98578 0.168041 0 -0.985179 0.171529 0 -0.985179 0.171529 0 -0.984566 0.175015 0 -0.984566 0.175015 0 -0.98394 0.1785 0 -0.98394 0.1785 0 -0.983302 0.181984 0 -0.983302 0.181984 0 -0.982651 0.185465 0 -0.982651 0.185465 0 -0.981988 0.188943 0 -0.981988 0.188943 0 -0.981313 0.192419 0 -0.981313 0.192419 0 -0.980626 0.195891 0 -0.980626 0.195891 0 -0.979927 0.199359 0 -0.979927 0.199359 0 -0.979216 0.202823 0 -0.979216 0.202823 0 -0.978493 0.206282 0 -0.978493 0.206282 0 -0.977758 0.209736 0 -0.977758 0.209736 0 -0.977012 0.213184 0 -0.977012 0.213184 0 -0.976254 0.216627 0 -0.976254 0.216627 0 -0.975486 0.220064 0 -0.975486 0.220064 0 -0.974705 0.223494 0 -0.974705 0.223494 0 -0.973914 0.226917 0 -0.973914 0.226917 0 -0.973112 0.230332 0 -0.973112 0.230332 0 -0.972299 0.23374 0 -0.972299 0.23374 0 -0.971475 0.23714 0 -0.971475 0.23714 0 -0.97063 0.240576 0 -0.97063 0.240576 0 -0.969718 0.244227 0 -0.969718 0.244227 0 -0.96873 0.248116 0 -0.96873 0.248116 0 -0.967662 0.252251 0 -0.967662 0.252251 0 -0.966507 0.256641 0 -0.966507 0.256642 0 -0.965258 0.261297 0 -0.965258 0.261297 0 -0.96391 0.266229 0 -0.96391 0.266229 0 -0.962453 0.27145 0 -0.962453 0.27145 0 -0.960877 0.276975 0 -0.960877 0.276975 0 -0.959173 0.28282 0 -0.959173 0.28282 0 -0.957328 0.289003 0 -0.957328 0.289003 0 -0.955329 0.295544 0 -0.955329 0.295544 0 -0.953161 0.302465 0 -0.953161 0.302465 0 -0.950805 0.30979 0 -0.950805 0.30979 0 -0.948242 0.317548 0 -0.948242 0.317548 0 -0.945432 0.32582 0 -0.945431 0.325821 0 -0.942101 0.335331 0 -0.942101 0.33533 0 -0.938166 0.346185 0 -0.938167 0.346184 0 -0.93365 0.358187 0 -0.933649 0.358189 0 -0.928592 0.371101 0 -0.928593 0.3711 0 -0.923061 0.384653 0 -0.923062 0.384652 0 -0.917139 0.398567 0 -0.917139 0.398568 0 -0.910921 0.412582 0 -0.910921 0.412581 0 -0.904506 0.42646 0 -0.904507 0.426459 0 -0.897995 0.440005 0 -0.897995 0.440006 0 -0.891476 0.453067 0 -0.891476 0.453067 0 -0.883566 0.468306 0 -0.883558 0.468322 0 -0.864188 0.503169 0 -0.864199 0.50315 0 -0.826008 0.563659 0 -0.82597 0.563715 0 -0.753342 0.657629 0 -0.753261 0.657722 0 -0.610033 0.792376 0 -0.610001 0.792401 0 -0.337112 0.941465 0 -0.337851 0.9412 0 -0.00740154 0.999973 0 -0.00739972 0.999973 0 0.181859 0.983325 0 0.181737 0.983347 0 0.269426 0.963021 0 0.26946 0.963012 0 0.29487 0.955537 0 0.29487 0.955537 0 0.930655 0.365898 0 0.930655 0.365898 0 0.91401 0.405692 0 0.91401 0.405692 0 0.880982 0.47315 0 0.823404 0.567456 0 0.880982 0.47315 0 0.823404 0.567456 0 0.730431 0.682987 0 0.730431 0.682987 0 0.600104 0.799922 0 0.479499 0.877542 0 0.600104 0.799922 0 0.479499 0.877542 0 0.382137 0.924106 0 0.382137 0.924106 0 0.313976 0.949431 0 0.290456 0.956888 0 0.313976 0.949431 0 0.290456 0.956888 0 0.937432 0.348168 0 0.937432 0.348168 0 0.942706 0.333623 0 0.942706 0.333623 0 0.947163 0.320754 0 0.950843 0.309674 0 0.947163 0.320754 0 0.950843 0.309674 0 0.953788 0.300479 0 0.953788 0.300479 0 0.956037 0.293247 0 0.957619 0.288038 0 0.956037 0.293247 0 0.957619 0.288038 0 0.958558 0.284896 0 0.958558 0.284896 0 0.95887 0.283846 0 0.95887 0.283846 0 0.934997 0.354654 0 0.934997 0.354654 0 0.934997 0.354654 0 0.934997 0.354654 0 0.955524 0.294915 0 0.955524 0.294915 0 0.955524 0.294915 0 0.955524 0.294915 0 0.990189 -0.139731 0 0.99101 -0.133787 0 0.990189 -0.139731 0 0.989303 -0.145879 0 0.989303 -0.145879 0 0.988345 -0.152228 0 0.988345 -0.152228 0 0.987314 -0.158779 0 0.987314 -0.158779 0 0.986205 -0.165531 0 0.986205 -0.165531 0 0.985012 -0.172483 0 0.985012 -0.172483 0 0.983761 -0.179482 0 0.983761 -0.179482 0 0.982491 -0.186312 0 0.982491 -0.186312 0 0.981204 -0.192972 0 0.981204 -0.192972 0 0.979905 -0.199462 0 0.979905 -0.199462 0 0.978597 -0.205784 0 0.978597 -0.205784 0 0.977283 -0.211939 0 0.977283 -0.211939 0 0.975965 -0.217927 0 0.975965 -0.217927 0 0.974647 -0.223749 0 0.974647 -0.223749 0 0.973326 -0.229427 0 0.973326 -0.229427 0 0.971896 -0.235411 0 0.971896 -0.235411 0 0.970306 -0.24188 0 0.970306 -0.24188 0 0.968546 -0.248833 0 0.968546 -0.248833 0 0.966607 -0.256264 0 0.966607 -0.256264 0 0.964476 -0.26417 0 0.964476 -0.26417 0 0.962143 -0.272544 0 0.962143 -0.272544 0 0.959596 -0.28138 0 0.959596 -0.28138 0 0.956823 -0.290671 0 0.956823 -0.290671 0 0.954016 -0.299755 0 0.954016 -0.299755 0 0.951394 -0.307976 0 0.951394 -0.307976 0 0.948976 -0.31535 0 0.948976 -0.31535 0 0.946777 -0.321891 0 0.946777 -0.321891 0 0.944812 -0.327613 0 0.944812 -0.327613 0 0.943094 -0.332525 0 0.943094 -0.332525 0 0.941622 -0.336671 0 0.941622 -0.336671 0 0.940182 -0.340672 0 0.940182 -0.340672 0 0.938706 -0.34472 0 0.938706 -0.34472 0 0.937203 -0.348784 0 0.937203 -0.348784 0 0.935686 -0.352835 0 0.935686 -0.352835 0 0.934771 -0.355252 0 0.934771 -0.355252 0 0.947606 -0.319442 0 0.947606 -0.319442 0 0.974155 -0.22588 0 0.974155 -0.22588 0 0.997746 -0.0671005 0 0.997746 -0.0671008 0 0.995121 0.0986638 0 0.995121 0.0986638 0 0.982804 0.184652 0 0.982804 0.184652 0 0.977478 0.211036 0 0.977478 0.211036 0 0.97291 0.231183 0 0.97291 0.231183 0 0.96831 0.249753 0 0.96831 0.249753 0 0.963795 0.266646 0 0.963795 0.266646 0 0.959478 0.281785 0 0.959478 0.281784 0 0.95558 0.294731 0 0.95558 0.294731 0 0.952312 0.305126 0 0.952312 0.305126 0 0.94975 0.313009 0 0.94975 0.313009 0 0.947953 0.318411 0 0.947953 0.318411 0 0.946958 0.321357 0 0.946958 0.321357 0 0.946787 0.32186 0 0.946787 0.32186 0 0.947428 0.319968 0 0.947428 0.319968 0 0.948272 0.31746 0 0.948272 0.31746 0 0.949011 0.315243 0 0.949011 0.315243 0 0.949648 0.31332 0 0.949648 0.31332 0 0.950184 0.311691 0 0.950184 0.311691 0 0.95062 0.310356 0 0.95062 0.310356 0 0.950959 0.309317 0 0.950959 0.309317 0 0.9512 0.308575 0 0.9512 0.308575 0 0.951344 0.30813 0 0.951344 0.30813 0 0.951392 0.307981 0 0.951392 0.307981 0 0.99101 -0.133787 0 0.991768 -0.128045 0 0.991768 -0.128045 0 0.99247 -0.122488 0 0.99247 -0.122488 0 0.99313 -0.117015 0 0.99313 -0.117015 0 0.993752 -0.11161 0 0.993752 -0.11161 0 0.994337 -0.106274 0 0.994337 -0.106274 0 0.994886 -0.101007 0 0.994886 -0.101007 0 0.9954 -0.0958096 0 0.9954 -0.0958096 0 0.99588 -0.0906813 0 0.99588 -0.0906813 0 0.996326 -0.0856418 0 0.996326 -0.0856418 0 0.99673 -0.0808034 0 0.99673 -0.0808034 0 0.997094 -0.0761845 0 0.997094 -0.0761845 0 0.99742 -0.0717855 0 0.99742 -0.0717855 0 0.997712 -0.0676065 0 0.997712 -0.0676065 0 0.997972 -0.0636479 0 0.997972 -0.0636479 0 0.998204 -0.0599097 0 0.998204 -0.0599097 0 0.998417 -0.0562371 0 0.998417 -0.0562371 0 0.998644 -0.0520687 0 0.998644 -0.0520687 0 0.998878 -0.0473529 0 0.998878 -0.0473529 0 0.999114 -0.0420894 0 0.999114 -0.0420893 0 0.999342 -0.0362773 0 0.999342 -0.0362773 0 0.999551 -0.0299665 0 0.999551 -0.0299665 0 0.999709 -0.0241162 0 0.999709 -0.0241161 0 0.999818 -0.019094 0 0.999818 -0.019094 0 0.999889 -0.0149007 0 0.999889 -0.0149007 0 0.999933 -0.0115363 0 0.999933 -0.0115363 0 0.999959 -0.00900092 0 0.999959 -0.00900092 0 0.999973 -0.00729444 0 0.999973 -0.00729444 0 0.999979 -0.00641678 0 0.999979 -0.00641678 0 0.99998 -0.00636785 0 0.99998 -0.00636785 0 0.999974 -0.0071467 0 0.999974 -0.0071467 0 0.999966 -0.00820641 0 0.999966 -0.00820642 0 0.999959 -0.0090858 0 0.999959 -0.0090858 0 0.999952 -0.00978484 0 0.999952 -0.00978484 0 0.999947 -0.0103035 0 0.999947 -0.0103035 0 0.999943 -0.0106419 0 0.999943 -0.0106419 0 0.999942 -0.0107998 0 0.999942 -0.0107998 0 0.999942 -0.0107774 0 0.999942 -0.0107774 0 0.999944 -0.0105747 0 0.999944 -0.0105747 0 0.999948 -0.0101915 0 0.999948 -0.0101915 0 0.999954 -0.00962794 0 0.999954 -0.00962794 0 0.999961 -0.008884 0 0.999961 -0.008884 0 0.999968 -0.00795966 0 0.999968 -0.00795966 0 0.999977 -0.00685494 0 0.999977 -0.00685493 0 0.999984 -0.00568419 0 0.999984 -0.00568419 0 0.99999 -0.00458415 0 0.99999 -0.00458415 0 0.999994 -0.00355508 0 0.999994 -0.00355508 0 0.999997 -0.002597 0 0.999997 -0.002597 0 0.999999 -0.00170989 0 0.999999 -0.00170989 0 1 -0.000893758 0 1 -0.000893758 0 1 -0.000148605 0 1 -0.00014861 0 1 0.000525567 0 1 0.000525567 0 0.999999 0.00112877 0 0.999999 0.00112877 0 0.999999 0.001661 0 0.999999 0.001661 0 0.999998 0.00212226 0 0.999998 0.00212226 0 0.999997 0.00251255 0 0.999997 0.00251255 0 0.999996 0.00283188 0 0.999996 0.00283188 0 0.999995 0.00308024 0 0.999995 0.00308024 0 0.999995 0.00325764 0 0.999995 0.00325764 0 0.999994 0.00336408 0 0.999994 0.00336408 0 0.999994 0.00339956 0 0.999994 0.00339956 0 1 0 0 1 0 0 1 0 0 1 0 0 0.995711 0.0925226 0 0.999087 0.0427208 0 0.995711 0.0925226 0 0.999996 0.0029292 0 0.999087 0.0427208 0 0.999996 0.0029292 0 0.989394 0.145259 0 0.989394 0.145259 0 0.98921 0.146506 0 0.98921 0.146506 0 0 0 1 0 0 1 0 0 1 0 0 1 0 0 1 0 0 1 0 0 1 0 0 1 0 0 1 0 0 1 0 0 1 0 0 1 0 0 1 0 0 1 0 0 1 0 0 1 0 0 1 0 0 1 0 0 1 0 0 1 0 0 1 0 0 1 0 0 1 0 0 1 0 0 1 0 0 1 0 0 1 0 0 1 0 0 1 0 0 1 0 0 1 0 0 1 0 0 1 0 0 1 0 0 1 0 0 1 0 0 1 0 0 1 0 0 1 0 0 1 0 0 1 0 0 1 0 0 1 0 0 1 0 0 1 0 0 1 0 0 1 0 0 1 0 0 1 0 0 1 0 0 1 0 0 1 0 0 1 0 0 1 0 0 1 0 0 1 0 0 1 0 0 1 0 0 1 0 0 1 0 0 1 0 0 1 0 0 1 0 0 1 0 0 1 0 0 1 0 0 1 0 0 1 0 0 1 0 0 1 0 0 1 0 0 1 0 0 1 0 0 1 0 0 1 0 0 1 0 0 1 0 0 1 0 0 1 0 0 1 0 0 1 0 0 1 0 0 1 0 0 1 0 0 1 0 0 1 0 0 1 0 0 1 0 0 1 0 0 1 0 0 1 0 0 1 0 0 1 0 0 1 0 0 1 0 0 1 0 0 1 0 0 1 0 0 1 0 0 1 0 0 1 0 0 1 0 0 1 0 0 1 0 0 1 0 0 1 0 0 1 0 0 1 0 0 1 0 0 1 0 0 1 0 0 1 0 0 1 0 0 1 0 0 1 0 0 1 0 0 1 0 0 1 0 0 1 0 0 1 0 0 1 0 0 1 0 0 1 0 0 1 0 0 1 0 0 1 0 0 1 0 0 1 0 0 1 0 0 1 0 0 1 0 0 1 0 0 1 0 0 1 0 0 1 0 0 1 0 0 1 0 0 1 0 0 1 0 0 1 0 0 1 0 0 1 0 0 1 0 0 1 0 0 1 0 0 1 0 0 1 0 0 1 0 0 1 0 0 1 0 0 1 0 0 1 0 0 1 0 0 1 0 0 1 0 0 1 0 0 1 0 0 1 0 0 1 0 0 1 0 0 1 0 0 1 0 0 1 0 0 1 0 0 1 0 0 1 0 0 1 0 0 1 0 0 1 0 0 1 0 0 1 0 0 1 0 0 1 0 0 1 0 0 1 0 0 1 0 0 1 0 0 1 0 0 1 0 0 1 0 0 1 0 0 1 0 0 1 0 0 1 0 0 1 0 0 1 0 0 1 0 0 1 0 0 1 0 0 1 0 0 1 0 0 1 0 0 1 0 0 1 0 0 1 0 0 1 0 0 1 0 0 1 0 0 1 0 0 1 0 0 1 0 0 1 0 0 1 0 0 1 0 0 1 0 0 1 0 0 1 0 0 1 0 0 1 0 0 1 0 0 1 0 0 1 0 0 1 0 0 1 0 0 1 0 0 1 0 0 1 0 0 1 0 0 1 0 0 1 0 0 1 0 0 1 0 0 1 0 0 1 0 0 1 0 0 1 0 0 1 0 0 1 0 0 1 0 0 1 0 0 1 0 0 1 0 0 1 0 0 1 0 0 1 0 0 1 0 0 1 0 0 1 0 0 1 0 0 1 0 0 1 0 0 1 0 0 1 0 0 1 0 0 1 0 0 1 0 0 1 0 0 1 0 0 1 0 0 1 0 0 1 0 0 1 0 0 1 0 0 1 0 0 1 0 0 1 0 0 1 0 0 1 0 0 1 0 0 1 0 0 1 0 0 1 0 0 1 0 0 1 0 0 1 0 0 1 0 0 1 0 0 1 0 0 1 0 0 1 0 0 1 0 0 1 0 0 1 0 0 1 0 0 1 0 0 1 0 0 1 0 0 1 0 0 1 0 0 1 0 0 1</float_array>
          <technique_common>
            <accessor count="3890" source="#ID7" stride="3">
              <param name="X" type="float"/>
              <param name="Y" type="float"/>
              <param name="Z" type="float"/>
            </accessor>
          </technique_common>
        </source>
        <vertices id="ID8">
          <input semantic="POSITION" source="#ID4"/>
          <input semantic="NORMAL" source="#ID6"/>
        </vertices>
        <triangles count="3772" material="ID9">
          <input offset="0" semantic="VERTEX" source="#ID8"/>
          <p>0 2 1 3 5 4 6 4 5 3 7 5 8 6 5 9 11 10 6 8 12 13 15 14 8 16 12 17 18 13 19 20 13 21 13 22 23 13 24 25 27 26 25 22 13 28 27 29 27 31 30 32 34 33 33 36 35 37 38 27 38 39 27 40 42 41 43 44 42 45 27 46 27 45 47 48 49 46 46 49 50 51 53 52 54 56 55 56 54 48 57 59 58 60 61 16 62 63 56 64 55 56 62 66 65 67 68 62 69 71 70 72 74 73 75 70 71 76 78 77 79 80 16 81 82 73 83 84 72 67 86 85 62 87 66 63 62 68 88 83 89 90 92 91 29 27 93 91 92 21 92 90 94 37 27 95 92 24 21 65 96 62 49 48 97 84 74 72 98 78 76 86 67 96 99 87 82 81 100 82 82 100 99 83 72 89 81 73 74 69 77 71 70 75 88 89 70 88 77 69 76 96 67 62 87 62 82 48 54 97 56 63 64 47 95 27 46 50 45 28 31 27 39 93 27 13 27 25 30 26 27 23 17 13 21 24 13 13 20 15 18 19 13 13 102 101 13 14 102 103 13 104 13 101 104 105 106 13 105 13 103 13 108 107 106 108 13 109 13 110 13 107 110 111 109 112 109 111 13 113 111 114 111 112 114 115 116 111 115 111 113 111 118 117 116 118 111 119 111 120 111 117 120 121 122 111 121 111 119 111 124 123 122 124 111 125 111 126 111 123 126 127 128 111 127 111 125 111 130 129 128 130 111 16 111 12 111 129 12 131 132 16 16 132 111 133 134 16 16 134 131 135 136 16 16 136 133 137 138 16 16 138 135 139 140 16 16 140 137 141 142 16 16 142 139 143 144 16 16 144 141 143 146 145 143 145 147 143 149 148 146 143 148 150 149 16 143 16 149 151 152 16 16 152 150 16 153 151 16 154 153 16 155 154 155 157 156 155 156 158 155 160 159 157 155 159 155 162 161 160 155 161 163 162 16 155 16 162 164 165 16 16 165 163 166 167 16 16 167 164 168 169 16 16 169 166 170 171 16 16 171 168 16 80 170 79 16 172 172 16 173 173 16 61 174 176 175 53 178 177 179 181 180 52 181 182 183 184 180 180 184 179 44 180 42 180 44 183 185 187 186 43 42 40 42 35 41 35 32 33 188 189 32 32 189 34 188 191 190 191 188 32 192 191 193 192 190 191 194 196 195 193 191 196 196 198 197 197 195 196 198 200 199 197 198 199 201 200 202 198 202 200 203 202 204 202 203 201 205 206 204 207 203 204 208 210 209 209 205 204 208 212 211 212 208 209 212 214 213 213 211 212 215 214 216 215 217 214 218 219 216 216 214 218 218 221 220 220 222 218 221 224 223 220 221 225 226 223 224 227 229 228 230 231 224 224 231 226 232 234 233 233 234 230 235 236 233 233 237 232 238 239 235 235 239 236 238 241 240 241 238 235 242 244 243 242 240 241 245 246 243 243 244 247 245 249 248 246 245 248 245 251 250 249 245 250 252 254 253 245 252 251 252 256 255 254 252 255 257 252 258 257 259 252 260 252 261 262 258 252 263 264 261 264 260 261 265 266 261 261 266 263 267 268 261 261 268 265 269 270 261 261 270 267 261 272 271 273 261 271 274 272 275 261 275 272 276 277 275 275 277 274 278 279 275 275 279 276 278 281 280 281 278 275 282 280 283 280 281 283 284 285 280 284 280 282 280 287 286 285 287 280 288 280 289 280 286 289 290 292 291 293 280 288 294 296 295 186 298 297 299 301 300 302 304 303 305 307 306 308 310 309 311 313 312 312 315 314 316 317 312 312 319 318 320 322 321 323 324 322 325 327 326 296 328 295 329 328 296 296 330 329 331 333 332 334 330 296 332 333 335 326 336 296 326 327 336 337 8 338 339 5 7 336 8 5 331 332 340 334 296 341 342 340 332 252 253 251 252 260 262 343 345 344 241 244 242 343 344 346 233 230 224 347 348 1 349 1 350 222 219 218 182 351 52 209 210 205 352 354 353 52 355 51 351 355 52 352 357 356 358 53 51 357 360 359 361 359 362 53 364 363 358 364 53 365 367 366 368 366 369 370 53 371 53 363 371 372 374 373 375 373 376 377 379 378 178 53 370 380 382 381 53 177 383 384 386 385 387 10 383 53 383 10 384 389 388 388 390 384 391 9 10 392 394 393 395 397 396 396 397 398 399 377 400 378 393 377 401 403 402 404 406 405 407 408 10 409 404 410 403 401 405 411 413 412 404 405 414 415 416 1 176 59 60 389 418 417 396 398 403 419 420 1 1 420 415 421 390 388 385 418 384 422 423 1 1 423 419 395 421 397 424 425 1 1 425 422 426 406 409 414 405 401 1 349 427 1 427 424 402 403 398 421 395 390 345 429 428 350 1 348 384 418 389 347 1 2 430 432 431 1 434 433 0 1 433 375 376 381 374 376 373 1 436 435 434 1 435 365 366 368 1 438 437 436 1 437 362 367 361 1 440 439 438 1 439 360 357 352 337 440 1 441 440 337 442 444 443 445 447 446 448 443 449 442 443 448 450 446 447 337 443 441 441 443 444 346 443 337 343 327 332 451 345 428 428 429 447 445 446 452 367 365 361 453 369 372 368 369 453 382 454 431 376 380 381 432 385 386 409 406 404 385 432 430 382 380 454 431 454 430 372 369 374 362 359 360 354 352 356 455 353 354 353 455 456 456 457 353 445 452 457 353 457 452 429 450 447 345 451 458 458 344 345 459 337 338 343 459 327 5 460 336 8 336 338 337 459 346 343 346 459 303 461 302 462 280 463 464 332 335 460 296 336 341 296 460 465 294 280 280 294 295 466 467 280 280 467 465 468 469 280 280 469 466 462 470 280 280 470 468 463 280 471 280 473 472 471 280 472 280 475 474 473 280 474 280 477 476 475 280 476 269 261 273 477 280 293 256 252 259 243 247 245 478 377 479 237 233 236 480 377 481 225 221 223 217 213 214 207 204 206 194 193 196 41 35 36 180 181 52 482 393 483 391 10 387 484 10 485 10 11 485 486 487 393 407 10 484 488 10 489 408 489 10 490 491 488 490 488 489 488 493 492 491 493 488 494 488 495 488 492 495 496 497 488 496 488 494 488 499 498 497 499 488 498 500 411 411 488 498 501 503 502 411 505 504 500 505 411 506 507 59 411 504 413 508 509 411 508 411 412 510 511 509 411 509 511 511 513 512 513 511 510 507 514 512 512 513 507 514 507 506 59 57 515 506 59 515 516 59 517 59 516 58 518 393 519 520 519 393 521 523 522 377 524 379 399 524 377 400 377 525 526 527 523 377 529 528 377 531 530 529 377 530 377 533 532 531 377 532 377 535 534 533 377 534 377 537 536 535 377 536 377 539 538 537 377 538 377 541 540 539 377 540 377 543 542 541 377 542 377 545 544 543 377 544 377 547 546 545 377 546 377 549 548 547 377 548 377 551 550 549 377 550 377 553 552 551 377 552 377 555 554 553 377 554 377 557 556 555 377 556 377 559 558 557 377 558 377 561 560 559 377 560 377 563 562 561 377 562 377 565 564 563 377 564 377 567 566 565 377 566 377 569 568 567 377 568 569 377 480 377 571 570 481 377 570 377 573 572 571 377 572 377 575 574 573 377 574 377 577 576 575 377 576 377 579 578 577 377 578 377 581 580 579 377 580 377 583 582 581 377 582 377 585 584 583 377 584 377 587 586 585 377 586 377 589 588 587 377 588 377 591 590 589 377 590 377 593 592 591 377 592 593 377 478 377 595 594 479 377 594 377 597 596 595 377 596 377 599 598 597 377 598 377 601 600 599 377 600 377 603 602 601 377 602 377 605 604 603 377 604 377 607 606 605 377 606 377 609 608 607 377 608 377 611 610 609 377 610 377 613 612 611 377 612 377 615 614 613 377 614 377 617 616 615 377 616 377 619 618 617 377 618 377 621 620 619 377 620 377 623 622 621 377 622 377 625 624 623 377 624 377 627 626 625 377 626 377 629 628 627 377 628 377 631 630 629 377 630 377 633 632 631 377 632 377 635 634 633 377 634 377 636 635 636 377 637 638 527 526 528 525 377 393 487 483 639 393 640 641 340 342 642 322 643 644 645 393 305 647 646 648 526 228 393 394 644 649 650 227 651 652 227 521 416 523 393 482 392 416 521 1 393 654 653 486 393 653 393 656 655 654 393 655 393 639 657 656 393 657 658 393 503 393 658 640 503 393 502 393 659 502 660 661 393 393 661 659 662 663 393 393 663 660 393 664 520 393 518 662 665 393 175 665 664 393 174 175 378 175 393 378 59 176 517 176 174 517 1 176 16 176 60 16 1 521 666 1 666 176 522 523 527 648 638 526 227 228 526 227 652 229 651 227 650 667 668 649 649 668 650 669 670 649 649 670 667 671 672 649 649 672 669 671 292 290 292 671 649 292 673 291 674 675 292 292 675 673 676 677 292 292 677 674 678 679 292 292 679 676 680 681 292 292 681 678 682 683 292 292 683 680 684 685 292 292 685 682 686 687 292 292 687 684 688 689 292 292 689 686 690 691 292 292 691 688 692 693 292 292 693 690 694 695 292 292 695 692 696 697 292 292 697 694 698 699 292 292 699 696 698 186 700 186 698 292 701 186 702 701 700 186 703 186 297 703 702 186 186 704 298 705 706 186 186 706 704 707 708 186 186 708 705 709 710 186 186 710 707 711 712 186 186 712 709 713 714 186 186 714 711 715 716 186 186 716 713 717 718 186 186 718 715 186 187 717 719 720 186 186 720 185 721 722 186 186 722 719 723 724 186 186 724 721 725 726 186 186 726 723 727 186 728 186 727 725 728 302 729 729 727 728 729 302 461 730 731 302 302 731 304 732 733 302 302 733 730 299 734 302 302 734 732 301 735 300 301 299 302 736 737 301 301 737 735 738 739 301 301 739 736 740 741 301 301 741 738 309 742 301 301 742 740 308 743 310 308 309 301 744 308 305 308 744 743 745 305 746 745 744 305 747 305 748 747 746 305 305 749 647 646 748 305 750 751 305 305 751 749 752 753 305 305 753 750 307 305 754 305 306 752 312 755 305 754 305 755 315 312 756 312 314 755 312 313 757 756 312 757 758 311 312 759 312 760 759 758 312 312 761 319 318 760 312 316 312 762 312 317 761 324 762 322 312 322 762 323 322 763 764 321 322 763 322 320 765 322 766 765 764 322 767 322 768 767 766 322 642 768 322 769 322 770 769 643 322 322 772 771 771 770 322 772 774 773 771 772 773 772 776 775 774 772 775 772 778 777 776 772 777 342 778 779 772 779 778 780 781 342 780 342 779 342 783 782 781 783 342 782 784 342 641 342 784 464 785 332 343 332 785 459 336 327 786 788 787 787 789 786 790 792 791 790 793 792 794 796 795 794 797 796 798 800 799 799 801 798 802 804 803 805 807 806 808 810 809 811 813 812 814 816 815 815 818 817 819 821 820 822 823 819 824 815 825 815 826 825 815 828 827 815 824 818 815 830 829 831 815 832 815 817 832 833 815 834 815 831 834 815 835 830 815 833 835 829 828 815 836 837 815 836 815 827 838 840 839 837 842 841 843 845 844 822 847 846 844 848 822 849 844 845 848 844 850 851 844 849 852 850 844 852 844 851 819 844 822 853 819 854 819 823 854 855 819 856 819 853 856 857 819 858 819 855 858 819 857 821 819 860 859 819 820 860 819 859 861 862 861 863 861 859 863 826 815 816 864 814 815 865 866 812 867 861 868 867 865 861 812 861 865 869 812 870 812 866 870 871 812 872 812 869 872 873 812 874 812 871 874 875 812 876 812 873 876 877 812 878 812 875 878 811 812 879 812 877 879 813 808 812 810 804 809 880 809 804 809 880 881 804 810 882 883 804 884 804 882 884 885 804 886 804 883 886 887 804 888 804 885 888 889 804 890 804 887 890 891 804 892 804 889 892 802 893 804 804 891 803 804 895 894 893 895 804 896 897 894 814 898 861 806 899 805 900 902 901 807 900 903 903 806 807 864 897 904 905 899 896 899 905 805 894 897 804 905 896 894 864 804 897 906 864 907 864 904 907 908 864 909 864 906 909 910 864 911 864 908 911 912 864 913 864 910 913 914 864 915 864 912 915 916 864 917 864 914 917 816 814 862 918 864 919 864 916 919 864 918 814 861 862 814 920 861 921 861 898 921 922 861 923 861 920 923 924 861 925 861 922 925 926 861 927 861 924 927 928 861 929 861 926 929 930 861 931 861 928 931 867 902 865 861 930 868 900 901 903 902 867 901 844 933 932 844 935 934 809 936 808 937 812 936 808 936 812 844 812 935 812 937 935 844 934 933 880 815 938 939 846 940 844 932 843 822 848 847 940 846 847 939 942 941 942 939 940 942 840 941 838 839 943 941 840 838 944 945 943 943 839 944 945 946 842 946 945 944 841 938 837 946 841 842 837 938 815 947 880 948 880 938 948 949 880 950 880 947 950 951 880 952 880 949 952 953 880 954 880 951 954 955 880 956 880 953 956 957 880 958 880 955 958 881 880 959 880 957 959 960 962 961 963 965 964 960 967 966 968 970 969 960 971 967 972 974 973 975 977 976 964 978 963 978 980 979 965 982 981 981 964 965 968 983 982 981 982 983 968 969 984 968 984 983 985 987 986 988 990 989 991 993 992 991 992 994 995 996 962 994 996 995 996 997 961 962 996 961 961 999 998 1000 1002 1001 997 1003 961 1004 961 1005 1006 1007 960 960 1007 962 1008 1009 960 960 1009 1006 1010 1011 960 960 1011 1008 1012 1013 960 960 1013 1010 1014 1015 960 960 1015 1012 1016 1017 960 960 1017 1014 966 1018 960 960 1018 1016 994 995 991 961 1003 1019 961 998 1020 1021 1022 961 961 1022 999 1023 1024 961 961 1024 1021 1019 1025 961 961 1004 1023 1026 1027 961 961 1027 1005 961 1025 1026 1028 993 1029 993 1028 992 1029 1031 1030 1030 1028 1029 985 1032 1031 1030 1031 1032 985 986 1032 987 1033 986 969 1033 984 984 1033 987 1002 970 1001 1034 1035 1000 1036 1038 1037 1039 1041 1040 1042 1044 1043 1045 1047 1046 1048 1050 1049 1051 1050 1048 1049 1053 1052 1050 1053 1049 1054 1052 1055 1052 1053 1055 1056 1057 1041 1058 961 1020 1059 1041 1060 1041 961 1061 988 1063 1062 1064 1066 1065 1039 1068 1067 1069 1071 1070 1072 1073 971 1074 1075 971 1041 1039 971 1042 1051 1048 1041 1057 1040 1055 1061 1054 1076 1077 1041 1041 1077 1056 1078 1079 1041 1041 1079 1076 1054 1061 1058 1041 1059 1078 1080 1081 1041 1041 1081 1060 1082 1083 1041 1041 1083 1080 1061 961 1058 1084 1085 1041 1041 1085 1082 1041 1061 1084 1043 1044 1045 1051 1042 1043 1047 1037 1046 1044 1047 1045 1036 1064 1038 1037 1038 1046 1035 1065 1066 1066 1064 1036 1001 1034 1000 1034 1065 1035 1002 969 970 968 989 990 1062 990 988 1063 1087 1086 1086 1062 1063 1088 1090 1089 1086 1087 1088 978 979 963 968 990 970 979 980 1091 1092 1091 1093 980 1093 1091 1092 1095 1094 1095 1092 1093 973 974 1094 1094 1095 973 974 972 1096 1097 1096 1098 972 1098 1096 1097 1099 975 1099 1097 1098 976 977 1100 975 1099 977 967 1101 1100 976 1100 1101 971 1102 967 967 1102 1101 971 1103 1102 1104 1105 971 971 1105 1103 1106 1107 971 971 1107 1104 1108 1109 971 971 1109 1106 1110 1111 971 971 1111 1108 1112 1113 971 971 1113 1110 1072 971 1075 971 1073 1112 1067 1074 971 1067 1068 1069 1067 971 1039 1071 1089 1070 1068 1071 1069 1088 1087 1090 1089 1090 1070 1114 1116 1115 1114 1117 1116 1118 1120 1119 1119 1121 1118 1122 1124 1123 1123 1125 1122 1126 1128 1127 1127 1129 1126 1130 1132 1131 1133 1135 1134 1136 1137 1132 1131 1132 1137 1138 1136 1139 1136 1138 1137 1139 1141 1140 1140 1138 1139 1142 1143 1141 1140 1141 1143 1144 1142 1145 1142 1144 1143 1145 1147 1146 1146 1144 1145 1148 1149 1147 1146 1147 1149 1150 1148 1151 1148 1150 1149 1152 1150 1151 1152 1151 1153 1131 1154 1130 1155 1154 1156 1154 1155 1130 1156 1158 1157 1157 1155 1156 1159 1160 1158 1157 1158 1160 1161 1159 1162 1159 1161 1160 1162 1164 1163 1163 1161 1162 1165 1166 1164 1163 1164 1166 1167 1165 1168 1165 1167 1166 1168 1170 1169 1169 1167 1168 1169 1170 1134 1171 1173 1172 1170 1133 1134 1174 1176 1175 1177 1179 1178 1180 1182 1181 1183 1185 1184 1186 1188 1187 1189 1191 1190 1192 1194 1193 1195 1197 1196 1198 1200 1199 1192 1199 1200 1198 1202 1201 1202 1198 1199 1203 1204 1201 1201 1202 1203 1153 1204 1205 1203 1205 1204 1152 1153 1205 1193 1194 1197 1192 1200 1194 1195 1196 1187 1193 1197 1195 1186 1189 1188 1196 1186 1187 1191 1182 1190 1189 1190 1188 1184 1180 1181 1181 1182 1191 1174 1185 1183 1185 1180 1184 1175 1176 1179 1174 1183 1176 1177 1178 1171 1175 1179 1177 1173 1135 1172 1178 1173 1171 1133 1172 1135 1206 1208 1207 1209 1211 1210 1212 1214 1213 1215 1217 1216 1218 1220 1219 1221 1223 1222 1224 1226 1225 1227 1229 1228 1230 1232 1231 1233 1235 1234 1236 1238 1237 1239 1241 1240 1242 1244 1243 1245 1247 1246 1248 1250 1249 1251 1253 1252 1254 1256 1255 1257 1259 1258 1260 1262 1261 1263 1262 1264 1260 1266 1265 1266 1260 1261 1267 1268 1265 1265 1266 1267 1269 1268 1270 1267 1270 1268 1269 1272 1271 1272 1269 1270 1273 1274 1271 1271 1272 1273 1275 1274 1276 1273 1276 1274 1275 1278 1277 1278 1275 1276 1279 1210 1277 1277 1278 1279 1263 1264 1255 1279 1209 1210 1262 1263 1261 1257 1256 1254 1254 1255 1264 1250 1258 1259 1258 1256 1257 1248 1249 1252 1250 1259 1249 1253 1251 1242 1248 1252 1253 1244 1247 1243 1251 1244 1242 1246 1237 1245 1247 1245 1243 1239 1238 1236 1236 1237 1246 1232 1240 1241 1240 1238 1239 1230 1231 1234 1232 1241 1231 1235 1233 1224 1230 1234 1235 1226 1229 1225 1233 1226 1224 1228 1219 1227 1229 1227 1225 1221 1220 1218 1218 1219 1228 1214 1222 1223 1222 1220 1221 1212 1213 1215 1214 1223 1213 1216 1217 1207 1212 1215 1216 1206 1211 1208 1217 1206 1207 1209 1208 1211 1280 1282 1281 1283 1285 1284 1286 1287 1282 1281 1282 1287 1288 1286 1289 1286 1288 1287 1289 1291 1290 1290 1288 1289 1292 1293 1291 1290 1291 1293 1294 1292 1295 1292 1294 1293 1295 1297 1296 1296 1294 1295 1298 1299 1297 1296 1297 1299 1300 1298 1301 1298 1300 1299 1302 1300 1301 1302 1301 1303 1281 1304 1280 1305 1304 1306 1304 1305 1280 1306 1308 1307 1307 1305 1306 1309 1310 1308 1307 1308 1310 1311 1309 1312 1309 1311 1310 1312 1314 1313 1313 1311 1312 1315 1316 1314 1313 1314 1316 1317 1315 1318 1315 1317 1316 1318 1320 1319 1319 1317 1318 1319 1320 1284 1321 1323 1322 1320 1283 1284 1324 1326 1325 1327 1329 1328 1330 1332 1331 1333 1335 1334 1336 1338 1337 1339 1341 1340 1342 1344 1343 1345 1347 1346 1348 1350 1349 1342 1349 1350 1348 1352 1351 1352 1348 1349 1353 1354 1351 1351 1352 1353 1303 1354 1355 1353 1355 1354 1302 1303 1355 1343 1344 1347 1342 1350 1344 1345 1346 1337 1343 1347 1345 1336 1339 1338 1346 1336 1337 1341 1332 1340 1339 1340 1338 1334 1330 1331 1331 1332 1341 1324 1335 1333 1335 1330 1334 1325 1326 1329 1324 1333 1326 1327 1328 1321 1325 1329 1327 1323 1285 1322 1328 1323 1321 1283 1322 1285 1356 1358 1357 1359 1361 1360 1362 1364 1363 1365 1367 1366 1368 1370 1369 1371 1373 1372 1374 1376 1375 1377 1379 1378 1380 1382 1381 1383 1385 1384 1386 1388 1387 1389 1391 1390 1392 1394 1393 1395 1397 1396 1398 1400 1399 1401 1403 1402 1404 1406 1405 1407 1409 1408 1410 1412 1411 1413 1412 1414 1410 1416 1415 1416 1410 1411 1417 1418 1415 1415 1416 1417 1419 1418 1420 1417 1420 1418 1419 1422 1421 1422 1419 1420 1423 1424 1421 1421 1422 1423 1425 1424 1426 1423 1426 1424 1425 1428 1427 1428 1425 1426 1429 1360 1427 1427 1428 1429 1413 1414 1405 1429 1359 1360 1412 1413 1411 1407 1406 1404 1404 1405 1414 1400 1408 1409 1408 1406 1407 1398 1399 1402 1400 1409 1399 1403 1401 1392 1398 1402 1403 1394 1397 1393 1401 1394 1392 1396 1387 1395 1397 1395 1393 1389 1388 1386 1386 1387 1396 1382 1390 1391 1390 1388 1389 1380 1381 1384 1382 1391 1381 1385 1383 1374 1380 1384 1385 1376 1379 1375 1383 1376 1374 1378 1369 1377 1379 1377 1375 1371 1370 1368 1368 1369 1378 1364 1372 1373 1372 1370 1371 1362 1363 1365 1364 1373 1363 1366 1367 1357 1362 1365 1366 1356 1361 1358 1367 1356 1357 1359 1358 1361 1430 1432 1431 1431 1433 1430 1434 1436 1435 1435 1437 1434 1438 1440 1439 1439 1441 1438 1442 1444 1443 1445 1447 1446 1445 1446 1448 1449 1451 1450 1452 1453 1450 1449 1450 1453 1454 1453 1452 1455 1451 1449 1456 1455 1457 1455 1456 1451 1456 1457 1458 1459 1461 1460 1459 1460 1462 1463 1465 1464 1466 1467 1464 1463 1464 1467 1466 1469 1468 1468 1467 1466 1470 1469 1471 1469 1470 1468 1472 1473 1471 1470 1471 1473 1472 1475 1474 1474 1473 1472 1476 1475 1477 1475 1476 1474 1478 1479 1477 1476 1477 1479 1478 1481 1480 1480 1479 1478 1482 1481 1483 1481 1482 1480 1484 1485 1483 1482 1483 1485 1486 1485 1484 1487 1465 1463 1488 1487 1489 1487 1488 1465 1490 1491 1489 1488 1489 1491 1490 1493 1492 1492 1491 1490 1494 1493 1495 1493 1494 1492 1496 1497 1495 1494 1495 1497 1496 1499 1498 1498 1497 1496 1500 1499 1501 1499 1500 1498 1502 1503 1501 1500 1501 1503 1502 1505 1504 1504 1503 1502 1506 1505 1507 1505 1506 1504 1506 1507 1508 1509 1511 1510 1512 1511 1513 1511 1512 1510 1514 1515 1513 1512 1513 1515 1514 1517 1516 1516 1515 1514 1518 1517 1519 1517 1518 1516 1520 1521 1519 1518 1519 1521 1520 1523 1522 1522 1521 1520 1524 1523 1525 1523 1524 1522 1526 1527 1525 1524 1525 1527 1526 1529 1528 1528 1527 1526 1530 1529 1531 1529 1530 1528 1532 1533 1531 1530 1531 1533 1532 1535 1534 1534 1533 1532 1536 1535 1537 1535 1536 1534 1538 1539 1537 1536 1537 1539 1540 1539 1538 1541 1509 1510 1541 1543 1542 1542 1509 1541 1544 1543 1545 1543 1544 1542 1546 1547 1545 1544 1545 1547 1546 1549 1548 1548 1547 1546 1550 1549 1551 1549 1550 1548 1552 1553 1551 1550 1551 1553 1552 1555 1554 1554 1553 1552 1556 1555 1557 1555 1556 1554 1558 1559 1557 1556 1557 1559 1558 1561 1560 1560 1559 1558 1562 1561 1563 1561 1562 1560 1564 1565 1563 1562 1563 1565 1564 1567 1566 1566 1565 1564 1568 1567 1569 1567 1568 1566 1568 1569 1570 1571 1573 1572 1573 1571 1574 1575 1577 1576 1578 1579 1576 1575 1576 1579 1580 1579 1578 1581 1577 1575 1582 1581 1583 1581 1582 1577 1582 1583 1584 1585 1587 1586 1585 1586 1588 1589 1591 1590 1589 1590 1592 1593 1595 1594 1593 1594 1596 1597 1599 1598 1600 1601 1598 1597 1598 1601 1602 1601 1600 1603 1599 1597 1604 1603 1605 1603 1604 1599 1604 1605 1606 1607 1609 1608 1607 1608 1610 1611 1613 1612 1611 1612 1614 1615 1617 1616 1618 1616 1619 1617 1619 1616 1620 1621 1618 1618 1619 1620 1621 1623 1622 1623 1621 1620 1624 1622 1625 1623 1625 1622 1626 1627 1624 1624 1625 1626 1627 1629 1628 1629 1627 1626 1630 1628 1631 1629 1631 1628 1632 1633 1630 1630 1631 1632 1633 1635 1634 1635 1633 1632 1636 1634 1637 1635 1637 1634 1638 1639 1636 1636 1637 1638 1617 1615 1640 1640 1642 1641 1642 1640 1615 1643 1641 1644 1642 1644 1641 1645 1646 1643 1643 1644 1645 1646 1648 1647 1648 1646 1645 1649 1647 1650 1648 1650 1647 1651 1652 1649 1649 1650 1651 1652 1654 1653 1654 1652 1651 1655 1653 1656 1654 1656 1653 1657 1658 1655 1655 1656 1657 1658 1660 1659 1660 1658 1657 1660 1661 1659 1659 1661 1662 1663 1665 1664 1663 1667 1666 1666 1665 1663 1668 1667 1669 1667 1668 1666 1670 1671 1669 1668 1669 1671 1670 1673 1672 1672 1671 1670 1674 1673 1675 1673 1674 1672 1676 1677 1675 1674 1675 1677 1676 1679 1678 1678 1677 1676 1680 1679 1681 1679 1680 1678 1682 1683 1681 1680 1681 1683 1684 1683 1682 1685 1664 1665 1686 1687 1685 1664 1685 1687 1686 1689 1688 1688 1687 1686 1690 1689 1691 1689 1690 1688 1692 1693 1691 1690 1691 1693 1692 1695 1694 1694 1693 1692 1696 1695 1697 1695 1696 1694 1698 1699 1697 1696 1697 1699 1698 1701 1700 1700 1699 1698 1702 1701 1703 1701 1702 1700 1702 1703 1704 1705 1707 1706 1707 1705 1708 1709 1711 1710 1712 1713 1710 1709 1710 1713 1714 1713 1712 1715 1711 1709 1716 1715 1717 1715 1716 1711 1716 1717 1718 1719 1721 1720 1719 1720 1722 1723 1725 1724 1723 1724 1726 1727 1729 1728 1727 1728 1730 1731 1733 1732 1730 1734 1727 1735 1737 1736 1738 1739 1730 1740 1737 1741 1742 1744 1743 1745 1747 1746 1748 1750 1749 1751 1746 1752 1752 1754 1753 1753 1751 1752 1750 1747 1755 1754 1756 1753 1757 1754 1758 1754 1757 1756 1759 1760 1758 1757 1758 1760 1761 1763 1762 1764 1766 1765 1767 1769 1768 1759 1765 1766 1770 1772 1771 1772 1773 1768 1774 1776 1775 1777 1779 1778 1780 1782 1781 1783 1779 1784 1785 1786 1782 1787 1784 1788 1787 1788 1789 1784 1779 1777 1784 1787 1783 1786 1790 1789 1789 1788 1786 1780 1785 1782 1786 1785 1790 1791 1793 1792 1794 1796 1795 1797 1781 1782 1798 1791 1799 1782 1800 1797 1801 1803 1802 1804 1806 1805 1804 1776 1807 1808 1771 1809 1805 1810 1809 1800 1812 1811 1811 1812 1813 1732 1733 1814 1815 1817 1816 1817 1732 1814 1732 1817 1815 1818 1733 1731 1819 1818 1820 1820 1818 1731 1819 1811 1813 1811 1819 1820 1782 1812 1800 1773 1821 1768 1822 1824 1823 1778 1826 1825 1825 1777 1778 1827 1826 1828 1826 1827 1825 1829 1830 1828 1827 1828 1830 1829 1832 1831 1831 1830 1829 1832 1796 1794 1832 1794 1831 1795 1792 1793 1796 1792 1795 1793 1791 1798 1803 1833 1799 1798 1799 1833 1801 1833 1803 1774 1775 1802 1775 1801 1802 1807 1776 1834 1834 1776 1774 1806 1804 1807 1810 1805 1806 1808 1809 1835 1835 1809 1810 1770 1771 1808 1773 1772 1770 1769 1767 1764 1768 1821 1767 1836 1824 1837 1838 1836 1837 1765 1769 1764 1762 1839 1838 1762 1763 1839 1760 1759 1766 1840 1841 1761 1840 1749 1841 1746 1751 1745 1747 1745 1755 1750 1755 1749 1840 1748 1749 1761 1841 1763 1839 1836 1838 1824 1822 1837 1842 1823 1843 1823 1842 1822 1844 1845 1843 1842 1843 1845 1844 1743 1744 1744 1845 1844 1846 1742 1743 1742 1848 1847 1848 1742 1846 1848 1740 1847 1741 1737 1735 1847 1740 1741 1735 1736 1738 1730 1739 1734 1738 1736 1739 1849 1851 1850 1849 1850 1852 1853 1855 1854 1855 1853 1856 1857 1859 1858 1857 1858 1860 1861 1863 1862 1861 1862 1864 1865 1867 1866 1867 1869 1868 1869 1867 1865 1870 1868 1871 1869 1871 1868 1872 1873 1870 1870 1871 1872 1873 1875 1874 1875 1873 1872 1876 1874 1877 1875 1877 1874 1878 1879 1876 1876 1877 1878 1879 1881 1880 1881 1879 1878 1882 1880 1883 1881 1883 1880 1884 1885 1882 1882 1883 1884 1885 1887 1886 1887 1885 1884 1888 1886 1889 1887 1889 1886 1890 1891 1888 1888 1889 1890 1891 1893 1892 1893 1891 1890 1894 1892 1895 1893 1895 1892 1896 1897 1894 1894 1895 1896 1897 1899 1898 1899 1897 1896 1900 1898 1901 1899 1901 1898 1902 1903 1900 1900 1901 1902 1903 1905 1904 1905 1903 1902 1906 1904 1907 1905 1907 1904 1908 1909 1906 1906 1907 1908 1909 1911 1910 1911 1909 1908 1912 1910 1913 1911 1913 1910 1914 1915 1912 1912 1913 1914 1915 1917 1916 1917 1915 1914 1918 1916 1919 1917 1919 1916 1920 1921 1918 1918 1919 1920 1921 1923 1922 1923 1921 1920 1924 1922 1925 1923 1925 1922 1926 1927 1924 1924 1925 1926 1927 1929 1928 1929 1927 1926 1930 1928 1931 1929 1931 1928 1932 1933 1930 1930 1931 1932 1933 1935 1934 1935 1933 1932 1936 1934 1937 1935 1937 1934 1938 1939 1936 1936 1937 1938 1865 1866 1940 1941 1942 1940 1940 1866 1941 1942 1944 1943 1944 1942 1941 1945 1943 1946 1944 1946 1943 1947 1948 1945 1945 1946 1947 1948 1950 1949 1950 1948 1947 1951 1949 1952 1950 1952 1949 1953 1954 1951 1951 1952 1953 1954 1956 1955 1956 1954 1953 1957 1955 1958 1956 1958 1955 1959 1960 1957 1957 1958 1959 1960 1962 1961 1962 1960 1959 1963 1961 1964 1962 1964 1961 1965 1966 1963 1963 1964 1965 1966 1968 1967 1968 1966 1965 1969 1967 1970 1968 1970 1967 1971 1972 1969 1969 1970 1971 1972 1974 1973 1974 1972 1971 1975 1973 1976 1974 1976 1973 1977 1978 1975 1975 1976 1977 1978 1980 1979 1980 1978 1977 1981 1979 1982 1980 1982 1979 1983 1984 1981 1981 1982 1983 1984 1986 1985 1986 1984 1983 1987 1985 1988 1986 1988 1985 1989 1990 1987 1987 1988 1989 1990 1992 1991 1992 1990 1989 1993 1991 1994 1992 1994 1991 1995 1996 1993 1993 1994 1995 1996 1998 1997 1998 1996 1995 1999 1997 2000 1998 2000 1997 2001 2002 1999 1999 2000 2001 2002 2004 2003 2004 2002 2001 2005 2003 2006 2004 2006 2003 2007 2008 2005 2005 2006 2007 2008 2010 2009 2010 2008 2007 2010 2011 2009 2009 2011 2012 2013 2015 2014 2013 2014 2016 2017 2019 2018 2019 2021 2020 2021 2019 2017 2022 2020 2023 2021 2023 2020 2024 2025 2022 2022 2023 2024 2025 2027 2026 2027 2025 2024 2028 2026 2029 2027 2029 2026 2030 2031 2028 2028 2029 2030 2031 2033 2032 2033 2031 2030 2034 2032 2035 2033 2035 2032 2036 2037 2034 2034 2035 2036 2037 2039 2038 2039 2037 2036 2040 2038 2041 2039 2041 2038 2042 2043 2040 2040 2041 2042 2043 2045 2044 2045 2043 2042 2046 2044 2047 2045 2047 2044 2048 2049 2046 2046 2047 2048 2049 2051 2050 2051 2049 2048 2052 2050 2053 2051 2053 2050 2054 2055 2052 2052 2053 2054 2055 2057 2056 2057 2055 2054 2058 2056 2059 2057 2059 2056 2060 2061 2058 2058 2059 2060 2061 2063 2062 2063 2061 2060 2064 2062 2065 2063 2065 2062 2066 2067 2064 2064 2065 2066 2067 2069 2068 2069 2067 2066 2070 2068 2071 2069 2071 2068 2072 2073 2070 2070 2071 2072 2073 2075 2074 2075 2073 2072 2076 2074 2077 2075 2077 2074 2078 2079 2076 2076 2077 2078 2079 2081 2080 2081 2079 2078 2082 2080 2083 2081 2083 2080 2084 2085 2082 2082 2083 2084 2085 2087 2086 2087 2085 2084 2088 2086 2089 2087 2089 2086 2090 2091 2088 2088 2089 2090 2091 2093 2092 2093 2091 2090 2094 2092 2095 2093 2095 2092 2096 2097 2094 2094 2095 2096 2097 2099 2098 2099 2097 2096 2100 2098 2101 2099 2101 2098 2102 2103 2100 2100 2101 2102 2103 2105 2104 2105 2103 2102 2106 2104 2107 2105 2107 2104 2108 2109 2106 2106 2107 2108 2017 2018 2110 2111 2112 2110 2110 2018 2111 2112 2114 2113 2114 2112 2111 2115 2113 2116 2114 2116 2113 2117 2118 2115 2115 2116 2117 2118 2120 2119 2120 2118 2117 2121 2119 2122 2120 2122 2119 2123 2124 2121 2121 2122 2123 2124 2126 2125 2126 2124 2123 2127 2125 2128 2126 2128 2125 2129 2130 2127 2127 2128 2129 2130 2132 2131 2132 2130 2129 2133 2131 2134 2132 2134 2131 2135 2136 2133 2133 2134 2135 2136 2138 2137 2138 2136 2135 2139 2137 2140 2138 2140 2137 2141 2142 2139 2139 2140 2141 2142 2144 2143 2144 2142 2141 2145 2143 2146 2144 2146 2143 2147 2148 2145 2145 2146 2147 2148 2150 2149 2150 2148 2147 2151 2149 2152 2150 2152 2149 2153 2154 2151 2151 2152 2153 2154 2156 2155 2156 2154 2153 2157 2155 2158 2156 2158 2155 2159 2160 2157 2157 2158 2159 2160 2162 2161 2162 2160 2159 2163 2161 2164 2162 2164 2161 2165 2166 2163 2163 2164 2165 2166 2168 2167 2168 2166 2165 2169 2167 2170 2168 2170 2167 2171 2172 2169 2169 2170 2171 2172 2174 2173 2174 2172 2171 2175 2173 2176 2174 2176 2173 2177 2178 2175 2175 2176 2177 2178 2180 2179 2180 2178 2177 2181 2179 2182 2180 2182 2179 2183 2184 2181 2181 2182 2183 2184 2186 2185 2186 2184 2183 2187 2185 2188 2186 2188 2185 2189 2190 2187 2187 2188 2189 2190 2192 2191 2192 2190 2189 2193 2191 2194 2192 2194 2191 2195 2196 2193 2193 2194 2195 2196 2198 2197 2198 2196 2195 2198 2199 2197 2197 2199 2200 2201 2203 2202 2204 2205 2201 2201 2202 2204 2205 2207 2206 2207 2205 2204 2208 2206 2209 2207 2209 2206 2210 2211 2208 2208 2209 2210 2211 2213 2212 2213 2211 2210 2214 2212 2215 2213 2215 2212 2216 2217 2214 2214 2215 2216 2202 2203 2218 2219 2218 2220 2203 2220 2218 2221 2222 2219 2219 2220 2221 2222 2224 2223 2224 2222 2221 2225 2223 2226 2224 2226 2223 2227 2228 2225 2225 2226 2227 2228 2230 2229 2230 2228 2227 2230 2231 2229 2229 2231 2232 2233 2235 2234 2233 2234 2236 2237 2239 2238 2237 2238 2240 2241 2243 2242 2241 2242 2244 2245 2247 2246 2245 2246 2248 2249 2251 2250 2249 2250 2252 2253 2255 2254 2253 2254 2256 2257 2259 2258 2257 2258 2260 2261 2263 2262 2261 2265 2264 2264 2263 2261 2266 2265 2267 2265 2266 2264 2268 2269 2267 2266 2267 2269 2268 2271 2270 2270 2269 2268 2272 2271 2273 2271 2272 2270 2274 2275 2273 2272 2273 2275 2274 2277 2276 2276 2275 2274 2278 2277 2279 2277 2278 2276 2280 2281 2279 2278 2279 2281 2280 2283 2282 2282 2281 2280 2284 2283 2285 2283 2284 2282 2286 2287 2285 2284 2285 2287 2286 2289 2288 2288 2287 2286 2290 2289 2291 2289 2290 2288 2292 2293 2291 2290 2291 2293 2292 2295 2294 2294 2293 2292 2296 2295 2297 2295 2296 2294 2298 2299 2297 2296 2297 2299 2298 2301 2300 2300 2299 2298 2302 2301 2303 2301 2302 2300 2304 2305 2303 2302 2303 2305 2304 2307 2306 2306 2305 2304 2308 2307 2309 2307 2308 2306 2310 2311 2309 2308 2309 2311 2310 2313 2312 2312 2311 2310 2314 2313 2315 2313 2314 2312 2316 2317 2315 2314 2315 2317 2316 2319 2318 2318 2317 2316 2320 2319 2321 2319 2320 2318 2322 2323 2321 2320 2321 2323 2322 2325 2324 2324 2323 2322 2326 2325 2327 2325 2326 2324 2328 2329 2327 2326 2327 2329 2328 2331 2330 2330 2329 2328 2332 2331 2333 2331 2332 2330 2334 2335 2333 2332 2333 2335 2334 2337 2336 2336 2335 2334 2338 2337 2339 2337 2338 2336 2340 2341 2339 2338 2339 2341 2340 2343 2342 2342 2341 2340 2344 2343 2345 2343 2344 2342 2346 2347 2345 2344 2345 2347 2346 2349 2348 2348 2347 2346 2350 2349 2351 2349 2350 2348 2352 2353 2351 2350 2351 2353 2352 2355 2354 2354 2353 2352 2356 2355 2357 2355 2356 2354 2358 2359 2357 2356 2357 2359 2358 2361 2360 2360 2359 2358 2362 2361 2363 2361 2362 2360 2364 2365 2363 2362 2363 2365 2364 2367 2366 2366 2365 2364 2368 2367 2369 2367 2368 2366 2370 2371 2369 2368 2369 2371 2370 2373 2372 2372 2371 2370 2374 2373 2375 2373 2374 2372 2376 2377 2375 2374 2375 2377 2376 2379 2378 2378 2377 2376 2380 2379 2381 2379 2380 2378 2382 2383 2381 2380 2381 2383 2384 2383 2382 2385 2262 2263 2386 2387 2385 2262 2385 2387 2386 2389 2388 2388 2387 2386 2390 2389 2391 2389 2390 2388 2392 2393 2391 2390 2391 2393 2392 2395 2394 2394 2393 2392 2396 2395 2397 2395 2396 2394 2398 2399 2397 2396 2397 2399 2398 2401 2400 2400 2399 2398 2402 2401 2403 2401 2402 2400 2404 2405 2403 2402 2403 2405 2404 2407 2406 2406 2405 2404 2408 2407 2409 2407 2408 2406 2410 2411 2409 2408 2409 2411 2410 2413 2412 2412 2411 2410 2414 2413 2415 2413 2414 2412 2416 2417 2415 2414 2415 2417 2416 2419 2418 2418 2417 2416 2420 2419 2421 2419 2420 2418 2422 2423 2421 2420 2421 2423 2422 2425 2424 2424 2423 2422 2426 2425 2427 2425 2426 2424 2428 2429 2427 2426 2427 2429 2428 2431 2430 2430 2429 2428 2432 2431 2433 2431 2432 2430 2434 2435 2433 2432 2433 2435 2434 2437 2436 2436 2435 2434 2438 2437 2439 2437 2438 2436 2440 2441 2439 2438 2439 2441 2440 2443 2442 2442 2441 2440 2444 2443 2445 2443 2444 2442 2446 2447 2445 2444 2445 2447 2446 2449 2448 2448 2447 2446 2450 2449 2451 2449 2450 2448 2452 2453 2451 2450 2451 2453 2452 2455 2454 2454 2453 2452 2456 2455 2457 2455 2456 2454 2458 2459 2457 2456 2457 2459 2458 2461 2460 2460 2459 2458 2462 2461 2463 2461 2462 2460 2464 2465 2463 2462 2463 2465 2464 2467 2466 2466 2465 2464 2468 2467 2469 2467 2468 2466 2470 2471 2469 2468 2469 2471 2470 2473 2472 2472 2471 2470 2474 2473 2475 2473 2474 2472 2476 2477 2475 2474 2475 2477 2476 2479 2478 2478 2477 2476 2480 2479 2481 2479 2480 2478 2482 2483 2481 2480 2481 2483 2482 2485 2484 2484 2483 2482 2486 2485 2487 2485 2486 2484 2488 2489 2487 2486 2487 2489 2488 2491 2490 2490 2489 2488 2492 2491 2493 2491 2492 2490 2494 2495 2493 2492 2493 2495 2494 2497 2496 2496 2495 2494 2498 2497 2499 2497 2498 2496 2500 2501 2499 2498 2499 2501 2500 2503 2502 2502 2501 2500 2504 2503 2505 2503 2504 2502 2504 2505 2506 2507 2509 2508 2510 2511 2508 2507 2508 2511 2510 2513 2512 2512 2511 2510 2514 2513 2515 2513 2514 2512 2516 2517 2515 2514 2515 2517 2516 2519 2518 2518 2517 2516 2520 2519 2521 2519 2520 2518 2522 2523 2521 2520 2521 2523 2522 2525 2524 2524 2523 2522 2526 2525 2527 2525 2526 2524 2528 2529 2527 2526 2527 2529 2528 2531 2530 2530 2529 2528 2532 2531 2533 2531 2532 2530 2534 2535 2533 2532 2533 2535 2534 2537 2536 2536 2535 2534 2538 2537 2539 2537 2538 2536 2540 2541 2539 2538 2539 2541 2542 2541 2540 2543 2509 2507 2544 2543 2545 2543 2544 2509 2546 2547 2545 2544 2545 2547 2546 2549 2548 2548 2547 2546 2550 2549 2551 2549 2550 2548 2552 2553 2551 2550 2551 2553 2552 2555 2554 2554 2553 2552 2556 2555 2557 2555 2556 2554 2558 2559 2557 2556 2557 2559 2558 2561 2560 2560 2559 2558 2562 2561 2563 2561 2562 2560 2564 2565 2563 2562 2563 2565 2564 2567 2566 2566 2565 2564 2568 2567 2569 2567 2568 2566 2570 2571 2569 2568 2569 2571 2570 2573 2572 2572 2571 2570 2574 2573 2575 2573 2574 2572 2574 2575 2576 2577 2579 2578 2577 2578 2580 2581 2583 2582 2583 2585 2584 2585 2583 2581 2586 2584 2587 2585 2587 2584 2588 2589 2586 2586 2587 2588 2589 2591 2590 2591 2589 2588 2592 2590 2593 2591 2593 2590 2594 2595 2592 2592 2593 2594 2595 2597 2596 2597 2595 2594 2598 2596 2599 2597 2599 2596 2600 2601 2598 2598 2599 2600 2601 2603 2602 2603 2601 2600 2604 2602 2605 2603 2605 2602 2606 2607 2604 2604 2605 2606 2581 2582 2608 2609 2610 2608 2608 2582 2609 2610 2612 2611 2612 2610 2609 2613 2611 2614 2612 2614 2611 2615 2616 2613 2613 2614 2615 2616 2618 2617 2618 2616 2615 2619 2617 2620 2618 2620 2617 2621 2622 2619 2619 2620 2621 2622 2624 2623 2624 2622 2621 2625 2623 2626 2624 2626 2623 2627 2628 2625 2625 2626 2627 2628 2630 2629 2630 2628 2627 2630 2631 2629 2629 2631 2632 2633 2635 2634 2633 2634 2636 2637 2639 2638 2639 2637 2640 2641 2643 2642 2641 2642 2644 2645 2647 2646 2648 2650 2649 2651 2653 2652 2654 2656 2655 2653 2656 2652 2654 2658 2657 2654 2655 2659 2660 2654 2657 2652 2661 2651 2662 2664 2663 2662 2663 2660 2665 2667 2666 2664 2667 2663 2666 2668 2665 2668 2669 2665 2665 2671 2670 2671 2665 2669 2652 2656 2654 2672 2673 2670 2674 2676 2675 2670 2673 2677 2678 2680 2679 2675 2681 2674 2682 2684 2683 2685 2686 2679 2684 2688 2687 2684 2689 2688 2684 2691 2690 2692 2684 2693 2694 2696 2695 2697 2695 2698 2699 2701 2700 2701 2695 2700 2702 2704 2703 2704 2699 2700 2705 2707 2706 2706 2702 2705 2708 2710 2709 2709 2707 2708 2711 2710 2712 2713 2712 2710 2714 2716 2715 2716 2711 2712 2717 2718 2714 2714 2715 2717 2719 2718 2720 2721 2720 2718 2722 2724 2723 2725 2724 2719 2726 2728 2727 2727 2722 2729 2728 2730 2727 2728 2726 2731 2722 2723 2729 2722 2727 2730 2719 2720 2725 2723 2724 2725 2716 2714 2711 2718 2717 2721 2706 2707 2709 2713 2710 2708 2699 2704 2702 2705 2702 2703 2701 2698 2695 2695 2696 2700 2684 2733 2732 2684 2694 2695 2734 2684 2735 2689 2684 2734 2736 2738 2737 2739 2738 2740 2741 2678 2674 2680 2742 2679 2681 2743 2674 2743 2741 2674 2744 2745 2676 2744 2676 2677 2746 2652 2747 2748 2750 2749 2747 2652 2750 2750 2752 2751 2753 2749 2750 2754 2756 2755 2757 2756 2754 2756 2758 2750 2750 2758 2759 2758 2761 2760 2758 2762 2759 2763 2758 2764 2761 2758 2763 2765 2758 2766 2764 2758 2767 2758 2769 2768 2758 2771 2770 2772 2774 2773 2758 2775 2769 2776 2778 2777 2779 2774 2776 2780 2782 2781 2783 2778 2776 2781 2775 2784 2780 2781 2784 2785 2782 2780 2784 2775 2758 2776 2782 2783 2785 2783 2782 2786 2779 2776 2786 2776 2777 2774 2772 2787 2774 2788 2773 2758 2768 2771 2788 2774 2779 2758 2765 2767 2770 2766 2758 2750 2755 2756 2758 2760 2762 2751 2753 2750 2752 2750 2759 2661 2652 2746 2748 2747 2750 2663 2654 2660 2654 2659 2658 2670 2671 2672 2663 2667 2665 2676 2745 2675 2677 2676 2670 2679 2742 2685 2679 2674 2678 2738 2686 2737 2679 2686 2738 2740 2738 2789 2789 2738 2736 2684 2739 2790 2738 2739 2684 2682 2791 2684 2684 2790 2683 2687 2792 2684 2735 2684 2791 2792 2793 2684 2732 2794 2684 2684 2793 2733 2684 2692 2795 2693 2684 2794 2694 2684 2690 2795 2691 2684 2796 2797 2695 2695 2697 2796 2695 2799 2798 2797 2799 2695 2800 2695 2801 2695 2798 2801 2802 2803 2695 2802 2695 2800 2695 2805 2804 2803 2805 2695 2806 2695 2807 2695 2804 2807 2808 2809 2695 2808 2695 2806 2695 2811 2810 2809 2811 2695 2812 2695 2813 2695 2810 2813 2814 2815 2695 2814 2695 2812 2695 2817 2816 2815 2817 2695 2818 2695 2819 2695 2816 2819 2820 2821 2695 2820 2695 2818 2822 2695 2821 2823 2695 2824 2695 2822 2824 2825 2826 2695 2825 2695 2823 2695 2828 2827 2826 2828 2695 2829 2695 2830 2695 2827 2830 2831 2832 2695 2831 2695 2829 2832 2646 2695 2646 2647 2695 2833 2650 2648 2645 2834 2647 2835 2837 2836 2838 2840 2839 2649 2842 2841 2843 2845 2844 2843 2844 2846 2844 2845 2847 2847 2845 2848 2847 2850 2849 2851 2846 2844 2852 2847 2848 2853 2855 2854 2856 2853 2854 2857 2851 2844 2856 2854 2858 2853 2859 2855 2857 2855 2859 2857 2859 2851 2851 2860 2846 2851 2862 2861 2851 2861 2860 2863 2864 2862 2850 2847 2852 2865 2866 2862 2862 2866 2863 2865 2862 2867 2862 2864 2861 2868 2870 2869 2870 2868 2862 2870 2871 2869 2868 2867 2862 2872 2870 2873 2871 2870 2874 2870 2875 2873 2870 2872 2874 2876 2870 2877 2875 2870 2876 2836 2837 2870 2877 2870 2837 2836 2879 2878 2836 2878 2835 2880 2879 2836 2880 2836 2881 2882 2883 2881 2881 2884 2880 2883 2884 2881 2882 2885 2883 2886 2888 2887 2889 2886 2887 2890 2887 2888 2891 2885 2882 2882 2840 2891 2890 2839 2892 2840 2838 2891 2840 2892 2839 2849 2893 2847 2887 2890 2892 2894 2893 2895 2893 2849 2895 2893 2897 2896 2897 2893 2894 2898 2896 2899 2896 2897 2899 2900 2901 2896 2900 2896 2898 2902 2903 2901 2896 2901 2903 2904 2905 2903 2904 2903 2902 2906 2907 2905 2903 2905 2907 2908 2909 2907 2908 2907 2906 2910 2907 2911 2909 2911 2907 2912 2913 2910 2912 2910 2911 2910 2915 2914 2913 2915 2910 2914 2917 2916 2916 2910 2914 2916 2919 2918 2917 2919 2916 2920 2921 2916 2916 2918 2920 2921 2923 2922 2920 2923 2921 2924 2921 2925 2921 2922 2925 2921 2927 2926 2927 2921 2924 2928 2926 2929 2926 2927 2929 2930 2931 2926 2930 2926 2928 2932 2933 2931 2926 2931 2933 2934 2935 2933 2934 2933 2932 2933 2937 2936 2935 2937 2933 2936 2939 2938 2938 2933 2936 2938 2941 2940 2939 2941 2938 2942 2943 2938 2938 2940 2942 2943 2945 2944 2942 2945 2943 2946 2943 2947 2943 2944 2947 2948 2946 2949 2946 2948 2943 2950 2948 2951 2948 2949 2951 2950 2952 2948 2953 2952 2954 2952 2950 2954 2952 2956 2955 2956 2952 2953 2957 2955 2958 2955 2956 2958 2955 2960 2959 2960 2955 2957 2959 2960 2961 2959 2963 2962 2961 2963 2959 2962 2965 2964 2964 2959 2962 2964 2967 2966 2965 2967 2964 2968 2964 2969 2964 2966 2969 2970 2968 2971 2968 2970 2964 2972 2970 2973 2970 2971 2973 2974 2975 2970 2974 2970 2972 2976 2970 2977 2975 2977 2970 2976 2979 2978 2979 2976 2977 2980 2978 2981 2978 2979 2981 2982 2983 2978 2976 2978 2983 2978 2984 2982 2978 2980 2985 2986 2978 2987 2987 2978 2985 2988 2989 2978 2988 2978 2986 2978 2991 2990 2989 2991 2978 2992 2978 2993 2978 2990 2993 2978 2995 2994 2995 2978 2992 2996 2998 2997 2996 2997 2999 2997 2994 2999 2999 2994 3000 3001 3002 2995 2995 3003 2994 3000 2994 3003 3004 3005 2995 2995 3005 3003 3006 3007 2995 2995 3007 3004 2995 3002 3008 2995 3008 3006 2995 3010 3009 3001 2995 3009 3011 2995 3012 2995 3013 3010 2995 3011 3013 2995 3015 3014 3012 2995 3014 2995 3017 3016 3015 2995 3016 2995 3019 3018 3017 2995 3018 3019 2995 3020 2995 2649 3020 3020 2649 2841 2650 2647 2834 2842 2649 2650 2833 2647 2650 3021 3023 3022 3021 3022 3024 3025 3027 3026 3025 3026 3028 3029 3031 3030 3029 3030 3032 3033 3035 3034 3036 3034 3037 3035 3037 3034 3038 3039 3036 3036 3037 3038 3035 3033 3040 3040 3042 3041 3042 3040 3033 3042 3043 3041 3041 3043 3044 3045 3047 3046 3045 3046 3048 3049 3051 3050 3049 3050 3052 3053 3055 3054 3056 3054 3057 3055 3057 3054 3058 3059 3056 3056 3057 3058 3059 3061 3060 3061 3059 3058 3062 3060 3063 3061 3063 3060 3064 3065 3062 3062 3063 3064 3065 3067 3066 3067 3065 3064 3068 3066 3069 3067 3069 3066 3070 3071 3068 3068 3069 3070 3071 3073 3072 3073 3071 3070 3074 3072 3075 3073 3075 3072 3076 3077 3074 3074 3075 3076 3077 3079 3078 3079 3077 3076 3080 3078 3081 3079 3081 3078 3082 3083 3080 3080 3081 3082 3083 3085 3084 3085 3083 3082 3086 3084 3087 3085 3087 3084 3088 3089 3086 3086 3087 3088 3089 3091 3090 3091 3089 3088 3092 3090 3093 3091 3093 3090 3094 3095 3092 3092 3093 3094 3095 3097 3096 3097 3095 3094 3098 3096 3099 3097 3099 3096 3100 3101 3098 3098 3099 3100 3101 3103 3102 3103 3101 3100 3104 3102 3105 3103 3105 3102 3106 3107 3104 3104 3105 3106 3107 3109 3108 3109 3107 3106 3110 3108 3111 3109 3111 3108 3112 3113 3110 3110 3111 3112 3113 3115 3114 3115 3113 3112 3116 3114 3117 3115 3117 3114 3118 3119 3116 3116 3117 3118 3119 3121 3120 3121 3119 3118 3122 3120 3123 3121 3123 3120 3124 3125 3122 3122 3123 3124 3125 3127 3126 3127 3125 3124 3128 3126 3129 3127 3129 3126 3130 3131 3128 3128 3129 3130 3131 3133 3132 3133 3131 3130 3134 3132 3135 3133 3135 3132 3136 3137 3134 3134 3135 3136 3137 3139 3138 3139 3137 3136 3140 3138 3141 3139 3141 3138 3142 3143 3140 3140 3141 3142 3143 3145 3144 3145 3143 3142 3146 3144 3147 3145 3147 3144 3148 3149 3146 3146 3147 3148 3149 3151 3150 3151 3149 3148 3152 3150 3153 3151 3153 3150 3154 3155 3152 3152 3153 3154 3155 3157 3156 3157 3155 3154 3158 3156 3159 3157 3159 3156 3160 3161 3158 3158 3159 3160 3161 3163 3162 3163 3161 3160 3164 3162 3165 3163 3165 3162 3166 3167 3164 3164 3165 3166 3167 3169 3168 3169 3167 3166 3170 3168 3171 3169 3171 3168 3172 3173 3170 3170 3171 3172 3173 3175 3174 3175 3173 3172 3176 3174 3177 3175 3177 3174 3178 3179 3176 3176 3177 3178 3055 3053 3180 3180 3182 3181 3182 3180 3053 3183 3181 3184 3182 3184 3181 3185 3186 3183 3183 3184 3185 3186 3188 3187 3188 3186 3185 3189 3187 3190 3188 3190 3187 3191 3192 3189 3189 3190 3191 3192 3194 3193 3194 3192 3191 3195 3193 3196 3194 3196 3193 3197 3198 3195 3195 3196 3197 3198 3200 3199 3200 3198 3197 3201 3199 3202 3200 3202 3199 3203 3204 3201 3201 3202 3203 3204 3206 3205 3206 3204 3203 3207 3205 3208 3206 3208 3205 3209 3210 3207 3207 3208 3209 3210 3212 3211 3212 3210 3209 3213 3211 3214 3212 3214 3211 3215 3216 3213 3213 3214 3215 3216 3218 3217 3218 3216 3215 3219 3217 3220 3218 3220 3217 3221 3222 3219 3219 3220 3221 3222 3224 3223 3224 3222 3221 3225 3223 3226 3224 3226 3223 3227 3228 3225 3225 3226 3227 3228 3230 3229 3230 3228 3227 3231 3229 3232 3230 3232 3229 3233 3234 3231 3231 3232 3233 3234 3236 3235 3236 3234 3233 3237 3235 3238 3236 3238 3235 3239 3240 3237 3237 3238 3239 3240 3242 3241 3242 3240 3239 3243 3241 3244 3242 3244 3241 3245 3246 3243 3243 3244 3245 3246 3248 3247 3248 3246 3245 3249 3247 3250 3248 3250 3247 3251 3252 3249 3249 3250 3251 3252 3254 3253 3254 3252 3251 3255 3253 3256 3254 3256 3253 3257 3258 3255 3255 3256 3257 3258 3260 3259 3260 3258 3257 3261 3259 3262 3260 3262 3259 3263 3264 3261 3261 3262 3263 3264 3266 3265 3266 3264 3263 3267 3265 3268 3266 3268 3265 3269 3270 3267 3267 3268 3269 3270 3272 3271 3272 3270 3269 3273 3271 3274 3272 3274 3271 3275 3276 3273 3273 3274 3275 3276 3278 3277 3278 3276 3275 3279 3277 3280 3278 3280 3277 3281 3282 3279 3279 3280 3281 3282 3284 3283 3284 3282 3281 3285 3283 3286 3284 3286 3283 3287 3288 3285 3285 3286 3287 3288 3290 3289 3290 3288 3287 3291 3289 3292 3290 3292 3289 3293 3294 3291 3291 3292 3293 3294 3296 3295 3296 3294 3293 3297 3295 3298 3296 3298 3295 3299 3300 3297 3297 3298 3299 3300 3302 3301 3302 3300 3299 3302 3303 3301 3301 3303 3304 3305 3307 3306 3308 3307 3309 3307 3308 3306 3310 3311 3309 3308 3309 3311 3310 3313 3312 3312 3311 3310 3314 3313 3315 3313 3314 3312 3316 3317 3315 3314 3315 3317 3316 3319 3318 3318 3317 3316 3320 3319 3321 3319 3320 3318 3322 3323 3321 3320 3321 3323 3324 3323 3322 3325 3305 3306 3325 3327 3326 3326 3305 3325 3328 3327 3329 3327 3328 3326 3330 3331 3329 3328 3329 3331 3330 3333 3332 3332 3331 3330 3334 3333 3335 3333 3334 3332 3336 3337 3335 3334 3335 3337 3336 3339 3338 3338 3337 3336 3340 3339 3341 3339 3340 3338 3340 3341 3342 3343 3345 3344 3343 3344 3346 3347 3349 3348 3347 3348 3350 3351 3353 3352 3353 3355 3354 3355 3353 3351 3356 3354 3357 3355 3357 3354 3358 3359 3356 3356 3357 3358 3359 3361 3360 3361 3359 3358 3362 3360 3363 3361 3363 3360 3364 3365 3362 3362 3363 3364 3365 3367 3366 3367 3365 3364 3368 3366 3369 3367 3369 3366 3370 3371 3368 3368 3369 3370 3371 3373 3372 3373 3371 3370 3374 3372 3375 3373 3375 3372 3376 3377 3374 3374 3375 3376 3377 3379 3378 3379 3377 3376 3380 3378 3381 3379 3381 3378 3382 3383 3380 3380 3381 3382 3383 3385 3384 3385 3383 3382 3386 3384 3387 3385 3387 3384 3388 3389 3386 3386 3387 3388 3389 3391 3390 3391 3389 3388 3392 3390 3393 3391 3393 3390 3394 3395 3392 3392 3393 3394 3395 3397 3396 3397 3395 3394 3398 3396 3399 3397 3399 3396 3400 3401 3398 3398 3399 3400 3401 3403 3402 3403 3401 3400 3404 3402 3405 3403 3405 3402 3406 3407 3404 3404 3405 3406 3407 3409 3408 3409 3407 3406 3410 3408 3411 3409 3411 3408 3412 3413 3410 3410 3411 3412 3413 3415 3414 3415 3413 3412 3416 3414 3417 3415 3417 3414 3418 3419 3416 3416 3417 3418 3419 3421 3420 3421 3419 3418 3422 3420 3423 3421 3423 3420 3424 3425 3422 3422 3423 3424 3425 3427 3426 3427 3425 3424 3428 3426 3429 3427 3429 3426 3430 3431 3428 3428 3429 3430 3431 3433 3432 3433 3431 3430 3434 3432 3435 3433 3435 3432 3436 3437 3434 3434 3435 3436 3437 3439 3438 3439 3437 3436 3440 3438 3441 3439 3441 3438 3442 3443 3440 3440 3441 3442 3443 3445 3444 3445 3443 3442 3446 3444 3447 3445 3447 3444 3448 3449 3446 3446 3447 3448 3449 3451 3450 3451 3449 3448 3452 3450 3453 3451 3453 3450 3454 3455 3452 3452 3453 3454 3455 3457 3456 3457 3455 3454 3458 3456 3459 3457 3459 3456 3460 3461 3458 3458 3459 3460 3461 3463 3462 3463 3461 3460 3464 3462 3465 3463 3465 3462 3466 3467 3464 3464 3465 3466 3467 3469 3468 3469 3467 3466 3470 3468 3471 3469 3471 3468 3472 3473 3470 3470 3471 3472 3351 3352 3474 3475 3476 3474 3474 3352 3475 3476 3478 3477 3478 3476 3475 3479 3477 3480 3478 3480 3477 3481 3482 3479 3479 3480 3481 3482 3484 3483 3484 3482 3481 3485 3483 3486 3484 3486 3483 3487 3488 3485 3485 3486 3487 3488 3490 3489 3490 3488 3487 3491 3489 3492 3490 3492 3489 3493 3494 3491 3491 3492 3493 3494 3496 3495 3496 3494 3493 3497 3495 3498 3496 3498 3495 3499 3500 3497 3497 3498 3499 3500 3502 3501 3502 3500 3499 3503 3501 3504 3502 3504 3501 3505 3506 3503 3503 3504 3505 3506 3508 3507 3508 3506 3505 3509 3507 3510 3508 3510 3507 3511 3512 3509 3509 3510 3511 3512 3514 3513 3514 3512 3511 3515 3513 3516 3514 3516 3513 3517 3518 3515 3515 3516 3517 3518 3520 3519 3520 3518 3517 3521 3519 3522 3520 3522 3519 3523 3524 3521 3521 3522 3523 3524 3526 3525 3526 3524 3523 3527 3525 3528 3526 3528 3525 3529 3530 3527 3527 3528 3529 3530 3532 3531 3532 3530 3529 3533 3531 3534 3532 3534 3531 3535 3536 3533 3533 3534 3535 3536 3538 3537 3538 3536 3535 3539 3537 3540 3538 3540 3537 3541 3542 3539 3539 3540 3541 3542 3544 3543 3544 3542 3541 3545 3543 3546 3544 3546 3543 3547 3548 3545 3545 3546 3547 3548 3550 3549 3550 3548 3547 3551 3549 3552 3550 3552 3549 3553 3554 3551 3551 3552 3553 3554 3556 3555 3556 3554 3553 3557 3555 3558 3556 3558 3555 3559 3560 3557 3557 3558 3559 3560 3562 3561 3562 3560 3559 3563 3561 3564 3562 3564 3561 3565 3566 3563 3563 3564 3565 3566 3568 3567 3568 3566 3565 3569 3567 3570 3568 3570 3567 3571 3572 3569 3569 3570 3571 3572 3574 3573 3574 3572 3571 3575 3573 3576 3574 3576 3573 3577 3578 3575 3575 3576 3577 3578 3580 3579 3580 3578 3577 3581 3579 3582 3580 3582 3579 3583 3584 3581 3581 3582 3583 3584 3586 3585 3586 3584 3583 3587 3585 3588 3586 3588 3585 3589 3590 3587 3587 3588 3589 3590 3592 3591 3592 3590 3589 3592 3593 3591 3591 3593 3594 3595 3597 3596 3597 3595 3598 3599 3601 3600 3602 3603 3600 3599 3600 3603 3604 3603 3602 3605 3601 3599 3606 3605 3607 3605 3606 3601 3606 3607 3608 3609 3611 3610 3612 3614 3613 3615 3617 3616 3618 3619 3613 3614 3618 3613 3620 3619 3618 3610 3621 3609 3622 3623 3609 3624 3622 3609 3625 3609 3621 3609 3626 3624 3609 3625 3626 3627 3628 3625 3626 3625 3628 3627 3630 3629 3629 3628 3627 3623 3631 3609 3630 3632 3629 3633 3634 3632 3632 3630 3633 3635 3636 3634 3635 3634 3633 3637 3638 3634 3637 3634 3636 3639 3640 3634 3639 3634 3638 3641 3642 3634 3643 3634 3640 3644 3646 3645 3647 3648 3634 3649 3651 3650 3649 3653 3652 3646 3653 3649 3651 3649 3652 3645 3647 3634 3645 3646 3649 3644 3634 3654 3644 3645 3634 3634 3648 3655 3634 3642 3654 3634 3643 3656 3634 3656 3641 3615 3655 3657 3655 3615 3634 3615 3659 3658 3657 3659 3615 3615 3661 3660 3658 3661 3615 3615 3663 3662 3660 3663 3615 3615 3665 3664 3662 3665 3615 3615 3667 3666 3664 3667 3615 3668 3615 3669 3670 3615 3671 3672 3673 3615 3674 3675 3615 3676 3615 3677 3678 3615 3673 3679 3680 3615 3681 3615 3682 3615 3616 3683 3684 3685 3681 3686 3687 3681 3688 3681 3689 3690 3681 3685 3681 3692 3691 3693 3692 3681 3694 3681 3695 3696 3681 3697 3698 3700 3699 3681 3694 3699 3701 3703 3702 3702 3700 3698 3704 3706 3705 3705 3703 3704 3707 3709 3708 3706 3707 3705 3710 3712 3711 3709 3712 3708 3713 3714 3711 3710 3711 3714 3715 3717 3716 3716 3713 3715 3718 3720 3719 3719 3717 3718 3721 3723 3722 3720 3721 3719 3724 3722 3725 3723 3725 3722 3726 3728 3727 3724 3727 3728 3729 3731 3730 3730 3726 3729 3732 3729 3733 3729 3732 3731 3734 3736 3735 3733 3735 3736 3737 3739 3738 3738 3734 3735 3735 3737 3738 3740 3739 3737 3726 3730 3728 3736 3732 3733 3721 3720 3723 3724 3725 3727 3715 3718 3717 3714 3713 3716 3710 3708 3712 3709 3707 3706 3701 3704 3703 3701 3702 3698 3681 3699 3700 3681 3696 3695 3691 3697 3681 3688 3693 3681 3689 3681 3690 3684 3681 3687 3681 3682 3686 3615 3683 3682 3615 3680 3617 3676 3679 3615 3615 3678 3677 3615 3675 3672 3668 3674 3615 3615 3670 3669 3671 3615 3666 3741 3609 3742 3743 3741 3742 3743 3744 3741 3609 3631 3742 3745 3609 3741 3611 3609 3746 3745 3747 3609 3748 3746 3609 3609 3747 3749 3750 3751 3609 3609 3751 3748 3752 3754 3753 3609 3756 3755 3752 3758 3757 3752 3760 3759 3752 3762 3761 3763 3765 3764 3766 3768 3767 3768 3769 3767 3768 3770 3769 3753 3766 3771 3771 3766 3767 3772 3773 3752 3753 3771 3760 3774 3775 3752 3752 3777 3776 3752 3779 3778 3780 3752 3781 3782 3783 3752 3784 3752 3785 3752 3787 3786 3788 3789 3752 3790 3792 3791 3793 3790 3786 3794 3796 3795 3797 3799 3798 3800 3802 3801 3803 3804 3801 3805 3807 3806 3808 3809 3807 3810 3812 3811 3805 3813 3812 3763 3815 3814 3811 3764 3810 3816 3818 3817 3815 3818 3819 3820 3822 3821 3817 3824 3823 3825 3827 3826 3828 3829 3821 3830 3832 3831 3833 3835 3834 3836 3838 3837 3837 3839 3830 3837 3840 3839 3838 3840 3837 3831 3841 3830 3841 3837 3830 3833 3842 3832 3832 3842 3831 3827 3834 3835 3834 3842 3833 3829 3825 3826 3826 3827 3835 3821 3822 3828 3829 3828 3825 3824 3820 3823 3824 3822 3820 3816 3819 3818 3816 3817 3823 3814 3765 3763 3814 3815 3819 3813 3811 3812 3810 3764 3765 3807 3809 3806 3806 3813 3805 3800 3808 3802 3800 3809 3808 3803 3796 3804 3803 3801 3802 3794 3795 3797 3804 3796 3794 3798 3799 3791 3797 3795 3799 3793 3792 3790 3792 3798 3791 3789 3787 3752 3793 3786 3787 3783 3843 3752 3843 3788 3752 3844 3752 3845 3782 3752 3844 3846 3785 3752 3845 3752 3784 3847 3848 3752 3752 3848 3846 3752 3849 3779 3778 3847 3752 3752 3780 3850 3849 3752 3850 3775 3851 3752 3851 3781 3752 3852 3752 3853 3774 3752 3852 3752 3855 3854 3853 3752 3854 3758 3752 3856 3752 3757 3855 3752 3857 3777 3776 3856 3752 3752 3859 3858 3857 3752 3858 3860 3861 3752 3752 3861 3859 3862 3752 3863 3862 3860 3752 3752 3865 3864 3863 3752 3864 3773 3866 3752 3752 3866 3865 3867 3752 3868 3772 3752 3867 3752 3870 3869 3868 3752 3869 3762 3752 3871 3752 3761 3870 3872 3752 3873 3872 3871 3752 3752 3875 3874 3873 3752 3874 3876 3877 3752 3752 3877 3875 3752 3753 3760 3759 3876 3752 3609 3878 3752 3752 3878 3754 3609 3879 3756 3755 3878 3609 3880 3750 3609 3879 3609 3749 3881 3882 3609 3609 3882 3880 3881 3609 3883 3620 3881 3883 3619 3620 3883 3618 3614 3884 3884 3614 3885 3612 3886 3614 3887 3885 3614 3614 3886 3888 3887 3614 3889</p>
        </triangles>
      </mesh>
    </geometry>
  </library_geometries>

  <library_visual_scenes>
    <visual_scene id="ID1">
      <node id="ID2">
        <instance_geometry url="#ID3">
          <bind_material>
            <technique_common>
              <instance_material symbol="ID9" target="#ID9"/>
            </technique_common>
          </bind_material>
        </instance_geometry>
      </node>
    </visual_scene>
  </library_visual_scenes>

  <scene>
    <instance_visual_scene url="#ID1"/>
  </scene>

  <library_nodes/>

</COLLADA>
